valid_time,station,origin,lead_hours,observed_c,persistence_c,yesterday_c,ecmwf_ifs_c,lead_days,hour_sin,hour_cos,year_sin,year_cos,recent_error_c,recent_error_decay_c,previous_day_difference_c,history_mean_difference_c,history_std_c,latest_source_age_hours,station_42410099999,station_43128599999,station_43279099999,scored,split
2025-01-29 07:00:00+00:00,42410099999,2025-01-29 06:00:00+00:00,1,24.0,22.0,24.0,22.4,0.041666666666666664,-0.13052619222005177,-0.9914448613738104,0.4632579225674917,0.88622350294858,-0.10000000000000142,-0.09200444146293364,1.6000000000000014,-4.286904761904761,3.083028804597409,0,1.0,0.0,0.0,True,train
2025-01-29 08:00:00+00:00,42410099999,2025-01-29 06:00:00+00:00,2,24.0,22.0,24.0,23.0,0.08333333333333333,-0.38268343236508967,-0.9238795325112868,0.4632579225674917,0.88622350294858,-0.10000000000000142,-0.08464817248906262,1.0,-4.886904761904763,3.083028804597409,0,1.0,0.0,0.0,True,train
2025-01-29 09:00:00+00:00,42410099999,2025-01-29 06:00:00+00:00,3,24.0,22.0,24.0,22.9,0.125,-0.6087614290087207,-0.7933533402912352,0.4632579225674917,0.88622350294858,-0.10000000000000142,-0.0778800783071416,1.1000000000000014,-4.786904761904761,3.083028804597409,0,1.0,0.0,0.0,True,train
2025-01-29 10:00:00+00:00,42410099999,2025-01-29 06:00:00+00:00,4,24.0,22.0,24.0,22.7,0.16666666666666666,-0.7933533402912349,-0.6087614290087209,0.4632579225674917,0.88622350294858,-0.10000000000000142,-0.07165313105737994,1.3000000000000007,-4.586904761904762,3.083028804597409,0,1.0,0.0,0.0,True,train
2025-01-29 11:00:00+00:00,42410099999,2025-01-29 06:00:00+00:00,5,23.0,22.0,23.0,21.7,0.20833333333333334,-0.9238795325112868,-0.3826834323650895,0.4632579225674917,0.88622350294858,-0.10000000000000142,-0.06592406302004532,1.3000000000000007,-3.586904761904762,3.083028804597409,0,1.0,0.0,0.0,True,train
2025-01-29 12:00:00+00:00,42410099999,2025-01-29 06:00:00+00:00,6,21.0,22.0,21.0,20.3,0.25,-0.9914448613738104,-0.13052619222005163,0.4632579225674917,0.88622350294858,-0.10000000000000142,-0.06065306597126421,0.6999999999999993,-2.1869047619047635,3.083028804597409,0,1.0,0.0,0.0,True,train
2025-01-29 13:00:00+00:00,42410099999,2025-01-29 06:00:00+00:00,7,20.0,22.0,20.0,19.0,0.2916666666666667,-0.9914448613738105,0.13052619222005127,0.4632579225674917,0.88622350294858,-0.10000000000000142,-0.055803514577005504,1.0,-0.8869047619047628,3.083028804597409,0,1.0,0.0,0.0,True,train
2025-01-29 14:00:00+00:00,42410099999,2025-01-29 06:00:00+00:00,8,20.0,22.0,19.0,18.6,0.3333333333333333,-0.923879532511287,0.38268343236508917,0.4632579225674917,0.88622350294858,-0.10000000000000142,-0.05134171190325993,0.3999999999999986,-0.48690476190476417,3.083028804597409,0,1.0,0.0,0.0,True,train
2025-01-29 15:00:00+00:00,42410099999,2025-01-29 06:00:00+00:00,9,19.0,22.0,18.0,17.7,0.375,-0.7933533402912357,0.6087614290087199,0.4632579225674917,0.88622350294858,-0.10000000000000142,-0.04723665527410214,0.3000000000000007,0.41309523809523796,3.083028804597409,0,1.0,0.0,0.0,True,train
2025-01-29 16:00:00+00:00,42410099999,2025-01-29 06:00:00+00:00,10,19.0,22.0,19.0,17.0,0.4166666666666667,-0.6087614290087209,0.7933533402912349,0.4632579225674917,0.88622350294858,-0.10000000000000142,-0.04345982085070844,2.0,1.1130952380952372,3.083028804597409,0,1.0,0.0,0.0,True,train
2025-01-29 17:00:00+00:00,42410099999,2025-01-29 06:00:00+00:00,11,18.0,22.0,18.0,16.9,0.4583333333333333,-0.38268343236508956,0.9238795325112868,0.4632579225674917,0.88622350294858,-0.10000000000000142,-0.039984965434485306,1.1000000000000014,1.2130952380952387,3.083028804597409,0,1.0,0.0,0.0,True,train
2025-01-29 18:00:00+00:00,42410099999,2025-01-29 06:00:00+00:00,12,17.0,22.0,17.0,17.0,0.5,-0.13052619222005168,0.9914448613738104,0.4632579225674917,0.88622350294858,-0.10000000000000142,-0.036787944117144755,0.0,1.1130952380952372,3.083028804597409,0,1.0,0.0,0.0,True,train
2025-01-29 19:00:00+00:00,42410099999,2025-01-29 06:00:00+00:00,13,17.0,22.0,17.0,16.1,0.5416666666666666,0.13052619222005157,0.9914448613738104,0.4784338202547012,0.8781236129591848,-0.10000000000000142,-0.033846542510674704,0.8999999999999986,2.013095238095236,3.083028804597409,0,1.0,0.0,0.0,True,train
2025-01-29 20:00:00+00:00,42410099999,2025-01-29 06:00:00+00:00,14,16.0,22.0,17.0,16.0,0.5833333333333334,0.3826834323650898,0.9238795325112867,0.4784338202547012,0.8781236129591848,-0.10000000000000142,-0.03114032239146021,1.0,2.1130952380952372,3.083028804597409,0,1.0,0.0,0.0,True,train
2025-01-29 21:00:00+00:00,42410099999,2025-01-29 06:00:00+00:00,15,,22.0,17.0,15.5,0.625,0.6087614290087207,0.7933533402912352,0.4784338202547012,0.8781236129591848,-0.10000000000000142,-0.028650479686019418,1.5,2.6130952380952372,3.083028804597409,0,1.0,0.0,0.0,False,train
2025-01-29 22:00:00+00:00,42410099999,2025-01-29 06:00:00+00:00,16,15.0,22.0,17.0,14.8,0.6666666666666666,0.7933533402912352,0.6087614290087207,0.4784338202547012,0.8781236129591848,-0.10000000000000142,-0.02635971381157305,2.1999999999999993,3.3130952380952365,3.083028804597409,0,1.0,0.0,0.0,True,train
2025-01-29 23:00:00+00:00,42410099999,2025-01-29 06:00:00+00:00,17,14.0,22.0,17.0,13.9,0.7083333333333334,0.9238795325112867,0.38268343236508984,0.4784338202547012,0.8781236129591848,-0.10000000000000142,-0.024252107463565212,3.0999999999999996,4.213095238095237,3.083028804597409,0,1.0,0.0,0.0,True,train
2025-01-30 00:00:00+00:00,42410099999,2025-01-29 06:00:00+00:00,18,14.0,22.0,16.0,13.2,0.75,0.9914448613738104,0.1305261922200517,0.4784338202547012,0.8781236129591848,-0.10000000000000142,-0.022313016014843298,2.8000000000000007,4.913095238095238,3.083028804597409,0,1.0,0.0,0.0,True,train
2025-01-30 01:00:00+00:00,42410099999,2025-01-29 06:00:00+00:00,19,14.0,22.0,16.0,13.1,0.7916666666666666,0.9914448613738104,-0.1305261922200516,0.4784338202547012,0.8781236129591848,-0.10000000000000142,-0.020528965757991218,2.9000000000000004,5.013095238095238,3.083028804597409,0,1.0,0.0,0.0,True,train
2025-01-30 02:00:00+00:00,42410099999,2025-01-29 06:00:00+00:00,20,14.0,22.0,16.0,15.2,0.8333333333333334,0.9238795325112868,-0.3826834323650895,0.4784338202547012,0.8781236129591848,-0.10000000000000142,-0.01888756028375645,0.8000000000000007,2.913095238095238,3.083028804597409,0,1.0,0.0,0.0,True,train
2025-01-30 03:00:00+00:00,42410099999,2025-01-29 06:00:00+00:00,21,16.0,22.0,18.0,17.3,0.875,0.7933533402912352,-0.6087614290087207,0.4784338202547012,0.8781236129591848,-0.10000000000000142,-0.01737739434504476,0.6999999999999993,0.8130952380952365,3.083028804597409,0,1.0,0.0,0.0,True,train
2025-01-30 04:00:00+00:00,42410099999,2025-01-29 06:00:00+00:00,22,19.0,22.0,20.0,19.3,0.9166666666666666,0.6087614290087209,-0.793353340291235,0.4784338202547012,0.8781236129591848,-0.10000000000000142,-0.015987974607969618,0.6999999999999993,-1.1869047619047635,3.083028804597409,0,1.0,0.0,0.0,True,train
2025-01-30 05:00:00+00:00,42410099999,2025-01-29 06:00:00+00:00,23,20.0,22.0,21.0,21.0,0.9583333333333334,0.3826834323650899,-0.9238795325112867,0.4784338202547012,0.8781236129591848,-0.10000000000000142,-0.014709646739297888,0.0,-2.8869047619047628,3.083028804597409,0,1.0,0.0,0.0,True,train
2025-01-30 06:00:00+00:00,42410099999,2025-01-29 06:00:00+00:00,24,22.0,22.0,22.0,21.9,1.0,0.130526192220052,-0.9914448613738104,0.4784338202547012,0.8781236129591848,-0.10000000000000142,-0.013533528323661462,0.10000000000000142,-3.7869047619047613,3.083028804597409,0,1.0,0.0,0.0,True,train
2025-01-30 07:00:00+00:00,42410099999,2025-01-29 06:00:00+00:00,25,23.0,22.0,24.0,22.3,1.0416666666666667,-0.13052619222005177,-0.9914448613738104,0.4784338202547012,0.8781236129591848,-0.10000000000000142,-0.012451447144412472,1.6999999999999993,-4.1869047619047635,3.083028804597409,0,1.0,0.0,0.0,True,train
2025-01-30 08:00:00+00:00,42410099999,2025-01-29 06:00:00+00:00,26,23.0,22.0,24.0,23.5,1.0833333333333333,-0.38268343236508967,-0.9238795325112868,0.4784338202547012,0.8781236129591848,-0.10000000000000142,-0.011455884399268935,0.5,-5.386904761904763,3.083028804597409,0,1.0,0.0,0.0,True,train
2025-01-30 09:00:00+00:00,42410099999,2025-01-29 06:00:00+00:00,27,24.0,22.0,24.0,24.1,1.125,-0.6087614290087207,-0.7933533402912352,0.4784338202547012,0.8781236129591848,-0.10000000000000142,-0.010539922456186583,-0.10000000000000142,-5.986904761904764,3.083028804597409,0,1.0,0.0,0.0,True,train
2025-01-30 10:00:00+00:00,42410099999,2025-01-29 06:00:00+00:00,28,23.0,22.0,24.0,23.6,1.1666666666666667,-0.7933533402912349,-0.6087614290087209,0.4784338202547012,0.8781236129591848,-0.10000000000000142,-0.009697196786440643,0.3999999999999986,-5.486904761904764,3.083028804597409,0,1.0,0.0,0.0,True,train
2025-01-30 11:00:00+00:00,42410099999,2025-01-29 06:00:00+00:00,29,22.0,22.0,23.0,22.1,1.2083333333333333,-0.9238795325112868,-0.3826834323650895,0.4784338202547012,0.8781236129591848,-0.10000000000000142,-0.008921851740926138,0.8999999999999986,-3.986904761904764,3.083028804597409,0,1.0,0.0,0.0,True,train
2025-01-30 12:00:00+00:00,42410099999,2025-01-29 06:00:00+00:00,30,20.0,22.0,21.0,20.3,1.25,-0.9914448613738104,-0.13052619222005163,0.4784338202547012,0.8781236129591848,-0.10000000000000142,-0.008208499862389997,0.6999999999999993,-2.1869047619047635,3.083028804597409,0,1.0,0.0,0.0,True,train
2025-01-30 13:00:00+00:00,42410099999,2025-01-29 06:00:00+00:00,31,18.0,22.0,20.0,19.4,1.2916666666666667,-0.9914448613738105,0.13052619222005127,0.4784338202547012,0.8781236129591848,-0.10000000000000142,-0.007552184450877484,0.6000000000000014,-1.2869047619047613,3.083028804597409,0,1.0,0.0,0.0,True,train
2025-01-30 14:00:00+00:00,42410099999,2025-01-29 06:00:00+00:00,32,17.0,22.0,19.0,18.4,1.3333333333333333,-0.923879532511287,0.38268343236508917,0.4784338202547012,0.8781236129591848,-0.10000000000000142,-0.006948345122280253,0.6000000000000014,-0.28690476190476133,3.083028804597409,0,1.0,0.0,0.0,True,train
2025-01-30 15:00:00+00:00,42410099999,2025-01-29 06:00:00+00:00,33,16.0,22.0,18.0,18.4,1.375,-0.7933533402912357,0.6087614290087199,0.4784338202547012,0.8781236129591848,-0.10000000000000142,-0.006392786120670848,-0.3999999999999986,-0.28690476190476133,3.083028804597409,0,1.0,0.0,0.0,True,train
2025-01-30 16:00:00+00:00,42410099999,2025-01-29 06:00:00+00:00,34,17.0,22.0,19.0,18.0,1.4166666666666667,-0.6087614290087209,0.7933533402912349,0.4784338202547012,0.8781236129591848,-0.10000000000000142,-0.005881647164243072,1.0,0.11309523809523725,3.083028804597409,0,1.0,0.0,0.0,True,train
2025-01-30 17:00:00+00:00,42410099999,2025-01-29 06:00:00+00:00,35,17.0,22.0,18.0,17.0,1.4583333333333333,-0.38268343236508956,0.9238795325112868,0.4784338202547012,0.8781236129591848,-0.10000000000000142,-0.005411376622282238,1.0,1.1130952380952372,3.083028804597409,0,1.0,0.0,0.0,True,train
2025-01-30 18:00:00+00:00,42410099999,2025-01-29 06:00:00+00:00,36,16.0,22.0,17.0,16.6,1.5,-0.13052619222005168,0.9914448613738104,0.4784338202547012,0.8781236129591848,-0.10000000000000142,-0.004978706836786465,0.3999999999999986,1.5130952380952358,3.083028804597409,0,1.0,0.0,0.0,True,train
2025-01-30 19:00:00+00:00,42410099999,2025-01-29 06:00:00+00:00,37,16.0,22.0,17.0,15.6,1.5416666666666667,0.13052619222005157,0.9914448613738104,0.49346814167723735,0.8697638720650646,-0.10000000000000142,-0.004580631417262213,1.4000000000000004,2.5130952380952376,3.083028804597409,0,1.0,0.0,0.0,True,train
2025-01-30 20:00:00+00:00,42410099999,2025-01-29 06:00:00+00:00,38,15.0,22.0,17.0,14.8,1.5833333333333333,0.3826834323650898,0.9238795325112867,0.49346814167723735,0.8697638720650646,-0.10000000000000142,-0.004214384350927701,2.1999999999999993,3.3130952380952365,3.083028804597409,0,1.0,0.0,0.0,True,train
2025-01-30 21:00:00+00:00,42410099999,2025-01-29 06:00:00+00:00,39,15.0,22.0,17.0,14.4,1.625,0.6087614290087207,0.7933533402912352,0.49346814167723735,0.8697638720650646,-0.10000000000000142,-0.003877420783172256,2.5999999999999996,3.713095238095237,3.083028804597409,0,1.0,0.0,0.0,True,train
2025-01-30 22:00:00+00:00,42410099999,2025-01-29 06:00:00+00:00,40,15.0,22.0,17.0,14.5,1.6666666666666667,0.7933533402912352,0.6087614290087207,0.49346814167723735,0.8697638720650646,-0.10000000000000142,-0.00356739933472529,2.5,3.6130952380952372,3.083028804597409,0,1.0,0.0,0.0,True,train
2025-01-30 23:00:00+00:00,42410099999,2025-01-29 06:00:00+00:00,41,14.0,22.0,17.0,14.5,1.7083333333333333,0.9238795325112867,0.38268343236508984,0.49346814167723735,0.8697638720650646,-0.10000000000000142,-0.0032821658326663674,2.5,3.6130952380952372,3.083028804597409,0,1.0,0.0,0.0,True,train
2025-01-31 00:00:00+00:00,42410099999,2025-01-29 06:00:00+00:00,42,14.0,22.0,16.0,14.8,1.75,0.9914448613738104,0.1305261922200517,0.49346814167723735,0.8697638720650646,-0.10000000000000142,-0.003019738342231893,1.1999999999999993,3.3130952380952365,3.083028804597409,0,1.0,0.0,0.0,True,train
2025-01-31 01:00:00+00:00,42410099999,2025-01-29 06:00:00+00:00,43,14.0,22.0,16.0,15.1,1.7916666666666667,0.9914448613738104,-0.1305261922200516,0.49346814167723735,0.8697638720650646,-0.10000000000000142,-0.0027782933954124647,0.9000000000000004,3.0130952380952376,3.083028804597409,0,1.0,0.0,0.0,True,train
2025-01-31 02:00:00+00:00,42410099999,2025-01-29 06:00:00+00:00,44,15.0,22.0,16.0,16.2,1.8333333333333333,0.9238795325112868,-0.3826834323650895,0.49346814167723735,0.8697638720650646,-0.10000000000000142,-0.0025561533206507766,-0.1999999999999993,1.913095238095238,3.083028804597409,0,1.0,0.0,0.0,True,train
2025-01-31 03:00:00+00:00,42410099999,2025-01-29 06:00:00+00:00,45,17.0,22.0,18.0,17.7,1.875,0.7933533402912352,-0.6087614290087207,0.49346814167723735,0.8697638720650646,-0.10000000000000142,-0.002351774585600944,0.3000000000000007,0.41309523809523796,3.083028804597409,0,1.0,0.0,0.0,True,train
2025-01-31 04:00:00+00:00,42410099999,2025-01-29 06:00:00+00:00,46,19.0,22.0,20.0,19.4,1.9166666666666667,0.6087614290087209,-0.793353340291235,0.49346814167723735,0.8697638720650646,-0.10000000000000142,-0.00216373707194934,0.6000000000000014,-1.2869047619047613,3.083028804597409,0,1.0,0.0,0.0,True,train
2025-01-31 05:00:00+00:00,42410099999,2025-01-29 06:00:00+00:00,47,21.0,22.0,21.0,21.1,1.9583333333333333,0.3826834323650899,-0.9238795325112867,0.49346814167723735,0.8697638720650646,-0.10000000000000142,-0.0019907342077733967,-0.10000000000000142,-2.986904761904764,3.083028804597409,0,1.0,0.0,0.0,True,train
2025-01-31 06:00:00+00:00,42410099999,2025-01-29 06:00:00+00:00,48,22.0,22.0,22.0,22.4,2.0,0.130526192220052,-0.9914448613738104,0.49346814167723735,0.8697638720650646,-0.10000000000000142,-0.0018315638888734438,-0.3999999999999986,-4.286904761904761,3.083028804597409,0,1.0,0.0,0.0,True,train
2025-01-29 07:00:00+00:00,43128599999,2025-01-29 06:00:00+00:00,1,28.0,27.0,31.0,28.6,0.041666666666666664,-0.13052619222005177,-0.9914448613738104,0.4632579225674917,0.88622350294858,-0.5,-0.46002220731466165,2.3999999999999986,-5.421428571428574,5.391043529794214,0,0.0,1.0,0.0,True,train
2025-01-29 08:00:00+00:00,43128599999,2025-01-29 06:00:00+00:00,2,,27.0,31.0,29.3,0.08333333333333333,-0.38268343236508967,-0.9238795325112868,0.4632579225674917,0.88622350294858,-0.5,-0.42324086244530706,1.6999999999999993,-6.121428571428574,5.391043529794214,0,0.0,1.0,0.0,False,train
2025-01-29 09:00:00+00:00,43128599999,2025-01-29 06:00:00+00:00,3,,27.0,31.0,29.7,0.125,-0.6087614290087207,-0.7933533402912352,0.4632579225674917,0.88622350294858,-0.5,-0.38940039153570244,1.3000000000000007,-6.521428571428572,5.391043529794214,0,0.0,1.0,0.0,False,train
2025-01-29 10:00:00+00:00,43128599999,2025-01-29 06:00:00+00:00,4,30.0,27.0,31.0,29.6,0.16666666666666666,-0.7933533402912349,-0.6087614290087209,0.4632579225674917,0.88622350294858,-0.5,-0.35826565528689464,1.3999999999999986,-6.421428571428574,5.391043529794214,0,0.0,1.0,0.0,True,train
2025-01-29 11:00:00+00:00,43128599999,2025-01-29 06:00:00+00:00,5,30.0,27.0,30.0,28.7,0.20833333333333334,-0.9238795325112868,-0.3826834323650895,0.4632579225674917,0.88622350294858,-0.5,-0.3296203151002219,1.3000000000000007,-5.521428571428572,5.391043529794214,0,0.0,1.0,0.0,True,train
2025-01-29 12:00:00+00:00,43128599999,2025-01-29 06:00:00+00:00,6,,27.0,29.0,27.0,0.25,-0.9914448613738104,-0.13052619222005163,0.4632579225674917,0.88622350294858,-0.5,-0.3032653298563167,2.0,-3.821428571428573,5.391043529794214,0,0.0,1.0,0.0,False,train
2025-01-29 13:00:00+00:00,43128599999,2025-01-29 06:00:00+00:00,7,25.0,27.0,25.0,24.2,0.2916666666666667,-0.9914448613738105,0.13052619222005127,0.4632579225674917,0.88622350294858,-0.5,-0.27901757288502355,0.8000000000000007,-1.0214285714285722,5.391043529794214,0,0.0,1.0,0.0,True,train
2025-01-29 14:00:00+00:00,43128599999,2025-01-29 06:00:00+00:00,8,23.0,27.0,24.0,22.4,0.3333333333333333,-0.923879532511287,0.38268343236508917,0.4632579225674917,0.88622350294858,-0.5,-0.256708559516296,1.6000000000000014,0.7785714285714285,5.391043529794214,0,0.0,1.0,0.0,True,train
2025-01-29 15:00:00+00:00,43128599999,2025-01-29 06:00:00+00:00,9,,27.0,23.0,21.3,0.375,-0.7933533402912357,0.6087614290087199,0.4632579225674917,0.88622350294858,-0.5,-0.23618327637050734,1.6999999999999993,1.8785714285714263,5.391043529794214,0,0.0,1.0,0.0,False,train
2025-01-29 16:00:00+00:00,43128599999,2025-01-29 06:00:00+00:00,10,20.0,27.0,21.0,20.3,0.4166666666666667,-0.6087614290087209,0.7933533402912349,0.4632579225674917,0.88622350294858,-0.5,-0.2172991042535391,0.6999999999999993,2.8785714285714263,5.391043529794214,0,0.0,1.0,0.0,True,train
2025-01-29 17:00:00+00:00,43128599999,2025-01-29 06:00:00+00:00,11,20.0,27.0,21.0,19.6,0.4583333333333333,-0.38268343236508956,0.9238795325112868,0.4632579225674917,0.88622350294858,-0.5,-0.19992482717242369,1.3999999999999986,3.5785714285714256,5.391043529794214,0,0.0,1.0,0.0,True,train
2025-01-29 18:00:00+00:00,43128599999,2025-01-29 06:00:00+00:00,12,,27.0,18.0,18.8,0.5,-0.13052619222005168,0.9914448613738104,0.4632579225674917,0.88622350294858,-0.5,-0.18393972058572117,-0.8000000000000007,4.378571428571426,5.391043529794214,0,0.0,1.0,0.0,False,train
2025-01-29 19:00:00+00:00,43128599999,2025-01-29 06:00:00+00:00,13,19.0,27.0,17.0,18.3,0.5416666666666666,0.13052619222005157,0.9914448613738104,0.4784338202547012,0.8781236129591848,-0.5,-0.1692327125533711,-1.3000000000000007,4.878571428571426,5.391043529794214,0,0.0,1.0,0.0,True,train
2025-01-29 20:00:00+00:00,43128599999,2025-01-29 06:00:00+00:00,14,18.0,27.0,17.0,18.0,0.5833333333333334,0.3826834323650898,0.9238795325112867,0.4784338202547012,0.8781236129591848,-0.5,-0.15570161195729884,-1.0,5.178571428571427,5.391043529794214,0,0.0,1.0,0.0,True,train
2025-01-29 21:00:00+00:00,43128599999,2025-01-29 06:00:00+00:00,15,17.0,27.0,16.0,18.1,0.625,0.6087614290087207,0.7933533402912352,0.4784338202547012,0.8781236129591848,-0.5,-0.14325239843009505,-2.1000000000000014,5.078571428571426,5.391043529794214,0,0.0,1.0,0.0,True,train
2025-01-29 22:00:00+00:00,43128599999,2025-01-29 06:00:00+00:00,16,17.0,27.0,16.0,17.5,0.6666666666666666,0.7933533402912352,0.6087614290087207,0.4784338202547012,0.8781236129591848,-0.5,-0.13179856905786339,-1.5,5.678571428571427,5.391043529794214,0,0.0,1.0,0.0,True,train
2025-01-29 23:00:00+00:00,43128599999,2025-01-29 06:00:00+00:00,17,16.0,27.0,16.0,17.0,0.7083333333333334,0.9238795325112867,0.38268343236508984,0.4784338202547012,0.8781236129591848,-0.5,-0.12126053731782434,-1.0,6.178571428571427,5.391043529794214,0,0.0,1.0,0.0,True,train
2025-01-30 00:00:00+00:00,43128599999,2025-01-29 06:00:00+00:00,18,16.0,27.0,16.0,16.5,0.75,0.9914448613738104,0.1305261922200517,0.4784338202547012,0.8781236129591848,-0.5,-0.11156508007421491,-0.5,6.678571428571427,5.391043529794214,0,0.0,1.0,0.0,True,train
2025-01-30 01:00:00+00:00,43128599999,2025-01-29 06:00:00+00:00,19,,27.0,16.0,16.2,0.7916666666666666,0.9914448613738104,-0.1305261922200516,0.4784338202547012,0.8781236129591848,-0.5,-0.10264482878995464,-0.1999999999999993,6.978571428571428,5.391043529794214,0,0.0,1.0,0.0,False,train
2025-01-30 02:00:00+00:00,43128599999,2025-01-29 06:00:00+00:00,20,17.0,27.0,17.0,17.5,0.8333333333333334,0.9238795325112868,-0.3826834323650895,0.4784338202547012,0.8781236129591848,-0.5,-0.09443780141878091,-0.5,5.678571428571427,5.391043529794214,0,0.0,1.0,0.0,True,train
2025-01-30 03:00:00+00:00,43128599999,2025-01-29 06:00:00+00:00,21,21.0,27.0,22.0,20.7,0.875,0.7933533402912352,-0.6087614290087207,0.4784338202547012,0.8781236129591848,-0.5,-0.08688697172522257,1.3000000000000007,2.4785714285714278,5.391043529794214,0,0.0,1.0,0.0,True,train
2025-01-30 04:00:00+00:00,43128599999,2025-01-29 06:00:00+00:00,22,23.0,27.0,25.0,23.8,0.9166666666666666,0.6087614290087209,-0.793353340291235,0.4784338202547012,0.8781236129591848,-0.5,-0.07993987303984695,1.1999999999999993,-0.6214285714285737,5.391043529794214,0,0.0,1.0,0.0,True,train
2025-01-30 05:00:00+00:00,43128599999,2025-01-29 06:00:00+00:00,23,26.0,27.0,26.0,26.1,0.9583333333333334,0.3826834323650899,-0.9238795325112867,0.4784338202547012,0.8781236129591848,-0.5,-0.0735482336964884,-0.10000000000000142,-2.9214285714285744,5.391043529794214,0,0.0,1.0,0.0,True,train
2025-01-30 06:00:00+00:00,43128599999,2025-01-29 06:00:00+00:00,24,27.0,27.0,27.0,27.6,1.0,0.130526192220052,-0.9914448613738104,0.4784338202547012,0.8781236129591848,-0.5,-0.06766764161830635,-0.6000000000000014,-4.421428571428574,5.391043529794214,0,0.0,1.0,0.0,True,train
2025-01-30 07:00:00+00:00,43128599999,2025-01-29 06:00:00+00:00,25,29.0,27.0,31.0,28.7,1.0416666666666667,-0.13052619222005177,-0.9914448613738104,0.4784338202547012,0.8781236129591848,-0.5,-0.06225723572206148,2.3000000000000007,-5.521428571428572,5.391043529794214,0,0.0,1.0,0.0,True,train
2025-01-30 08:00:00+00:00,43128599999,2025-01-29 06:00:00+00:00,26,30.0,27.0,31.0,29.4,1.0833333333333333,-0.38268343236508967,-0.9238795325112868,0.4784338202547012,0.8781236129591848,-0.5,-0.057279421996343866,1.6000000000000014,-6.2214285714285715,5.391043529794214,0,0.0,1.0,0.0,True,train
2025-01-30 09:00:00+00:00,43128599999,2025-01-29 06:00:00+00:00,27,31.0,27.0,31.0,29.8,1.125,-0.6087614290087207,-0.7933533402912352,0.4784338202547012,0.8781236129591848,-0.5,-0.052699612280932166,1.1999999999999993,-6.621428571428574,5.391043529794214,0,0.0,1.0,0.0,True,train
2025-01-30 10:00:00+00:00,43128599999,2025-01-29 06:00:00+00:00,28,31.0,27.0,31.0,29.8,1.1666666666666667,-0.7933533402912349,-0.6087614290087209,0.4784338202547012,0.8781236129591848,-0.5,-0.04848598393220253,1.1999999999999993,-6.621428571428574,5.391043529794214,0,0.0,1.0,0.0,True,train
2025-01-30 11:00:00+00:00,43128599999,2025-01-29 06:00:00+00:00,29,30.0,27.0,30.0,29.4,1.2083333333333333,-0.9238795325112868,-0.3826834323650895,0.4784338202547012,0.8781236129591848,-0.5,-0.044609258704630055,0.6000000000000014,-6.2214285714285715,5.391043529794214,0,0.0,1.0,0.0,True,train
2025-01-30 12:00:00+00:00,43128599999,2025-01-29 06:00:00+00:00,30,30.0,27.0,29.0,27.9,1.25,-0.9914448613738104,-0.13052619222005163,0.4784338202547012,0.8781236129591848,-0.5,-0.0410424993119494,1.1000000000000014,-4.7214285714285715,5.391043529794214,0,0.0,1.0,0.0,True,train
2025-01-30 13:00:00+00:00,43128599999,2025-01-29 06:00:00+00:00,31,26.0,27.0,25.0,25.0,1.2916666666666667,-0.9914448613738105,0.13052619222005127,0.4784338202547012,0.8781236129591848,-0.5,-0.03776092225438688,0.0,-1.821428571428573,5.391043529794214,0,0.0,1.0,0.0,True,train
2025-01-30 14:00:00+00:00,43128599999,2025-01-29 06:00:00+00:00,32,24.0,27.0,24.0,23.3,1.3333333333333333,-0.923879532511287,0.38268343236508917,0.4784338202547012,0.8781236129591848,-0.5,-0.03474172561140077,0.6999999999999993,-0.12142857142857366,5.391043529794214,0,0.0,1.0,0.0,True,train
2025-01-30 15:00:00+00:00,43128599999,2025-01-29 06:00:00+00:00,33,22.0,27.0,23.0,22.1,1.375,-0.7933533402912357,0.6087614290087199,0.4784338202547012,0.8781236129591848,-0.5,-0.031963930603353785,0.8999999999999986,1.0785714285714256,5.391043529794214,0,0.0,1.0,0.0,True,train
2025-01-30 16:00:00+00:00,43128599999,2025-01-29 06:00:00+00:00,34,20.0,27.0,21.0,21.0,1.4166666666666667,-0.6087614290087209,0.7933533402912349,0.4784338202547012,0.8781236129591848,-0.5,-0.02940823582121494,0.0,2.178571428571427,5.391043529794214,0,0.0,1.0,0.0,True,train
2025-01-30 17:00:00+00:00,43128599999,2025-01-29 06:00:00+00:00,35,19.0,27.0,21.0,19.9,1.4583333333333333,-0.38268343236508956,0.9238795325112868,0.4784338202547012,0.8781236129591848,-0.5,-0.027056883111410805,1.1000000000000014,3.2785714285714285,5.391043529794214,0,0.0,1.0,0.0,True,train
2025-01-30 18:00:00+00:00,43128599999,2025-01-29 06:00:00+00:00,36,17.0,27.0,18.0,19.3,1.5,-0.13052619222005168,0.9914448613738104,0.4784338202547012,0.8781236129591848,-0.5,-0.024893534183931972,-1.3000000000000007,3.8785714285714263,5.391043529794214,0,0.0,1.0,0.0,True,train
2025-01-30 19:00:00+00:00,43128599999,2025-01-29 06:00:00+00:00,37,16.0,27.0,17.0,18.7,1.5416666666666667,0.13052619222005157,0.9914448613738104,0.49346814167723735,0.8697638720650646,-0.5,-0.022903157086310737,-1.6999999999999993,4.478571428571428,5.391043529794214,0,0.0,1.0,0.0,True,train
2025-01-30 20:00:00+00:00,43128599999,2025-01-29 06:00:00+00:00,38,17.0,27.0,17.0,18.0,1.5833333333333333,0.3826834323650898,0.9238795325112867,0.49346814167723735,0.8697638720650646,-0.5,-0.021071921754638203,-1.0,5.178571428571427,5.391043529794214,0,0.0,1.0,0.0,True,train
2025-01-30 21:00:00+00:00,43128599999,2025-01-29 06:00:00+00:00,39,17.0,27.0,16.0,17.7,1.625,0.6087614290087207,0.7933533402912352,0.49346814167723735,0.8697638720650646,-0.5,-0.019387103915861004,-1.6999999999999993,5.478571428571428,5.391043529794214,0,0.0,1.0,0.0,True,train
2025-01-30 22:00:00+00:00,43128599999,2025-01-29 06:00:00+00:00,40,,27.0,16.0,17.3,1.6666666666666667,0.7933533402912352,0.6087614290087207,0.49346814167723735,0.8697638720650646,-0.5,-0.017836996673626197,-1.3000000000000007,5.878571428571426,5.391043529794214,0,0.0,1.0,0.0,False,train
2025-01-30 23:00:00+00:00,43128599999,2025-01-29 06:00:00+00:00,41,18.0,27.0,16.0,16.9,1.7083333333333333,0.9238795325112867,0.38268343236508984,0.49346814167723735,0.8697638720650646,-0.5,-0.016410829163331603,-0.8999999999999986,6.2785714285714285,5.391043529794214,0,0.0,1.0,0.0,True,train
2025-01-31 00:00:00+00:00,43128599999,2025-01-29 06:00:00+00:00,42,18.0,27.0,16.0,16.7,1.75,0.9914448613738104,0.1305261922200517,0.49346814167723735,0.8697638720650646,-0.5,-0.01509869171115925,-0.6999999999999993,6.478571428571428,5.391043529794214,0,0.0,1.0,0.0,True,train
2025-01-31 01:00:00+00:00,43128599999,2025-01-29 06:00:00+00:00,43,17.0,27.0,16.0,16.7,1.7916666666666667,0.9914448613738104,-0.1305261922200516,0.49346814167723735,0.8697638720650646,-0.5,-0.013891466977062126,-0.6999999999999993,6.478571428571428,5.391043529794214,0,0.0,1.0,0.0,True,train
2025-01-31 02:00:00+00:00,43128599999,2025-01-29 06:00:00+00:00,44,18.0,27.0,17.0,18.0,1.8333333333333333,0.9238795325112868,-0.3826834323650895,0.49346814167723735,0.8697638720650646,-0.5,-0.012780766603253701,-1.0,5.178571428571427,5.391043529794214,0,0.0,1.0,0.0,True,train
2025-01-31 03:00:00+00:00,43128599999,2025-01-29 06:00:00+00:00,45,25.0,27.0,22.0,22.0,1.875,0.7933533402912352,-0.6087614290087207,0.49346814167723735,0.8697638720650646,-0.5,-0.011758872928004553,0.0,1.178571428571427,5.391043529794214,0,0.0,1.0,0.0,True,train
2025-01-31 04:00:00+00:00,43128599999,2025-01-29 06:00:00+00:00,46,26.0,27.0,25.0,25.7,1.9166666666666667,0.6087614290087209,-0.793353340291235,0.49346814167723735,0.8697638720650646,-0.5,-0.010818685359746545,-0.6999999999999993,-2.5214285714285722,5.391043529794214,0,0.0,1.0,0.0,True,train
2025-01-31 05:00:00+00:00,43128599999,2025-01-29 06:00:00+00:00,47,29.0,27.0,26.0,27.9,1.9583333333333333,0.3826834323650899,-0.9238795325112867,0.49346814167723735,0.8697638720650646,-0.5,-0.009953671038866843,-1.8999999999999986,-4.7214285714285715,5.391043529794214,0,0.0,1.0,0.0,True,train
2025-01-31 06:00:00+00:00,43128599999,2025-01-29 06:00:00+00:00,48,31.0,27.0,27.0,29.3,2.0,0.130526192220052,-0.9914448613738104,0.49346814167723735,0.8697638720650646,-0.5,-0.00915781944436709,-2.3000000000000007,-6.121428571428574,5.391043529794214,0,0.0,1.0,0.0,True,train
2025-01-29 07:00:00+00:00,43279099999,2025-01-29 06:00:00+00:00,1,29.0,29.0,30.0,29.8,0.041666666666666664,-0.13052619222005177,-0.9914448613738104,0.4632579225674917,0.88622350294858,-0.6999999999999993,-0.6440310902405256,0.1999999999999993,-3.9904761904761905,2.316998214419593,0,0.0,0.0,1.0,True,train
2025-01-29 08:00:00+00:00,43279099999,2025-01-29 06:00:00+00:00,2,29.0,29.0,29.0,29.7,0.08333333333333333,-0.38268343236508967,-0.9238795325112868,0.4632579225674917,0.88622350294858,-0.6999999999999993,-0.5925372074234293,-0.6999999999999993,-3.890476190476189,2.316998214419593,0,0.0,0.0,1.0,True,train
2025-01-29 09:00:00+00:00,43279099999,2025-01-29 06:00:00+00:00,3,29.0,29.0,30.0,29.5,0.125,-0.6087614290087207,-0.7933533402912352,0.4632579225674917,0.88622350294858,-0.6999999999999993,-0.5451605481499828,0.5,-3.69047619047619,2.316998214419593,0,0.0,0.0,1.0,True,train
2025-01-29 10:00:00+00:00,43279099999,2025-01-29 06:00:00+00:00,4,28.0,29.0,29.0,29.0,0.16666666666666666,-0.7933533402912349,-0.6087614290087209,0.4632579225674917,0.88622350294858,-0.6999999999999993,-0.501571917401652,0.0,-3.19047619047619,2.316998214419593,0,0.0,0.0,1.0,True,train
2025-01-29 11:00:00+00:00,43279099999,2025-01-29 06:00:00+00:00,5,28.0,29.0,29.0,28.0,0.20833333333333334,-0.9238795325112868,-0.3826834323650895,0.4632579225674917,0.88622350294858,-0.6999999999999993,-0.46146844114031016,1.0,-2.19047619047619,2.316998214419593,0,0.0,0.0,1.0,True,train
2025-01-29 12:00:00+00:00,43279099999,2025-01-29 06:00:00+00:00,6,28.0,29.0,28.0,26.8,0.25,-0.9914448613738104,-0.13052619222005163,0.4632579225674917,0.88622350294858,-0.6999999999999993,-0.424571461798843,1.1999999999999993,-0.9904761904761905,2.316998214419593,0,0.0,0.0,1.0,True,train
2025-01-29 13:00:00+00:00,43279099999,2025-01-29 06:00:00+00:00,7,26.0,29.0,26.0,25.7,0.2916666666666667,-0.9914448613738105,0.13052619222005127,0.4632579225674917,0.88622350294858,-0.6999999999999993,-0.39062460203903254,0.3000000000000007,0.10952380952381091,2.316998214419593,0,0.0,0.0,1.0,True,train
2025-01-29 14:00:00+00:00,43279099999,2025-01-29 06:00:00+00:00,8,26.0,29.0,26.0,25.4,0.3333333333333333,-0.923879532511287,0.38268343236508917,0.4632579225674917,0.88622350294858,-0.6999999999999993,-0.359391983322814,0.6000000000000014,0.4095238095238116,2.316998214419593,0,0.0,0.0,1.0,True,train
2025-01-29 15:00:00+00:00,43279099999,2025-01-29 06:00:00+00:00,9,25.0,29.0,26.0,25.0,0.375,-0.7933533402912357,0.6087614290087199,0.4632579225674917,0.88622350294858,-0.6999999999999993,-0.33065658691870997,1.0,0.8095238095238102,2.316998214419593,0,0.0,0.0,1.0,True,train
2025-01-29 16:00:00+00:00,43279099999,2025-01-29 06:00:00+00:00,10,25.0,29.0,25.0,24.3,0.4166666666666667,-0.6087614290087209,0.7933533402912349,0.4632579225674917,0.88622350294858,-0.6999999999999993,-0.3042187459549544,0.6999999999999993,1.5095238095238095,2.316998214419593,0,0.0,0.0,1.0,True,train
2025-01-29 17:00:00+00:00,43279099999,2025-01-29 06:00:00+00:00,11,25.0,29.0,25.0,23.9,0.4583333333333333,-0.38268343236508956,0.9238795325112868,0.4632579225674917,0.88622350294858,-0.6999999999999993,-0.27989475804139285,1.1000000000000014,1.9095238095238116,2.316998214419593,0,0.0,0.0,1.0,True,train
2025-01-29 18:00:00+00:00,43279099999,2025-01-29 06:00:00+00:00,12,25.0,29.0,25.0,24.0,0.5,-0.13052619222005168,0.9914448613738104,0.4632579225674917,0.88622350294858,-0.6999999999999993,-0.25751560882000935,1.0,1.8095238095238102,2.316998214419593,0,0.0,0.0,1.0,True,train
2025-01-29 19:00:00+00:00,43279099999,2025-01-29 06:00:00+00:00,13,25.0,29.0,25.0,24.2,0.5416666666666666,0.13052619222005157,0.9914448613738104,0.4784338202547012,0.8781236129591848,-0.6999999999999993,-0.23692579757471932,0.8000000000000007,1.609523809523811,2.316998214419593,0,0.0,0.0,1.0,True,train
2025-01-29 20:00:00+00:00,43279099999,2025-01-29 06:00:00+00:00,14,24.0,29.0,25.0,24.0,0.5833333333333334,0.3826834323650898,0.9238795325112867,0.4784338202547012,0.8781236129591848,-0.6999999999999993,-0.21798225674021815,1.0,1.8095238095238102,2.316998214419593,0,0.0,0.0,1.0,True,train
2025-01-29 21:00:00+00:00,43279099999,2025-01-29 06:00:00+00:00,15,25.0,29.0,25.0,23.6,0.625,0.6087614290087207,0.7933533402912352,0.4784338202547012,0.8781236129591848,-0.6999999999999993,-0.20055335780213285,1.3999999999999986,2.209523809523809,2.316998214419593,0,0.0,0.0,1.0,True,train
2025-01-29 22:00:00+00:00,43279099999,2025-01-29 06:00:00+00:00,16,24.0,29.0,24.0,23.0,0.6666666666666666,0.7933533402912352,0.6087614290087207,0.4784338202547012,0.8781236129591848,-0.6999999999999993,-0.18451799668100854,1.0,2.80952380952381,2.316998214419593,0,0.0,0.0,1.0,True,train
2025-01-29 23:00:00+00:00,43279099999,2025-01-29 06:00:00+00:00,17,24.0,29.0,24.0,22.6,0.7083333333333334,0.9238795325112867,0.38268343236508984,0.4784338202547012,0.8781236129591848,-0.6999999999999993,-0.1697647522449539,1.3999999999999986,3.209523809523809,2.316998214419593,0,0.0,0.0,1.0,True,train
2025-01-30 00:00:00+00:00,43279099999,2025-01-29 06:00:00+00:00,18,24.0,29.0,23.0,22.1,0.75,0.9914448613738104,0.1305261922200517,0.4784338202547012,0.8781236129591848,-0.6999999999999993,-0.15619111210390071,0.8999999999999986,3.709523809523809,2.316998214419593,0,0.0,0.0,1.0,True,train
2025-01-30 01:00:00+00:00,43279099999,2025-01-29 06:00:00+00:00,19,24.0,29.0,23.0,21.5,0.7916666666666666,0.9914448613738104,-0.1305261922200516,0.4784338202547012,0.8781236129591848,-0.6999999999999993,-0.14370276030593634,1.5,4.30952380952381,2.316998214419593,0,0.0,0.0,1.0,True,train
2025-01-30 02:00:00+00:00,43279099999,2025-01-29 06:00:00+00:00,20,24.0,29.0,23.0,22.3,0.8333333333333334,0.9238795325112868,-0.3826834323650895,0.4784338202547012,0.8781236129591848,-0.6999999999999993,-0.13221292198629314,0.6999999999999993,3.5095238095238095,2.316998214419593,0,0.0,0.0,1.0,True,train
2025-01-30 03:00:00+00:00,43279099999,2025-01-29 06:00:00+00:00,21,25.0,29.0,25.0,24.9,0.875,0.7933533402912352,-0.6087614290087207,0.4784338202547012,0.8781236129591848,-0.6999999999999993,-0.12164176041531148,0.10000000000000142,0.9095238095238116,2.316998214419593,0,0.0,0.0,1.0,True,train
2025-01-30 04:00:00+00:00,43279099999,2025-01-29 06:00:00+00:00,22,27.0,29.0,27.0,27.3,0.9166666666666666,0.6087614290087209,-0.793353340291235,0.4784338202547012,0.8781236129591848,-0.6999999999999993,-0.11191582225578563,-0.3000000000000007,-1.4904761904761905,2.316998214419593,0,0.0,0.0,1.0,True,train
2025-01-30 05:00:00+00:00,43279099999,2025-01-29 06:00:00+00:00,23,28.0,29.0,28.0,29.5,0.9583333333333334,0.3826834323650899,-0.9238795325112867,0.4784338202547012,0.8781236129591848,-0.6999999999999993,-0.10296752717508366,-1.5,-3.69047619047619,2.316998214419593,0,0.0,0.0,1.0,True,train
2025-01-30 06:00:00+00:00,43279099999,2025-01-29 06:00:00+00:00,24,29.0,29.0,29.0,31.1,1.0,0.130526192220052,-0.9914448613738104,0.4784338202547012,0.8781236129591848,-0.6999999999999993,-0.09473469826562879,-2.1000000000000014,-5.290476190476191,2.316998214419593,0,0.0,0.0,1.0,True,train
2025-01-30 07:00:00+00:00,43279099999,2025-01-29 06:00:00+00:00,25,30.0,29.0,30.0,31.9,1.0416666666666667,-0.13052619222005177,-0.9914448613738104,0.4784338202547012,0.8781236129591848,-0.6999999999999993,-0.08716013001088599,-1.8999999999999986,-6.090476190476188,2.316998214419593,0,0.0,0.0,1.0,True,train
2025-01-30 08:00:00+00:00,43279099999,2025-01-29 06:00:00+00:00,26,31.0,29.0,29.0,31.5,1.0833333333333333,-0.38268343236508967,-0.9238795325112868,0.4784338202547012,0.8781236129591848,-0.6999999999999993,-0.08019119079488134,-2.5,-5.69047619047619,2.316998214419593,0,0.0,0.0,1.0,True,train
2025-01-30 09:00:00+00:00,43279099999,2025-01-29 06:00:00+00:00,27,31.0,29.0,30.0,30.2,1.125,-0.6087614290087207,-0.7933533402912352,0.4784338202547012,0.8781236129591848,-0.6999999999999993,-0.07377945719330496,-0.1999999999999993,-4.390476190476189,2.316998214419593,0,0.0,0.0,1.0,True,train
2025-01-30 10:00:00+00:00,43279099999,2025-01-29 06:00:00+00:00,28,30.0,29.0,29.0,29.2,1.1666666666666667,-0.7933533402912349,-0.6087614290087209,0.4784338202547012,0.8781236129591848,-0.6999999999999993,-0.06788037750508347,-0.1999999999999993,-3.390476190476189,2.316998214419593,0,0.0,0.0,1.0,True,train
2025-01-30 11:00:00+00:00,43279099999,2025-01-29 06:00:00+00:00,29,30.0,29.0,29.0,28.5,1.2083333333333333,-0.9238795325112868,-0.3826834323650895,0.4784338202547012,0.8781236129591848,-0.6999999999999993,-0.06245296218648201,0.5,-2.69047619047619,2.316998214419593,0,0.0,0.0,1.0,True,train
2025-01-30 12:00:00+00:00,43279099999,2025-01-29 06:00:00+00:00,30,28.0,29.0,28.0,27.3,1.25,-0.9914448613738104,-0.13052619222005163,0.4784338202547012,0.8781236129591848,-0.6999999999999993,-0.0574594990367291,0.6999999999999993,-1.4904761904761905,2.316998214419593,0,0.0,0.0,1.0,True,train
2025-01-30 13:00:00+00:00,43279099999,2025-01-29 06:00:00+00:00,31,27.0,29.0,26.0,26.1,1.2916666666666667,-0.9914448613738105,0.13052619222005127,0.4784338202547012,0.8781236129591848,-0.6999999999999993,-0.05286529115614158,-0.10000000000000142,-0.2904761904761912,2.316998214419593,0,0.0,0.0,1.0,True,train
2025-01-30 14:00:00+00:00,43279099999,2025-01-29 06:00:00+00:00,32,26.0,29.0,26.0,25.7,1.3333333333333333,-0.923879532511287,0.38268343236508917,0.4784338202547012,0.8781236129591848,-0.6999999999999993,-0.04863841585596103,0.3000000000000007,0.10952380952381091,2.316998214419593,0,0.0,0.0,1.0,True,train
2025-01-30 15:00:00+00:00,43279099999,2025-01-29 06:00:00+00:00,33,26.0,29.0,26.0,25.5,1.375,-0.7933533402912357,0.6087614290087199,0.4784338202547012,0.8781236129591848,-0.6999999999999993,-0.044749502844695255,0.5,0.3095238095238102,2.316998214419593,0,0.0,0.0,1.0,True,train
2025-01-30 16:00:00+00:00,43279099999,2025-01-29 06:00:00+00:00,34,27.0,29.0,25.0,25.5,1.4166666666666667,-0.6087614290087209,0.7933533402912349,0.4784338202547012,0.8781236129591848,-0.6999999999999993,-0.041171530149700875,-0.5,0.3095238095238102,2.316998214419593,0,0.0,0.0,1.0,True,train
2025-01-30 17:00:00+00:00,43279099999,2025-01-29 06:00:00+00:00,35,27.0,29.0,25.0,25.4,1.4583333333333333,-0.38268343236508956,0.9238795325112868,0.4784338202547012,0.8781236129591848,-0.6999999999999993,-0.03787963635597509,-0.3999999999999986,0.4095238095238116,2.316998214419593,0,0.0,0.0,1.0,True,train
2025-01-30 18:00:00+00:00,43279099999,2025-01-29 06:00:00+00:00,36,27.0,29.0,25.0,25.1,1.5,-0.13052619222005168,0.9914448613738104,0.4784338202547012,0.8781236129591848,-0.6999999999999993,-0.03485094785750473,-0.10000000000000142,0.7095238095238088,2.316998214419593,0,0.0,0.0,1.0,True,train
2025-01-30 19:00:00+00:00,43279099999,2025-01-29 06:00:00+00:00,37,26.0,29.0,25.0,24.7,1.5416666666666667,0.13052619222005157,0.9914448613738104,0.49346814167723735,0.8697638720650646,-0.6999999999999993,-0.032064419920835,0.3000000000000007,1.109523809523811,2.316998214419593,0,0.0,0.0,1.0,True,train
2025-01-30 20:00:00+00:00,43279099999,2025-01-29 06:00:00+00:00,38,26.0,29.0,25.0,24.1,1.5833333333333333,0.3826834323650898,0.9238795325112867,0.49346814167723735,0.8697638720650646,-0.6999999999999993,-0.029500690456493454,0.8999999999999986,1.7095238095238088,2.316998214419593,0,0.0,0.0,1.0,True,train
2025-01-30 21:00:00+00:00,43279099999,2025-01-29 06:00:00+00:00,39,26.0,29.0,25.0,23.4,1.625,0.6087614290087207,0.7933533402912352,0.49346814167723735,0.8697638720650646,-0.6999999999999993,-0.027141945482205377,1.6000000000000014,2.4095238095238116,2.316998214419593,0,0.0,0.0,1.0,True,train
2025-01-30 22:00:00+00:00,43279099999,2025-01-29 06:00:00+00:00,40,26.0,29.0,24.0,23.0,1.6666666666666667,0.7933533402912352,0.6087614290087207,0.49346814167723735,0.8697638720650646,-0.6999999999999993,-0.024971795343076652,1.0,2.80952380952381,2.316998214419593,0,0.0,0.0,1.0,True,train
2025-01-30 23:00:00+00:00,43279099999,2025-01-29 06:00:00+00:00,41,26.0,29.0,24.0,22.5,1.7083333333333333,0.9238795325112867,0.38268343236508984,0.49346814167723735,0.8697638720650646,-0.6999999999999993,-0.022975160828664222,1.5,3.30952380952381,2.316998214419593,0,0.0,0.0,1.0,True,train
2025-01-31 00:00:00+00:00,43279099999,2025-01-29 06:00:00+00:00,42,25.0,29.0,23.0,22.0,1.75,0.9914448613738104,0.1305261922200517,0.49346814167723735,0.8697638720650646,-0.6999999999999993,-0.02113816839562293,1.0,3.80952380952381,2.316998214419593,0,0.0,0.0,1.0,True,train
2025-01-31 01:00:00+00:00,43279099999,2025-01-29 06:00:00+00:00,43,25.0,29.0,23.0,21.7,1.7916666666666667,0.9914448613738104,-0.1305261922200516,0.49346814167723735,0.8697638720650646,-0.6999999999999993,-0.019448053767886955,1.3000000000000007,4.109523809523811,2.316998214419593,0,0.0,0.0,1.0,True,train
2025-01-31 02:00:00+00:00,43279099999,2025-01-29 06:00:00+00:00,44,25.0,29.0,23.0,22.2,1.8333333333333333,0.9238795325112868,-0.3826834323650895,0.49346814167723735,0.8697638720650646,-0.6999999999999993,-0.017893073244555163,0.8000000000000007,3.609523809523811,2.316998214419593,0,0.0,0.0,1.0,True,train
2025-01-31 03:00:00+00:00,43279099999,2025-01-29 06:00:00+00:00,45,27.0,29.0,25.0,24.9,1.875,0.7933533402912352,-0.6087614290087207,0.49346814167723735,0.8697638720650646,-0.6999999999999993,-0.01646242209920636,0.10000000000000142,0.9095238095238116,2.316998214419593,0,0.0,0.0,1.0,True,train
2025-01-31 04:00:00+00:00,43279099999,2025-01-29 06:00:00+00:00,46,28.0,29.0,27.0,27.8,1.9166666666666667,0.6087614290087209,-0.793353340291235,0.49346814167723735,0.8697638720650646,-0.6999999999999993,-0.015146159503645147,-0.8000000000000007,-1.9904761904761905,2.316998214419593,0,0.0,0.0,1.0,True,train
2025-01-31 05:00:00+00:00,43279099999,2025-01-29 06:00:00+00:00,47,30.0,29.0,28.0,29.4,1.9583333333333333,0.3826834323650899,-0.9238795325112867,0.49346814167723735,0.8697638720650646,-0.6999999999999993,-0.013935139454413565,-1.3999999999999986,-3.5904761904761884,2.316998214419593,0,0.0,0.0,1.0,True,train
2025-01-31 06:00:00+00:00,43279099999,2025-01-29 06:00:00+00:00,48,31.0,29.0,29.0,30.3,2.0,0.130526192220052,-0.9914448613738104,0.49346814167723735,0.8697638720650646,-0.6999999999999993,-0.012820947222113912,-1.3000000000000007,-4.4904761904761905,2.316998214419593,0,0.0,0.0,1.0,True,train
2025-01-31 07:00:00+00:00,42410099999,2025-01-31 06:00:00+00:00,1,23.0,22.0,23.0,23.1,0.041666666666666664,-0.13052619222005177,-0.9914448613738104,0.49346814167723735,0.8697638720650646,-0.6999999999999993,-0.6440310902405256,-0.10000000000000142,-4.957142857142859,3.3634692164591056,0,1.0,0.0,0.0,True,train
2025-01-31 08:00:00+00:00,42410099999,2025-01-31 06:00:00+00:00,2,24.0,22.0,23.0,23.1,0.08333333333333333,-0.38268343236508967,-0.9238795325112868,0.49346814167723735,0.8697638720650646,-0.6999999999999993,-0.5925372074234293,-0.10000000000000142,-4.957142857142859,3.3634692164591056,0,1.0,0.0,0.0,True,train
2025-01-31 09:00:00+00:00,42410099999,2025-01-31 06:00:00+00:00,3,24.0,22.0,24.0,23.1,0.125,-0.6087614290087207,-0.7933533402912352,0.49346814167723735,0.8697638720650646,-0.6999999999999993,-0.5451605481499828,0.8999999999999986,-4.957142857142859,3.3634692164591056,0,1.0,0.0,0.0,True,train
2025-01-31 10:00:00+00:00,42410099999,2025-01-31 06:00:00+00:00,4,24.0,22.0,23.0,22.6,0.16666666666666666,-0.7933533402912349,-0.6087614290087209,0.49346814167723735,0.8697638720650646,-0.6999999999999993,-0.501571917401652,0.3999999999999986,-4.457142857142859,3.3634692164591056,0,1.0,0.0,0.0,True,train
2025-01-31 11:00:00+00:00,42410099999,2025-01-31 06:00:00+00:00,5,22.0,22.0,22.0,21.3,0.20833333333333334,-0.9238795325112868,-0.3826834323650895,0.49346814167723735,0.8697638720650646,-0.6999999999999993,-0.46146844114031016,0.6999999999999993,-3.1571428571428584,3.3634692164591056,0,1.0,0.0,0.0,True,train
2025-01-31 12:00:00+00:00,42410099999,2025-01-31 06:00:00+00:00,6,21.0,22.0,20.0,19.6,0.25,-0.9914448613738104,-0.13052619222005163,0.49346814167723735,0.8697638720650646,-0.6999999999999993,-0.424571461798843,0.3999999999999986,-1.457142857142859,3.3634692164591056,0,1.0,0.0,0.0,True,train
2025-01-31 13:00:00+00:00,42410099999,2025-01-31 06:00:00+00:00,7,20.0,22.0,18.0,19.5,0.2916666666666667,-0.9914448613738105,0.13052619222005127,0.49346814167723735,0.8697638720650646,-0.6999999999999993,-0.39062460203903254,-1.5,-1.3571428571428577,3.3634692164591056,0,1.0,0.0,0.0,True,train
2025-01-31 14:00:00+00:00,42410099999,2025-01-31 06:00:00+00:00,8,20.0,22.0,17.0,18.8,0.3333333333333333,-0.923879532511287,0.38268343236508917,0.49346814167723735,0.8697638720650646,-0.6999999999999993,-0.359391983322814,-1.8000000000000007,-0.6571428571428584,3.3634692164591056,0,1.0,0.0,0.0,True,train
2025-01-31 15:00:00+00:00,42410099999,2025-01-31 06:00:00+00:00,9,19.0,22.0,16.0,18.1,0.375,-0.7933533402912357,0.6087614290087199,0.49346814167723735,0.8697638720650646,-0.6999999999999993,-0.33065658691870997,-2.1000000000000014,0.04285714285714093,3.3634692164591056,0,1.0,0.0,0.0,True,train
2025-01-31 16:00:00+00:00,42410099999,2025-01-31 06:00:00+00:00,10,19.0,22.0,17.0,17.4,0.4166666666666667,-0.6087614290087209,0.7933533402912349,0.49346814167723735,0.8697638720650646,-0.6999999999999993,-0.3042187459549544,-0.3999999999999986,0.7428571428571438,3.3634692164591056,0,1.0,0.0,0.0,True,train
2025-01-31 17:00:00+00:00,42410099999,2025-01-31 06:00:00+00:00,11,18.0,22.0,17.0,17.2,0.4583333333333333,-0.38268343236508956,0.9238795325112868,0.49346814167723735,0.8697638720650646,-0.6999999999999993,-0.27989475804139285,-0.1999999999999993,0.9428571428571431,3.3634692164591056,0,1.0,0.0,0.0,True,train
2025-01-31 18:00:00+00:00,42410099999,2025-01-31 06:00:00+00:00,12,18.0,22.0,16.0,16.7,0.5,-0.13052619222005168,0.9914448613738104,0.49346814167723735,0.8697638720650646,-0.6999999999999993,-0.25751560882000935,-0.6999999999999993,1.442857142857143,3.3634692164591056,0,1.0,0.0,0.0,True,train
2025-01-31 19:00:00+00:00,42410099999,2025-01-31 06:00:00+00:00,13,17.0,22.0,16.0,16.3,0.5416666666666666,0.13052619222005157,0.9914448613738104,0.5083564379375122,0.8611467540480452,-0.6999999999999993,-0.23692579757471932,-0.3000000000000007,1.8428571428571416,3.3634692164591056,0,1.0,0.0,0.0,True,train
2025-01-31 20:00:00+00:00,42410099999,2025-01-31 06:00:00+00:00,14,16.0,22.0,15.0,16.0,0.5833333333333334,0.3826834323650898,0.9238795325112867,0.5083564379375122,0.8611467540480452,-0.6999999999999993,-0.21798225674021815,-1.0,2.1428571428571423,3.3634692164591056,0,1.0,0.0,0.0,True,train
2025-01-31 21:00:00+00:00,42410099999,2025-01-31 06:00:00+00:00,15,,22.0,15.0,15.5,0.625,0.6087614290087207,0.7933533402912352,0.5083564379375122,0.8611467540480452,-0.6999999999999993,-0.20055335780213285,-0.5,2.6428571428571423,3.3634692164591056,0,1.0,0.0,0.0,False,train
2025-01-31 22:00:00+00:00,42410099999,2025-01-31 06:00:00+00:00,16,,22.0,15.0,14.9,0.6666666666666666,0.7933533402912352,0.6087614290087207,0.5083564379375122,0.8611467540480452,-0.6999999999999993,-0.18451799668100854,0.09999999999999964,3.242857142857142,3.3634692164591056,0,1.0,0.0,0.0,False,train
2025-01-31 23:00:00+00:00,42410099999,2025-01-31 06:00:00+00:00,17,15.0,22.0,14.0,14.5,0.7083333333333334,0.9238795325112867,0.38268343236508984,0.5083564379375122,0.8611467540480452,-0.6999999999999993,-0.1697647522449539,-0.5,3.6428571428571423,3.3634692164591056,0,1.0,0.0,0.0,True,train
2025-02-01 00:00:00+00:00,42410099999,2025-01-31 06:00:00+00:00,18,14.0,22.0,14.0,14.3,0.75,0.9914448613738104,0.1305261922200517,0.5083564379375122,0.8611467540480452,-0.6999999999999993,-0.15619111210390071,-0.3000000000000007,3.8428571428571416,3.3634692164591056,0,1.0,0.0,0.0,True,train
2025-02-01 01:00:00+00:00,42410099999,2025-01-31 06:00:00+00:00,19,14.0,22.0,14.0,14.5,0.7916666666666666,0.9914448613738104,-0.1305261922200516,0.5083564379375122,0.8611467540480452,-0.6999999999999993,-0.14370276030593634,-0.5,3.6428571428571423,3.3634692164591056,0,1.0,0.0,0.0,True,train
2025-02-01 02:00:00+00:00,42410099999,2025-01-31 06:00:00+00:00,20,14.0,22.0,15.0,15.9,0.8333333333333334,0.9238795325112868,-0.3826834323650895,0.5083564379375122,0.8611467540480452,-0.6999999999999993,-0.13221292198629314,-0.9000000000000004,2.242857142857142,3.3634692164591056,0,1.0,0.0,0.0,True,train
2025-02-01 03:00:00+00:00,42410099999,2025-01-31 06:00:00+00:00,21,17.0,22.0,17.0,17.8,0.875,0.7933533402912352,-0.6087614290087207,0.5083564379375122,0.8611467540480452,-0.6999999999999993,-0.12164176041531148,-0.8000000000000007,0.34285714285714164,3.3634692164591056,0,1.0,0.0,0.0,True,train
2025-02-01 04:00:00+00:00,42410099999,2025-01-31 06:00:00+00:00,22,19.0,22.0,19.0,19.3,0.9166666666666666,0.6087614290087209,-0.793353340291235,0.5083564379375122,0.8611467540480452,-0.6999999999999993,-0.11191582225578563,-0.3000000000000007,-1.1571428571428584,3.3634692164591056,0,1.0,0.0,0.0,True,train
2025-02-01 05:00:00+00:00,42410099999,2025-01-31 06:00:00+00:00,23,21.0,22.0,21.0,20.9,0.9583333333333334,0.3826834323650899,-0.9238795325112867,0.5083564379375122,0.8611467540480452,-0.6999999999999993,-0.10296752717508366,0.10000000000000142,-2.7571428571428562,3.3634692164591056,0,1.0,0.0,0.0,True,train
2025-02-01 06:00:00+00:00,42410099999,2025-01-31 06:00:00+00:00,24,21.0,22.0,22.0,22.5,1.0,0.130526192220052,-0.9914448613738104,0.5083564379375122,0.8611467540480452,-0.6999999999999993,-0.09473469826562879,-0.5,-4.357142857142858,3.3634692164591056,0,1.0,0.0,0.0,True,train
2025-02-01 07:00:00+00:00,42410099999,2025-01-31 06:00:00+00:00,25,23.0,22.0,23.0,23.7,1.0416666666666667,-0.13052619222005177,-0.9914448613738104,0.5083564379375122,0.8611467540480452,-0.6999999999999993,-0.08716013001088599,-0.6999999999999993,-5.557142857142857,3.3634692164591056,0,1.0,0.0,0.0,True,train
2025-02-01 08:00:00+00:00,42410099999,2025-01-31 06:00:00+00:00,26,23.0,22.0,23.0,24.1,1.0833333333333333,-0.38268343236508967,-0.9238795325112868,0.5083564379375122,0.8611467540480452,-0.6999999999999993,-0.08019119079488134,-1.1000000000000014,-5.957142857142859,3.3634692164591056,0,1.0,0.0,0.0,True,train
2025-02-01 09:00:00+00:00,42410099999,2025-01-31 06:00:00+00:00,27,24.0,22.0,24.0,23.8,1.125,-0.6087614290087207,-0.7933533402912352,0.5083564379375122,0.8611467540480452,-0.6999999999999993,-0.07377945719330496,0.1999999999999993,-5.657142857142858,3.3634692164591056,0,1.0,0.0,0.0,True,train
2025-02-01 10:00:00+00:00,42410099999,2025-01-31 06:00:00+00:00,28,24.0,22.0,23.0,23.3,1.1666666666666667,-0.7933533402912349,-0.6087614290087209,0.5083564379375122,0.8611467540480452,-0.6999999999999993,-0.06788037750508347,-0.3000000000000007,-5.157142857142858,3.3634692164591056,0,1.0,0.0,0.0,True,train
2025-02-01 11:00:00+00:00,42410099999,2025-01-31 06:00:00+00:00,29,23.0,22.0,22.0,21.8,1.2083333333333333,-0.9238795325112868,-0.3826834323650895,0.5083564379375122,0.8611467540480452,-0.6999999999999993,-0.06245296218648201,0.1999999999999993,-3.6571428571428584,3.3634692164591056,0,1.0,0.0,0.0,True,train
2025-02-01 12:00:00+00:00,42410099999,2025-01-31 06:00:00+00:00,30,21.0,22.0,20.0,20.4,1.25,-0.9914448613738104,-0.13052619222005163,0.5083564379375122,0.8611467540480452,-0.6999999999999993,-0.0574594990367291,-0.3999999999999986,-2.2571428571428562,3.3634692164591056,0,1.0,0.0,0.0,True,train
2025-02-01 13:00:00+00:00,42410099999,2025-01-31 06:00:00+00:00,31,19.0,22.0,18.0,19.9,1.2916666666666667,-0.9914448613738105,0.13052619222005127,0.5083564379375122,0.8611467540480452,-0.6999999999999993,-0.05286529115614158,-1.8999999999999986,-1.7571428571428562,3.3634692164591056,0,1.0,0.0,0.0,True,train
2025-02-01 14:00:00+00:00,42410099999,2025-01-31 06:00:00+00:00,32,18.0,22.0,17.0,19.2,1.3333333333333333,-0.923879532511287,0.38268343236508917,0.5083564379375122,0.8611467540480452,-0.6999999999999993,-0.04863841585596103,-2.1999999999999993,-1.057142857142857,3.3634692164591056,0,1.0,0.0,0.0,True,train
2025-02-01 15:00:00+00:00,42410099999,2025-01-31 06:00:00+00:00,33,18.0,22.0,16.0,18.2,1.375,-0.7933533402912357,0.6087614290087199,0.5083564379375122,0.8611467540480452,-0.6999999999999993,-0.044749502844695255,-2.1999999999999993,-0.05714285714285694,3.3634692164591056,0,1.0,0.0,0.0,True,train
2025-02-01 16:00:00+00:00,42410099999,2025-01-31 06:00:00+00:00,34,18.0,22.0,17.0,17.5,1.4166666666666667,-0.6087614290087209,0.7933533402912349,0.5083564379375122,0.8611467540480452,-0.6999999999999993,-0.041171530149700875,-0.5,0.6428571428571423,3.3634692164591056,0,1.0,0.0,0.0,True,train
2025-02-01 17:00:00+00:00,42410099999,2025-01-31 06:00:00+00:00,35,16.0,22.0,17.0,17.3,1.4583333333333333,-0.38268343236508956,0.9238795325112868,0.5083564379375122,0.8611467540480452,-0.6999999999999993,-0.03787963635597509,-0.3000000000000007,0.8428571428571416,3.3634692164591056,0,1.0,0.0,0.0,True,train
2025-02-01 18:00:00+00:00,42410099999,2025-01-31 06:00:00+00:00,36,17.0,22.0,16.0,17.0,1.5,-0.13052619222005168,0.9914448613738104,0.5083564379375122,0.8611467540480452,-0.6999999999999993,-0.03485094785750473,-1.0,1.1428571428571423,3.3634692164591056,0,1.0,0.0,0.0,True,train
2025-02-01 19:00:00+00:00,42410099999,2025-01-31 06:00:00+00:00,37,16.0,22.0,16.0,16.4,1.5416666666666667,0.13052619222005157,0.9914448613738104,0.5230943033491326,0.8522748088519838,-0.6999999999999993,-0.032064419920835,-0.3999999999999986,1.7428571428571438,3.3634692164591056,0,1.0,0.0,0.0,True,train
2025-02-01 20:00:00+00:00,42410099999,2025-01-31 06:00:00+00:00,38,15.0,22.0,15.0,15.4,1.5833333333333333,0.3826834323650898,0.9238795325112867,0.5230943033491326,0.8522748088519838,-0.6999999999999993,-0.029500690456493454,-0.40000000000000036,2.742857142857142,3.3634692164591056,0,1.0,0.0,0.0,True,train
2025-02-01 21:00:00+00:00,42410099999,2025-01-31 06:00:00+00:00,39,15.0,22.0,15.0,14.7,1.625,0.6087614290087207,0.7933533402912352,0.5230943033491326,0.8522748088519838,-0.6999999999999993,-0.027141945482205377,0.3000000000000007,3.442857142857143,3.3634692164591056,0,1.0,0.0,0.0,True,train
2025-02-01 22:00:00+00:00,42410099999,2025-01-31 06:00:00+00:00,40,14.0,22.0,15.0,14.2,1.6666666666666667,0.7933533402912352,0.6087614290087207,0.5230943033491326,0.8522748088519838,-0.6999999999999993,-0.024971795343076652,0.8000000000000007,3.942857142857143,3.3634692164591056,0,1.0,0.0,0.0,True,train
2025-02-01 23:00:00+00:00,42410099999,2025-01-31 06:00:00+00:00,41,14.0,22.0,14.0,13.9,1.7083333333333333,0.9238795325112867,0.38268343236508984,0.5230943033491326,0.8522748088519838,-0.6999999999999993,-0.022975160828664222,0.09999999999999964,4.242857142857142,3.3634692164591056,0,1.0,0.0,0.0,True,train
2025-02-02 00:00:00+00:00,42410099999,2025-01-31 06:00:00+00:00,42,14.0,22.0,14.0,13.7,1.75,0.9914448613738104,0.1305261922200517,0.5230943033491326,0.8522748088519838,-0.6999999999999993,-0.02113816839562293,0.3000000000000007,4.442857142857143,3.3634692164591056,0,1.0,0.0,0.0,True,train
2025-02-02 01:00:00+00:00,42410099999,2025-01-31 06:00:00+00:00,43,13.0,22.0,14.0,13.9,1.7916666666666667,0.9914448613738104,-0.1305261922200516,0.5230943033491326,0.8522748088519838,-0.6999999999999993,-0.019448053767886955,0.09999999999999964,4.242857142857142,3.3634692164591056,0,1.0,0.0,0.0,True,train
2025-02-02 02:00:00+00:00,42410099999,2025-01-31 06:00:00+00:00,44,15.0,22.0,15.0,16.2,1.8333333333333333,0.9238795325112868,-0.3826834323650895,0.5230943033491326,0.8522748088519838,-0.6999999999999993,-0.017893073244555163,-1.1999999999999993,1.942857142857143,3.3634692164591056,0,1.0,0.0,0.0,True,train
2025-02-02 03:00:00+00:00,42410099999,2025-01-31 06:00:00+00:00,45,17.0,22.0,17.0,18.8,1.875,0.7933533402912352,-0.6087614290087207,0.5230943033491326,0.8522748088519838,-0.6999999999999993,-0.01646242209920636,-1.8000000000000007,-0.6571428571428584,3.3634692164591056,0,1.0,0.0,0.0,True,train
2025-02-02 04:00:00+00:00,42410099999,2025-01-31 06:00:00+00:00,46,19.0,22.0,19.0,21.1,1.9166666666666667,0.6087614290087209,-0.793353340291235,0.5230943033491326,0.8522748088519838,-0.6999999999999993,-0.015146159503645147,-2.1000000000000014,-2.957142857142859,3.3634692164591056,0,1.0,0.0,0.0,True,train
2025-02-02 05:00:00+00:00,42410099999,2025-01-31 06:00:00+00:00,47,22.0,22.0,21.0,23.0,1.9583333333333333,0.3826834323650899,-0.9238795325112867,0.5230943033491326,0.8522748088519838,-0.6999999999999993,-0.013935139454413565,-2.0,-4.857142857142858,3.3634692164591056,0,1.0,0.0,0.0,True,train
2025-02-02 06:00:00+00:00,42410099999,2025-01-31 06:00:00+00:00,48,23.0,22.0,22.0,24.1,2.0,0.130526192220052,-0.9914448613738104,0.5230943033491326,0.8522748088519838,-0.6999999999999993,-0.012820947222113912,-2.1000000000000014,-5.957142857142859,3.3634692164591056,0,1.0,0.0,0.0,True,train
2025-01-31 07:00:00+00:00,43128599999,2025-01-31 06:00:00+00:00,1,31.0,31.0,29.0,30.2,0.041666666666666664,-0.13052619222005177,-0.9914448613738104,0.49346814167723735,0.8697638720650646,1.6999999999999993,1.564075504869849,-1.1999999999999993,-7.003571428571426,5.426191912701705,0,0.0,1.0,0.0,True,train
2025-01-31 08:00:00+00:00,43128599999,2025-01-31 06:00:00+00:00,2,33.0,31.0,30.0,30.8,0.08333333333333333,-0.38268343236508967,-0.9238795325112868,0.49346814167723735,0.8697638720650646,1.6999999999999993,1.4390189323140434,-0.8000000000000007,-7.603571428571428,5.426191912701705,0,0.0,1.0,0.0,True,train
2025-01-31 09:00:00+00:00,43128599999,2025-01-31 06:00:00+00:00,3,32.0,31.0,31.0,31.1,0.125,-0.6087614290087207,-0.7933533402912352,0.49346814167723735,0.8697638720650646,1.6999999999999993,1.3239613312213878,-0.10000000000000142,-7.9035714285714285,5.426191912701705,0,0.0,1.0,0.0,True,train
2025-01-31 10:00:00+00:00,43128599999,2025-01-31 06:00:00+00:00,4,33.0,31.0,31.0,31.0,0.16666666666666666,-0.7933533402912349,-0.6087614290087209,0.49346814167723735,0.8697638720650646,1.6999999999999993,1.2181032279754413,0.0,-7.803571428571427,5.426191912701705,0,0.0,1.0,0.0,True,train
2025-01-31 11:00:00+00:00,43128599999,2025-01-31 06:00:00+00:00,5,32.0,31.0,30.0,30.4,0.20833333333333334,-0.9238795325112868,-0.3826834323650895,0.49346814167723735,0.8697638720650646,1.6999999999999993,1.120709071340754,-0.3999999999999986,-7.203571428571426,5.426191912701705,0,0.0,1.0,0.0,True,train
2025-01-31 12:00:00+00:00,43128599999,2025-01-31 06:00:00+00:00,6,30.0,31.0,30.0,28.3,0.25,-0.9914448613738104,-0.13052619222005163,0.49346814167723735,0.8697638720650646,1.6999999999999993,1.0311021215114764,1.6999999999999993,-5.103571428571428,5.426191912701705,0,0.0,1.0,0.0,True,train
2025-01-31 13:00:00+00:00,43128599999,2025-01-31 06:00:00+00:00,7,27.0,31.0,26.0,25.4,0.2916666666666667,-0.9914448613738105,0.13052619222005127,0.49346814167723735,0.8697638720650646,1.6999999999999993,0.9486597478090797,0.6000000000000014,-2.2035714285714256,5.426191912701705,0,0.0,1.0,0.0,True,train
2025-01-31 14:00:00+00:00,43128599999,2025-01-31 06:00:00+00:00,8,25.0,31.0,24.0,23.9,0.3333333333333333,-0.923879532511287,0.38268343236508917,0.49346814167723735,0.8697638720650646,1.6999999999999993,0.8728091023554061,0.10000000000000142,-0.7035714285714256,5.426191912701705,0,0.0,1.0,0.0,True,train
2025-01-31 15:00:00+00:00,43128599999,2025-01-31 06:00:00+00:00,9,24.0,31.0,22.0,22.7,0.375,-0.7933533402912357,0.6087614290087199,0.49346814167723735,0.8697638720650646,1.6999999999999993,0.8030231396597246,-0.6999999999999993,0.49642857142857366,5.426191912701705,0,0.0,1.0,0.0,True,train
2025-01-31 16:00:00+00:00,43128599999,2025-01-31 06:00:00+00:00,10,23.0,31.0,20.0,22.0,0.4166666666666667,-0.6087614290087209,0.7933533402912349,0.49346814167723735,0.8697638720650646,1.6999999999999993,0.7388169544620327,-2.0,1.196428571428573,5.426191912701705,0,0.0,1.0,0.0,True,train
2025-01-31 17:00:00+00:00,43128599999,2025-01-31 06:00:00+00:00,11,22.0,31.0,19.0,21.0,0.4583333333333333,-0.38268343236508956,0.9238795325112868,0.49346814167723735,0.8697638720650646,1.6999999999999993,0.6797444123862403,-2.0,2.196428571428573,5.426191912701705,0,0.0,1.0,0.0,True,train
2025-01-31 18:00:00+00:00,43128599999,2025-01-31 06:00:00+00:00,12,21.0,31.0,17.0,19.9,0.5,-0.13052619222005168,0.9914448613738104,0.49346814167723735,0.8697638720650646,1.6999999999999993,0.6253950499914517,-2.8999999999999986,3.2964285714285744,5.426191912701705,0,0.0,1.0,0.0,True,train
2025-01-31 19:00:00+00:00,43128599999,2025-01-31 06:00:00+00:00,13,20.0,31.0,16.0,18.9,0.5416666666666666,0.13052619222005157,0.9914448613738104,0.5083564379375122,0.8611467540480452,1.6999999999999993,0.5753912226814615,-2.8999999999999986,4.296428571428574,5.426191912701705,0,0.0,1.0,0.0,True,train
2025-01-31 20:00:00+00:00,43128599999,2025-01-31 06:00:00+00:00,14,20.0,31.0,17.0,18.4,0.5833333333333334,0.3826834323650898,0.9238795325112867,0.5083564379375122,0.8611467540480452,1.6999999999999993,0.5293854806548158,-1.3999999999999986,4.796428571428574,5.426191912701705,0,0.0,1.0,0.0,True,train
2025-01-31 21:00:00+00:00,43128599999,2025-01-31 06:00:00+00:00,15,,31.0,17.0,18.2,0.625,0.6087614290087207,0.7933533402912352,0.5083564379375122,0.8611467540480452,1.6999999999999993,0.48705815466232294,-1.1999999999999993,4.996428571428574,5.426191912701705,0,0.0,1.0,0.0,False,train
2025-01-31 22:00:00+00:00,43128599999,2025-01-31 06:00:00+00:00,16,18.0,31.0,17.0,17.7,0.6666666666666666,0.7933533402912352,0.6087614290087207,0.5083564379375122,0.8611467540480452,1.6999999999999993,0.4481151347967353,-0.6999999999999993,5.496428571428574,5.426191912701705,0,0.0,1.0,0.0,True,train
2025-01-31 23:00:00+00:00,43128599999,2025-01-31 06:00:00+00:00,17,,31.0,18.0,17.1,0.7083333333333334,0.9238795325112867,0.38268343236508984,0.5083564379375122,0.8611467540480452,1.6999999999999993,0.41228582688060256,0.8999999999999986,6.0964285714285715,5.426191912701705,0,0.0,1.0,0.0,False,train
2025-02-01 00:00:00+00:00,43128599999,2025-01-31 06:00:00+00:00,18,17.0,31.0,18.0,16.7,0.75,0.9914448613738104,0.1305261922200517,0.5083564379375122,0.8611467540480452,1.6999999999999993,0.37932127225233053,1.3000000000000007,6.496428571428574,5.426191912701705,0,0.0,1.0,0.0,True,train
2025-02-01 01:00:00+00:00,43128599999,2025-01-31 06:00:00+00:00,19,17.0,31.0,17.0,16.4,0.7916666666666666,0.9914448613738104,-0.1305261922200516,0.5083564379375122,0.8611467540480452,1.6999999999999993,0.3489924178858456,0.6000000000000014,6.796428571428574,5.426191912701705,0,0.0,1.0,0.0,True,train
2025-02-01 02:00:00+00:00,43128599999,2025-01-31 06:00:00+00:00,20,20.0,31.0,18.0,18.1,0.8333333333333334,0.9238795325112868,-0.3826834323650895,0.5083564379375122,0.8611467540480452,1.6999999999999993,0.32108852482385497,-0.10000000000000142,5.0964285714285715,5.426191912701705,0,0.0,1.0,0.0,True,train
2025-02-01 03:00:00+00:00,43128599999,2025-01-31 06:00:00+00:00,21,24.0,31.0,25.0,22.4,0.875,0.7933533402912352,-0.6087614290087207,0.5083564379375122,0.8611467540480452,1.6999999999999993,0.2954157038657566,2.6000000000000014,0.7964285714285744,5.426191912701705,0,0.0,1.0,0.0,True,train
2025-02-01 04:00:00+00:00,43128599999,2025-01-31 06:00:00+00:00,22,28.0,31.0,26.0,26.0,0.9166666666666666,0.6087614290087209,-0.793353340291235,0.5083564379375122,0.8611467540480452,1.6999999999999993,0.2717955683354795,0.0,-2.803571428571427,5.426191912701705,0,0.0,1.0,0.0,True,train
2025-02-01 05:00:00+00:00,43128599999,2025-01-31 06:00:00+00:00,23,30.0,31.0,29.0,28.5,0.9583333333333334,0.3826834323650899,-0.9238795325112867,0.5083564379375122,0.8611467540480452,1.6999999999999993,0.25006399456806044,0.5,-5.303571428571427,5.426191912701705,0,0.0,1.0,0.0,True,train
2025-02-01 06:00:00+00:00,43128599999,2025-01-31 06:00:00+00:00,24,33.0,31.0,31.0,30.0,1.0,0.130526192220052,-0.9914448613738104,0.5083564379375122,0.8611467540480452,1.6999999999999993,0.2300699815022415,1.0,-6.803571428571427,5.426191912701705,0,0.0,1.0,0.0,True,train
2025-02-01 07:00:00+00:00,43128599999,2025-01-31 06:00:00+00:00,25,33.0,31.0,29.0,30.8,1.0416666666666667,-0.13052619222005177,-0.9914448613738104,0.5083564379375122,0.8611467540480452,1.6999999999999993,0.21167460145500894,-1.8000000000000007,-7.603571428571428,5.426191912701705,0,0.0,1.0,0.0,True,train
2025-02-01 08:00:00+00:00,43128599999,2025-01-31 06:00:00+00:00,26,,31.0,30.0,31.2,1.0833333333333333,-0.38268343236508967,-0.9238795325112868,0.5083564379375122,0.8611467540480452,1.6999999999999993,0.19475003478756905,-1.1999999999999993,-8.003571428571426,5.426191912701705,0,0.0,1.0,0.0,False,train
2025-02-01 09:00:00+00:00,43128599999,2025-01-31 06:00:00+00:00,27,,31.0,31.0,31.2,1.125,-0.6087614290087207,-0.7933533402912352,0.5083564379375122,0.8611467540480452,1.6999999999999993,0.1791786817551693,-0.1999999999999993,-8.003571428571426,5.426191912701705,0,0.0,1.0,0.0,False,train
2025-02-01 10:00:00+00:00,43128599999,2025-01-31 06:00:00+00:00,28,,31.0,31.0,30.8,1.1666666666666667,-0.7933533402912349,-0.6087614290087209,0.5083564379375122,0.8611467540480452,1.6999999999999993,0.16485234536948853,0.1999999999999993,-7.603571428571428,5.426191912701705,0,0.0,1.0,0.0,False,train
2025-02-01 11:00:00+00:00,43128599999,2025-01-31 06:00:00+00:00,29,,31.0,30.0,30.2,1.2083333333333333,-0.9238795325112868,-0.3826834323650895,0.5083564379375122,0.8611467540480452,1.6999999999999993,0.15167147959574212,-0.1999999999999993,-7.003571428571426,5.426191912701705,0,0.0,1.0,0.0,False,train
2025-02-01 12:00:00+00:00,43128599999,2025-01-31 06:00:00+00:00,30,32.0,31.0,30.0,28.0,1.25,-0.9914448613738104,-0.13052619222005163,0.5083564379375122,0.8611467540480452,1.6999999999999993,0.1395444976606279,2.0,-4.803571428571427,5.426191912701705,0,0.0,1.0,0.0,True,train
2025-02-01 13:00:00+00:00,43128599999,2025-01-31 06:00:00+00:00,31,27.0,31.0,26.0,25.1,1.2916666666666667,-0.9914448613738105,0.13052619222005127,0.5083564379375122,0.8611467540480452,1.6999999999999993,0.12838713566491536,0.8999999999999986,-1.9035714285714285,5.426191912701705,0,0.0,1.0,0.0,True,train
2025-02-01 14:00:00+00:00,43128599999,2025-01-31 06:00:00+00:00,32,26.0,31.0,24.0,23.8,1.3333333333333333,-0.923879532511287,0.38268343236508917,0.5083564379375122,0.8611467540480452,1.6999999999999993,0.11812186707876257,0.1999999999999993,-0.6035714285714278,5.426191912701705,0,0.0,1.0,0.0,True,train
2025-02-01 15:00:00+00:00,43128599999,2025-01-31 06:00:00+00:00,33,24.0,31.0,22.0,22.6,1.375,-0.7933533402912357,0.6087614290087199,0.5083564379375122,0.8611467540480452,1.6999999999999993,0.10867736405140282,-0.6000000000000014,0.5964285714285715,5.426191912701705,0,0.0,1.0,0.0,True,train
2025-02-01 16:00:00+00:00,43128599999,2025-01-31 06:00:00+00:00,34,22.0,31.0,20.0,21.6,1.4166666666666667,-0.6087614290087209,0.7933533402912349,0.5083564379375122,0.8611467540480452,1.6999999999999993,0.09998800179213076,-1.6000000000000014,1.5964285714285715,5.426191912701705,0,0.0,1.0,0.0,True,train
2025-02-01 17:00:00+00:00,43128599999,2025-01-31 06:00:00+00:00,35,22.0,31.0,19.0,20.9,1.4583333333333333,-0.38268343236508956,0.9238795325112868,0.5083564379375122,0.8611467540480452,1.6999999999999993,0.09199340257879669,-1.8999999999999986,2.2964285714285744,5.426191912701705,0,0.0,1.0,0.0,True,train
2025-02-01 18:00:00+00:00,43128599999,2025-01-31 06:00:00+00:00,36,21.0,31.0,17.0,19.8,1.5,-0.13052619222005168,0.9914448613738104,0.5083564379375122,0.8611467540480452,1.6999999999999993,0.08463801622536866,-2.8000000000000007,3.3964285714285722,5.426191912701705,0,0.0,1.0,0.0,True,train
2025-02-01 19:00:00+00:00,43128599999,2025-01-31 06:00:00+00:00,37,20.0,31.0,16.0,18.8,1.5416666666666667,0.13052619222005157,0.9914448613738104,0.5230943033491326,0.8522748088519838,1.6999999999999993,0.07787073409345648,-2.8000000000000007,4.396428571428572,5.426191912701705,0,0.0,1.0,0.0,True,train
2025-02-01 20:00:00+00:00,43128599999,2025-01-31 06:00:00+00:00,38,19.0,31.0,17.0,18.4,1.5833333333333333,0.3826834323650898,0.9238795325112867,0.5230943033491326,0.8522748088519838,1.6999999999999993,0.07164453396576986,-1.3999999999999986,4.796428571428574,5.426191912701705,0,0.0,1.0,0.0,True,train
2025-02-01 21:00:00+00:00,43128599999,2025-01-31 06:00:00+00:00,39,19.0,31.0,17.0,18.0,1.625,0.6087614290087207,0.7933533402912352,0.5230943033491326,0.8522748088519838,1.6999999999999993,0.06591615331392739,-1.0,5.196428571428573,5.426191912701705,0,0.0,1.0,0.0,True,train
2025-02-01 22:00:00+00:00,43128599999,2025-01-31 06:00:00+00:00,40,19.0,31.0,17.0,17.6,1.6666666666666667,0.7933533402912352,0.6087614290087207,0.5230943033491326,0.8522748088519838,1.6999999999999993,0.06064578869032904,-0.6000000000000014,5.5964285714285715,5.426191912701705,0,0.0,1.0,0.0,True,train
2025-02-01 23:00:00+00:00,43128599999,2025-01-31 06:00:00+00:00,41,18.0,31.0,18.0,17.6,1.7083333333333333,0.9238795325112867,0.38268343236508984,0.5230943033491326,0.8522748088519838,1.6999999999999993,0.05579681915532743,0.3999999999999986,5.5964285714285715,5.426191912701705,0,0.0,1.0,0.0,True,train
2025-02-02 00:00:00+00:00,43128599999,2025-01-31 06:00:00+00:00,42,18.0,31.0,18.0,17.6,1.75,0.9914448613738104,0.1305261922200517,0.5230943033491326,0.8522748088519838,1.6999999999999993,0.05133555181794143,0.3999999999999986,5.5964285714285715,5.426191912701705,0,0.0,1.0,0.0,True,train
2025-02-02 01:00:00+00:00,43128599999,2025-01-31 06:00:00+00:00,43,,31.0,17.0,17.7,1.7916666666666667,0.9914448613738104,-0.1305261922200516,0.5230943033491326,0.8522748088519838,1.6999999999999993,0.04723098772201121,-0.6999999999999993,5.496428571428574,5.426191912701705,0,0.0,1.0,0.0,False,train
2025-02-02 02:00:00+00:00,43128599999,2025-01-31 06:00:00+00:00,44,21.0,31.0,18.0,19.3,1.8333333333333333,0.9238795325112868,-0.3826834323650895,0.5230943033491326,0.8522748088519838,1.6999999999999993,0.04345460645106257,-1.3000000000000007,3.8964285714285722,5.426191912701705,0,0.0,1.0,0.0,True,train
2025-02-02 03:00:00+00:00,43128599999,2025-01-31 06:00:00+00:00,45,26.0,31.0,25.0,23.1,1.875,0.7933533402912352,-0.6087614290087207,0.5230943033491326,0.8522748088519838,1.6999999999999993,0.039980167955215466,1.8999999999999986,0.09642857142857153,5.426191912701705,0,0.0,1.0,0.0,True,train
2025-02-02 04:00:00+00:00,43128599999,2025-01-31 06:00:00+00:00,46,30.0,31.0,26.0,26.5,1.9166666666666667,0.6087614290087209,-0.793353340291235,0.5230943033491326,0.8522748088519838,1.6999999999999993,0.03678353022313824,-0.5,-3.303571428571427,5.426191912701705,0,0.0,1.0,0.0,True,train
2025-02-02 05:00:00+00:00,43128599999,2025-01-31 06:00:00+00:00,47,30.0,31.0,29.0,28.7,1.9583333333333333,0.3826834323650899,-0.9238795325112867,0.5230943033491326,0.8522748088519838,1.6999999999999993,0.03384248153214725,0.3000000000000007,-5.503571428571426,5.426191912701705,0,0.0,1.0,0.0,True,train
2025-02-02 06:00:00+00:00,43128599999,2025-01-31 06:00:00+00:00,48,31.0,31.0,31.0,30.0,2.0,0.130526192220052,-0.9914448613738104,0.5230943033491326,0.8522748088519838,1.6999999999999993,0.031136586110848092,1.0,-6.803571428571427,5.426191912701705,0,0.0,1.0,0.0,True,train
2025-01-31 07:00:00+00:00,43279099999,2025-01-31 06:00:00+00:00,1,31.0,31.0,30.0,31.0,0.041666666666666664,-0.13052619222005177,-0.9914448613738104,0.49346814167723735,0.8697638720650646,0.5,0.46002220731466165,-1.0,-4.892857142857142,2.3376721079641904,0,0.0,0.0,1.0,True,train
2025-01-31 08:00:00+00:00,43279099999,2025-01-31 06:00:00+00:00,2,31.0,31.0,31.0,30.9,0.08333333333333333,-0.38268343236508967,-0.9238795325112868,0.49346814167723735,0.8697638720650646,0.5,0.42324086244530706,0.10000000000000142,-4.792857142857141,2.3376721079641904,0,0.0,0.0,1.0,True,train
2025-01-31 09:00:00+00:00,43279099999,2025-01-31 06:00:00+00:00,3,31.0,31.0,31.0,30.6,0.125,-0.6087614290087207,-0.7933533402912352,0.49346814167723735,0.8697638720650646,0.5,0.38940039153570244,0.3999999999999986,-4.492857142857144,2.3376721079641904,0,0.0,0.0,1.0,True,train
2025-01-31 10:00:00+00:00,43279099999,2025-01-31 06:00:00+00:00,4,31.0,31.0,30.0,30.2,0.16666666666666666,-0.7933533402912349,-0.6087614290087209,0.49346814167723735,0.8697638720650646,0.5,0.35826565528689464,-0.1999999999999993,-4.092857142857142,2.3376721079641904,0,0.0,0.0,1.0,True,train
2025-01-31 11:00:00+00:00,43279099999,2025-01-31 06:00:00+00:00,5,30.0,31.0,30.0,29.2,0.20833333333333334,-0.9238795325112868,-0.3826834323650895,0.49346814167723735,0.8697638720650646,0.5,0.3296203151002219,0.8000000000000007,-3.0928571428571416,2.3376721079641904,0,0.0,0.0,1.0,True,train
2025-01-31 12:00:00+00:00,43279099999,2025-01-31 06:00:00+00:00,6,29.0,31.0,28.0,28.2,0.25,-0.9914448613738104,-0.13052619222005163,0.49346814167723735,0.8697638720650646,0.5,0.3032653298563167,-0.1999999999999993,-2.0928571428571416,2.3376721079641904,0,0.0,0.0,1.0,True,train
2025-01-31 13:00:00+00:00,43279099999,2025-01-31 06:00:00+00:00,7,28.0,31.0,27.0,27.2,0.2916666666666667,-0.9914448613738105,0.13052619222005127,0.49346814167723735,0.8697638720650646,0.5,0.27901757288502355,-0.1999999999999993,-1.0928571428571416,2.3376721079641904,0,0.0,0.0,1.0,True,train
2025-01-31 14:00:00+00:00,43279099999,2025-01-31 06:00:00+00:00,8,28.0,31.0,26.0,26.8,0.3333333333333333,-0.923879532511287,0.38268343236508917,0.49346814167723735,0.8697638720650646,0.5,0.256708559516296,-0.8000000000000007,-0.6928571428571431,2.3376721079641904,0,0.0,0.0,1.0,True,train
2025-01-31 15:00:00+00:00,43279099999,2025-01-31 06:00:00+00:00,9,28.0,31.0,26.0,26.5,0.375,-0.7933533402912357,0.6087614290087199,0.49346814167723735,0.8697638720650646,0.5,0.23618327637050734,-0.5,-0.39285714285714235,2.3376721079641904,0,0.0,0.0,1.0,True,train
2025-01-31 16:00:00+00:00,43279099999,2025-01-31 06:00:00+00:00,10,28.0,31.0,27.0,26.2,0.4166666666666667,-0.6087614290087209,0.7933533402912349,0.49346814167723735,0.8697638720650646,0.5,0.2172991042535391,0.8000000000000007,-0.09285714285714164,2.3376721079641904,0,0.0,0.0,1.0,True,train
2025-01-31 17:00:00+00:00,43279099999,2025-01-31 06:00:00+00:00,11,28.0,31.0,27.0,25.9,0.4583333333333333,-0.38268343236508956,0.9238795325112868,0.49346814167723735,0.8697638720650646,0.5,0.19992482717242369,1.1000000000000014,0.20714285714285907,2.3376721079641904,0,0.0,0.0,1.0,True,train
2025-01-31 18:00:00+00:00,43279099999,2025-01-31 06:00:00+00:00,12,27.0,31.0,27.0,25.7,0.5,-0.13052619222005168,0.9914448613738104,0.49346814167723735,0.8697638720650646,0.5,0.18393972058572117,1.3000000000000007,0.40714285714285836,2.3376721079641904,0,0.0,0.0,1.0,True,train
2025-01-31 19:00:00+00:00,43279099999,2025-01-31 06:00:00+00:00,13,27.0,31.0,26.0,25.2,0.5416666666666666,0.13052619222005157,0.9914448613738104,0.5083564379375122,0.8611467540480452,0.5,0.1692327125533711,0.8000000000000007,0.9071428571428584,2.3376721079641904,0,0.0,0.0,1.0,True,train
2025-01-31 20:00:00+00:00,43279099999,2025-01-31 06:00:00+00:00,14,27.0,31.0,26.0,24.6,0.5833333333333334,0.3826834323650898,0.9238795325112867,0.5083564379375122,0.8611467540480452,0.5,0.15570161195729884,1.3999999999999986,1.5071428571428562,2.3376721079641904,0,0.0,0.0,1.0,True,train
2025-01-31 21:00:00+00:00,43279099999,2025-01-31 06:00:00+00:00,15,,31.0,26.0,24.3,0.625,0.6087614290087207,0.7933533402912352,0.5083564379375122,0.8611467540480452,0.5,0.14325239843009505,1.6999999999999993,1.807142857142857,2.3376721079641904,0,0.0,0.0,1.0,False,train
2025-01-31 22:00:00+00:00,43279099999,2025-01-31 06:00:00+00:00,16,27.0,31.0,26.0,23.7,0.6666666666666666,0.7933533402912352,0.6087614290087207,0.5083564379375122,0.8611467540480452,0.5,0.13179856905786339,2.3000000000000007,2.4071428571428584,2.3376721079641904,0,0.0,0.0,1.0,True,train
2025-01-31 23:00:00+00:00,43279099999,2025-01-31 06:00:00+00:00,17,26.0,31.0,26.0,23.1,0.7083333333333334,0.9238795325112867,0.38268343236508984,0.5083564379375122,0.8611467540480452,0.5,0.12126053731782434,2.8999999999999986,3.0071428571428562,2.3376721079641904,0,0.0,0.0,1.0,True,train
2025-02-01 00:00:00+00:00,43279099999,2025-01-31 06:00:00+00:00,18,26.0,31.0,25.0,22.9,0.75,0.9914448613738104,0.1305261922200517,0.5083564379375122,0.8611467540480452,0.5,0.11156508007421491,2.1000000000000014,3.207142857142859,2.3376721079641904,0,0.0,0.0,1.0,True,train
2025-02-01 01:00:00+00:00,43279099999,2025-01-31 06:00:00+00:00,19,26.0,31.0,25.0,22.5,0.7916666666666666,0.9914448613738104,-0.1305261922200516,0.5083564379375122,0.8611467540480452,0.5,0.10264482878995464,2.5,3.6071428571428577,2.3376721079641904,0,0.0,0.0,1.0,True,train
2025-02-01 02:00:00+00:00,43279099999,2025-01-31 06:00:00+00:00,20,26.0,31.0,25.0,22.8,0.8333333333333334,0.9238795325112868,-0.3826834323650895,0.5083564379375122,0.8611467540480452,0.5,0.09443780141878091,2.1999999999999993,3.307142857142857,2.3376721079641904,0,0.0,0.0,1.0,True,train
2025-02-01 03:00:00+00:00,43279099999,2025-01-31 06:00:00+00:00,21,27.0,31.0,27.0,24.7,0.875,0.7933533402912352,-0.6087614290087207,0.5083564379375122,0.8611467540480452,0.5,0.08688697172522257,2.3000000000000007,1.4071428571428584,2.3376721079641904,0,0.0,0.0,1.0,True,train
2025-02-01 04:00:00+00:00,43279099999,2025-01-31 06:00:00+00:00,22,28.0,31.0,28.0,27.8,0.9166666666666666,0.6087614290087209,-0.793353340291235,0.5083564379375122,0.8611467540480452,0.5,0.07993987303984695,0.1999999999999993,-1.692857142857143,2.3376721079641904,0,0.0,0.0,1.0,True,train
2025-02-01 05:00:00+00:00,43279099999,2025-01-31 06:00:00+00:00,23,30.0,31.0,30.0,29.5,0.9583333333333334,0.3826834323650899,-0.9238795325112867,0.5083564379375122,0.8611467540480452,0.5,0.0735482336964884,0.5,-3.3928571428571423,2.3376721079641904,0,0.0,0.0,1.0,True,train
2025-02-01 06:00:00+00:00,43279099999,2025-01-31 06:00:00+00:00,24,31.0,31.0,31.0,30.7,1.0,0.130526192220052,-0.9914448613738104,0.5083564379375122,0.8611467540480452,0.5,0.06766764161830635,0.3000000000000007,-4.592857142857142,2.3376721079641904,0,0.0,0.0,1.0,True,train
2025-02-01 07:00:00+00:00,43279099999,2025-01-31 06:00:00+00:00,25,31.0,31.0,30.0,31.1,1.0416666666666667,-0.13052619222005177,-0.9914448613738104,0.5083564379375122,0.8611467540480452,0.5,0.06225723572206148,-1.1000000000000014,-4.992857142857144,2.3376721079641904,0,0.0,0.0,1.0,True,train
2025-02-01 08:00:00+00:00,43279099999,2025-01-31 06:00:00+00:00,26,30.0,31.0,31.0,31.5,1.0833333333333333,-0.38268343236508967,-0.9238795325112868,0.5083564379375122,0.8611467540480452,0.5,0.057279421996343866,-0.5,-5.392857142857142,2.3376721079641904,0,0.0,0.0,1.0,True,train
2025-02-01 09:00:00+00:00,43279099999,2025-01-31 06:00:00+00:00,27,,31.0,31.0,31.1,1.125,-0.6087614290087207,-0.7933533402912352,0.5083564379375122,0.8611467540480452,0.5,0.052699612280932166,-0.10000000000000142,-4.992857142857144,2.3376721079641904,0,0.0,0.0,1.0,False,train
2025-02-01 10:00:00+00:00,43279099999,2025-01-31 06:00:00+00:00,28,30.0,31.0,30.0,29.9,1.1666666666666667,-0.7933533402912349,-0.6087614290087209,0.5083564379375122,0.8611467540480452,0.5,0.04848598393220253,0.10000000000000142,-3.792857142857141,2.3376721079641904,0,0.0,0.0,1.0,True,train
2025-02-01 11:00:00+00:00,43279099999,2025-01-31 06:00:00+00:00,29,29.0,31.0,30.0,28.9,1.2083333333333333,-0.9238795325112868,-0.3826834323650895,0.5083564379375122,0.8611467540480452,0.5,0.044609258704630055,1.1000000000000014,-2.792857142857141,2.3376721079641904,0,0.0,0.0,1.0,True,train
2025-02-01 12:00:00+00:00,43279099999,2025-01-31 06:00:00+00:00,30,29.0,31.0,28.0,27.8,1.25,-0.9914448613738104,-0.13052619222005163,0.5083564379375122,0.8611467540480452,0.5,0.0410424993119494,0.1999999999999993,-1.692857142857143,2.3376721079641904,0,0.0,0.0,1.0,True,train
2025-02-01 13:00:00+00:00,43279099999,2025-01-31 06:00:00+00:00,31,28.0,31.0,27.0,26.5,1.2916666666666667,-0.9914448613738105,0.13052619222005127,0.5083564379375122,0.8611467540480452,0.5,0.03776092225438688,0.5,-0.39285714285714235,2.3376721079641904,0,0.0,0.0,1.0,True,train
2025-02-01 14:00:00+00:00,43279099999,2025-01-31 06:00:00+00:00,32,28.0,31.0,26.0,26.0,1.3333333333333333,-0.923879532511287,0.38268343236508917,0.5083564379375122,0.8611467540480452,0.5,0.03474172561140077,0.0,0.10714285714285765,2.3376721079641904,0,0.0,0.0,1.0,True,train
2025-02-01 15:00:00+00:00,43279099999,2025-01-31 06:00:00+00:00,33,27.0,31.0,26.0,25.6,1.375,-0.7933533402912357,0.6087614290087199,0.5083564379375122,0.8611467540480452,0.5,0.031963930603353785,0.3999999999999986,0.5071428571428562,2.3376721079641904,0,0.0,0.0,1.0,True,train
2025-02-01 16:00:00+00:00,43279099999,2025-01-31 06:00:00+00:00,34,27.0,31.0,27.0,25.2,1.4166666666666667,-0.6087614290087209,0.7933533402912349,0.5083564379375122,0.8611467540480452,0.5,0.02940823582121494,1.8000000000000007,0.9071428571428584,2.3376721079641904,0,0.0,0.0,1.0,True,train
2025-02-01 17:00:00+00:00,43279099999,2025-01-31 06:00:00+00:00,35,27.0,31.0,27.0,24.8,1.4583333333333333,-0.38268343236508956,0.9238795325112868,0.5083564379375122,0.8611467540480452,0.5,0.027056883111410805,2.1999999999999993,1.307142857142857,2.3376721079641904,0,0.0,0.0,1.0,True,train
2025-02-01 18:00:00+00:00,43279099999,2025-01-31 06:00:00+00:00,36,27.0,31.0,27.0,23.9,1.5,-0.13052619222005168,0.9914448613738104,0.5083564379375122,0.8611467540480452,0.5,0.024893534183931972,3.1000000000000014,2.207142857142859,2.3376721079641904,0,0.0,0.0,1.0,True,train
2025-02-01 19:00:00+00:00,43279099999,2025-01-31 06:00:00+00:00,37,26.0,31.0,26.0,23.5,1.5416666666666667,0.13052619222005157,0.9914448613738104,0.5230943033491326,0.8522748088519838,0.5,0.022903157086310737,2.5,2.6071428571428577,2.3376721079641904,0,0.0,0.0,1.0,True,train
2025-02-01 20:00:00+00:00,43279099999,2025-01-31 06:00:00+00:00,38,26.0,31.0,26.0,22.9,1.5833333333333333,0.3826834323650898,0.9238795325112867,0.5230943033491326,0.8522748088519838,0.5,0.021071921754638203,3.1000000000000014,3.207142857142859,2.3376721079641904,0,0.0,0.0,1.0,True,train
2025-02-01 21:00:00+00:00,43279099999,2025-01-31 06:00:00+00:00,39,26.0,31.0,26.0,22.1,1.625,0.6087614290087207,0.7933533402912352,0.5230943033491326,0.8522748088519838,0.5,0.019387103915861004,3.8999999999999986,4.007142857142856,2.3376721079641904,0,0.0,0.0,1.0,True,train
2025-02-01 22:00:00+00:00,43279099999,2025-01-31 06:00:00+00:00,40,25.0,31.0,26.0,21.7,1.6666666666666667,0.7933533402912352,0.6087614290087207,0.5230943033491326,0.8522748088519838,0.5,0.017836996673626197,4.300000000000001,4.407142857142858,2.3376721079641904,0,0.0,0.0,1.0,True,train
2025-02-01 23:00:00+00:00,43279099999,2025-01-31 06:00:00+00:00,41,25.0,31.0,26.0,21.4,1.7083333333333333,0.9238795325112867,0.38268343236508984,0.5230943033491326,0.8522748088519838,0.5,0.016410829163331603,4.600000000000001,4.707142857142859,2.3376721079641904,0,0.0,0.0,1.0,True,train
2025-02-02 00:00:00+00:00,43279099999,2025-01-31 06:00:00+00:00,42,24.0,31.0,25.0,21.3,1.75,0.9914448613738104,0.1305261922200517,0.5230943033491326,0.8522748088519838,0.5,0.01509869171115925,3.6999999999999993,4.807142857142857,2.3376721079641904,0,0.0,0.0,1.0,True,train
2025-02-02 01:00:00+00:00,43279099999,2025-01-31 06:00:00+00:00,43,25.0,31.0,25.0,21.4,1.7916666666666667,0.9914448613738104,-0.1305261922200516,0.5230943033491326,0.8522748088519838,0.5,0.013891466977062126,3.6000000000000014,4.707142857142859,2.3376721079641904,0,0.0,0.0,1.0,True,train
2025-02-02 02:00:00+00:00,43279099999,2025-01-31 06:00:00+00:00,44,25.0,31.0,25.0,22.1,1.8333333333333333,0.9238795325112868,-0.3826834323650895,0.5230943033491326,0.8522748088519838,0.5,0.012780766603253701,2.8999999999999986,4.007142857142856,2.3376721079641904,0,0.0,0.0,1.0,True,train
2025-02-02 03:00:00+00:00,43279099999,2025-01-31 06:00:00+00:00,45,26.0,31.0,27.0,23.9,1.875,0.7933533402912352,-0.6087614290087207,0.5230943033491326,0.8522748088519838,0.5,0.011758872928004553,3.1000000000000014,2.207142857142859,2.3376721079641904,0,0.0,0.0,1.0,True,train
2025-02-02 04:00:00+00:00,43279099999,2025-01-31 06:00:00+00:00,46,27.0,31.0,28.0,26.4,1.9166666666666667,0.6087614290087209,-0.793353340291235,0.5230943033491326,0.8522748088519838,0.5,0.010818685359746545,1.6000000000000014,-0.29285714285714093,2.3376721079641904,0,0.0,0.0,1.0,True,train
2025-02-02 05:00:00+00:00,43279099999,2025-01-31 06:00:00+00:00,47,29.0,31.0,30.0,28.0,1.9583333333333333,0.3826834323650899,-0.9238795325112867,0.5230943033491326,0.8522748088519838,0.5,0.009953671038866843,2.0,-1.8928571428571423,2.3376721079641904,0,0.0,0.0,1.0,True,train
2025-02-02 06:00:00+00:00,43279099999,2025-01-31 06:00:00+00:00,48,30.0,31.0,31.0,29.5,2.0,0.130526192220052,-0.9914448613738104,0.5230943033491326,0.8522748088519838,0.5,0.00915781944436709,1.5,-3.3928571428571423,2.3376721079641904,0,0.0,0.0,1.0,True,train
2025-02-02 07:00:00+00:00,42410099999,2025-02-02 06:00:00+00:00,1,24.0,23.0,23.0,23.3,0.041666666666666664,-0.13052619222005177,-0.9914448613738104,0.5230943033491326,0.8522748088519838,-0.1999999999999993,-0.184008882925864,-0.3000000000000007,-4.716666666666669,3.3883846879672315,0,1.0,0.0,0.0,True,train
2025-02-02 08:00:00+00:00,42410099999,2025-02-02 06:00:00+00:00,2,25.0,23.0,23.0,23.5,0.08333333333333333,-0.38268343236508967,-0.9238795325112868,0.5230943033491326,0.8522748088519838,-0.1999999999999993,-0.16929634497812224,-0.5,-4.916666666666668,3.3883846879672315,0,1.0,0.0,0.0,True,train
2025-02-02 09:00:00+00:00,42410099999,2025-02-02 06:00:00+00:00,3,24.0,23.0,24.0,23.4,0.125,-0.6087614290087207,-0.7933533402912352,0.5230943033491326,0.8522748088519838,-0.1999999999999993,-0.15576015661428042,0.6000000000000014,-4.816666666666666,3.3883846879672315,0,1.0,0.0,0.0,True,train
2025-02-02 10:00:00+00:00,42410099999,2025-02-02 06:00:00+00:00,4,24.0,23.0,24.0,23.2,0.16666666666666666,-0.7933533402912349,-0.6087614290087209,0.5230943033491326,0.8522748088519838,-0.1999999999999993,-0.14330626211475733,0.8000000000000007,-4.616666666666667,3.3883846879672315,0,1.0,0.0,0.0,True,train
2025-02-02 11:00:00+00:00,42410099999,2025-02-02 06:00:00+00:00,5,23.0,23.0,23.0,22.0,0.20833333333333334,-0.9238795325112868,-0.3826834323650895,0.5230943033491326,0.8522748088519838,-0.1999999999999993,-0.13184812604008828,1.0,-3.416666666666668,3.3883846879672315,0,1.0,0.0,0.0,True,train
2025-02-02 12:00:00+00:00,42410099999,2025-02-02 06:00:00+00:00,6,23.0,23.0,21.0,20.3,0.25,-0.9914448613738104,-0.13052619222005163,0.5230943033491326,0.8522748088519838,-0.1999999999999993,-0.12130613194252625,0.6999999999999993,-1.7166666666666686,3.3883846879672315,0,1.0,0.0,0.0,True,train
2025-02-02 13:00:00+00:00,42410099999,2025-02-02 06:00:00+00:00,7,20.0,23.0,19.0,20.5,0.2916666666666667,-0.9914448613738105,0.13052619222005127,0.5230943033491326,0.8522748088519838,-0.1999999999999993,-0.11160702915400902,-1.5,-1.9166666666666679,3.3883846879672315,0,1.0,0.0,0.0,True,train
2025-02-02 14:00:00+00:00,42410099999,2025-02-02 06:00:00+00:00,8,19.0,23.0,18.0,20.1,0.3333333333333333,-0.923879532511287,0.38268343236508917,0.5230943033491326,0.8522748088519838,-0.1999999999999993,-0.10268342380651804,-2.1000000000000014,-1.5166666666666693,3.3883846879672315,0,1.0,0.0,0.0,True,train
2025-02-02 15:00:00+00:00,42410099999,2025-02-02 06:00:00+00:00,9,19.0,23.0,18.0,19.2,0.375,-0.7933533402912357,0.6087614290087199,0.5230943033491326,0.8522748088519838,-0.1999999999999993,-0.0944733105482026,-1.1999999999999993,-0.6166666666666671,3.3883846879672315,0,1.0,0.0,0.0,True,train
2025-02-02 16:00:00+00:00,42410099999,2025-02-02 06:00:00+00:00,10,18.0,23.0,18.0,18.4,0.4166666666666667,-0.6087614290087209,0.7933533402912349,0.5230943033491326,0.8522748088519838,-0.1999999999999993,-0.08691964170141533,-0.3999999999999986,0.18333333333333357,3.3883846879672315,0,1.0,0.0,0.0,True,train
2025-02-02 17:00:00+00:00,42410099999,2025-02-02 06:00:00+00:00,11,18.0,23.0,16.0,17.1,0.4583333333333333,-0.38268343236508956,0.9238795325112868,0.5230943033491326,0.8522748088519838,-0.1999999999999993,-0.0799699308689692,-1.1000000000000014,1.4833333333333307,3.3883846879672315,0,1.0,0.0,0.0,True,train
2025-02-02 18:00:00+00:00,42410099999,2025-02-02 06:00:00+00:00,12,17.0,23.0,17.0,16.5,0.5,-0.13052619222005168,0.9914448613738104,0.5230943033491326,0.8522748088519838,-0.1999999999999993,-0.0735758882342882,0.5,2.083333333333332,3.3883846879672315,0,1.0,0.0,0.0,True,train
2025-02-02 19:00:00+00:00,42410099999,2025-02-02 06:00:00+00:00,13,17.0,23.0,16.0,15.7,0.5416666666666666,0.13052619222005157,0.9914448613738104,0.5376773767406141,0.8431506618282,-0.1999999999999993,-0.0676930850213482,0.3000000000000007,2.883333333333333,3.3883846879672315,0,1.0,0.0,0.0,True,train
2025-02-02 20:00:00+00:00,42410099999,2025-02-02 06:00:00+00:00,14,16.0,23.0,15.0,16.0,0.5833333333333334,0.3826834323650898,0.9238795325112867,0.5376773767406141,0.8431506618282,-0.1999999999999993,-0.062280644782919316,-1.0,2.583333333333332,3.3883846879672315,0,1.0,0.0,0.0,True,train
2025-02-02 21:00:00+00:00,42410099999,2025-02-02 06:00:00+00:00,15,16.0,23.0,15.0,16.0,0.625,0.6087614290087207,0.7933533402912352,0.5376773767406141,0.8431506618282,-0.1999999999999993,-0.057300959372037816,-1.0,2.583333333333332,3.3883846879672315,0,1.0,0.0,0.0,True,train
2025-02-02 22:00:00+00:00,42410099999,2025-02-02 06:00:00+00:00,16,15.0,23.0,14.0,16.3,0.6666666666666666,0.7933533402912352,0.6087614290087207,0.5376773767406141,0.8431506618282,-0.1999999999999993,-0.05271942762314517,-2.3000000000000007,2.2833333333333314,3.3883846879672315,0,1.0,0.0,0.0,True,train
2025-02-02 23:00:00+00:00,42410099999,2025-02-02 06:00:00+00:00,17,14.0,23.0,14.0,16.2,0.7083333333333334,0.9238795325112867,0.38268343236508984,0.5376773767406141,0.8431506618282,-0.1999999999999993,-0.048504214927129564,-2.1999999999999993,2.383333333333333,3.3883846879672315,0,1.0,0.0,0.0,True,train
2025-02-03 00:00:00+00:00,42410099999,2025-02-02 06:00:00+00:00,18,14.0,23.0,14.0,16.2,0.75,0.9914448613738104,0.1305261922200517,0.5376773767406141,0.8431506618282,-0.1999999999999993,-0.044626032029685805,-2.1999999999999993,2.383333333333333,3.3883846879672315,0,1.0,0.0,0.0,True,train
2025-02-03 01:00:00+00:00,42410099999,2025-02-02 06:00:00+00:00,19,15.0,23.0,13.0,16.2,0.7916666666666666,0.9914448613738104,-0.1305261922200516,0.5376773767406141,0.8431506618282,-0.1999999999999993,-0.04105793151598171,-3.1999999999999993,2.383333333333333,3.3883846879672315,0,1.0,0.0,0.0,True,train
2025-02-03 02:00:00+00:00,42410099999,2025-02-02 06:00:00+00:00,20,16.0,23.0,15.0,17.2,0.8333333333333334,0.9238795325112868,-0.3826834323650895,0.5376773767406141,0.8431506618282,-0.1999999999999993,-0.037775120567512234,-2.1999999999999993,1.3833333333333329,3.3883846879672315,0,1.0,0.0,0.0,True,train
2025-02-03 03:00:00+00:00,42410099999,2025-02-02 06:00:00+00:00,21,18.0,23.0,17.0,18.6,0.875,0.7933533402912352,-0.6087614290087207,0.5376773767406141,0.8431506618282,-0.1999999999999993,-0.034754788690088904,-1.6000000000000014,-0.016666666666669272,3.3883846879672315,0,1.0,0.0,0.0,True,train
2025-02-03 04:00:00+00:00,42410099999,2025-02-02 06:00:00+00:00,22,20.0,23.0,19.0,20.0,0.9166666666666666,0.6087614290087209,-0.793353340291235,0.5376773767406141,0.8431506618282,-0.1999999999999993,-0.031975949215938666,-1.0,-1.4166666666666679,3.3883846879672315,0,1.0,0.0,0.0,True,train
2025-02-03 05:00:00+00:00,42410099999,2025-02-02 06:00:00+00:00,23,22.0,23.0,22.0,20.4,0.9583333333333334,0.3826834323650899,-0.9238795325112867,0.5376773767406141,0.8431506618282,-0.1999999999999993,-0.029419293478595256,1.6000000000000014,-1.8166666666666664,3.3883846879672315,0,1.0,0.0,0.0,True,train
2025-02-03 06:00:00+00:00,42410099999,2025-02-02 06:00:00+00:00,24,23.0,23.0,23.0,21.2,1.0,0.130526192220052,-0.9914448613738104,0.5376773767406141,0.8431506618282,-0.1999999999999993,-0.027067056647322445,1.8000000000000007,-2.616666666666667,3.3883846879672315,0,1.0,0.0,0.0,True,train
2025-02-03 07:00:00+00:00,42410099999,2025-02-02 06:00:00+00:00,25,24.0,23.0,23.0,22.5,1.0416666666666667,-0.13052619222005177,-0.9914448613738104,0.5376773767406141,0.8431506618282,-0.1999999999999993,-0.024902894288824504,0.5,-3.916666666666668,3.3883846879672315,0,1.0,0.0,0.0,True,train
2025-02-03 08:00:00+00:00,42410099999,2025-02-02 06:00:00+00:00,26,24.0,23.0,23.0,23.3,1.0833333333333333,-0.38268343236508967,-0.9238795325112868,0.5376773767406141,0.8431506618282,-0.1999999999999993,-0.022911768798537464,-0.3000000000000007,-4.716666666666669,3.3883846879672315,0,1.0,0.0,0.0,True,train
2025-02-03 09:00:00+00:00,42410099999,2025-02-02 06:00:00+00:00,27,25.0,23.0,24.0,23.6,1.125,-0.6087614290087207,-0.7933533402912352,0.5376773767406141,0.8431506618282,-0.1999999999999993,-0.021079844912372792,0.3999999999999986,-5.016666666666669,3.3883846879672315,0,1.0,0.0,0.0,True,train
2025-02-03 10:00:00+00:00,42410099999,2025-02-02 06:00:00+00:00,28,24.0,23.0,24.0,23.6,1.1666666666666667,-0.7933533402912349,-0.6087614290087209,0.5376773767406141,0.8431506618282,-0.1999999999999993,-0.019394393572880943,0.3999999999999986,-5.016666666666669,3.3883846879672315,0,1.0,0.0,0.0,True,train
2025-02-03 11:00:00+00:00,42410099999,2025-02-02 06:00:00+00:00,29,23.0,23.0,23.0,21.8,1.2083333333333333,-0.9238795325112868,-0.3826834323650895,0.5376773767406141,0.8431506618282,-0.1999999999999993,-0.01784370348185196,1.1999999999999993,-3.2166666666666686,3.3883846879672315,0,1.0,0.0,0.0,True,train
2025-02-03 12:00:00+00:00,42410099999,2025-02-02 06:00:00+00:00,30,21.0,23.0,21.0,19.6,1.25,-0.9914448613738104,-0.13052619222005163,0.5376773767406141,0.8431506618282,-0.1999999999999993,-0.016416999724779703,1.3999999999999986,-1.0166666666666693,3.3883846879672315,0,1.0,0.0,0.0,True,train
2025-02-03 13:00:00+00:00,42410099999,2025-02-02 06:00:00+00:00,31,20.0,23.0,19.0,18.5,1.2916666666666667,-0.9914448613738105,0.13052619222005127,0.5376773767406141,0.8431506618282,-0.1999999999999993,-0.015104368901754699,0.5,0.08333333333333215,3.3883846879672315,0,1.0,0.0,0.0,True,train
2025-02-03 14:00:00+00:00,42410099999,2025-02-02 06:00:00+00:00,32,18.0,23.0,18.0,17.8,1.3333333333333333,-0.923879532511287,0.38268343236508917,0.5376773767406141,0.8431506618282,-0.1999999999999993,-0.013896690244560259,0.1999999999999993,0.7833333333333314,3.3883846879672315,0,1.0,0.0,0.0,True,train
2025-02-03 15:00:00+00:00,42410099999,2025-02-02 06:00:00+00:00,33,17.0,23.0,18.0,17.2,1.375,-0.7933533402912357,0.6087614290087199,0.5376773767406141,0.8431506618282,-0.1999999999999993,-0.012785572241341468,0.8000000000000007,1.3833333333333329,3.3883846879672315,0,1.0,0.0,0.0,True,train
2025-02-03 16:00:00+00:00,42410099999,2025-02-02 06:00:00+00:00,34,17.0,23.0,18.0,16.9,1.4166666666666667,-0.6087614290087209,0.7933533402912349,0.5376773767406141,0.8431506618282,-0.1999999999999993,-0.011763294328485935,1.1000000000000014,1.6833333333333336,3.3883846879672315,0,1.0,0.0,0.0,True,train
2025-02-03 17:00:00+00:00,42410099999,2025-02-02 06:00:00+00:00,35,16.0,23.0,16.0,16.7,1.4583333333333333,-0.38268343236508956,0.9238795325112868,0.5376773767406141,0.8431506618282,-0.1999999999999993,-0.010822753244564283,-0.6999999999999993,1.8833333333333329,3.3883846879672315,0,1.0,0.0,0.0,True,train
2025-02-03 18:00:00+00:00,42410099999,2025-02-02 06:00:00+00:00,36,16.0,23.0,17.0,16.3,1.5,-0.13052619222005168,0.9914448613738104,0.5376773767406141,0.8431506618282,-0.1999999999999993,-0.009957413673572753,0.6999999999999993,2.2833333333333314,3.3883846879672315,0,1.0,0.0,0.0,True,train
2025-02-03 19:00:00+00:00,42410099999,2025-02-02 06:00:00+00:00,37,16.0,23.0,16.0,15.9,1.5416666666666667,0.13052619222005157,0.9914448613738104,0.5521013427459208,0.8337770129585915,-0.1999999999999993,-0.009161262834524262,0.09999999999999964,2.683333333333332,3.3883846879672315,0,1.0,0.0,0.0,True,train
2025-02-03 20:00:00+00:00,42410099999,2025-02-02 06:00:00+00:00,38,15.0,23.0,15.0,15.0,1.5833333333333333,0.3826834323650898,0.9238795325112867,0.5521013427459208,0.8337770129585915,-0.1999999999999993,-0.00842876870185525,0.0,3.583333333333332,3.3883846879672315,0,1.0,0.0,0.0,True,train
2025-02-03 21:00:00+00:00,42410099999,2025-02-02 06:00:00+00:00,39,15.0,23.0,15.0,14.6,1.625,0.6087614290087207,0.7933533402912352,0.5521013427459208,0.8337770129585915,-0.1999999999999993,-0.007754841566344374,0.40000000000000036,3.9833333333333325,3.3883846879672315,0,1.0,0.0,0.0,True,train
2025-02-03 22:00:00+00:00,42410099999,2025-02-02 06:00:00+00:00,40,14.0,23.0,14.0,14.3,1.6666666666666667,0.7933533402912352,0.6087614290087207,0.5521013427459208,0.8337770129585915,-0.1999999999999993,-0.007134798669450454,-0.3000000000000007,4.283333333333331,3.3883846879672315,0,1.0,0.0,0.0,True,train
2025-02-03 23:00:00+00:00,42410099999,2025-02-02 06:00:00+00:00,41,14.0,23.0,14.0,13.8,1.7083333333333333,0.9238795325112867,0.38268343236508984,0.5521013427459208,0.8337770129585915,-0.1999999999999993,-0.0065643316653326185,0.1999999999999993,4.783333333333331,3.3883846879672315,0,1.0,0.0,0.0,True,train
2025-02-04 00:00:00+00:00,42410099999,2025-02-02 06:00:00+00:00,42,14.0,23.0,14.0,13.3,1.75,0.9914448613738104,0.1305261922200517,0.5521013427459208,0.8337770129585915,-0.1999999999999993,-0.006039476684463679,0.6999999999999993,5.283333333333331,3.3883846879672315,0,1.0,0.0,0.0,True,train
2025-02-04 01:00:00+00:00,42410099999,2025-02-02 06:00:00+00:00,43,14.0,23.0,13.0,13.4,1.7916666666666667,0.9914448613738104,-0.1305261922200516,0.5521013427459208,0.8337770129585915,-0.1999999999999993,-0.005556586790824831,-0.40000000000000036,5.183333333333332,3.3883846879672315,0,1.0,0.0,0.0,True,train
2025-02-04 02:00:00+00:00,42410099999,2025-02-02 06:00:00+00:00,44,15.0,23.0,15.0,15.9,1.8333333333333333,0.9238795325112868,-0.3826834323650895,0.5521013427459208,0.8337770129585915,-0.1999999999999993,-0.005112306641301462,-0.9000000000000004,2.683333333333332,3.3883846879672315,0,1.0,0.0,0.0,True,train
2025-02-04 03:00:00+00:00,42410099999,2025-02-02 06:00:00+00:00,45,18.0,23.0,17.0,19.0,1.875,0.7933533402912352,-0.6087614290087207,0.5521013427459208,0.8337770129585915,-0.1999999999999993,-0.004703549171201805,-2.0,-0.41666666666666785,3.3883846879672315,0,1.0,0.0,0.0,True,train
2025-02-04 04:00:00+00:00,42410099999,2025-02-02 06:00:00+00:00,46,20.0,23.0,19.0,21.1,1.9166666666666667,0.6087614290087209,-0.793353340291235,0.5521013427459208,0.8337770129585915,-0.1999999999999993,-0.004327474143898603,-2.1000000000000014,-2.5166666666666693,3.3883846879672315,0,1.0,0.0,0.0,True,train
2025-02-04 05:00:00+00:00,42410099999,2025-02-02 06:00:00+00:00,47,22.0,23.0,22.0,22.9,1.9583333333333333,0.3826834323650899,-0.9238795325112867,0.5521013427459208,0.8337770129585915,-0.1999999999999993,-0.003981468415546723,-0.8999999999999986,-4.316666666666666,3.3883846879672315,0,1.0,0.0,0.0,True,train
2025-02-04 06:00:00+00:00,42410099999,2025-02-02 06:00:00+00:00,48,24.0,23.0,23.0,24.3,2.0,0.130526192220052,-0.9914448613738104,0.5521013427459208,0.8337770129585915,-0.1999999999999993,-0.0036631277777468226,-1.3000000000000007,-5.716666666666669,3.3883846879672315,0,1.0,0.0,0.0,True,train
2025-02-02 07:00:00+00:00,43279099999,2025-02-02 06:00:00+00:00,1,31.0,30.0,31.0,31.8,0.041666666666666664,-0.13052619222005177,-0.9914448613738104,0.5230943033491326,0.8522748088519838,-1.1000000000000014,-1.012048856092257,-0.8000000000000007,-5.073809523809526,2.287914367758333,0,0.0,0.0,1.0,True,train
2025-02-02 08:00:00+00:00,43279099999,2025-02-02 06:00:00+00:00,2,30.0,30.0,30.0,31.5,0.08333333333333333,-0.38268343236508967,-0.9238795325112868,0.5230943033491326,0.8522748088519838,-1.1000000000000014,-0.9311298973796768,-1.5,-4.7738095238095255,2.287914367758333,0,0.0,0.0,1.0,True,train
2025-02-02 09:00:00+00:00,43279099999,2025-02-02 06:00:00+00:00,3,30.0,30.0,30.0,30.4,0.125,-0.6087614290087207,-0.7933533402912352,0.5230943033491326,0.8522748088519838,-1.1000000000000014,-0.8566808613785465,-0.3999999999999986,-3.673809523809524,2.287914367758333,0,0.0,0.0,1.0,True,train
2025-02-02 10:00:00+00:00,43279099999,2025-02-02 06:00:00+00:00,4,29.0,30.0,30.0,29.6,0.16666666666666666,-0.7933533402912349,-0.6087614290087209,0.5230943033491326,0.8522748088519838,-1.1000000000000014,-0.7881844416311692,0.3999999999999986,-2.873809523809527,2.287914367758333,0,0.0,0.0,1.0,True,train
2025-02-02 11:00:00+00:00,43279099999,2025-02-02 06:00:00+00:00,5,29.0,30.0,29.0,28.7,0.20833333333333334,-0.9238795325112868,-0.3826834323650895,0.5230943033491326,0.8522748088519838,-1.1000000000000014,-0.725164693220489,0.3000000000000007,-1.9738095238095248,2.287914367758333,0,0.0,0.0,1.0,True,train
2025-02-02 12:00:00+00:00,43279099999,2025-02-02 06:00:00+00:00,6,28.0,30.0,29.0,27.7,0.25,-0.9914448613738104,-0.13052619222005163,0.5230943033491326,0.8522748088519838,-1.1000000000000014,-0.6671837256838976,1.3000000000000007,-0.9738095238095248,2.287914367758333,0,0.0,0.0,1.0,True,train
2025-02-02 13:00:00+00:00,43279099999,2025-02-02 06:00:00+00:00,7,27.0,30.0,28.0,26.5,0.2916666666666667,-0.9914448613738105,0.13052619222005127,0.5230943033491326,0.8522748088519838,-1.1000000000000014,-0.6138386603470526,1.5,0.2261904761904745,2.287914367758333,0,0.0,0.0,1.0,True,train
2025-02-02 14:00:00+00:00,43279099999,2025-02-02 06:00:00+00:00,8,26.0,30.0,28.0,26.0,0.3333333333333333,-0.923879532511287,0.38268343236508917,0.5230943033491326,0.8522748088519838,-1.1000000000000014,-0.564758830935852,2.0,0.7261904761904745,2.287914367758333,0,0.0,0.0,1.0,True,train
2025-02-02 15:00:00+00:00,43279099999,2025-02-02 06:00:00+00:00,9,26.0,30.0,27.0,25.5,0.375,-0.7933533402912357,0.6087614290087199,0.5230943033491326,0.8522748088519838,-1.1000000000000014,-0.5196032080151168,1.5,1.2261904761904745,2.287914367758333,0,0.0,0.0,1.0,True,train
2025-02-02 16:00:00+00:00,43279099999,2025-02-02 06:00:00+00:00,10,25.0,30.0,27.0,25.1,0.4166666666666667,-0.6087614290087209,0.7933533402912349,0.5230943033491326,0.8522748088519838,-1.1000000000000014,-0.47805802935778663,1.8999999999999986,1.626190476190473,2.287914367758333,0,0.0,0.0,1.0,True,train
2025-02-02 17:00:00+00:00,43279099999,2025-02-02 06:00:00+00:00,11,25.0,30.0,27.0,24.5,0.4583333333333333,-0.38268343236508956,0.9238795325112868,0.5230943033491326,0.8522748088519838,-1.1000000000000014,-0.4398346197793327,2.5,2.2261904761904745,2.287914367758333,0,0.0,0.0,1.0,True,train
2025-02-02 18:00:00+00:00,43279099999,2025-02-02 06:00:00+00:00,12,24.0,30.0,27.0,23.6,0.5,-0.13052619222005168,0.9914448613738104,0.5230943033491326,0.8522748088519838,-1.1000000000000014,-0.4046673852885871,3.3999999999999986,3.126190476190473,2.287914367758333,0,0.0,0.0,1.0,True,train
2025-02-02 19:00:00+00:00,43279099999,2025-02-02 06:00:00+00:00,13,24.0,30.0,26.0,23.4,0.5416666666666666,0.13052619222005157,0.9914448613738104,0.5376773767406141,0.8431506618282,-1.1000000000000014,-0.3723119676174169,2.6000000000000014,3.326190476190476,2.287914367758333,0,0.0,0.0,1.0,True,train
2025-02-02 20:00:00+00:00,43279099999,2025-02-02 06:00:00+00:00,14,24.0,30.0,26.0,22.2,0.5833333333333334,0.3826834323650898,0.9238795325112867,0.5376773767406141,0.8431506618282,-1.1000000000000014,-0.3425435463060579,3.8000000000000007,4.526190476190475,2.287914367758333,0,0.0,0.0,1.0,True,train
2025-02-02 21:00:00+00:00,43279099999,2025-02-02 06:00:00+00:00,15,24.0,30.0,26.0,21.2,0.625,0.6087614290087207,0.7933533402912352,0.5376773767406141,0.8431506618282,-1.1000000000000014,-0.3151552765462095,4.800000000000001,5.526190476190475,2.287914367758333,0,0.0,0.0,1.0,True,train
2025-02-02 22:00:00+00:00,43279099999,2025-02-02 06:00:00+00:00,16,24.0,30.0,25.0,20.3,0.6666666666666666,0.7933533402912352,0.6087614290087207,0.5376773767406141,0.8431506618282,-1.1000000000000014,-0.2899568519272998,4.699999999999999,6.426190476190474,2.287914367758333,0,0.0,0.0,1.0,True,train
2025-02-02 23:00:00+00:00,43279099999,2025-02-02 06:00:00+00:00,17,23.0,30.0,25.0,20.0,0.7083333333333334,0.9238795325112867,0.38268343236508984,0.5376773767406141,0.8431506618282,-1.1000000000000014,-0.2667731820992139,5.0,6.7261904761904745,2.287914367758333,0,0.0,0.0,1.0,True,train
2025-02-03 00:00:00+00:00,43279099999,2025-02-02 06:00:00+00:00,18,23.0,30.0,24.0,19.6,0.75,0.9914448613738104,0.1305261922200517,0.5376773767406141,0.8431506618282,-1.1000000000000014,-0.24544317616327313,4.399999999999999,7.126190476190473,2.287914367758333,0,0.0,0.0,1.0,True,train
2025-02-03 01:00:00+00:00,43279099999,2025-02-02 06:00:00+00:00,19,23.0,30.0,25.0,19.3,0.7916666666666666,0.9914448613738104,-0.1305261922200516,0.5376773767406141,0.8431506618282,-1.1000000000000014,-0.22581862333790048,5.699999999999999,7.426190476190474,2.287914367758333,0,0.0,0.0,1.0,True,train
2025-02-03 02:00:00+00:00,43279099999,2025-02-02 06:00:00+00:00,20,23.0,30.0,25.0,19.7,0.8333333333333334,0.9238795325112868,-0.3826834323650895,0.5376773767406141,0.8431506618282,-1.1000000000000014,-0.2077631631213183,5.300000000000001,7.026190476190475,2.287914367758333,0,0.0,0.0,1.0,True,train
2025-02-03 03:00:00+00:00,43279099999,2025-02-02 06:00:00+00:00,21,25.0,30.0,26.0,22.2,0.875,0.7933533402912352,-0.6087614290087207,0.5376773767406141,0.8431506618282,-1.1000000000000014,-0.1911513377954899,3.8000000000000007,4.526190476190475,2.287914367758333,0,0.0,0.0,1.0,True,train
2025-02-03 04:00:00+00:00,43279099999,2025-02-02 06:00:00+00:00,22,27.0,30.0,27.0,26.0,0.9166666666666666,0.6087614290087209,-0.793353340291235,0.5376773767406141,0.8431506618282,-1.1000000000000014,-0.17586772068766351,1.0,0.7261904761904745,2.287914367758333,0,0.0,0.0,1.0,True,train
2025-02-03 05:00:00+00:00,43279099999,2025-02-02 06:00:00+00:00,23,28.0,30.0,29.0,27.9,0.9583333333333334,0.3826834323650899,-0.9238795325112867,0.5376773767406141,0.8431506618282,-1.1000000000000014,-0.1618061141322747,1.1000000000000014,-1.173809523809524,2.287914367758333,0,0.0,0.0,1.0,True,train
2025-02-03 06:00:00+00:00,43279099999,2025-02-02 06:00:00+00:00,24,30.0,30.0,30.0,29.5,1.0,0.130526192220052,-0.9914448613738104,0.5376773767406141,0.8431506618282,-1.1000000000000014,-0.14886881156027418,0.5,-2.7738095238095255,2.287914367758333,0,0.0,0.0,1.0,True,train
2025-02-03 07:00:00+00:00,43279099999,2025-02-02 06:00:00+00:00,25,31.0,30.0,31.0,30.6,1.0416666666666667,-0.13052619222005177,-0.9914448613738104,0.5376773767406141,0.8431506618282,-1.1000000000000014,-0.13696591858853543,0.3999999999999986,-3.873809523809527,2.287914367758333,0,0.0,0.0,1.0,True,train
2025-02-03 08:00:00+00:00,43279099999,2025-02-02 06:00:00+00:00,26,31.0,30.0,30.0,31.1,1.0833333333333333,-0.38268343236508967,-0.9238795325112868,0.5376773767406141,0.8431506618282,-1.1000000000000014,-0.12601472839195665,-1.1000000000000014,-4.373809523809527,2.287914367758333,0,0.0,0.0,1.0,True,train
2025-02-03 09:00:00+00:00,43279099999,2025-02-02 06:00:00+00:00,27,31.0,30.0,30.0,31.3,1.125,-0.6087614290087207,-0.7933533402912352,0.5376773767406141,0.8431506618282,-1.1000000000000014,-0.11593914701805091,-1.3000000000000007,-4.573809523809526,2.287914367758333,0,0.0,0.0,1.0,True,train
2025-02-03 10:00:00+00:00,43279099999,2025-02-02 06:00:00+00:00,28,31.0,30.0,30.0,30.9,1.1666666666666667,-0.7933533402912349,-0.6087614290087209,0.5376773767406141,0.8431506618282,-1.1000000000000014,-0.1066691646508457,-0.8999999999999986,-4.173809523809524,2.287914367758333,0,0.0,0.0,1.0,True,train
2025-02-03 11:00:00+00:00,43279099999,2025-02-02 06:00:00+00:00,29,29.0,30.0,29.0,29.5,1.2083333333333333,-0.9238795325112868,-0.3826834323650895,0.5376773767406141,0.8431506618282,-1.1000000000000014,-0.09814036915018624,-0.5,-2.7738095238095255,2.287914367758333,0,0.0,0.0,1.0,True,train
2025-02-03 12:00:00+00:00,43279099999,2025-02-02 06:00:00+00:00,30,28.0,30.0,29.0,27.5,1.25,-0.9914448613738104,-0.13052619222005163,0.5376773767406141,0.8431506618282,-1.1000000000000014,-0.0902934984862888,1.5,-0.7738095238095255,2.287914367758333,0,0.0,0.0,1.0,True,train
2025-02-03 13:00:00+00:00,43279099999,2025-02-02 06:00:00+00:00,31,27.0,30.0,28.0,25.6,1.2916666666666667,-0.9914448613738105,0.13052619222005127,0.5376773767406141,0.8431506618282,-1.1000000000000014,-0.08307402895965124,2.3999999999999986,1.126190476190473,2.287914367758333,0,0.0,0.0,1.0,True,train
2025-02-03 14:00:00+00:00,43279099999,2025-02-02 06:00:00+00:00,32,27.0,30.0,28.0,24.9,1.3333333333333333,-0.923879532511287,0.38268343236508917,0.5376773767406141,0.8431506618282,-1.1000000000000014,-0.07643179634508179,3.1000000000000014,1.826190476190476,2.287914367758333,0,0.0,0.0,1.0,True,train
2025-02-03 15:00:00+00:00,43279099999,2025-02-02 06:00:00+00:00,33,27.0,30.0,27.0,24.5,1.375,-0.7933533402912357,0.6087614290087199,0.5376773767406141,0.8431506618282,-1.1000000000000014,-0.07032064732737842,2.5,2.2261904761904745,2.287914367758333,0,0.0,0.0,1.0,True,train
2025-02-03 16:00:00+00:00,43279099999,2025-02-02 06:00:00+00:00,34,26.0,30.0,27.0,23.9,1.4166666666666667,-0.6087614290087209,0.7933533402912349,0.5376773767406141,0.8431506618282,-1.1000000000000014,-0.06469811880667295,3.1000000000000014,2.826190476190476,2.287914367758333,0,0.0,0.0,1.0,True,train
2025-02-03 17:00:00+00:00,43279099999,2025-02-02 06:00:00+00:00,35,25.0,30.0,27.0,23.3,1.4583333333333333,-0.38268343236508956,0.9238795325112868,0.5376773767406141,0.8431506618282,-1.1000000000000014,-0.059525142845103844,3.6999999999999993,3.426190476190474,2.287914367758333,0,0.0,0.0,1.0,True,train
2025-02-03 18:00:00+00:00,43279099999,2025-02-02 06:00:00+00:00,36,24.0,30.0,27.0,22.6,1.5,-0.13052619222005168,0.9914448613738104,0.5376773767406141,0.8431506618282,-1.1000000000000014,-0.05476577520465041,4.399999999999999,4.126190476190473,2.287914367758333,0,0.0,0.0,1.0,True,train
2025-02-03 19:00:00+00:00,43279099999,2025-02-02 06:00:00+00:00,37,24.0,30.0,26.0,22.0,1.5416666666666667,0.13052619222005157,0.9914448613738104,0.5521013427459208,0.8337770129585915,-1.1000000000000014,-0.050386945589883686,4.0,4.7261904761904745,2.287914367758333,0,0.0,0.0,1.0,True,train
2025-02-03 20:00:00+00:00,43279099999,2025-02-02 06:00:00+00:00,38,24.0,30.0,26.0,21.3,1.5833333333333333,0.3826834323650898,0.9238795325112867,0.5521013427459208,0.8337770129585915,-1.1000000000000014,-0.046358227860204104,4.699999999999999,5.426190476190474,2.287914367758333,0,0.0,0.0,1.0,True,train
2025-02-03 21:00:00+00:00,43279099999,2025-02-02 06:00:00+00:00,39,24.0,30.0,26.0,20.8,1.625,0.6087614290087207,0.7933533402912352,0.5521013427459208,0.8337770129585915,-1.1000000000000014,-0.042651628614894264,5.199999999999999,5.926190476190474,2.287914367758333,0,0.0,0.0,1.0,True,train
2025-02-03 22:00:00+00:00,43279099999,2025-02-02 06:00:00+00:00,40,23.0,30.0,25.0,19.9,1.6666666666666667,0.7933533402912352,0.6087614290087207,0.5521013427459208,0.8337770129585915,-1.1000000000000014,-0.03924139268197768,5.100000000000001,6.826190476190476,2.287914367758333,0,0.0,0.0,1.0,True,train
2025-02-03 23:00:00+00:00,43279099999,2025-02-02 06:00:00+00:00,41,23.0,30.0,25.0,19.4,1.7083333333333333,0.9238795325112867,0.38268343236508984,0.5521013427459208,0.8337770129585915,-1.1000000000000014,-0.03610382415932958,5.600000000000001,7.326190476190476,2.287914367758333,0,0.0,0.0,1.0,True,train
2025-02-04 00:00:00+00:00,43279099999,2025-02-02 06:00:00+00:00,42,23.0,30.0,24.0,19.0,1.75,0.9914448613738104,0.1305261922200517,0.5521013427459208,0.8337770129585915,-1.1000000000000014,-0.03321712176455039,5.0,7.7261904761904745,2.287914367758333,0,0.0,0.0,1.0,True,train
2025-02-04 01:00:00+00:00,43279099999,2025-02-02 06:00:00+00:00,43,23.0,30.0,25.0,19.0,1.7916666666666667,0.9914448613738104,-0.1305261922200516,0.5521013427459208,0.8337770129585915,-1.1000000000000014,-0.030561227349536715,6.0,7.7261904761904745,2.287914367758333,0,0.0,0.0,1.0,True,train
2025-02-04 02:00:00+00:00,43279099999,2025-02-02 06:00:00+00:00,44,23.0,30.0,25.0,19.7,1.8333333333333333,0.9238795325112868,-0.3826834323650895,0.5521013427459208,0.8337770129585915,-1.1000000000000014,-0.028117686527158178,5.300000000000001,7.026190476190475,2.287914367758333,0,0.0,0.0,1.0,True,train
2025-02-04 03:00:00+00:00,43279099999,2025-02-02 06:00:00+00:00,45,24.0,30.0,26.0,20.8,1.875,0.7933533402912352,-0.6087614290087207,0.5521013427459208,0.8337770129585915,-1.1000000000000014,-0.02586952044161005,5.199999999999999,5.926190476190474,2.287914367758333,0,0.0,0.0,1.0,True,train
2025-02-04 04:00:00+00:00,43279099999,2025-02-02 06:00:00+00:00,46,26.0,30.0,27.0,23.7,1.9166666666666667,0.6087614290087209,-0.793353340291235,0.5521013427459208,0.8337770129585915,-1.1000000000000014,-0.02380110779144243,3.3000000000000007,3.026190476190475,2.287914367758333,0,0.0,0.0,1.0,True,train
2025-02-04 05:00:00+00:00,43279099999,2025-02-02 06:00:00+00:00,47,29.0,30.0,29.0,27.8,1.9583333333333333,0.3826834323650899,-0.9238795325112867,0.5521013427459208,0.8337770129585915,-1.1000000000000014,-0.021898076285507082,1.1999999999999993,-1.0738095238095262,2.287914367758333,0,0.0,0.0,1.0,True,train
2025-02-04 06:00:00+00:00,43279099999,2025-02-02 06:00:00+00:00,48,31.0,30.0,30.0,30.3,2.0,0.130526192220052,-0.9914448613738104,0.5521013427459208,0.8337770129585915,-1.1000000000000014,-0.020147202777607624,-0.3000000000000007,-3.573809523809526,2.287914367758333,0,0.0,0.0,1.0,True,train
2025-02-04 07:00:00+00:00,42410099999,2025-02-04 06:00:00+00:00,1,25.0,24.0,24.0,25.6,0.041666666666666664,-0.13052619222005177,-0.9914448613738104,0.5521013427459208,0.8337770129585915,-0.6999999999999993,-0.6440310902405256,-1.6000000000000014,-6.867857142857144,3.3972559204622264,0,1.0,0.0,0.0,True,train
2025-02-04 08:00:00+00:00,42410099999,2025-02-04 06:00:00+00:00,2,25.0,24.0,24.0,26.1,0.08333333333333333,-0.38268343236508967,-0.9238795325112868,0.5521013427459208,0.8337770129585915,-0.6999999999999993,-0.5925372074234293,-2.1000000000000014,-7.367857142857144,3.3972559204622264,0,1.0,0.0,0.0,True,train
2025-02-04 09:00:00+00:00,42410099999,2025-02-04 06:00:00+00:00,3,26.0,24.0,25.0,26.3,0.125,-0.6087614290087207,-0.7933533402912352,0.5521013427459208,0.8337770129585915,-0.6999999999999993,-0.5451605481499828,-1.3000000000000007,-7.567857142857143,3.3972559204622264,0,1.0,0.0,0.0,True,train
2025-02-04 10:00:00+00:00,42410099999,2025-02-04 06:00:00+00:00,4,25.0,24.0,24.0,25.8,0.16666666666666666,-0.7933533402912349,-0.6087614290087209,0.5521013427459208,0.8337770129585915,-0.6999999999999993,-0.501571917401652,-1.8000000000000007,-7.067857142857143,3.3972559204622264,0,1.0,0.0,0.0,True,train
2025-02-04 11:00:00+00:00,42410099999,2025-02-04 06:00:00+00:00,5,25.0,24.0,23.0,23.6,0.20833333333333334,-0.9238795325112868,-0.3826834323650895,0.5521013427459208,0.8337770129585915,-0.6999999999999993,-0.46146844114031016,-0.6000000000000014,-4.867857142857144,3.3972559204622264,0,1.0,0.0,0.0,True,train
2025-02-04 12:00:00+00:00,42410099999,2025-02-04 06:00:00+00:00,6,22.0,24.0,21.0,21.9,0.25,-0.9914448613738104,-0.13052619222005163,0.5521013427459208,0.8337770129585915,-0.6999999999999993,-0.424571461798843,-0.8999999999999986,-3.167857142857141,3.3972559204622264,0,1.0,0.0,0.0,True,train
2025-02-04 13:00:00+00:00,42410099999,2025-02-04 06:00:00+00:00,7,21.0,24.0,20.0,21.2,0.2916666666666667,-0.9914448613738105,0.13052619222005127,0.5521013427459208,0.8337770129585915,-0.6999999999999993,-0.39062460203903254,-1.1999999999999993,-2.4678571428571416,3.3972559204622264,0,1.0,0.0,0.0,True,train
2025-02-04 14:00:00+00:00,42410099999,2025-02-04 06:00:00+00:00,8,20.0,24.0,18.0,20.5,0.3333333333333333,-0.923879532511287,0.38268343236508917,0.5521013427459208,0.8337770129585915,-0.6999999999999993,-0.359391983322814,-2.5,-1.7678571428571423,3.3972559204622264,0,1.0,0.0,0.0,True,train
2025-02-04 15:00:00+00:00,42410099999,2025-02-04 06:00:00+00:00,9,20.0,24.0,17.0,19.4,0.375,-0.7933533402912357,0.6087614290087199,0.5521013427459208,0.8337770129585915,-0.6999999999999993,-0.33065658691870997,-2.3999999999999986,-0.6678571428571409,3.3972559204622264,0,1.0,0.0,0.0,True,train
2025-02-04 16:00:00+00:00,42410099999,2025-02-04 06:00:00+00:00,10,18.0,24.0,17.0,18.7,0.4166666666666667,-0.6087614290087209,0.7933533402912349,0.5521013427459208,0.8337770129585915,-0.6999999999999993,-0.3042187459549544,-1.6999999999999993,0.03214285714285836,3.3972559204622264,0,1.0,0.0,0.0,True,train
2025-02-04 17:00:00+00:00,42410099999,2025-02-04 06:00:00+00:00,11,18.0,24.0,16.0,18.1,0.4583333333333333,-0.38268343236508956,0.9238795325112868,0.5521013427459208,0.8337770129585915,-0.6999999999999993,-0.27989475804139285,-2.1000000000000014,0.6321428571428562,3.3972559204622264,0,1.0,0.0,0.0,True,train
2025-02-04 18:00:00+00:00,42410099999,2025-02-04 06:00:00+00:00,12,18.0,24.0,16.0,17.3,0.5,-0.13052619222005168,0.9914448613738104,0.5521013427459208,0.8337770129585915,-0.6999999999999993,-0.25751560882000935,-1.3000000000000007,1.432142857142857,3.3972559204622264,0,1.0,0.0,0.0,True,train
2025-02-04 19:00:00+00:00,42410099999,2025-02-04 06:00:00+00:00,13,17.0,24.0,16.0,17.1,0.5416666666666666,0.13052619222005157,0.9914448613738104,0.5663619330814524,0.8241566360566663,-0.6999999999999993,-0.23692579757471932,-1.1000000000000014,1.6321428571428562,3.3972559204622264,0,1.0,0.0,0.0,True,train
2025-02-04 20:00:00+00:00,42410099999,2025-02-04 06:00:00+00:00,14,17.0,24.0,15.0,16.7,0.5833333333333334,0.3826834323650898,0.9238795325112867,0.5663619330814524,0.8241566360566663,-0.6999999999999993,-0.21798225674021815,-1.6999999999999993,2.0321428571428584,3.3972559204622264,0,1.0,0.0,0.0,True,train
2025-02-04 21:00:00+00:00,42410099999,2025-02-04 06:00:00+00:00,15,17.0,24.0,15.0,16.6,0.625,0.6087614290087207,0.7933533402912352,0.5663619330814524,0.8241566360566663,-0.6999999999999993,-0.20055335780213285,-1.6000000000000014,2.1321428571428562,3.3972559204622264,0,1.0,0.0,0.0,True,train
2025-02-04 22:00:00+00:00,42410099999,2025-02-04 06:00:00+00:00,16,,24.0,14.0,16.3,0.6666666666666666,0.7933533402912352,0.6087614290087207,0.5663619330814524,0.8241566360566663,-0.6999999999999993,-0.18451799668100854,-2.3000000000000007,2.432142857142857,3.3972559204622264,0,1.0,0.0,0.0,False,train
2025-02-04 23:00:00+00:00,42410099999,2025-02-04 06:00:00+00:00,17,17.0,24.0,14.0,16.0,0.7083333333333334,0.9238795325112867,0.38268343236508984,0.5663619330814524,0.8241566360566663,-0.6999999999999993,-0.1697647522449539,-2.0,2.7321428571428577,3.3972559204622264,0,1.0,0.0,0.0,True,train
2025-02-05 00:00:00+00:00,42410099999,2025-02-04 06:00:00+00:00,18,16.0,24.0,14.0,15.8,0.75,0.9914448613738104,0.1305261922200517,0.5663619330814524,0.8241566360566663,-0.6999999999999993,-0.15619111210390071,-1.8000000000000007,2.932142857142857,3.3972559204622264,0,1.0,0.0,0.0,True,train
2025-02-05 01:00:00+00:00,42410099999,2025-02-04 06:00:00+00:00,19,16.0,24.0,14.0,16.1,0.7916666666666666,0.9914448613738104,-0.1305261922200516,0.5663619330814524,0.8241566360566663,-0.6999999999999993,-0.14370276030593634,-2.1000000000000014,2.6321428571428562,3.3972559204622264,0,1.0,0.0,0.0,True,train
2025-02-05 02:00:00+00:00,42410099999,2025-02-04 06:00:00+00:00,20,17.0,24.0,15.0,18.5,0.8333333333333334,0.9238795325112868,-0.3826834323650895,0.5663619330814524,0.8241566360566663,-0.6999999999999993,-0.13221292198629314,-3.5,0.23214285714285765,3.3972559204622264,0,1.0,0.0,0.0,True,train
2025-02-05 03:00:00+00:00,42410099999,2025-02-04 06:00:00+00:00,21,19.0,24.0,18.0,20.4,0.875,0.7933533402912352,-0.6087614290087207,0.5663619330814524,0.8241566360566663,-0.6999999999999993,-0.12164176041531148,-2.3999999999999986,-1.667857142857141,3.3972559204622264,0,1.0,0.0,0.0,True,train
2025-02-05 04:00:00+00:00,42410099999,2025-02-04 06:00:00+00:00,22,22.0,24.0,20.0,22.2,0.9166666666666666,0.6087614290087209,-0.793353340291235,0.5663619330814524,0.8241566360566663,-0.6999999999999993,-0.11191582225578563,-2.1999999999999993,-3.4678571428571416,3.3972559204622264,0,1.0,0.0,0.0,True,train
2025-02-05 05:00:00+00:00,42410099999,2025-02-04 06:00:00+00:00,23,23.0,24.0,22.0,23.8,0.9583333333333334,0.3826834323650899,-0.9238795325112867,0.5663619330814524,0.8241566360566663,-0.6999999999999993,-0.10296752717508366,-1.8000000000000007,-5.067857142857143,3.3972559204622264,0,1.0,0.0,0.0,True,train
2025-02-05 06:00:00+00:00,42410099999,2025-02-04 06:00:00+00:00,24,24.0,24.0,24.0,25.0,1.0,0.130526192220052,-0.9914448613738104,0.5663619330814524,0.8241566360566663,-0.6999999999999993,-0.09473469826562879,-1.0,-6.267857142857142,3.3972559204622264,0,1.0,0.0,0.0,True,train
2025-02-05 07:00:00+00:00,42410099999,2025-02-04 06:00:00+00:00,25,25.0,24.0,24.0,25.8,1.0416666666666667,-0.13052619222005177,-0.9914448613738104,0.5663619330814524,0.8241566360566663,-0.6999999999999993,-0.08716013001088599,-1.8000000000000007,-7.067857142857143,3.3972559204622264,0,1.0,0.0,0.0,True,train
2025-02-05 08:00:00+00:00,42410099999,2025-02-04 06:00:00+00:00,26,25.0,24.0,24.0,26.1,1.0833333333333333,-0.38268343236508967,-0.9238795325112868,0.5663619330814524,0.8241566360566663,-0.6999999999999993,-0.08019119079488134,-2.1000000000000014,-7.367857142857144,3.3972559204622264,0,1.0,0.0,0.0,True,train
2025-02-05 09:00:00+00:00,42410099999,2025-02-04 06:00:00+00:00,27,25.0,24.0,25.0,26.1,1.125,-0.6087614290087207,-0.7933533402912352,0.5663619330814524,0.8241566360566663,-0.6999999999999993,-0.07377945719330496,-1.1000000000000014,-7.367857142857144,3.3972559204622264,0,1.0,0.0,0.0,True,train
2025-02-05 10:00:00+00:00,42410099999,2025-02-04 06:00:00+00:00,28,25.0,24.0,24.0,25.5,1.1666666666666667,-0.7933533402912349,-0.6087614290087209,0.5663619330814524,0.8241566360566663,-0.6999999999999993,-0.06788037750508347,-1.5,-6.767857142857142,3.3972559204622264,0,1.0,0.0,0.0,True,train
2025-02-05 11:00:00+00:00,42410099999,2025-02-04 06:00:00+00:00,29,25.0,24.0,23.0,23.7,1.2083333333333333,-0.9238795325112868,-0.3826834323650895,0.5663619330814524,0.8241566360566663,-0.6999999999999993,-0.06245296218648201,-0.6999999999999993,-4.967857142857142,3.3972559204622264,0,1.0,0.0,0.0,True,train
2025-02-05 12:00:00+00:00,42410099999,2025-02-04 06:00:00+00:00,30,22.0,24.0,21.0,21.8,1.25,-0.9914448613738104,-0.13052619222005163,0.5663619330814524,0.8241566360566663,-0.6999999999999993,-0.0574594990367291,-0.8000000000000007,-3.067857142857143,3.3972559204622264,0,1.0,0.0,0.0,True,train
2025-02-05 13:00:00+00:00,42410099999,2025-02-04 06:00:00+00:00,31,21.0,24.0,20.0,21.6,1.2916666666666667,-0.9914448613738105,0.13052619222005127,0.5663619330814524,0.8241566360566663,-0.6999999999999993,-0.05286529115614158,-1.6000000000000014,-2.8678571428571438,3.3972559204622264,0,1.0,0.0,0.0,True,train
2025-02-05 14:00:00+00:00,42410099999,2025-02-04 06:00:00+00:00,32,20.0,24.0,18.0,22.0,1.3333333333333333,-0.923879532511287,0.38268343236508917,0.5663619330814524,0.8241566360566663,-0.6999999999999993,-0.04863841585596103,-4.0,-3.2678571428571423,3.3972559204622264,0,1.0,0.0,0.0,True,train
2025-02-05 15:00:00+00:00,42410099999,2025-02-04 06:00:00+00:00,33,19.0,24.0,17.0,20.3,1.375,-0.7933533402912357,0.6087614290087199,0.5663619330814524,0.8241566360566663,-0.6999999999999993,-0.044749502844695255,-3.3000000000000007,-1.567857142857143,3.3972559204622264,0,1.0,0.0,0.0,True,train
2025-02-05 16:00:00+00:00,42410099999,2025-02-04 06:00:00+00:00,34,19.0,24.0,17.0,19.2,1.4166666666666667,-0.6087614290087209,0.7933533402912349,0.5663619330814524,0.8241566360566663,-0.6999999999999993,-0.041171530149700875,-2.1999999999999993,-0.46785714285714164,3.3972559204622264,0,1.0,0.0,0.0,True,train
2025-02-05 17:00:00+00:00,42410099999,2025-02-04 06:00:00+00:00,35,18.0,24.0,16.0,18.9,1.4583333333333333,-0.38268343236508956,0.9238795325112868,0.5663619330814524,0.8241566360566663,-0.6999999999999993,-0.03787963635597509,-2.8999999999999986,-0.16785714285714093,3.3972559204622264,0,1.0,0.0,0.0,True,train
2025-02-05 18:00:00+00:00,42410099999,2025-02-04 06:00:00+00:00,36,18.0,24.0,16.0,18.3,1.5,-0.13052619222005168,0.9914448613738104,0.5663619330814524,0.8241566360566663,-0.6999999999999993,-0.03485094785750473,-2.3000000000000007,0.43214285714285694,3.3972559204622264,0,1.0,0.0,0.0,True,train
2025-02-05 19:00:00+00:00,42410099999,2025-02-04 06:00:00+00:00,37,17.0,24.0,16.0,18.0,1.5416666666666667,0.13052619222005157,0.9914448613738104,0.580454927809098,0.8142923779467267,-0.6999999999999993,-0.032064419920835,-2.0,0.7321428571428577,3.3972559204622264,0,1.0,0.0,0.0,True,train
2025-02-05 20:00:00+00:00,42410099999,2025-02-04 06:00:00+00:00,38,17.0,24.0,15.0,17.7,1.5833333333333333,0.3826834323650898,0.9238795325112867,0.580454927809098,0.8142923779467267,-0.6999999999999993,-0.029500690456493454,-2.6999999999999993,1.0321428571428584,3.3972559204622264,0,1.0,0.0,0.0,True,train
2025-02-05 21:00:00+00:00,42410099999,2025-02-04 06:00:00+00:00,39,17.0,24.0,15.0,17.5,1.625,0.6087614290087207,0.7933533402912352,0.580454927809098,0.8142923779467267,-0.6999999999999993,-0.027141945482205377,-2.5,1.2321428571428577,3.3972559204622264,0,1.0,0.0,0.0,True,train
2025-02-05 22:00:00+00:00,42410099999,2025-02-04 06:00:00+00:00,40,16.0,24.0,14.0,17.5,1.6666666666666667,0.7933533402912352,0.6087614290087207,0.580454927809098,0.8142923779467267,-0.6999999999999993,-0.024971795343076652,-3.5,1.2321428571428577,3.3972559204622264,0,1.0,0.0,0.0,True,train
2025-02-05 23:00:00+00:00,42410099999,2025-02-04 06:00:00+00:00,41,16.0,24.0,14.0,17.1,1.7083333333333333,0.9238795325112867,0.38268343236508984,0.580454927809098,0.8142923779467267,-0.6999999999999993,-0.022975160828664222,-3.1000000000000014,1.6321428571428562,3.3972559204622264,0,1.0,0.0,0.0,True,train
2025-02-06 00:00:00+00:00,42410099999,2025-02-04 06:00:00+00:00,42,16.0,24.0,14.0,16.7,1.75,0.9914448613738104,0.1305261922200517,0.580454927809098,0.8142923779467267,-0.6999999999999993,-0.02113816839562293,-2.6999999999999993,2.0321428571428584,3.3972559204622264,0,1.0,0.0,0.0,True,train
2025-02-06 01:00:00+00:00,42410099999,2025-02-04 06:00:00+00:00,43,16.0,24.0,14.0,16.6,1.7916666666666667,0.9914448613738104,-0.1305261922200516,0.580454927809098,0.8142923779467267,-0.6999999999999993,-0.019448053767886955,-2.6000000000000014,2.1321428571428562,3.3972559204622264,0,1.0,0.0,0.0,True,train
2025-02-06 02:00:00+00:00,42410099999,2025-02-04 06:00:00+00:00,44,18.0,24.0,15.0,18.6,1.8333333333333333,0.9238795325112868,-0.3826834323650895,0.580454927809098,0.8142923779467267,-0.6999999999999993,-0.017893073244555163,-3.6000000000000014,0.13214285714285623,3.3972559204622264,0,1.0,0.0,0.0,True,train
2025-02-06 03:00:00+00:00,42410099999,2025-02-04 06:00:00+00:00,45,19.0,24.0,18.0,21.1,1.875,0.7933533402912352,-0.6087614290087207,0.580454927809098,0.8142923779467267,-0.6999999999999993,-0.01646242209920636,-3.1000000000000014,-2.3678571428571438,3.3972559204622264,0,1.0,0.0,0.0,True,train
2025-02-06 04:00:00+00:00,42410099999,2025-02-04 06:00:00+00:00,46,21.0,24.0,20.0,22.6,1.9166666666666667,0.6087614290087209,-0.793353340291235,0.580454927809098,0.8142923779467267,-0.6999999999999993,-0.015146159503645147,-2.6000000000000014,-3.8678571428571438,3.3972559204622264,0,1.0,0.0,0.0,True,train
2025-02-06 05:00:00+00:00,42410099999,2025-02-04 06:00:00+00:00,47,23.0,24.0,22.0,23.6,1.9583333333333333,0.3826834323650899,-0.9238795325112867,0.580454927809098,0.8142923779467267,-0.6999999999999993,-0.013935139454413565,-1.6000000000000014,-4.867857142857144,3.3972559204622264,0,1.0,0.0,0.0,True,train
2025-02-06 06:00:00+00:00,42410099999,2025-02-04 06:00:00+00:00,48,24.0,24.0,24.0,24.5,2.0,0.130526192220052,-0.9914448613738104,0.580454927809098,0.8142923779467267,-0.6999999999999993,-0.012820947222113912,-0.5,-5.767857142857142,3.3972559204622264,0,1.0,0.0,0.0,True,train
2025-02-04 07:00:00+00:00,43279099999,2025-02-04 06:00:00+00:00,1,32.0,31.0,31.0,32.8,0.041666666666666664,-0.13052619222005177,-0.9914448613738104,0.5521013427459208,0.8337770129585915,-0.3999999999999986,-0.368017765851728,-1.7999999999999972,-5.93690476190476,2.367753594901252,0,0.0,0.0,1.0,True,train
2025-02-04 08:00:00+00:00,43279099999,2025-02-04 06:00:00+00:00,2,32.0,31.0,31.0,32.9,0.08333333333333333,-0.38268343236508967,-0.9238795325112868,0.5521013427459208,0.8337770129585915,-0.3999999999999986,-0.3385926899562445,-1.8999999999999986,-6.036904761904761,2.367753594901252,0,0.0,0.0,1.0,True,train
2025-02-04 09:00:00+00:00,43279099999,2025-02-04 06:00:00+00:00,3,32.0,31.0,31.0,32.7,0.125,-0.6087614290087207,-0.7933533402912352,0.5521013427459208,0.8337770129585915,-0.3999999999999986,-0.31152031322856083,-1.7000000000000028,-5.836904761904766,2.367753594901252,0,0.0,0.0,1.0,True,train
2025-02-04 10:00:00+00:00,43279099999,2025-02-04 06:00:00+00:00,4,32.0,31.0,31.0,32.0,0.16666666666666666,-0.7933533402912349,-0.6087614290087209,0.5521013427459208,0.8337770129585915,-0.3999999999999986,-0.28661252422951466,-1.0,-5.136904761904763,2.367753594901252,0,0.0,0.0,1.0,True,train
2025-02-04 11:00:00+00:00,43279099999,2025-02-04 06:00:00+00:00,5,31.0,31.0,29.0,30.8,0.20833333333333334,-0.9238795325112868,-0.3826834323650895,0.5521013427459208,0.8337770129585915,-0.3999999999999986,-0.26369625208017655,-1.8000000000000007,-3.9369047619047635,2.367753594901252,0,0.0,0.0,1.0,True,train
2025-02-04 12:00:00+00:00,43279099999,2025-02-04 06:00:00+00:00,6,29.0,31.0,28.0,28.9,0.25,-0.9914448613738104,-0.13052619222005163,0.5521013427459208,0.8337770129585915,-0.3999999999999986,-0.2426122638850525,-0.8999999999999986,-2.0369047619047613,2.367753594901252,0,0.0,0.0,1.0,True,train
2025-02-04 13:00:00+00:00,43279099999,2025-02-04 06:00:00+00:00,7,28.0,31.0,27.0,27.0,0.2916666666666667,-0.9914448613738105,0.13052619222005127,0.5521013427459208,0.8337770129585915,-0.3999999999999986,-0.22321405830801805,0.0,-0.13690476190476275,2.367753594901252,0,0.0,0.0,1.0,True,train
2025-02-04 14:00:00+00:00,43279099999,2025-02-04 06:00:00+00:00,8,27.0,31.0,27.0,26.2,0.3333333333333333,-0.923879532511287,0.38268343236508917,0.5521013427459208,0.8337770129585915,-0.3999999999999986,-0.20536684761303609,0.8000000000000007,0.663095238095238,2.367753594901252,0,0.0,0.0,1.0,True,train
2025-02-04 15:00:00+00:00,43279099999,2025-02-04 06:00:00+00:00,9,27.0,31.0,27.0,25.6,0.375,-0.7933533402912357,0.6087614290087199,0.5521013427459208,0.8337770129585915,-0.3999999999999986,-0.1889466210964052,1.3999999999999986,1.2630952380952358,2.367753594901252,0,0.0,0.0,1.0,True,train
2025-02-04 16:00:00+00:00,43279099999,2025-02-04 06:00:00+00:00,10,26.0,31.0,26.0,25.0,0.4166666666666667,-0.6087614290087209,0.7933533402912349,0.5521013427459208,0.8337770129585915,-0.3999999999999986,-0.17383928340283067,1.0,1.8630952380952372,2.367753594901252,0,0.0,0.0,1.0,True,train
2025-02-04 17:00:00+00:00,43279099999,2025-02-04 06:00:00+00:00,11,26.0,31.0,25.0,24.4,0.4583333333333333,-0.38268343236508956,0.9238795325112868,0.5521013427459208,0.8337770129585915,-0.3999999999999986,-0.1599398617379384,0.6000000000000014,2.4630952380952387,2.367753594901252,0,0.0,0.0,1.0,True,train
2025-02-04 18:00:00+00:00,43279099999,2025-02-04 06:00:00+00:00,12,26.0,31.0,24.0,23.9,0.5,-0.13052619222005168,0.9914448613738104,0.5521013427459208,0.8337770129585915,-0.3999999999999986,-0.1471517764685764,0.10000000000000142,2.9630952380952387,2.367753594901252,0,0.0,0.0,1.0,True,train
2025-02-04 19:00:00+00:00,43279099999,2025-02-04 06:00:00+00:00,13,25.0,31.0,24.0,23.7,0.5416666666666666,0.13052619222005157,0.9914448613738104,0.5663619330814524,0.8241566360566663,-0.3999999999999986,-0.1353861700426964,0.3000000000000007,3.163095238095238,2.367753594901252,0,0.0,0.0,1.0,True,train
2025-02-04 20:00:00+00:00,43279099999,2025-02-04 06:00:00+00:00,14,25.0,31.0,24.0,23.1,0.5833333333333334,0.3826834323650898,0.9238795325112867,0.5663619330814524,0.8241566360566663,-0.3999999999999986,-0.12456128956583863,0.8999999999999986,3.763095238095236,2.367753594901252,0,0.0,0.0,1.0,True,train
2025-02-04 21:00:00+00:00,43279099999,2025-02-04 06:00:00+00:00,15,25.0,31.0,24.0,22.4,0.625,0.6087614290087207,0.7933533402912352,0.5663619330814524,0.8241566360566663,-0.3999999999999986,-0.11460191874407563,1.6000000000000014,4.463095238095239,2.367753594901252,0,0.0,0.0,1.0,True,train
2025-02-04 22:00:00+00:00,43279099999,2025-02-04 06:00:00+00:00,16,24.0,31.0,23.0,21.8,0.6666666666666666,0.7933533402912352,0.6087614290087207,0.5663619330814524,0.8241566360566663,-0.3999999999999986,-0.10543885524629033,1.1999999999999993,5.0630952380952365,2.367753594901252,0,0.0,0.0,1.0,True,train
2025-02-04 23:00:00+00:00,43279099999,2025-02-04 06:00:00+00:00,17,24.0,31.0,23.0,21.3,0.7083333333333334,0.9238795325112867,0.38268343236508984,0.5663619330814524,0.8241566360566663,-0.3999999999999986,-0.09700842985425913,1.6999999999999993,5.5630952380952365,2.367753594901252,0,0.0,0.0,1.0,True,train
2025-02-05 00:00:00+00:00,43279099999,2025-02-04 06:00:00+00:00,18,24.0,31.0,23.0,21.2,0.75,0.9914448613738104,0.1305261922200517,0.5663619330814524,0.8241566360566663,-0.3999999999999986,-0.08925206405937161,1.8000000000000007,5.663095238095238,2.367753594901252,0,0.0,0.0,1.0,True,train
2025-02-05 01:00:00+00:00,43279099999,2025-02-04 06:00:00+00:00,19,24.0,31.0,23.0,20.4,0.7916666666666666,0.9914448613738104,-0.1305261922200516,0.5663619330814524,0.8241566360566663,-0.3999999999999986,-0.08211586303196342,2.6000000000000014,6.463095238095239,2.367753594901252,0,0.0,0.0,1.0,True,train
2025-02-05 02:00:00+00:00,43279099999,2025-02-04 06:00:00+00:00,20,23.0,31.0,23.0,20.7,0.8333333333333334,0.9238795325112868,-0.3826834323650895,0.5663619330814524,0.8241566360566663,-0.3999999999999986,-0.07555024113502447,2.3000000000000007,6.163095238095238,2.367753594901252,0,0.0,0.0,1.0,True,train
2025-02-05 03:00:00+00:00,43279099999,2025-02-04 06:00:00+00:00,21,25.0,31.0,24.0,22.3,0.875,0.7933533402912352,-0.6087614290087207,0.5663619330814524,0.8241566360566663,-0.3999999999999986,-0.06950957738017781,1.6999999999999993,4.5630952380952365,2.367753594901252,0,0.0,0.0,1.0,True,train
2025-02-05 04:00:00+00:00,43279099999,2025-02-04 06:00:00+00:00,22,27.0,31.0,26.0,26.0,0.9166666666666666,0.6087614290087209,-0.793353340291235,0.5663619330814524,0.8241566360566663,-0.3999999999999986,-0.06395189843187733,0.0,0.8630952380952372,2.367753594901252,0,0.0,0.0,1.0,True,train
2025-02-05 05:00:00+00:00,43279099999,2025-02-04 06:00:00+00:00,23,29.0,31.0,29.0,28.9,0.9583333333333334,0.3826834323650899,-0.9238795325112867,0.5663619330814524,0.8241566360566663,-0.3999999999999986,-0.05883858695719051,0.10000000000000142,-2.0369047619047613,2.367753594901252,0,0.0,0.0,1.0,True,train
2025-02-05 06:00:00+00:00,43279099999,2025-02-04 06:00:00+00:00,24,31.0,31.0,31.0,30.6,1.0,0.130526192220052,-0.9914448613738104,0.5663619330814524,0.8241566360566663,-0.3999999999999986,-0.05413411329464489,0.3999999999999986,-3.736904761904764,2.367753594901252,0,0.0,0.0,1.0,True,train
2025-02-05 07:00:00+00:00,43279099999,2025-02-04 06:00:00+00:00,25,32.0,31.0,31.0,31.8,1.0416666666666667,-0.13052619222005177,-0.9914448613738104,0.5663619330814524,0.8241566360566663,-0.3999999999999986,-0.04980578857764901,-0.8000000000000007,-4.9369047619047635,2.367753594901252,0,0.0,0.0,1.0,True,train
2025-02-05 08:00:00+00:00,43279099999,2025-02-04 06:00:00+00:00,26,32.0,31.0,31.0,32.2,1.0833333333333333,-0.38268343236508967,-0.9238795325112868,0.5663619330814524,0.8241566360566663,-0.3999999999999986,-0.04582353759707493,-1.2000000000000028,-5.336904761904766,2.367753594901252,0,0.0,0.0,1.0,True,train
2025-02-05 09:00:00+00:00,43279099999,2025-02-04 06:00:00+00:00,27,32.0,31.0,31.0,31.7,1.125,-0.6087614290087207,-0.7933533402912352,0.5663619330814524,0.8241566360566663,-0.3999999999999986,-0.042159689824745585,-0.6999999999999993,-4.836904761904762,2.367753594901252,0,0.0,0.0,1.0,True,train
2025-02-05 10:00:00+00:00,43279099999,2025-02-04 06:00:00+00:00,28,32.0,31.0,31.0,30.9,1.1666666666666667,-0.7933533402912349,-0.6087614290087209,0.5663619330814524,0.8241566360566663,-0.3999999999999986,-0.03878878714576189,0.10000000000000142,-4.036904761904761,2.367753594901252,0,0.0,0.0,1.0,True,train
2025-02-05 11:00:00+00:00,43279099999,2025-02-04 06:00:00+00:00,29,31.0,31.0,29.0,29.8,1.2083333333333333,-0.9238795325112868,-0.3826834323650895,0.5663619330814524,0.8241566360566663,-0.3999999999999986,-0.03568740696370392,-0.8000000000000007,-2.9369047619047635,2.367753594901252,0,0.0,0.0,1.0,True,train
2025-02-05 12:00:00+00:00,43279099999,2025-02-04 06:00:00+00:00,30,30.0,31.0,28.0,28.2,1.25,-0.9914448613738104,-0.13052619222005163,0.5663619330814524,0.8241566360566663,-0.3999999999999986,-0.032833999449559406,-0.1999999999999993,-1.336904761904762,2.367753594901252,0,0.0,0.0,1.0,True,train
2025-02-05 13:00:00+00:00,43279099999,2025-02-04 06:00:00+00:00,31,29.0,31.0,27.0,26.6,1.2916666666666667,-0.9914448613738105,0.13052619222005127,0.5663619330814524,0.8241566360566663,-0.3999999999999986,-0.030208737803509397,0.3999999999999986,0.26309523809523583,2.367753594901252,0,0.0,0.0,1.0,True,train
2025-02-05 14:00:00+00:00,43279099999,2025-02-04 06:00:00+00:00,32,28.0,31.0,27.0,25.9,1.3333333333333333,-0.923879532511287,0.38268343236508917,0.5663619330814524,0.8241566360566663,-0.3999999999999986,-0.027793380489120518,1.1000000000000014,0.9630952380952387,2.367753594901252,0,0.0,0.0,1.0,True,train
2025-02-05 15:00:00+00:00,43279099999,2025-02-04 06:00:00+00:00,33,28.0,31.0,27.0,25.6,1.375,-0.7933533402912357,0.6087614290087199,0.5663619330814524,0.8241566360566663,-0.3999999999999986,-0.025571144482682936,1.3999999999999986,1.2630952380952358,2.367753594901252,0,0.0,0.0,1.0,True,train
2025-02-05 16:00:00+00:00,43279099999,2025-02-04 06:00:00+00:00,34,27.0,31.0,26.0,25.1,1.4166666666666667,-0.6087614290087209,0.7933533402912349,0.5663619330814524,0.8241566360566663,-0.3999999999999986,-0.02352658865697187,0.8999999999999986,1.7630952380952358,2.367753594901252,0,0.0,0.0,1.0,True,train
2025-02-05 17:00:00+00:00,43279099999,2025-02-04 06:00:00+00:00,35,26.0,31.0,25.0,24.7,1.4583333333333333,-0.38268343236508956,0.9238795325112868,0.5663619330814524,0.8241566360566663,-0.3999999999999986,-0.021645506489128566,0.3000000000000007,2.163095238095238,2.367753594901252,0,0.0,0.0,1.0,True,train
2025-02-05 18:00:00+00:00,43279099999,2025-02-04 06:00:00+00:00,36,25.0,31.0,24.0,24.4,1.5,-0.13052619222005168,0.9914448613738104,0.5663619330814524,0.8241566360566663,-0.3999999999999986,-0.019914827347145506,-0.3999999999999986,2.4630952380952387,2.367753594901252,0,0.0,0.0,1.0,True,train
2025-02-05 19:00:00+00:00,43279099999,2025-02-04 06:00:00+00:00,37,25.0,31.0,24.0,24.0,1.5416666666666667,0.13052619222005157,0.9914448613738104,0.580454927809098,0.8142923779467267,-0.3999999999999986,-0.018322525669048524,0.0,2.8630952380952372,2.367753594901252,0,0.0,0.0,1.0,True,train
2025-02-05 20:00:00+00:00,43279099999,2025-02-04 06:00:00+00:00,38,25.0,31.0,24.0,23.4,1.5833333333333333,0.3826834323650898,0.9238795325112867,0.580454927809098,0.8142923779467267,-0.3999999999999986,-0.0168575374037105,0.6000000000000014,3.4630952380952387,2.367753594901252,0,0.0,0.0,1.0,True,train
2025-02-05 21:00:00+00:00,43279099999,2025-02-04 06:00:00+00:00,39,25.0,31.0,24.0,22.7,1.625,0.6087614290087207,0.7933533402912352,0.580454927809098,0.8142923779467267,-0.3999999999999986,-0.015509683132688749,1.3000000000000007,4.163095238095238,2.367753594901252,0,0.0,0.0,1.0,True,train
2025-02-05 22:00:00+00:00,43279099999,2025-02-04 06:00:00+00:00,40,25.0,31.0,23.0,22.3,1.6666666666666667,0.7933533402912352,0.6087614290087207,0.580454927809098,0.8142923779467267,-0.3999999999999986,-0.014269597338900908,0.6999999999999993,4.5630952380952365,2.367753594901252,0,0.0,0.0,1.0,True,train
2025-02-05 23:00:00+00:00,43279099999,2025-02-04 06:00:00+00:00,41,24.0,31.0,23.0,21.6,1.7083333333333333,0.9238795325112867,0.38268343236508984,0.580454927809098,0.8142923779467267,-0.3999999999999986,-0.013128663330665237,1.3999999999999986,5.263095238095236,2.367753594901252,0,0.0,0.0,1.0,True,train
2025-02-06 00:00:00+00:00,43279099999,2025-02-04 06:00:00+00:00,42,24.0,31.0,23.0,21.0,1.75,0.9914448613738104,0.1305261922200517,0.580454927809098,0.8142923779467267,-0.3999999999999986,-0.012078953368927357,2.0,5.863095238095237,2.367753594901252,0,0.0,0.0,1.0,True,train
2025-02-06 01:00:00+00:00,43279099999,2025-02-04 06:00:00+00:00,43,23.0,31.0,23.0,20.7,1.7916666666666667,0.9914448613738104,-0.1305261922200516,0.580454927809098,0.8142923779467267,-0.3999999999999986,-0.011113173581649661,2.3000000000000007,6.163095238095238,2.367753594901252,0,0.0,0.0,1.0,True,train
2025-02-06 02:00:00+00:00,43279099999,2025-02-04 06:00:00+00:00,44,24.0,31.0,23.0,21.3,1.8333333333333333,0.9238795325112868,-0.3826834323650895,0.580454927809098,0.8142923779467267,-0.3999999999999986,-0.010224613282602924,1.6999999999999993,5.5630952380952365,2.367753594901252,0,0.0,0.0,1.0,True,train
2025-02-06 03:00:00+00:00,43279099999,2025-02-04 06:00:00+00:00,45,25.0,31.0,24.0,24.6,1.875,0.7933533402912352,-0.6087614290087207,0.580454927809098,0.8142923779467267,-0.3999999999999986,-0.00940709834240361,-0.6000000000000014,2.263095238095236,2.367753594901252,0,0.0,0.0,1.0,True,train
2025-02-06 04:00:00+00:00,43279099999,2025-02-04 06:00:00+00:00,46,27.0,31.0,26.0,27.4,1.9166666666666667,0.6087614290087209,-0.793353340291235,0.580454927809098,0.8142923779467267,-0.3999999999999986,-0.008654948287797205,-1.3999999999999986,-0.5369047619047613,2.367753594901252,0,0.0,0.0,1.0,True,train
2025-02-06 05:00:00+00:00,43279099999,2025-02-04 06:00:00+00:00,47,29.0,31.0,29.0,29.0,1.9583333333333333,0.3826834323650899,-0.9238795325112867,0.580454927809098,0.8142923779467267,-0.3999999999999986,-0.007962936831093446,0.0,-2.1369047619047628,2.367753594901252,0,0.0,0.0,1.0,True,train
2025-02-06 06:00:00+00:00,43279099999,2025-02-04 06:00:00+00:00,48,30.0,31.0,31.0,30.3,2.0,0.130526192220052,-0.9914448613738104,0.580454927809098,0.8142923779467267,-0.3999999999999986,-0.007326255555493645,0.6999999999999993,-3.4369047619047635,2.367753594901252,0,0.0,0.0,1.0,True,train
2025-02-06 07:00:00+00:00,42410099999,2025-02-06 06:00:00+00:00,1,25.0,24.0,25.0,24.7,0.041666666666666664,-0.13052619222005177,-0.9914448613738104,0.580454927809098,0.8142923779467267,0.0,0.0,0.3000000000000007,-5.658333333333331,3.5107897745763474,0,1.0,0.0,0.0,True,train
2025-02-06 08:00:00+00:00,42410099999,2025-02-06 06:00:00+00:00,2,25.0,24.0,25.0,25.1,0.08333333333333333,-0.38268343236508967,-0.9238795325112868,0.580454927809098,0.8142923779467267,0.0,0.0,-0.10000000000000142,-6.058333333333334,3.5107897745763474,0,1.0,0.0,0.0,True,train
2025-02-06 09:00:00+00:00,42410099999,2025-02-06 06:00:00+00:00,3,26.0,24.0,25.0,25.0,0.125,-0.6087614290087207,-0.7933533402912352,0.580454927809098,0.8142923779467267,0.0,0.0,0.0,-5.958333333333332,3.5107897745763474,0,1.0,0.0,0.0,True,train
2025-02-06 10:00:00+00:00,42410099999,2025-02-06 06:00:00+00:00,4,25.0,24.0,25.0,24.5,0.16666666666666666,-0.7933533402912349,-0.6087614290087209,0.580454927809098,0.8142923779467267,0.0,0.0,0.5,-5.458333333333332,3.5107897745763474,0,1.0,0.0,0.0,True,train
2025-02-06 11:00:00+00:00,42410099999,2025-02-06 06:00:00+00:00,5,25.0,24.0,25.0,23.2,0.20833333333333334,-0.9238795325112868,-0.3826834323650895,0.580454927809098,0.8142923779467267,0.0,0.0,1.8000000000000007,-4.158333333333331,3.5107897745763474,0,1.0,0.0,0.0,True,train
2025-02-06 12:00:00+00:00,42410099999,2025-02-06 06:00:00+00:00,6,22.0,24.0,22.0,21.5,0.25,-0.9914448613738104,-0.13052619222005163,0.580454927809098,0.8142923779467267,0.0,0.0,0.5,-2.458333333333332,3.5107897745763474,0,1.0,0.0,0.0,True,train
2025-02-06 13:00:00+00:00,42410099999,2025-02-06 06:00:00+00:00,7,20.0,24.0,21.0,20.7,0.2916666666666667,-0.9914448613738105,0.13052619222005127,0.580454927809098,0.8142923779467267,0.0,0.0,0.3000000000000007,-1.6583333333333314,3.5107897745763474,0,1.0,0.0,0.0,True,train
2025-02-06 14:00:00+00:00,42410099999,2025-02-06 06:00:00+00:00,8,20.0,24.0,20.0,19.9,0.3333333333333333,-0.923879532511287,0.38268343236508917,0.580454927809098,0.8142923779467267,0.0,0.0,0.10000000000000142,-0.8583333333333307,3.5107897745763474,0,1.0,0.0,0.0,True,train
2025-02-06 15:00:00+00:00,42410099999,2025-02-06 06:00:00+00:00,9,20.0,24.0,19.0,19.0,0.375,-0.7933533402912357,0.6087614290087199,0.580454927809098,0.8142923779467267,0.0,0.0,0.0,0.04166666666666785,3.5107897745763474,0,1.0,0.0,0.0,True,train
2025-02-06 16:00:00+00:00,42410099999,2025-02-06 06:00:00+00:00,10,19.0,24.0,19.0,19.1,0.4166666666666667,-0.6087614290087209,0.7933533402912349,0.580454927809098,0.8142923779467267,0.0,0.0,-0.10000000000000142,-0.05833333333333357,3.5107897745763474,0,1.0,0.0,0.0,True,train
2025-02-06 17:00:00+00:00,42410099999,2025-02-06 06:00:00+00:00,11,19.0,24.0,18.0,18.7,0.4583333333333333,-0.38268343236508956,0.9238795325112868,0.580454927809098,0.8142923779467267,0.0,0.0,-0.6999999999999993,0.34166666666666856,3.5107897745763474,0,1.0,0.0,0.0,True,train
2025-02-06 18:00:00+00:00,42410099999,2025-02-06 06:00:00+00:00,12,19.0,24.0,18.0,17.7,0.5,-0.13052619222005168,0.9914448613738104,0.580454927809098,0.8142923779467267,0.0,0.0,0.3000000000000007,1.3416666666666686,3.5107897745763474,0,1.0,0.0,0.0,True,train
2025-02-06 19:00:00+00:00,42410099999,2025-02-06 06:00:00+00:00,13,18.0,24.0,17.0,17.0,0.5416666666666666,0.13052619222005157,0.9914448613738104,0.5943761565849831,0.804187157621448,0.0,0.0,0.0,2.041666666666668,3.5107897745763474,0,1.0,0.0,0.0,True,train
2025-02-06 20:00:00+00:00,42410099999,2025-02-06 06:00:00+00:00,14,17.0,24.0,17.0,16.4,0.5833333333333334,0.3826834323650898,0.9238795325112867,0.5943761565849831,0.804187157621448,0.0,0.0,0.6000000000000014,2.6416666666666693,3.5107897745763474,0,1.0,0.0,0.0,True,train
2025-02-06 21:00:00+00:00,42410099999,2025-02-06 06:00:00+00:00,15,17.0,24.0,17.0,16.3,0.625,0.6087614290087207,0.7933533402912352,0.5943761565849831,0.804187157621448,0.0,0.0,0.6999999999999993,2.741666666666667,3.5107897745763474,0,1.0,0.0,0.0,True,train
2025-02-06 22:00:00+00:00,42410099999,2025-02-06 06:00:00+00:00,16,16.0,24.0,16.0,16.2,0.6666666666666666,0.7933533402912352,0.6087614290087207,0.5943761565849831,0.804187157621448,0.0,0.0,-0.1999999999999993,2.8416666666666686,3.5107897745763474,0,1.0,0.0,0.0,True,train
2025-02-06 23:00:00+00:00,42410099999,2025-02-06 06:00:00+00:00,17,16.0,24.0,16.0,16.3,0.7083333333333334,0.9238795325112867,0.38268343236508984,0.5943761565849831,0.804187157621448,0.0,0.0,-0.3000000000000007,2.741666666666667,3.5107897745763474,0,1.0,0.0,0.0,True,train
2025-02-07 00:00:00+00:00,42410099999,2025-02-06 06:00:00+00:00,18,15.0,24.0,16.0,16.2,0.75,0.9914448613738104,0.1305261922200517,0.5943761565849831,0.804187157621448,0.0,0.0,-0.1999999999999993,2.8416666666666686,3.5107897745763474,0,1.0,0.0,0.0,True,train
2025-02-07 01:00:00+00:00,42410099999,2025-02-06 06:00:00+00:00,19,14.0,24.0,16.0,15.9,0.7916666666666666,0.9914448613738104,-0.1305261922200516,0.5943761565849831,0.804187157621448,0.0,0.0,0.09999999999999964,3.1416666666666675,3.5107897745763474,0,1.0,0.0,0.0,True,train
2025-02-07 02:00:00+00:00,42410099999,2025-02-06 06:00:00+00:00,20,16.0,24.0,18.0,16.7,0.8333333333333334,0.9238795325112868,-0.3826834323650895,0.5943761565849831,0.804187157621448,0.0,0.0,1.3000000000000007,2.3416666666666686,3.5107897745763474,0,1.0,0.0,0.0,True,train
2025-02-07 03:00:00+00:00,42410099999,2025-02-06 06:00:00+00:00,21,19.0,24.0,19.0,18.6,0.875,0.7933533402912352,-0.6087614290087207,0.5943761565849831,0.804187157621448,0.0,0.0,0.3999999999999986,0.44166666666666643,3.5107897745763474,0,1.0,0.0,0.0,True,train
2025-02-07 04:00:00+00:00,42410099999,2025-02-06 06:00:00+00:00,22,22.0,24.0,21.0,20.3,0.9166666666666666,0.6087614290087209,-0.793353340291235,0.5943761565849831,0.804187157621448,0.0,0.0,0.6999999999999993,-1.2583333333333329,3.5107897745763474,0,1.0,0.0,0.0,True,train
2025-02-07 05:00:00+00:00,42410099999,2025-02-06 06:00:00+00:00,23,22.0,24.0,23.0,21.4,0.9583333333333334,0.3826834323650899,-0.9238795325112867,0.5943761565849831,0.804187157621448,0.0,0.0,1.6000000000000014,-2.3583333333333307,3.5107897745763474,0,1.0,0.0,0.0,True,train
2025-02-07 06:00:00+00:00,42410099999,2025-02-06 06:00:00+00:00,24,24.0,24.0,24.0,22.7,1.0,0.130526192220052,-0.9914448613738104,0.5943761565849831,0.804187157621448,0.0,0.0,1.3000000000000007,-3.6583333333333314,3.5107897745763474,0,1.0,0.0,0.0,True,train
2025-02-07 07:00:00+00:00,42410099999,2025-02-06 06:00:00+00:00,25,24.0,24.0,25.0,23.4,1.0416666666666667,-0.13052619222005177,-0.9914448613738104,0.5943761565849831,0.804187157621448,0.0,0.0,1.6000000000000014,-4.358333333333331,3.5107897745763474,0,1.0,0.0,0.0,True,train
2025-02-07 08:00:00+00:00,42410099999,2025-02-06 06:00:00+00:00,26,24.0,24.0,25.0,23.5,1.0833333333333333,-0.38268343236508967,-0.9238795325112868,0.5943761565849831,0.804187157621448,0.0,0.0,1.5,-4.458333333333332,3.5107897745763474,0,1.0,0.0,0.0,True,train
2025-02-07 09:00:00+00:00,42410099999,2025-02-06 06:00:00+00:00,27,25.0,24.0,25.0,23.2,1.125,-0.6087614290087207,-0.7933533402912352,0.5943761565849831,0.804187157621448,0.0,0.0,1.8000000000000007,-4.158333333333331,3.5107897745763474,0,1.0,0.0,0.0,True,train
2025-02-07 10:00:00+00:00,42410099999,2025-02-06 06:00:00+00:00,28,25.0,24.0,25.0,22.6,1.1666666666666667,-0.7933533402912349,-0.6087614290087209,0.5943761565849831,0.804187157621448,0.0,0.0,2.3999999999999986,-3.5583333333333336,3.5107897745763474,0,1.0,0.0,0.0,True,train
2025-02-07 11:00:00+00:00,42410099999,2025-02-06 06:00:00+00:00,29,24.0,24.0,25.0,21.4,1.2083333333333333,-0.9238795325112868,-0.3826834323650895,0.5943761565849831,0.804187157621448,0.0,0.0,3.6000000000000014,-2.3583333333333307,3.5107897745763474,0,1.0,0.0,0.0,True,train
2025-02-07 12:00:00+00:00,42410099999,2025-02-06 06:00:00+00:00,30,22.0,24.0,22.0,20.0,1.25,-0.9914448613738104,-0.13052619222005163,0.5943761565849831,0.804187157621448,0.0,0.0,2.0,-0.9583333333333321,3.5107897745763474,0,1.0,0.0,0.0,True,train
2025-02-07 13:00:00+00:00,42410099999,2025-02-06 06:00:00+00:00,31,20.0,24.0,21.0,19.3,1.2916666666666667,-0.9914448613738105,0.13052619222005127,0.5943761565849831,0.804187157621448,0.0,0.0,1.6999999999999993,-0.25833333333333286,3.5107897745763474,0,1.0,0.0,0.0,True,train
2025-02-07 14:00:00+00:00,42410099999,2025-02-06 06:00:00+00:00,32,19.0,24.0,20.0,18.6,1.3333333333333333,-0.923879532511287,0.38268343236508917,0.5943761565849831,0.804187157621448,0.0,0.0,1.3999999999999986,0.44166666666666643,3.5107897745763474,0,1.0,0.0,0.0,True,train
2025-02-07 15:00:00+00:00,42410099999,2025-02-06 06:00:00+00:00,33,18.0,24.0,19.0,17.5,1.375,-0.7933533402912357,0.6087614290087199,0.5943761565849831,0.804187157621448,0.0,0.0,1.5,1.5416666666666679,3.5107897745763474,0,1.0,0.0,0.0,True,train
2025-02-07 16:00:00+00:00,42410099999,2025-02-06 06:00:00+00:00,34,18.0,24.0,19.0,16.3,1.4166666666666667,-0.6087614290087209,0.7933533402912349,0.5943761565849831,0.804187157621448,0.0,0.0,2.6999999999999993,2.741666666666667,3.5107897745763474,0,1.0,0.0,0.0,True,train
2025-02-07 17:00:00+00:00,42410099999,2025-02-06 06:00:00+00:00,35,16.0,24.0,18.0,15.5,1.4583333333333333,-0.38268343236508956,0.9238795325112868,0.5943761565849831,0.804187157621448,0.0,0.0,2.5,3.541666666666668,3.5107897745763474,0,1.0,0.0,0.0,True,train
2025-02-07 18:00:00+00:00,42410099999,2025-02-06 06:00:00+00:00,36,16.0,24.0,18.0,15.4,1.5,-0.13052619222005168,0.9914448613738104,0.5943761565849831,0.804187157621448,0.0,0.0,2.5999999999999996,3.6416666666666675,3.5107897745763474,0,1.0,0.0,0.0,True,train
2025-02-07 19:00:00+00:00,42410099999,2025-02-06 06:00:00+00:00,37,16.0,24.0,17.0,15.4,1.5416666666666667,0.13052619222005157,0.9914448613738104,0.6081214998935418,0.7938439653781019,0.0,0.0,1.5999999999999996,3.6416666666666675,3.5107897745763474,0,1.0,0.0,0.0,True,train
2025-02-07 20:00:00+00:00,42410099999,2025-02-06 06:00:00+00:00,38,15.0,24.0,17.0,15.6,1.5833333333333333,0.3826834323650898,0.9238795325112867,0.6081214998935418,0.7938439653781019,0.0,0.0,1.4000000000000004,3.441666666666668,3.5107897745763474,0,1.0,0.0,0.0,True,train
2025-02-07 21:00:00+00:00,42410099999,2025-02-06 06:00:00+00:00,39,15.0,24.0,17.0,15.1,1.625,0.6087614290087207,0.7933533402912352,0.6081214998935418,0.7938439653781019,0.0,0.0,1.9000000000000004,3.941666666666668,3.5107897745763474,0,1.0,0.0,0.0,True,train
2025-02-07 22:00:00+00:00,42410099999,2025-02-06 06:00:00+00:00,40,14.0,24.0,16.0,14.7,1.6666666666666667,0.7933533402912352,0.6087614290087207,0.6081214998935418,0.7938439653781019,0.0,0.0,1.3000000000000007,4.341666666666669,3.5107897745763474,0,1.0,0.0,0.0,True,train
2025-02-07 23:00:00+00:00,42410099999,2025-02-06 06:00:00+00:00,41,13.0,24.0,16.0,14.4,1.7083333333333333,0.9238795325112867,0.38268343236508984,0.6081214998935418,0.7938439653781019,0.0,0.0,1.5999999999999996,4.6416666666666675,3.5107897745763474,0,1.0,0.0,0.0,True,train
2025-02-08 00:00:00+00:00,42410099999,2025-02-06 06:00:00+00:00,42,13.0,24.0,16.0,14.0,1.75,0.9914448613738104,0.1305261922200517,0.6081214998935418,0.7938439653781019,0.0,0.0,2.0,5.041666666666668,3.5107897745763474,0,1.0,0.0,0.0,True,train
2025-02-08 01:00:00+00:00,42410099999,2025-02-06 06:00:00+00:00,43,13.0,24.0,16.0,13.8,1.7916666666666667,0.9914448613738104,-0.1305261922200516,0.6081214998935418,0.7938439653781019,0.0,0.0,2.1999999999999993,5.241666666666667,3.5107897745763474,0,1.0,0.0,0.0,True,train
2025-02-08 02:00:00+00:00,42410099999,2025-02-06 06:00:00+00:00,44,15.0,24.0,18.0,15.5,1.8333333333333333,0.9238795325112868,-0.3826834323650895,0.6081214998935418,0.7938439653781019,0.0,0.0,2.5,3.541666666666668,3.5107897745763474,0,1.0,0.0,0.0,True,train
2025-02-08 03:00:00+00:00,42410099999,2025-02-06 06:00:00+00:00,45,17.0,24.0,19.0,17.8,1.875,0.7933533402912352,-0.6087614290087207,0.6081214998935418,0.7938439653781019,0.0,0.0,1.1999999999999993,1.2416666666666671,3.5107897745763474,0,1.0,0.0,0.0,True,train
2025-02-08 04:00:00+00:00,42410099999,2025-02-06 06:00:00+00:00,46,20.0,24.0,21.0,19.6,1.9166666666666667,0.6087614290087209,-0.793353340291235,0.6081214998935418,0.7938439653781019,0.0,0.0,1.3999999999999986,-0.5583333333333336,3.5107897745763474,0,1.0,0.0,0.0,True,train
2025-02-08 05:00:00+00:00,42410099999,2025-02-06 06:00:00+00:00,47,21.0,24.0,23.0,21.6,1.9583333333333333,0.3826834323650899,-0.9238795325112867,0.6081214998935418,0.7938439653781019,0.0,0.0,1.3999999999999986,-2.5583333333333336,3.5107897745763474,0,1.0,0.0,0.0,True,train
2025-02-08 06:00:00+00:00,42410099999,2025-02-06 06:00:00+00:00,48,23.0,24.0,24.0,23.1,2.0,0.130526192220052,-0.9914448613738104,0.6081214998935418,0.7938439653781019,0.0,0.0,0.8999999999999986,-4.058333333333334,3.5107897745763474,0,1.0,0.0,0.0,True,train
2025-02-06 07:00:00+00:00,43279099999,2025-02-06 06:00:00+00:00,1,31.0,30.0,32.0,31.4,0.041666666666666664,-0.13052619222005177,-0.9914448613738104,0.580454927809098,0.8142923779467267,-0.8999999999999986,-0.8280399731663897,0.6000000000000014,-4.197619047619046,2.5878827616815676,0,0.0,0.0,1.0,True,train
2025-02-06 08:00:00+00:00,43279099999,2025-02-06 06:00:00+00:00,2,31.0,30.0,32.0,31.6,0.08333333333333333,-0.38268343236508967,-0.9238795325112868,0.580454927809098,0.8142923779467267,-0.8999999999999986,-0.7618335524015515,0.3999999999999986,-4.397619047619049,2.5878827616815676,0,0.0,0.0,1.0,True,train
2025-02-06 09:00:00+00:00,43279099999,2025-02-06 06:00:00+00:00,3,31.0,30.0,32.0,31.2,0.125,-0.6087614290087207,-0.7933533402912352,0.580454927809098,0.8142923779467267,-0.8999999999999986,-0.7009207047642633,0.8000000000000007,-3.9976190476190467,2.5878827616815676,0,0.0,0.0,1.0,True,train
2025-02-06 10:00:00+00:00,43279099999,2025-02-06 06:00:00+00:00,4,31.0,30.0,32.0,30.4,0.16666666666666666,-0.7933533402912349,-0.6087614290087209,0.580454927809098,0.8142923779467267,-0.8999999999999986,-0.6448781795164094,1.6000000000000014,-3.197619047619046,2.5878827616815676,0,0.0,0.0,1.0,True,train
2025-02-06 11:00:00+00:00,43279099999,2025-02-06 06:00:00+00:00,5,30.0,30.0,31.0,29.3,0.20833333333333334,-0.9238795325112868,-0.3826834323650895,0.580454927809098,0.8142923779467267,-0.8999999999999986,-0.5933165671803985,1.6999999999999993,-2.097619047619048,2.5878827616815676,0,0.0,0.0,1.0,True,train
2025-02-06 12:00:00+00:00,43279099999,2025-02-06 06:00:00+00:00,6,29.0,30.0,30.0,27.9,0.25,-0.9914448613738104,-0.13052619222005163,0.580454927809098,0.8142923779467267,-0.8999999999999986,-0.5458775937413692,2.1000000000000014,-0.697619047619046,2.5878827616815676,0,0.0,0.0,1.0,True,train
2025-02-06 13:00:00+00:00,43279099999,2025-02-06 06:00:00+00:00,7,27.0,30.0,29.0,26.5,0.2916666666666667,-0.9914448613738105,0.13052619222005127,0.580454927809098,0.8142923779467267,-0.8999999999999986,-0.5022316311930416,2.5,0.7023809523809526,2.5878827616815676,0,0.0,0.0,1.0,True,train
2025-02-06 14:00:00+00:00,43279099999,2025-02-06 06:00:00+00:00,8,27.0,30.0,28.0,26.0,0.3333333333333333,-0.923879532511287,0.38268343236508917,0.580454927809098,0.8142923779467267,-0.8999999999999986,-0.4620754071293321,2.0,1.2023809523809526,2.5878827616815676,0,0.0,0.0,1.0,True,train
2025-02-06 15:00:00+00:00,43279099999,2025-02-06 06:00:00+00:00,9,27.0,30.0,28.0,25.7,0.375,-0.7933533402912357,0.6087614290087199,0.580454927809098,0.8142923779467267,-0.8999999999999986,-0.42512989746691254,2.3000000000000007,1.5023809523809533,2.5878827616815676,0,0.0,0.0,1.0,True,train
2025-02-06 16:00:00+00:00,43279099999,2025-02-06 06:00:00+00:00,10,27.0,30.0,27.0,25.2,0.4166666666666667,-0.6087614290087209,0.7933533402912349,0.580454927809098,0.8142923779467267,-0.8999999999999986,-0.39113838765636977,1.8000000000000007,2.0023809523809533,2.5878827616815676,0,0.0,0.0,1.0,True,train
2025-02-06 17:00:00+00:00,43279099999,2025-02-06 06:00:00+00:00,11,26.0,30.0,26.0,24.4,0.4583333333333333,-0.38268343236508956,0.9238795325112868,0.580454927809098,0.8142923779467267,-0.8999999999999986,-0.35986468891036205,1.6000000000000014,2.802380952380954,2.5878827616815676,0,0.0,0.0,1.0,True,train
2025-02-06 18:00:00+00:00,43279099999,2025-02-06 06:00:00+00:00,12,25.0,30.0,25.0,24.0,0.5,-0.13052619222005168,0.9914448613738104,0.580454927809098,0.8142923779467267,-0.8999999999999986,-0.3310914970542976,1.0,3.2023809523809526,2.5878827616815676,0,0.0,0.0,1.0,True,train
2025-02-06 19:00:00+00:00,43279099999,2025-02-06 06:00:00+00:00,13,25.0,30.0,25.0,23.6,0.5416666666666666,0.13052619222005157,0.9914448613738104,0.5943761565849831,0.804187157621448,-0.8999999999999986,-0.3046188825960675,1.3999999999999986,3.602380952380951,2.5878827616815676,0,0.0,0.0,1.0,True,train
2025-02-06 20:00:00+00:00,43279099999,2025-02-06 06:00:00+00:00,14,25.0,30.0,25.0,23.0,0.5833333333333334,0.3826834323650898,0.9238795325112867,0.5943761565849831,0.804187157621448,-0.8999999999999986,-0.2802629015231375,2.0,4.2023809523809526,2.5878827616815676,0,0.0,0.0,1.0,True,train
2025-02-06 21:00:00+00:00,43279099999,2025-02-06 06:00:00+00:00,15,24.0,30.0,25.0,22.6,0.625,0.6087614290087207,0.7933533402912352,0.5943761565849831,0.804187157621448,-0.8999999999999986,-0.2578543171741707,2.3999999999999986,4.602380952380951,2.5878827616815676,0,0.0,0.0,1.0,True,train
2025-02-06 22:00:00+00:00,43279099999,2025-02-06 06:00:00+00:00,16,24.0,30.0,25.0,21.8,0.6666666666666666,0.7933533402912352,0.6087614290087207,0.5943761565849831,0.804187157621448,-0.8999999999999986,-0.23723742430415373,3.1999999999999993,5.402380952380952,2.5878827616815676,0,0.0,0.0,1.0,True,train
2025-02-06 23:00:00+00:00,43279099999,2025-02-06 06:00:00+00:00,17,24.0,30.0,24.0,21.3,0.7083333333333334,0.9238795325112867,0.38268343236508984,0.5943761565849831,0.804187157621448,-0.8999999999999986,-0.21826896717208347,2.6999999999999993,5.902380952380952,2.5878827616815676,0,0.0,0.0,1.0,True,train
2025-02-07 00:00:00+00:00,43279099999,2025-02-06 06:00:00+00:00,18,24.0,30.0,24.0,20.9,0.75,0.9914448613738104,0.1305261922200517,0.5943761565849831,0.804187157621448,-0.8999999999999986,-0.2008171441335865,3.1000000000000014,6.302380952380954,2.5878827616815676,0,0.0,0.0,1.0,True,train
2025-02-07 01:00:00+00:00,43279099999,2025-02-06 06:00:00+00:00,19,24.0,30.0,23.0,20.5,0.7916666666666666,0.9914448613738104,-0.1305261922200516,0.5943761565849831,0.804187157621448,-0.8999999999999986,-0.18476069182191807,2.5,6.7023809523809526,2.5878827616815676,0,0.0,0.0,1.0,True,train
2025-02-07 02:00:00+00:00,43279099999,2025-02-06 06:00:00+00:00,20,23.0,30.0,24.0,20.8,0.8333333333333334,0.9238795325112868,-0.3826834323650895,0.5943761565849831,0.804187157621448,-0.8999999999999986,-0.16998804255380537,3.1999999999999993,6.402380952380952,2.5878827616815676,0,0.0,0.0,1.0,True,train
2025-02-07 03:00:00+00:00,43279099999,2025-02-06 06:00:00+00:00,21,25.0,30.0,25.0,22.9,0.875,0.7933533402912352,-0.6087614290087207,0.5943761565849831,0.804187157621448,-0.8999999999999986,-0.15639654910540038,2.1000000000000014,4.302380952380954,2.5878827616815676,0,0.0,0.0,1.0,True,train
2025-02-07 04:00:00+00:00,43279099999,2025-02-06 06:00:00+00:00,22,27.0,30.0,27.0,26.8,0.9166666666666666,0.6087614290087209,-0.793353340291235,0.5943761565849831,0.804187157621448,-0.8999999999999986,-0.1438917714717243,0.1999999999999993,0.40238095238095184,2.5878827616815676,0,0.0,0.0,1.0,True,train
2025-02-07 05:00:00+00:00,43279099999,2025-02-06 06:00:00+00:00,23,29.0,30.0,29.0,29.0,0.9583333333333334,0.3826834323650899,-0.9238795325112867,0.5943761565849831,0.804187157621448,-0.8999999999999986,-0.1323868206536789,0.0,-1.7976190476190474,2.5878827616815676,0,0.0,0.0,1.0,True,train
2025-02-07 06:00:00+00:00,43279099999,2025-02-06 06:00:00+00:00,24,30.0,30.0,30.0,30.5,1.0,0.130526192220052,-0.9914448613738104,0.5943761565849831,0.804187157621448,-0.8999999999999986,-0.12180175491295124,-0.5,-3.2976190476190474,2.5878827616815676,0,0.0,0.0,1.0,True,train
2025-02-07 07:00:00+00:00,43279099999,2025-02-06 06:00:00+00:00,25,31.0,30.0,32.0,31.4,1.0416666666666667,-0.13052619222005177,-0.9914448613738104,0.5943761565849831,0.804187157621448,-0.8999999999999986,-0.11206302429971049,0.6000000000000014,-4.197619047619046,2.5878827616815676,0,0.0,0.0,1.0,True,train
2025-02-07 08:00:00+00:00,43279099999,2025-02-06 06:00:00+00:00,26,31.0,30.0,32.0,31.6,1.0833333333333333,-0.38268343236508967,-0.9238795325112868,0.5943761565849831,0.804187157621448,-0.8999999999999986,-0.1031029595934188,0.3999999999999986,-4.397619047619049,2.5878827616815676,0,0.0,0.0,1.0,True,train
2025-02-07 09:00:00+00:00,43279099999,2025-02-06 06:00:00+00:00,27,31.0,30.0,32.0,31.2,1.125,-0.6087614290087207,-0.7933533402912352,0.5943761565849831,0.804187157621448,-0.8999999999999986,-0.09485930210567775,0.8000000000000007,-3.9976190476190467,2.5878827616815676,0,0.0,0.0,1.0,True,train
2025-02-07 10:00:00+00:00,43279099999,2025-02-06 06:00:00+00:00,28,31.0,30.0,32.0,30.4,1.1666666666666667,-0.7933533402912349,-0.6087614290087209,0.5943761565849831,0.804187157621448,-0.8999999999999986,-0.08727477107796441,1.6000000000000014,-3.197619047619046,2.5878827616815676,0,0.0,0.0,1.0,True,train
2025-02-07 11:00:00+00:00,43279099999,2025-02-06 06:00:00+00:00,29,30.0,30.0,31.0,29.4,1.2083333333333333,-0.9238795325112868,-0.3826834323650895,0.5943761565849831,0.804187157621448,-0.8999999999999986,-0.08029666566833397,1.6000000000000014,-2.197619047619046,2.5878827616815676,0,0.0,0.0,1.0,True,train
2025-02-07 12:00:00+00:00,43279099999,2025-02-06 06:00:00+00:00,30,29.0,30.0,30.0,28.1,1.25,-0.9914448613738104,-0.13052619222005163,0.5943761565849831,0.804187157621448,-0.8999999999999986,-0.0738764987615088,1.8999999999999986,-0.8976190476190489,2.5878827616815676,0,0.0,0.0,1.0,True,train
2025-02-07 13:00:00+00:00,43279099999,2025-02-06 06:00:00+00:00,31,27.0,30.0,29.0,26.8,1.2916666666666667,-0.9914448613738105,0.13052619222005127,0.5943761565849831,0.804187157621448,-0.8999999999999986,-0.06796966005789629,2.1999999999999993,0.40238095238095184,2.5878827616815676,0,0.0,0.0,1.0,True,train
2025-02-07 14:00:00+00:00,43279099999,2025-02-06 06:00:00+00:00,32,27.0,30.0,28.0,26.2,1.3333333333333333,-0.923879532511287,0.38268343236508917,0.5943761565849831,0.804187157621448,-0.8999999999999986,-0.06253510610052129,1.8000000000000007,1.0023809523809533,2.5878827616815676,0,0.0,0.0,1.0,True,train
2025-02-07 15:00:00+00:00,43279099999,2025-02-06 06:00:00+00:00,33,26.0,30.0,28.0,25.6,1.375,-0.7933533402912357,0.6087614290087199,0.5943761565849831,0.804187157621448,-0.8999999999999986,-0.057535075086036724,2.3999999999999986,1.6023809523809511,2.5878827616815676,0,0.0,0.0,1.0,True,train
2025-02-07 16:00:00+00:00,43279099999,2025-02-06 06:00:00+00:00,34,26.0,30.0,27.0,25.1,1.4166666666666667,-0.6087614290087209,0.7933533402912349,0.5943761565849831,0.804187157621448,-0.8999999999999986,-0.05293482447818681,1.8999999999999986,2.102380952380951,2.5878827616815676,0,0.0,0.0,1.0,True,train
2025-02-07 17:00:00+00:00,43279099999,2025-02-06 06:00:00+00:00,35,25.0,30.0,26.0,24.5,1.4583333333333333,-0.38268343236508956,0.9238795325112868,0.5943761565849831,0.804187157621448,-0.8999999999999986,-0.048702389600539374,1.5,2.7023809523809526,2.5878827616815676,0,0.0,0.0,1.0,True,train
2025-02-07 18:00:00+00:00,43279099999,2025-02-06 06:00:00+00:00,36,25.0,30.0,25.0,24.0,1.5,-0.13052619222005168,0.9914448613738104,0.5943761565849831,0.804187157621448,-0.8999999999999986,-0.04480836153107748,1.0,3.2023809523809526,2.5878827616815676,0,0.0,0.0,1.0,True,train
2025-02-07 19:00:00+00:00,43279099999,2025-02-06 06:00:00+00:00,37,25.0,30.0,25.0,23.5,1.5416666666666667,0.13052619222005157,0.9914448613738104,0.6081214998935418,0.7938439653781019,-0.8999999999999986,-0.04122568275535926,1.5,3.7023809523809526,2.5878827616815676,0,0.0,0.0,1.0,True,train
2025-02-07 20:00:00+00:00,43279099999,2025-02-06 06:00:00+00:00,38,25.0,30.0,25.0,22.9,1.5833333333333333,0.3826834323650898,0.9238795325112867,0.6081214998935418,0.7938439653781019,-0.8999999999999986,-0.03792945915834871,2.1000000000000014,4.302380952380954,2.5878827616815676,0,0.0,0.0,1.0,True,train
2025-02-07 21:00:00+00:00,43279099999,2025-02-06 06:00:00+00:00,39,,30.0,25.0,22.2,1.625,0.6087614290087207,0.7933533402912352,0.6081214998935418,0.7938439653781019,-0.8999999999999986,-0.03489678704854975,2.8000000000000007,5.002380952380953,2.5878827616815676,0,0.0,0.0,1.0,False,train
2025-02-07 22:00:00+00:00,43279099999,2025-02-06 06:00:00+00:00,40,24.0,30.0,25.0,21.5,1.6666666666666667,0.7933533402912352,0.6087614290087207,0.6081214998935418,0.7938439653781019,-0.8999999999999986,-0.03210659401252711,3.5,5.7023809523809526,2.5878827616815676,0,0.0,0.0,1.0,True,train
2025-02-07 23:00:00+00:00,43279099999,2025-02-06 06:00:00+00:00,41,24.0,30.0,24.0,20.9,1.7083333333333333,0.9238795325112867,0.38268343236508984,0.6081214998935418,0.7938439653781019,-0.8999999999999986,-0.02953949249399684,3.1000000000000014,6.302380952380954,2.5878827616815676,0,0.0,0.0,1.0,True,train
2025-02-08 00:00:00+00:00,43279099999,2025-02-06 06:00:00+00:00,42,24.0,30.0,24.0,20.6,1.75,0.9914448613738104,0.1305261922200517,0.6081214998935418,0.7938439653781019,-0.8999999999999986,-0.027177645080086608,3.3999999999999986,6.602380952380951,2.5878827616815676,0,0.0,0.0,1.0,True,train
2025-02-08 01:00:00+00:00,43279099999,2025-02-06 06:00:00+00:00,43,24.0,30.0,23.0,20.7,1.7916666666666667,0.9914448613738104,-0.1305261922200516,0.6081214998935418,0.7938439653781019,-0.8999999999999986,-0.025004640558711787,2.3000000000000007,6.502380952380953,2.5878827616815676,0,0.0,0.0,1.0,True,train
2025-02-08 02:00:00+00:00,43279099999,2025-02-06 06:00:00+00:00,44,24.0,30.0,24.0,21.2,1.8333333333333333,0.9238795325112868,-0.3826834323650895,0.6081214998935418,0.7938439653781019,-0.8999999999999986,-0.023005379885856627,2.8000000000000007,6.002380952380953,2.5878827616815676,0,0.0,0.0,1.0,True,train
2025-02-08 03:00:00+00:00,43279099999,2025-02-06 06:00:00+00:00,45,24.0,30.0,25.0,23.3,1.875,0.7933533402912352,-0.6087614290087207,0.6081214998935418,0.7938439653781019,-0.8999999999999986,-0.021165971270408163,1.6999999999999993,3.902380952380952,2.5878827616815676,0,0.0,0.0,1.0,True,train
2025-02-08 04:00:00+00:00,43279099999,2025-02-06 06:00:00+00:00,46,26.0,30.0,27.0,26.8,1.9166666666666667,0.6087614290087209,-0.793353340291235,0.6081214998935418,0.7938439653781019,-0.8999999999999986,-0.01947363364754375,0.1999999999999993,0.40238095238095184,2.5878827616815676,0,0.0,0.0,1.0,True,train
2025-02-08 05:00:00+00:00,43279099999,2025-02-06 06:00:00+00:00,47,29.0,30.0,29.0,29.1,1.9583333333333333,0.3826834323650899,-0.9238795325112867,0.6081214998935418,0.7938439653781019,-0.8999999999999986,-0.01791660786996029,-0.10000000000000142,-1.8976190476190489,2.5878827616815676,0,0.0,0.0,1.0,True,train
2025-02-08 06:00:00+00:00,43279099999,2025-02-06 06:00:00+00:00,48,30.0,30.0,30.0,30.5,2.0,0.130526192220052,-0.9914448613738104,0.6081214998935418,0.7938439653781019,-0.8999999999999986,-0.016484074999860734,-0.5,-3.2976190476190474,2.5878827616815676,0,0.0,0.0,1.0,True,train
2025-02-08 07:00:00+00:00,42410099999,2025-02-08 06:00:00+00:00,1,24.0,23.0,24.0,24.4,0.041666666666666664,-0.13052619222005177,-0.9914448613738104,0.6081214998935418,0.7938439653781019,-0.3999999999999986,-0.368017765851728,-0.3999999999999986,-5.108333333333331,3.661827163398509,0,1.0,0.0,0.0,True,train
2025-02-08 08:00:00+00:00,42410099999,2025-02-08 06:00:00+00:00,2,25.0,23.0,24.0,25.0,0.08333333333333333,-0.38268343236508967,-0.9238795325112868,0.6081214998935418,0.7938439653781019,-0.3999999999999986,-0.3385926899562445,-1.0,-5.708333333333332,3.661827163398509,0,1.0,0.0,0.0,True,train
2025-02-08 09:00:00+00:00,42410099999,2025-02-08 06:00:00+00:00,3,25.0,23.0,25.0,25.0,0.125,-0.6087614290087207,-0.7933533402912352,0.6081214998935418,0.7938439653781019,-0.3999999999999986,-0.31152031322856083,0.0,-5.708333333333332,3.661827163398509,0,1.0,0.0,0.0,True,train
2025-02-08 10:00:00+00:00,42410099999,2025-02-08 06:00:00+00:00,4,25.0,23.0,25.0,24.7,0.16666666666666666,-0.7933533402912349,-0.6087614290087209,0.6081214998935418,0.7938439653781019,-0.3999999999999986,-0.28661252422951466,0.3000000000000007,-5.408333333333331,3.661827163398509,0,1.0,0.0,0.0,True,train
2025-02-08 11:00:00+00:00,42410099999,2025-02-08 06:00:00+00:00,5,24.0,23.0,24.0,22.8,0.20833333333333334,-0.9238795325112868,-0.3826834323650895,0.6081214998935418,0.7938439653781019,-0.3999999999999986,-0.26369625208017655,1.1999999999999993,-3.508333333333333,3.661827163398509,0,1.0,0.0,0.0,True,train
2025-02-08 12:00:00+00:00,42410099999,2025-02-08 06:00:00+00:00,6,22.0,23.0,22.0,20.5,0.25,-0.9914448613738104,-0.13052619222005163,0.6081214998935418,0.7938439653781019,-0.3999999999999986,-0.2426122638850525,1.5,-1.2083333333333321,3.661827163398509,0,1.0,0.0,0.0,True,train
2025-02-08 13:00:00+00:00,42410099999,2025-02-08 06:00:00+00:00,7,19.0,23.0,20.0,19.5,0.2916666666666667,-0.9914448613738105,0.13052619222005127,0.6081214998935418,0.7938439653781019,-0.3999999999999986,-0.22321405830801805,0.5,-0.20833333333333215,3.661827163398509,0,1.0,0.0,0.0,True,train
2025-02-08 14:00:00+00:00,42410099999,2025-02-08 06:00:00+00:00,8,18.0,23.0,19.0,18.7,0.3333333333333333,-0.923879532511287,0.38268343236508917,0.6081214998935418,0.7938439653781019,-0.3999999999999986,-0.20536684761303609,0.3000000000000007,0.5916666666666686,3.661827163398509,0,1.0,0.0,0.0,True,train
2025-02-08 15:00:00+00:00,42410099999,2025-02-08 06:00:00+00:00,9,18.0,23.0,18.0,17.5,0.375,-0.7933533402912357,0.6087614290087199,0.6081214998935418,0.7938439653781019,-0.3999999999999986,-0.1889466210964052,0.5,1.7916666666666679,3.661827163398509,0,1.0,0.0,0.0,True,train
2025-02-08 16:00:00+00:00,42410099999,2025-02-08 06:00:00+00:00,10,17.0,23.0,18.0,16.9,0.4166666666666667,-0.6087614290087209,0.7933533402912349,0.6081214998935418,0.7938439653781019,-0.3999999999999986,-0.17383928340283067,1.1000000000000014,2.3916666666666693,3.661827163398509,0,1.0,0.0,0.0,True,train
2025-02-08 17:00:00+00:00,42410099999,2025-02-08 06:00:00+00:00,11,17.0,23.0,16.0,16.1,0.4583333333333333,-0.38268343236508956,0.9238795325112868,0.6081214998935418,0.7938439653781019,-0.3999999999999986,-0.1599398617379384,-0.10000000000000142,3.1916666666666664,3.661827163398509,0,1.0,0.0,0.0,True,train
2025-02-08 18:00:00+00:00,42410099999,2025-02-08 06:00:00+00:00,12,16.0,23.0,16.0,15.7,0.5,-0.13052619222005168,0.9914448613738104,0.6081214998935418,0.7938439653781019,-0.3999999999999986,-0.1471517764685764,0.3000000000000007,3.5916666666666686,3.661827163398509,0,1.0,0.0,0.0,True,train
2025-02-08 19:00:00+00:00,42410099999,2025-02-08 06:00:00+00:00,13,16.0,23.0,16.0,15.2,0.5416666666666666,0.13052619222005157,0.9914448613738104,0.6216868902665479,0.7832658619336791,-0.3999999999999986,-0.1353861700426964,0.8000000000000007,4.091666666666669,3.661827163398509,0,1.0,0.0,0.0,True,train
2025-02-08 20:00:00+00:00,42410099999,2025-02-08 06:00:00+00:00,14,15.0,23.0,15.0,15.0,0.5833333333333334,0.3826834323650898,0.9238795325112867,0.6216868902665479,0.7832658619336791,-0.3999999999999986,-0.12456128956583863,0.0,4.291666666666668,3.661827163398509,0,1.0,0.0,0.0,True,train
2025-02-08 21:00:00+00:00,42410099999,2025-02-08 06:00:00+00:00,15,15.0,23.0,15.0,14.7,0.625,0.6087614290087207,0.7933533402912352,0.6216868902665479,0.7832658619336791,-0.3999999999999986,-0.11460191874407563,0.3000000000000007,4.591666666666669,3.661827163398509,0,1.0,0.0,0.0,True,train
2025-02-08 22:00:00+00:00,42410099999,2025-02-08 06:00:00+00:00,16,15.0,23.0,14.0,14.4,0.6666666666666666,0.7933533402912352,0.6087614290087207,0.6216868902665479,0.7832658619336791,-0.3999999999999986,-0.10543885524629033,-0.40000000000000036,4.8916666666666675,3.661827163398509,0,1.0,0.0,0.0,True,train
2025-02-08 23:00:00+00:00,42410099999,2025-02-08 06:00:00+00:00,17,15.0,23.0,13.0,14.1,0.7083333333333334,0.9238795325112867,0.38268343236508984,0.6216868902665479,0.7832658619336791,-0.3999999999999986,-0.09700842985425913,-1.0999999999999996,5.191666666666668,3.661827163398509,0,1.0,0.0,0.0,True,train
2025-02-09 00:00:00+00:00,42410099999,2025-02-08 06:00:00+00:00,18,15.0,23.0,13.0,14.0,0.75,0.9914448613738104,0.1305261922200517,0.6216868902665479,0.7832658619336791,-0.3999999999999986,-0.08925206405937161,-1.0,5.291666666666668,3.661827163398509,0,1.0,0.0,0.0,True,train
2025-02-09 01:00:00+00:00,42410099999,2025-02-08 06:00:00+00:00,19,14.0,23.0,13.0,14.1,0.7916666666666666,0.9914448613738104,-0.1305261922200516,0.6216868902665479,0.7832658619336791,-0.3999999999999986,-0.08211586303196342,-1.0999999999999996,5.191666666666668,3.661827163398509,0,1.0,0.0,0.0,True,train
2025-02-09 02:00:00+00:00,42410099999,2025-02-08 06:00:00+00:00,20,15.0,23.0,15.0,16.5,0.8333333333333334,0.9238795325112868,-0.3826834323650895,0.6216868902665479,0.7832658619336791,-0.3999999999999986,-0.07555024113502447,-1.5,2.791666666666668,3.661827163398509,0,1.0,0.0,0.0,True,train
2025-02-09 03:00:00+00:00,42410099999,2025-02-08 06:00:00+00:00,21,18.0,23.0,17.0,19.0,0.875,0.7933533402912352,-0.6087614290087207,0.6216868902665479,0.7832658619336791,-0.3999999999999986,-0.06950957738017781,-2.0,0.29166666666666785,3.661827163398509,0,1.0,0.0,0.0,True,train
2025-02-09 04:00:00+00:00,42410099999,2025-02-08 06:00:00+00:00,22,21.0,23.0,20.0,20.8,0.9166666666666666,0.6087614290087209,-0.793353340291235,0.6216868902665479,0.7832658619336791,-0.3999999999999986,-0.06395189843187733,-0.8000000000000007,-1.5083333333333329,3.661827163398509,0,1.0,0.0,0.0,True,train
2025-02-09 05:00:00+00:00,42410099999,2025-02-08 06:00:00+00:00,23,22.0,23.0,21.0,22.4,0.9583333333333334,0.3826834323650899,-0.9238795325112867,0.6216868902665479,0.7832658619336791,-0.3999999999999986,-0.05883858695719051,-1.3999999999999986,-3.1083333333333307,3.661827163398509,0,1.0,0.0,0.0,True,train
2025-02-09 06:00:00+00:00,42410099999,2025-02-08 06:00:00+00:00,24,23.0,23.0,23.0,23.7,1.0,0.130526192220052,-0.9914448613738104,0.6216868902665479,0.7832658619336791,-0.3999999999999986,-0.05413411329464489,-0.6999999999999993,-4.408333333333331,3.661827163398509,0,1.0,0.0,0.0,True,train
2025-02-09 07:00:00+00:00,42410099999,2025-02-08 06:00:00+00:00,25,24.0,23.0,24.0,24.6,1.0416666666666667,-0.13052619222005177,-0.9914448613738104,0.6216868902665479,0.7832658619336791,-0.3999999999999986,-0.04980578857764901,-0.6000000000000014,-5.308333333333334,3.661827163398509,0,1.0,0.0,0.0,True,train
2025-02-09 08:00:00+00:00,42410099999,2025-02-08 06:00:00+00:00,26,26.0,23.0,24.0,25.2,1.0833333333333333,-0.38268343236508967,-0.9238795325112868,0.6216868902665479,0.7832658619336791,-0.3999999999999986,-0.04582353759707493,-1.1999999999999993,-5.908333333333331,3.661827163398509,0,1.0,0.0,0.0,True,train
2025-02-09 09:00:00+00:00,42410099999,2025-02-08 06:00:00+00:00,27,25.0,23.0,25.0,25.3,1.125,-0.6087614290087207,-0.7933533402912352,0.6216868902665479,0.7832658619336791,-0.3999999999999986,-0.042159689824745585,-0.3000000000000007,-6.008333333333333,3.661827163398509,0,1.0,0.0,0.0,True,train
2025-02-09 10:00:00+00:00,42410099999,2025-02-08 06:00:00+00:00,28,25.0,23.0,25.0,24.9,1.1666666666666667,-0.7933533402912349,-0.6087614290087209,0.6216868902665479,0.7832658619336791,-0.3999999999999986,-0.03878878714576189,0.10000000000000142,-5.608333333333331,3.661827163398509,0,1.0,0.0,0.0,True,train
2025-02-09 11:00:00+00:00,42410099999,2025-02-08 06:00:00+00:00,29,24.0,23.0,24.0,22.7,1.2083333333333333,-0.9238795325112868,-0.3826834323650895,0.6216868902665479,0.7832658619336791,-0.3999999999999986,-0.03568740696370392,1.3000000000000007,-3.4083333333333314,3.661827163398509,0,1.0,0.0,0.0,True,train
2025-02-09 12:00:00+00:00,42410099999,2025-02-08 06:00:00+00:00,30,23.0,23.0,22.0,20.5,1.25,-0.9914448613738104,-0.13052619222005163,0.6216868902665479,0.7832658619336791,-0.3999999999999986,-0.032833999449559406,1.5,-1.2083333333333321,3.661827163398509,0,1.0,0.0,0.0,True,train
2025-02-09 13:00:00+00:00,42410099999,2025-02-08 06:00:00+00:00,31,20.0,23.0,20.0,19.7,1.2916666666666667,-0.9914448613738105,0.13052619222005127,0.6216868902665479,0.7832658619336791,-0.3999999999999986,-0.030208737803509397,0.3000000000000007,-0.40833333333333144,3.661827163398509,0,1.0,0.0,0.0,True,train
2025-02-09 14:00:00+00:00,42410099999,2025-02-08 06:00:00+00:00,32,19.0,23.0,19.0,19.1,1.3333333333333333,-0.923879532511287,0.38268343236508917,0.6216868902665479,0.7832658619336791,-0.3999999999999986,-0.027793380489120518,-0.10000000000000142,0.19166666666666643,3.661827163398509,0,1.0,0.0,0.0,True,train
2025-02-09 15:00:00+00:00,42410099999,2025-02-08 06:00:00+00:00,33,19.0,23.0,18.0,18.3,1.375,-0.7933533402912357,0.6087614290087199,0.6216868902665479,0.7832658619336791,-0.3999999999999986,-0.025571144482682936,-0.3000000000000007,0.9916666666666671,3.661827163398509,0,1.0,0.0,0.0,True,train
2025-02-09 16:00:00+00:00,42410099999,2025-02-08 06:00:00+00:00,34,18.0,23.0,18.0,17.7,1.4166666666666667,-0.6087614290087209,0.7933533402912349,0.6216868902665479,0.7832658619336791,-0.3999999999999986,-0.02352658865697187,0.3000000000000007,1.5916666666666686,3.661827163398509,0,1.0,0.0,0.0,True,train
2025-02-09 17:00:00+00:00,42410099999,2025-02-08 06:00:00+00:00,35,18.0,23.0,16.0,17.3,1.4583333333333333,-0.38268343236508956,0.9238795325112868,0.6216868902665479,0.7832658619336791,-0.3999999999999986,-0.021645506489128566,-1.3000000000000007,1.9916666666666671,3.661827163398509,0,1.0,0.0,0.0,True,train
2025-02-09 18:00:00+00:00,42410099999,2025-02-08 06:00:00+00:00,36,18.0,23.0,16.0,17.2,1.5,-0.13052619222005168,0.9914448613738104,0.6216868902665479,0.7832658619336791,-0.3999999999999986,-0.019914827347145506,-1.1999999999999993,2.0916666666666686,3.661827163398509,0,1.0,0.0,0.0,True,train
2025-02-09 19:00:00+00:00,42410099999,2025-02-08 06:00:00+00:00,37,18.0,23.0,16.0,16.5,1.5416666666666667,0.13052619222005157,0.9914448613738104,0.6350683134867438,0.7724559775191742,-0.3999999999999986,-0.018322525669048524,-0.5,2.791666666666668,3.661827163398509,0,1.0,0.0,0.0,True,train
2025-02-09 20:00:00+00:00,42410099999,2025-02-08 06:00:00+00:00,38,17.0,23.0,15.0,16.2,1.5833333333333333,0.3826834323650898,0.9238795325112867,0.6350683134867438,0.7724559775191742,-0.3999999999999986,-0.0168575374037105,-1.1999999999999993,3.0916666666666686,3.661827163398509,0,1.0,0.0,0.0,True,train
2025-02-09 21:00:00+00:00,42410099999,2025-02-08 06:00:00+00:00,39,,23.0,15.0,16.1,1.625,0.6087614290087207,0.7933533402912352,0.6350683134867438,0.7724559775191742,-0.3999999999999986,-0.015509683132688749,-1.1000000000000014,3.1916666666666664,3.661827163398509,0,1.0,0.0,0.0,False,train
2025-02-09 22:00:00+00:00,42410099999,2025-02-08 06:00:00+00:00,40,16.0,23.0,14.0,15.7,1.6666666666666667,0.7933533402912352,0.6087614290087207,0.6350683134867438,0.7724559775191742,-0.3999999999999986,-0.014269597338900908,-1.6999999999999993,3.5916666666666686,3.661827163398509,0,1.0,0.0,0.0,True,train
2025-02-09 23:00:00+00:00,42410099999,2025-02-08 06:00:00+00:00,41,16.0,23.0,13.0,15.4,1.7083333333333333,0.9238795325112867,0.38268343236508984,0.6350683134867438,0.7724559775191742,-0.3999999999999986,-0.013128663330665237,-2.4000000000000004,3.8916666666666675,3.661827163398509,0,1.0,0.0,0.0,True,train
2025-02-10 00:00:00+00:00,42410099999,2025-02-08 06:00:00+00:00,42,15.0,23.0,13.0,14.8,1.75,0.9914448613738104,0.1305261922200517,0.6350683134867438,0.7724559775191742,-0.3999999999999986,-0.012078953368927357,-1.8000000000000007,4.491666666666667,3.661827163398509,0,1.0,0.0,0.0,True,train
2025-02-10 01:00:00+00:00,42410099999,2025-02-08 06:00:00+00:00,43,15.0,23.0,13.0,14.7,1.7916666666666667,0.9914448613738104,-0.1305261922200516,0.6350683134867438,0.7724559775191742,-0.3999999999999986,-0.011113173581649661,-1.6999999999999993,4.591666666666669,3.661827163398509,0,1.0,0.0,0.0,True,train
2025-02-10 02:00:00+00:00,42410099999,2025-02-08 06:00:00+00:00,44,17.0,23.0,15.0,17.0,1.8333333333333333,0.9238795325112868,-0.3826834323650895,0.6350683134867438,0.7724559775191742,-0.3999999999999986,-0.010224613282602924,-2.0,2.291666666666668,3.661827163398509,0,1.0,0.0,0.0,True,train
2025-02-10 03:00:00+00:00,42410099999,2025-02-08 06:00:00+00:00,45,18.0,23.0,17.0,19.6,1.875,0.7933533402912352,-0.6087614290087207,0.6350683134867438,0.7724559775191742,-0.3999999999999986,-0.00940709834240361,-2.6000000000000014,-0.30833333333333357,3.661827163398509,0,1.0,0.0,0.0,True,train
2025-02-10 04:00:00+00:00,42410099999,2025-02-08 06:00:00+00:00,46,20.0,23.0,20.0,21.1,1.9166666666666667,0.6087614290087209,-0.793353340291235,0.6350683134867438,0.7724559775191742,-0.3999999999999986,-0.008654948287797205,-1.1000000000000014,-1.8083333333333336,3.661827163398509,0,1.0,0.0,0.0,True,train
2025-02-10 05:00:00+00:00,42410099999,2025-02-08 06:00:00+00:00,47,23.0,23.0,21.0,22.4,1.9583333333333333,0.3826834323650899,-0.9238795325112867,0.6350683134867438,0.7724559775191742,-0.3999999999999986,-0.007962936831093446,-1.3999999999999986,-3.1083333333333307,3.661827163398509,0,1.0,0.0,0.0,True,train
2025-02-10 06:00:00+00:00,42410099999,2025-02-08 06:00:00+00:00,48,23.0,23.0,23.0,23.7,2.0,0.130526192220052,-0.9914448613738104,0.6350683134867438,0.7724559775191742,-0.3999999999999986,-0.007326255555493645,-0.6999999999999993,-4.408333333333331,3.661827163398509,0,1.0,0.0,0.0,True,train
2025-02-08 07:00:00+00:00,43279099999,2025-02-08 06:00:00+00:00,1,31.0,30.0,31.0,32.6,0.041666666666666664,-0.13052619222005177,-0.9914448613738104,0.6081214998935418,0.7938439653781019,-1.8999999999999986,-1.7480843877957128,-1.6000000000000014,-5.695238095238096,2.7260605084428353,0,0.0,0.0,1.0,True,train
2025-02-08 08:00:00+00:00,43279099999,2025-02-08 06:00:00+00:00,2,31.0,30.0,31.0,32.3,0.08333333333333333,-0.38268343236508967,-0.9238795325112868,0.6081214998935418,0.7938439653781019,-1.8999999999999986,-1.6083152772921656,-1.2999999999999972,-5.395238095238092,2.7260605084428353,0,0.0,0.0,1.0,True,train
2025-02-08 09:00:00+00:00,43279099999,2025-02-08 06:00:00+00:00,3,31.0,30.0,31.0,31.8,0.125,-0.6087614290087207,-0.7933533402912352,0.6081214998935418,0.7938439653781019,-1.8999999999999986,-1.4797214878356681,-0.8000000000000007,-4.895238095238096,2.7260605084428353,0,0.0,0.0,1.0,True,train
2025-02-08 10:00:00+00:00,43279099999,2025-02-08 06:00:00+00:00,4,31.0,30.0,31.0,30.8,0.16666666666666666,-0.7933533402912349,-0.6087614290087209,0.6081214998935418,0.7938439653781019,-1.8999999999999986,-1.3614094900901985,0.1999999999999993,-3.8952380952380956,2.7260605084428353,0,0.0,0.0,1.0,True,train
2025-02-08 11:00:00+00:00,43279099999,2025-02-08 06:00:00+00:00,5,30.0,30.0,30.0,29.5,0.20833333333333334,-0.9238795325112868,-0.3826834323650895,0.6081214998935418,0.7938439653781019,-1.8999999999999986,-1.2525571973808423,0.5,-2.595238095238095,2.7260605084428353,0,0.0,0.0,1.0,True,train
2025-02-08 12:00:00+00:00,43279099999,2025-02-08 06:00:00+00:00,6,29.0,30.0,29.0,28.1,0.25,-0.9914448613738104,-0.13052619222005163,0.6081214998935418,0.7938439653781019,-1.8999999999999986,-1.1524082534540026,0.8999999999999986,-1.1952380952380963,2.7260605084428353,0,0.0,0.0,1.0,True,train
2025-02-08 13:00:00+00:00,43279099999,2025-02-08 06:00:00+00:00,7,28.0,30.0,27.0,26.9,0.2916666666666667,-0.9914448613738105,0.13052619222005127,0.6081214998935418,0.7938439653781019,-1.8999999999999986,-1.0602667769630887,0.10000000000000142,0.004761904761906521,2.7260605084428353,0,0.0,0.0,1.0,True,train
2025-02-08 14:00:00+00:00,43279099999,2025-02-08 06:00:00+00:00,8,27.0,30.0,27.0,26.5,0.3333333333333333,-0.923879532511287,0.38268343236508917,0.6081214998935418,0.7938439653781019,-1.8999999999999986,-0.9754925261619241,0.5,0.4047619047619051,2.7260605084428353,0,0.0,0.0,1.0,True,train
2025-02-08 15:00:00+00:00,43279099999,2025-02-08 06:00:00+00:00,9,27.0,30.0,26.0,26.1,0.375,-0.7933533402912357,0.6087614290087199,0.6081214998935418,0.7938439653781019,-1.8999999999999986,-0.8974964502079272,-0.10000000000000142,0.8047619047619037,2.7260605084428353,0,0.0,0.0,1.0,True,train
2025-02-08 16:00:00+00:00,43279099999,2025-02-08 06:00:00+00:00,10,26.0,30.0,26.0,25.8,0.4166666666666667,-0.6087614290087209,0.7933533402912349,0.6081214998935418,0.7938439653781019,-1.8999999999999986,-0.825736596163448,0.1999999999999993,1.1047619047619044,2.7260605084428353,0,0.0,0.0,1.0,True,train
2025-02-08 17:00:00+00:00,43279099999,2025-02-08 06:00:00+00:00,11,26.0,30.0,25.0,25.4,0.4583333333333333,-0.38268343236508956,0.9238795325112868,0.6081214998935418,0.7938439653781019,-1.8999999999999986,-0.7597143432552095,-0.3999999999999986,1.5047619047619065,2.7260605084428353,0,0.0,0.0,1.0,True,train
2025-02-08 18:00:00+00:00,43279099999,2025-02-08 06:00:00+00:00,12,26.0,30.0,25.0,25.0,0.5,-0.13052619222005168,0.9914448613738104,0.6081214998935418,0.7938439653781019,-1.8999999999999986,-0.6989709382257399,0.0,1.904761904761905,2.7260605084428353,0,0.0,0.0,1.0,True,train
2025-02-08 19:00:00+00:00,43279099999,2025-02-08 06:00:00+00:00,13,25.0,30.0,25.0,24.4,0.5416666666666666,0.13052619222005157,0.9914448613738104,0.6216868902665479,0.7832658619336791,-1.8999999999999986,-0.6430843077028098,0.6000000000000014,2.5047619047619065,2.7260605084428353,0,0.0,0.0,1.0,True,train
2025-02-08 20:00:00+00:00,43279099999,2025-02-08 06:00:00+00:00,14,25.0,30.0,25.0,23.7,0.5833333333333334,0.3826834323650898,0.9238795325112867,0.6216868902665479,0.7832658619336791,-1.8999999999999986,-0.5916661254377351,1.3000000000000007,3.204761904761906,2.7260605084428353,0,0.0,0.0,1.0,True,train
2025-02-08 21:00:00+00:00,43279099999,2025-02-08 06:00:00+00:00,15,25.0,30.0,25.0,22.8,0.625,0.6087614290087207,0.7933533402912352,0.6216868902665479,0.7832658619336791,-1.8999999999999986,-0.5443591140343608,2.1999999999999993,4.104761904761904,2.7260605084428353,0,0.0,0.0,1.0,True,train
2025-02-08 22:00:00+00:00,43279099999,2025-02-08 06:00:00+00:00,16,25.0,30.0,24.0,22.2,0.6666666666666666,0.7933533402912352,0.6087614290087207,0.6216868902665479,0.7832658619336791,-1.8999999999999986,-0.5008345624198804,1.8000000000000007,4.704761904761906,2.7260605084428353,0,0.0,0.0,1.0,True,train
2025-02-08 23:00:00+00:00,43279099999,2025-02-08 06:00:00+00:00,17,25.0,30.0,24.0,21.9,0.7083333333333334,0.9238795325112867,0.38268343236508984,0.6216868902665479,0.7832658619336791,-1.8999999999999986,-0.46079004180773214,2.1000000000000014,5.0047619047619065,2.7260605084428353,0,0.0,0.0,1.0,True,train
2025-02-09 00:00:00+00:00,43279099999,2025-02-08 06:00:00+00:00,18,24.0,30.0,24.0,21.4,0.75,0.9914448613738104,0.1305261922200517,0.6216868902665479,0.7832658619336791,-1.8999999999999986,-0.4239473042820163,2.6000000000000014,5.5047619047619065,2.7260605084428353,0,0.0,0.0,1.0,True,train
2025-02-09 01:00:00+00:00,43279099999,2025-02-08 06:00:00+00:00,19,24.0,30.0,24.0,21.1,0.7916666666666666,0.9914448613738104,-0.1305261922200516,0.6216868902665479,0.7832658619336791,-1.8999999999999986,-0.3900503494018273,2.8999999999999986,5.804761904761904,2.7260605084428353,0,0.0,0.0,1.0,True,train
2025-02-09 02:00:00+00:00,43279099999,2025-02-08 06:00:00+00:00,20,24.0,30.0,24.0,21.5,0.8333333333333334,0.9238795325112868,-0.3826834323650895,0.6216868902665479,0.7832658619336791,-1.8999999999999986,-0.3588636453913672,2.5,5.404761904761905,2.7260605084428353,0,0.0,0.0,1.0,True,train
2025-02-09 03:00:00+00:00,43279099999,2025-02-08 06:00:00+00:00,21,26.0,30.0,24.0,24.0,0.875,0.7933533402912352,-0.6087614290087207,0.6216868902665479,0.7832658619336791,-1.8999999999999986,-0.3301704925558455,0.0,2.904761904761905,2.7260605084428353,0,0.0,0.0,1.0,True,train
2025-02-09 04:00:00+00:00,43279099999,2025-02-08 06:00:00+00:00,22,28.0,30.0,26.0,27.7,0.9166666666666666,0.6087614290087209,-0.793353340291235,0.6216868902665479,0.7832658619336791,-1.8999999999999986,-0.3037715175514182,-1.6999999999999993,-0.7952380952380942,2.7260605084428353,0,0.0,0.0,1.0,True,train
2025-02-09 05:00:00+00:00,43279099999,2025-02-08 06:00:00+00:00,23,29.0,30.0,29.0,29.2,0.9583333333333334,0.3826834323650899,-0.9238795325112867,0.6216868902665479,0.7832658619336791,-1.8999999999999986,-0.27948328804665573,-0.1999999999999993,-2.295238095238094,2.7260605084428353,0,0.0,0.0,1.0,True,train
2025-02-09 06:00:00+00:00,43279099999,2025-02-08 06:00:00+00:00,24,30.0,30.0,30.0,30.4,1.0,0.130526192220052,-0.9914448613738104,0.6216868902665479,0.7832658619336791,-1.8999999999999986,-0.25713703814956396,-0.3999999999999986,-3.4952380952380935,2.7260605084428353,0,0.0,0.0,1.0,True,train
2025-02-09 07:00:00+00:00,43279099999,2025-02-08 06:00:00+00:00,25,30.0,30.0,31.0,30.8,1.0416666666666667,-0.13052619222005177,-0.9914448613738104,0.6216868902665479,0.7832658619336791,-1.8999999999999986,-0.23657749574383344,0.1999999999999993,-3.8952380952380956,2.7260605084428353,0,0.0,0.0,1.0,True,train
2025-02-09 08:00:00+00:00,43279099999,2025-02-08 06:00:00+00:00,26,30.0,30.0,31.0,31.1,1.0833333333333333,-0.38268343236508967,-0.9238795325112868,0.6216868902665479,0.7832658619336791,-1.8999999999999986,-0.21766180358610654,-0.10000000000000142,-4.195238095238096,2.7260605084428353,0,0.0,0.0,1.0,True,train
2025-02-09 09:00:00+00:00,43279099999,2025-02-08 06:00:00+00:00,27,30.0,30.0,31.0,30.8,1.125,-0.6087614290087207,-0.7933533402912352,0.6216868902665479,0.7832658619336791,-1.8999999999999986,-0.20025852666754207,0.1999999999999993,-3.8952380952380956,2.7260605084428353,0,0.0,0.0,1.0,True,train
2025-02-09 10:00:00+00:00,43279099999,2025-02-08 06:00:00+00:00,28,30.0,30.0,31.0,30.3,1.1666666666666667,-0.7933533402912349,-0.6087614290087209,0.6216868902665479,0.7832658619336791,-1.8999999999999986,-0.18424673894236945,0.6999999999999993,-3.3952380952380956,2.7260605084428353,0,0.0,0.0,1.0,True,train
2025-02-09 11:00:00+00:00,43279099999,2025-02-08 06:00:00+00:00,29,29.0,30.0,30.0,29.6,1.2083333333333333,-0.9238795325112868,-0.3826834323650895,0.6216868902665479,0.7832658619336791,-1.8999999999999986,-0.16951518307759408,0.3999999999999986,-2.6952380952380963,2.7260605084428353,0,0.0,0.0,1.0,True,train
2025-02-09 12:00:00+00:00,43279099999,2025-02-08 06:00:00+00:00,30,29.0,30.0,29.0,28.4,1.25,-0.9914448613738104,-0.13052619222005163,0.6216868902665479,0.7832658619336791,-1.8999999999999986,-0.1559614973854076,0.6000000000000014,-1.4952380952380935,2.7260605084428353,0,0.0,0.0,1.0,True,train
2025-02-09 13:00:00+00:00,43279099999,2025-02-08 06:00:00+00:00,31,28.0,30.0,27.0,27.3,1.2916666666666667,-0.9914448613738105,0.13052619222005127,0.6216868902665479,0.7832658619336791,-1.8999999999999986,-0.14349150456667004,-0.3000000000000007,-0.3952380952380956,2.7260605084428353,0,0.0,0.0,1.0,True,train
2025-02-09 14:00:00+00:00,43279099999,2025-02-08 06:00:00+00:00,32,27.0,30.0,27.0,26.8,1.3333333333333333,-0.923879532511287,0.38268343236508917,0.6216868902665479,0.7832658619336791,-1.8999999999999986,-0.13201855732332282,0.1999999999999993,0.10476190476190439,2.7260605084428353,0,0.0,0.0,1.0,True,train
2025-02-09 15:00:00+00:00,43279099999,2025-02-08 06:00:00+00:00,33,26.0,30.0,26.0,26.4,1.375,-0.7933533402912357,0.6087614290087199,0.6216868902665479,0.7832658619336791,-1.8999999999999986,-0.1214629362927443,-0.3999999999999986,0.5047619047619065,2.7260605084428353,0,0.0,0.0,1.0,True,train
2025-02-09 16:00:00+00:00,43279099999,2025-02-08 06:00:00+00:00,34,26.0,30.0,26.0,26.0,1.4166666666666667,-0.6087614290087209,0.7933533402912349,0.6216868902665479,0.7832658619336791,-1.8999999999999986,-0.1117512961206167,0.0,0.9047619047619051,2.7260605084428353,0,0.0,0.0,1.0,True,train
2025-02-09 17:00:00+00:00,43279099999,2025-02-08 06:00:00+00:00,35,26.0,30.0,25.0,25.5,1.4583333333333333,-0.38268343236508956,0.9238795325112868,0.6216868902665479,0.7832658619336791,-1.8999999999999986,-0.10281615582336098,-0.5,1.404761904761905,2.7260605084428353,0,0.0,0.0,1.0,True,train
2025-02-09 18:00:00+00:00,43279099999,2025-02-08 06:00:00+00:00,36,26.0,30.0,25.0,24.8,1.5,-0.13052619222005168,0.9914448613738104,0.6216868902665479,0.7832658619336791,-1.8999999999999986,-0.09459542989894143,0.1999999999999993,2.1047619047619044,2.7260605084428353,0,0.0,0.0,1.0,True,train
2025-02-09 19:00:00+00:00,43279099999,2025-02-08 06:00:00+00:00,37,26.0,30.0,25.0,24.3,1.5416666666666667,0.13052619222005157,0.9914448613738104,0.6350683134867438,0.7724559775191742,-1.8999999999999986,-0.08703199692798073,0.6999999999999993,2.6047619047619044,2.7260605084428353,0,0.0,0.0,1.0,True,train
2025-02-09 20:00:00+00:00,43279099999,2025-02-08 06:00:00+00:00,38,25.0,30.0,25.0,23.8,1.5833333333333333,0.3826834323650898,0.9238795325112867,0.6350683134867438,0.7724559775191742,-1.8999999999999986,-0.08007330266762511,1.1999999999999993,3.1047619047619044,2.7260605084428353,0,0.0,0.0,1.0,True,train
2025-02-09 21:00:00+00:00,43279099999,2025-02-08 06:00:00+00:00,39,,30.0,25.0,23.3,1.625,0.6087614290087207,0.7933533402912352,0.6350683134867438,0.7724559775191742,-1.8999999999999986,-0.07367099488027176,1.6999999999999993,3.6047619047619044,2.7260605084428353,0,0.0,0.0,1.0,False,train
2025-02-09 22:00:00+00:00,43279099999,2025-02-08 06:00:00+00:00,40,25.0,30.0,24.0,22.9,1.6666666666666667,0.7933533402912352,0.6087614290087207,0.6350683134867438,0.7724559775191742,-1.8999999999999986,-0.0677805873597795,1.1000000000000014,4.0047619047619065,2.7260605084428353,0,0.0,0.0,1.0,True,train
2025-02-09 23:00:00+00:00,43279099999,2025-02-08 06:00:00+00:00,41,25.0,30.0,24.0,22.6,1.7083333333333333,0.9238795325112867,0.38268343236508984,0.6350683134867438,0.7724559775191742,-1.8999999999999986,-0.062361150820660044,1.3999999999999986,4.304761904761904,2.7260605084428353,0,0.0,0.0,1.0,True,train
2025-02-10 00:00:00+00:00,43279099999,2025-02-08 06:00:00+00:00,42,24.0,30.0,24.0,22.4,1.75,0.9914448613738104,0.1305261922200517,0.6350683134867438,0.7724559775191742,-1.8999999999999986,-0.05737502850240511,1.6000000000000014,4.5047619047619065,2.7260605084428353,0,0.0,0.0,1.0,True,train
2025-02-10 01:00:00+00:00,43279099999,2025-02-08 06:00:00+00:00,43,24.0,30.0,24.0,22.1,1.7916666666666667,0.9914448613738104,-0.1305261922200516,0.6350683134867438,0.7724559775191742,-1.8999999999999986,-0.052787574512836034,1.8999999999999986,4.804761904761904,2.7260605084428353,0,0.0,0.0,1.0,True,train
2025-02-10 02:00:00+00:00,43279099999,2025-02-08 06:00:00+00:00,44,25.0,30.0,24.0,23.5,1.8333333333333333,0.9238795325112868,-0.3826834323650895,0.6350683134867438,0.7724559775191742,-1.8999999999999986,-0.04856691309236403,0.5,3.404761904761905,2.7260605084428353,0,0.0,0.0,1.0,True,train
2025-02-10 03:00:00+00:00,43279099999,2025-02-08 06:00:00+00:00,45,26.0,30.0,24.0,26.1,1.875,0.7933533402912352,-0.6087614290087207,0.6350683134867438,0.7724559775191742,-1.8999999999999986,-0.04468371712641727,-2.1000000000000014,0.8047619047619037,2.7260605084428353,0,0.0,0.0,1.0,True,train
2025-02-10 04:00:00+00:00,43279099999,2025-02-08 06:00:00+00:00,46,27.0,30.0,26.0,28.3,1.9166666666666667,0.6087614290087209,-0.793353340291235,0.6350683134867438,0.7724559775191742,-1.8999999999999986,-0.04111100436703684,-2.3000000000000007,-1.3952380952380956,2.7260605084428353,0,0.0,0.0,1.0,True,train
2025-02-10 05:00:00+00:00,43279099999,2025-02-08 06:00:00+00:00,47,29.0,30.0,29.0,29.5,1.9583333333333333,0.3826834323650899,-0.9238795325112867,0.6350683134867438,0.7724559775191742,-1.8999999999999986,-0.037823949947693974,-0.5,-2.595238095238095,2.7260605084428353,0,0.0,0.0,1.0,True,train
2025-02-10 06:00:00+00:00,43279099999,2025-02-08 06:00:00+00:00,48,30.0,30.0,30.0,30.2,2.0,0.130526192220052,-0.9914448613738104,0.6350683134867438,0.7724559775191742,-1.8999999999999986,-0.034799713888594916,-0.1999999999999993,-3.295238095238094,2.7260605084428353,0,0.0,0.0,1.0,True,train
2025-02-10 07:00:00+00:00,42410099999,2025-02-10 06:00:00+00:00,1,24.0,23.0,24.0,25.3,0.041666666666666664,-0.13052619222005177,-0.9914448613738104,0.6350683134867438,0.7724559775191742,-1.3999999999999986,-1.2880621804810513,-1.3000000000000007,-5.847619047619048,3.669062297180244,0,1.0,0.0,0.0,True,train
2025-02-10 08:00:00+00:00,42410099999,2025-02-10 06:00:00+00:00,2,25.0,23.0,26.0,25.7,0.08333333333333333,-0.38268343236508967,-0.9238795325112868,0.6350683134867438,0.7724559775191742,-1.3999999999999986,-1.1850744148468586,0.3000000000000007,-6.247619047619047,3.669062297180244,0,1.0,0.0,0.0,True,train
2025-02-10 09:00:00+00:00,42410099999,2025-02-10 06:00:00+00:00,3,26.0,23.0,25.0,25.7,0.125,-0.6087614290087207,-0.7933533402912352,0.6350683134867438,0.7724559775191742,-1.3999999999999986,-1.0903210962999657,-0.6999999999999993,-6.247619047619047,3.669062297180244,0,1.0,0.0,0.0,True,train
2025-02-10 10:00:00+00:00,42410099999,2025-02-10 06:00:00+00:00,4,25.0,23.0,25.0,25.0,0.16666666666666666,-0.7933533402912349,-0.6087614290087209,0.6350683134867438,0.7724559775191742,-1.3999999999999986,-1.003143834803304,0.0,-5.5476190476190474,3.669062297180244,0,1.0,0.0,0.0,True,train
2025-02-10 11:00:00+00:00,42410099999,2025-02-10 06:00:00+00:00,5,24.0,23.0,24.0,23.5,0.20833333333333334,-0.9238795325112868,-0.3826834323650895,0.6350683134867438,0.7724559775191742,-1.3999999999999986,-0.9229368822806203,0.5,-4.0476190476190474,3.669062297180244,0,1.0,0.0,0.0,True,train
2025-02-10 12:00:00+00:00,42410099999,2025-02-10 06:00:00+00:00,6,22.0,23.0,23.0,21.5,0.25,-0.9914448613738104,-0.13052619222005163,0.6350683134867438,0.7724559775191742,-1.3999999999999986,-0.849142923597686,1.5,-2.0476190476190474,3.669062297180244,0,1.0,0.0,0.0,True,train
2025-02-10 13:00:00+00:00,42410099999,2025-02-10 06:00:00+00:00,7,19.0,23.0,20.0,21.4,0.2916666666666667,-0.9914448613738105,0.13052619222005127,0.6350683134867438,0.7724559775191742,-1.3999999999999986,-0.7812492040780651,-1.3999999999999986,-1.947619047619046,3.669062297180244,0,1.0,0.0,0.0,True,train
2025-02-10 14:00:00+00:00,42410099999,2025-02-10 06:00:00+00:00,8,19.0,23.0,19.0,20.2,0.3333333333333333,-0.923879532511287,0.38268343236508917,0.6350683134867438,0.7724559775191742,-1.3999999999999986,-0.718783966645628,-1.1999999999999993,-0.7476190476190467,3.669062297180244,0,1.0,0.0,0.0,True,train
2025-02-10 15:00:00+00:00,42410099999,2025-02-10 06:00:00+00:00,9,19.0,23.0,19.0,18.3,0.375,-0.7933533402912357,0.6087614290087199,0.6350683134867438,0.7724559775191742,-1.3999999999999986,-0.6613131738374199,0.6999999999999993,1.1523809523809518,3.669062297180244,0,1.0,0.0,0.0,True,train
2025-02-10 16:00:00+00:00,42410099999,2025-02-10 06:00:00+00:00,10,18.0,23.0,18.0,17.8,0.4166666666666667,-0.6087614290087209,0.7933533402912349,0.6350683134867438,0.7724559775191742,-1.3999999999999986,-0.6084374919099088,0.1999999999999993,1.6523809523809518,3.669062297180244,0,1.0,0.0,0.0,True,train
2025-02-10 17:00:00+00:00,42410099999,2025-02-10 06:00:00+00:00,11,16.0,23.0,18.0,17.5,0.4583333333333333,-0.38268343236508956,0.9238795325112868,0.6350683134867438,0.7724559775191742,-1.3999999999999986,-0.5597895160827857,0.5,1.9523809523809526,3.669062297180244,0,1.0,0.0,0.0,True,train
2025-02-10 18:00:00+00:00,42410099999,2025-02-10 06:00:00+00:00,12,16.0,23.0,18.0,16.6,0.5,-0.13052619222005168,0.9914448613738104,0.6350683134867438,0.7724559775191742,-1.3999999999999986,-0.5150312176400187,1.3999999999999986,2.852380952380951,3.669062297180244,0,1.0,0.0,0.0,True,train
2025-02-10 19:00:00+00:00,42410099999,2025-02-10 06:00:00+00:00,13,16.0,23.0,18.0,15.7,0.5416666666666666,0.13052619222005157,0.9914448613738104,0.6482618097757122,0.7614175109532997,-1.3999999999999986,-0.47385159514943864,2.3000000000000007,3.7523809523809533,3.669062297180244,0,1.0,0.0,0.0,True,train
2025-02-10 20:00:00+00:00,42410099999,2025-02-10 06:00:00+00:00,14,16.0,23.0,17.0,15.2,0.5833333333333334,0.3826834323650898,0.9238795325112867,0.6482618097757122,0.7614175109532997,-1.3999999999999986,-0.4359645134804363,1.8000000000000007,4.252380952380953,3.669062297180244,0,1.0,0.0,0.0,True,train
2025-02-10 21:00:00+00:00,42410099999,2025-02-10 06:00:00+00:00,15,,23.0,17.0,15.2,0.625,0.6087614290087207,0.7933533402912352,0.6482618097757122,0.7614175109532997,-1.3999999999999986,-0.4011067156042657,1.8000000000000007,4.252380952380953,3.669062297180244,0,1.0,0.0,0.0,False,train
2025-02-10 22:00:00+00:00,42410099999,2025-02-10 06:00:00+00:00,16,15.0,23.0,16.0,15.4,0.6666666666666666,0.7933533402912352,0.6087614290087207,0.6482618097757122,0.7614175109532997,-1.3999999999999986,-0.3690359933620171,0.5999999999999996,4.052380952380952,3.669062297180244,0,1.0,0.0,0.0,True,train
2025-02-10 23:00:00+00:00,42410099999,2025-02-10 06:00:00+00:00,17,14.0,23.0,16.0,15.6,0.7083333333333334,0.9238795325112867,0.38268343236508984,0.6482618097757122,0.7614175109532997,-1.3999999999999986,-0.3395295044899078,0.40000000000000036,3.852380952380953,3.669062297180244,0,1.0,0.0,0.0,True,train
2025-02-11 00:00:00+00:00,42410099999,2025-02-10 06:00:00+00:00,18,14.0,23.0,15.0,15.1,0.75,0.9914448613738104,0.1305261922200517,0.6482618097757122,0.7614175109532997,-1.3999999999999986,-0.31238222420780143,-0.09999999999999964,4.352380952380953,3.669062297180244,0,1.0,0.0,0.0,True,train
2025-02-11 01:00:00+00:00,42410099999,2025-02-10 06:00:00+00:00,19,13.0,23.0,15.0,15.0,0.7916666666666666,0.9914448613738104,-0.1305261922200516,0.6482618097757122,0.7614175109532997,-1.3999999999999986,-0.2874055206118727,0.0,4.4523809523809526,3.669062297180244,0,1.0,0.0,0.0,True,train
2025-02-11 02:00:00+00:00,42410099999,2025-02-10 06:00:00+00:00,20,15.0,23.0,17.0,16.8,0.8333333333333334,0.9238795325112868,-0.3826834323650895,0.6482618097757122,0.7614175109532997,-1.3999999999999986,-0.2644258439725863,0.1999999999999993,2.652380952380952,3.669062297180244,0,1.0,0.0,0.0,True,train
2025-02-11 03:00:00+00:00,42410099999,2025-02-10 06:00:00+00:00,21,19.0,23.0,18.0,18.8,0.875,0.7933533402912352,-0.6087614290087207,0.6482618097757122,0.7614175109532997,-1.3999999999999986,-0.24328352083062296,-0.8000000000000007,0.6523809523809518,3.669062297180244,0,1.0,0.0,0.0,True,train
2025-02-11 04:00:00+00:00,42410099999,2025-02-10 06:00:00+00:00,22,21.0,23.0,20.0,20.5,0.9166666666666666,0.6087614290087209,-0.793353340291235,0.6482618097757122,0.7614175109532997,-1.3999999999999986,-0.22383164451157125,-0.5,-1.0476190476190474,3.669062297180244,0,1.0,0.0,0.0,True,train
2025-02-11 05:00:00+00:00,42410099999,2025-02-10 06:00:00+00:00,23,23.0,23.0,23.0,21.8,0.9583333333333334,0.3826834323650899,-0.9238795325112867,0.6482618097757122,0.7614175109532997,-1.3999999999999986,-0.20593505435016732,1.1999999999999993,-2.347619047619048,3.669062297180244,0,1.0,0.0,0.0,True,train
2025-02-11 06:00:00+00:00,42410099999,2025-02-10 06:00:00+00:00,24,23.0,23.0,23.0,22.9,1.0,0.130526192220052,-0.9914448613738104,0.6482618097757122,0.7614175109532997,-1.3999999999999986,-0.18946939653125758,0.10000000000000142,-3.447619047619046,3.669062297180244,0,1.0,0.0,0.0,True,train
2025-02-11 07:00:00+00:00,42410099999,2025-02-10 06:00:00+00:00,25,24.0,23.0,24.0,23.8,1.0416666666666667,-0.13052619222005177,-0.9914448613738104,0.6482618097757122,0.7614175109532997,-1.3999999999999986,-0.17432026002177198,0.1999999999999993,-4.347619047619048,3.669062297180244,0,1.0,0.0,0.0,True,train
2025-02-11 08:00:00+00:00,42410099999,2025-02-10 06:00:00+00:00,26,24.0,23.0,26.0,24.2,1.0833333333333333,-0.38268343236508967,-0.9238795325112868,0.6482618097757122,0.7614175109532997,-1.3999999999999986,-0.16038238158976267,1.8000000000000007,-4.747619047619047,3.669062297180244,0,1.0,0.0,0.0,True,train
2025-02-11 09:00:00+00:00,42410099999,2025-02-10 06:00:00+00:00,27,24.0,23.0,25.0,24.0,1.125,-0.6087614290087207,-0.7933533402912352,0.6482618097757122,0.7614175109532997,-1.3999999999999986,-0.14755891438660992,1.0,-4.5476190476190474,3.669062297180244,0,1.0,0.0,0.0,True,train
2025-02-11 10:00:00+00:00,42410099999,2025-02-10 06:00:00+00:00,28,24.0,23.0,25.0,23.8,1.1666666666666667,-0.7933533402912349,-0.6087614290087209,0.6482618097757122,0.7614175109532997,-1.3999999999999986,-0.13576075501016693,1.1999999999999993,-4.347619047619048,3.669062297180244,0,1.0,0.0,0.0,True,train
2025-02-11 11:00:00+00:00,42410099999,2025-02-10 06:00:00+00:00,29,23.0,23.0,24.0,22.5,1.2083333333333333,-0.9238795325112868,-0.3826834323650895,0.6482618097757122,0.7614175109532997,-1.3999999999999986,-0.12490592437296402,1.5,-3.0476190476190474,3.669062297180244,0,1.0,0.0,0.0,True,train
2025-02-11 12:00:00+00:00,42410099999,2025-02-10 06:00:00+00:00,30,21.0,23.0,23.0,19.9,1.25,-0.9914448613738104,-0.13052619222005163,0.6482618097757122,0.7614175109532997,-1.3999999999999986,-0.1149189980734582,3.1000000000000014,-0.44761904761904603,3.669062297180244,0,1.0,0.0,0.0,True,train
2025-02-11 13:00:00+00:00,42410099999,2025-02-10 06:00:00+00:00,31,21.0,23.0,20.0,19.5,1.2916666666666667,-0.9914448613738105,0.13052619222005127,0.6482618097757122,0.7614175109532997,-1.3999999999999986,-0.10573058231228316,0.5,-0.04761904761904745,3.669062297180244,0,1.0,0.0,0.0,True,train
2025-02-11 14:00:00+00:00,42410099999,2025-02-10 06:00:00+00:00,32,20.0,23.0,19.0,19.2,1.3333333333333333,-0.923879532511287,0.38268343236508917,0.6482618097757122,0.7614175109532997,-1.3999999999999986,-0.09727683171192206,-0.1999999999999993,0.25238095238095326,3.669062297180244,0,1.0,0.0,0.0,True,train
2025-02-11 15:00:00+00:00,42410099999,2025-02-10 06:00:00+00:00,33,20.0,23.0,19.0,18.3,1.375,-0.7933533402912357,0.6087614290087199,0.6482618097757122,0.7614175109532997,-1.3999999999999986,-0.08949900568939051,0.6999999999999993,1.1523809523809518,3.669062297180244,0,1.0,0.0,0.0,True,train
2025-02-11 16:00:00+00:00,42410099999,2025-02-10 06:00:00+00:00,34,18.0,23.0,18.0,17.2,1.4166666666666667,-0.6087614290087209,0.7933533402912349,0.6482618097757122,0.7614175109532997,-1.3999999999999986,-0.08234306029940175,0.8000000000000007,2.2523809523809533,3.669062297180244,0,1.0,0.0,0.0,True,train
2025-02-11 17:00:00+00:00,42410099999,2025-02-10 06:00:00+00:00,35,18.0,23.0,18.0,16.6,1.4583333333333333,-0.38268343236508956,0.9238795325112868,0.6482618097757122,0.7614175109532997,-1.3999999999999986,-0.07575927271195018,1.3999999999999986,2.852380952380951,3.669062297180244,0,1.0,0.0,0.0,True,train
2025-02-11 18:00:00+00:00,42410099999,2025-02-10 06:00:00+00:00,36,,23.0,18.0,16.5,1.5,-0.13052619222005168,0.9914448613738104,0.6482618097757122,0.7614175109532997,-1.3999999999999986,-0.06970189571500945,1.5,2.9523809523809526,3.669062297180244,0,1.0,0.0,0.0,False,train
2025-02-11 19:00:00+00:00,42410099999,2025-02-10 06:00:00+00:00,37,,23.0,18.0,15.9,1.5416666666666667,0.13052619222005157,0.9914448613738104,0.6612634749656386,0.7501537286959042,-1.3999999999999986,-0.06412883984167,2.0999999999999996,3.552380952380952,3.669062297180244,0,1.0,0.0,0.0,False,train
2025-02-11 20:00:00+00:00,42410099999,2025-02-10 06:00:00+00:00,38,17.0,23.0,17.0,15.3,1.5833333333333333,0.3826834323650898,0.9238795325112867,0.6612634749656386,0.7501537286959042,-1.3999999999999986,-0.05900138091298691,1.6999999999999993,4.152380952380952,3.669062297180244,0,1.0,0.0,0.0,True,train
2025-02-11 21:00:00+00:00,42410099999,2025-02-10 06:00:00+00:00,39,16.0,23.0,17.0,14.7,1.625,0.6087614290087207,0.7933533402912352,0.6612634749656386,0.7501537286959042,-1.3999999999999986,-0.054283890964410754,2.3000000000000007,4.752380952380953,3.669062297180244,0,1.0,0.0,0.0,True,train
2025-02-11 22:00:00+00:00,42410099999,2025-02-10 06:00:00+00:00,40,16.0,23.0,16.0,14.3,1.6666666666666667,0.7933533402912352,0.6087614290087207,0.6612634749656386,0.7501537286959042,-1.3999999999999986,-0.049943590686153304,1.6999999999999993,5.152380952380952,3.669062297180244,0,1.0,0.0,0.0,True,train
2025-02-11 23:00:00+00:00,42410099999,2025-02-10 06:00:00+00:00,41,15.0,23.0,16.0,13.9,1.7083333333333333,0.9238795325112867,0.38268343236508984,0.6612634749656386,0.7501537286959042,-1.3999999999999986,-0.045950321657328444,2.0999999999999996,5.552380952380952,3.669062297180244,0,1.0,0.0,0.0,True,train
2025-02-12 00:00:00+00:00,42410099999,2025-02-10 06:00:00+00:00,42,14.0,23.0,15.0,13.9,1.75,0.9914448613738104,0.1305261922200517,0.6612634749656386,0.7501537286959042,-1.3999999999999986,-0.04227633679124586,1.0999999999999996,5.552380952380952,3.669062297180244,0,1.0,0.0,0.0,True,train
2025-02-12 01:00:00+00:00,42410099999,2025-02-10 06:00:00+00:00,43,14.0,23.0,15.0,14.1,1.7916666666666667,0.9914448613738104,-0.1305261922200516,0.6612634749656386,0.7501537286959042,-1.3999999999999986,-0.03889610753577391,0.9000000000000004,5.352380952380953,3.669062297180244,0,1.0,0.0,0.0,True,train
2025-02-12 02:00:00+00:00,42410099999,2025-02-10 06:00:00+00:00,44,15.0,23.0,17.0,15.9,1.8333333333333333,0.9238795325112868,-0.3826834323650895,0.6612634749656386,0.7501537286959042,-1.3999999999999986,-0.035786146489110326,1.0999999999999996,3.552380952380952,3.669062297180244,0,1.0,0.0,0.0,True,train
2025-02-12 03:00:00+00:00,42410099999,2025-02-10 06:00:00+00:00,45,17.0,23.0,18.0,17.9,1.875,0.7933533402912352,-0.6087614290087207,0.6612634749656386,0.7501537286959042,-1.3999999999999986,-0.03292484419841272,0.10000000000000142,1.552380952380954,3.669062297180244,0,1.0,0.0,0.0,True,train
2025-02-12 04:00:00+00:00,42410099999,2025-02-10 06:00:00+00:00,46,19.0,23.0,20.0,19.9,1.9166666666666667,0.6087614290087209,-0.793353340291235,0.6612634749656386,0.7501537286959042,-1.3999999999999986,-0.030292319007290295,0.10000000000000142,-0.44761904761904603,3.669062297180244,0,1.0,0.0,0.0,True,train
2025-02-12 05:00:00+00:00,42410099999,2025-02-10 06:00:00+00:00,47,20.0,23.0,23.0,21.5,1.9583333333333333,0.3826834323650899,-0.9238795325112867,0.6612634749656386,0.7501537286959042,-1.3999999999999986,-0.02787027890882713,1.5,-2.0476190476190474,3.669062297180244,0,1.0,0.0,0.0,True,train
2025-02-12 06:00:00+00:00,42410099999,2025-02-10 06:00:00+00:00,48,20.0,23.0,23.0,23.0,2.0,0.130526192220052,-0.9914448613738104,0.6612634749656386,0.7501537286959042,-1.3999999999999986,-0.025641894444227823,0.0,-3.5476190476190474,3.669062297180244,0,1.0,0.0,0.0,True,train
2025-02-10 07:00:00+00:00,43279099999,2025-02-10 06:00:00+00:00,1,30.0,30.0,30.0,30.5,0.041666666666666664,-0.13052619222005177,-0.9914448613738104,0.6350683134867438,0.7724559775191742,-0.1999999999999993,-0.184008882925864,-0.5,-3.5,2.699206232527312,0,0.0,0.0,1.0,True,train
2025-02-10 08:00:00+00:00,43279099999,2025-02-10 06:00:00+00:00,2,30.0,30.0,30.0,30.7,0.08333333333333333,-0.38268343236508967,-0.9238795325112868,0.6350683134867438,0.7724559775191742,-0.1999999999999993,-0.16929634497812224,-0.6999999999999993,-3.6999999999999993,2.699206232527312,0,0.0,0.0,1.0,True,train
2025-02-10 09:00:00+00:00,43279099999,2025-02-10 06:00:00+00:00,3,30.0,30.0,30.0,30.7,0.125,-0.6087614290087207,-0.7933533402912352,0.6350683134867438,0.7724559775191742,-0.1999999999999993,-0.15576015661428042,-0.6999999999999993,-3.6999999999999993,2.699206232527312,0,0.0,0.0,1.0,True,train
2025-02-10 10:00:00+00:00,43279099999,2025-02-10 06:00:00+00:00,4,30.0,30.0,30.0,30.3,0.16666666666666666,-0.7933533402912349,-0.6087614290087209,0.6350683134867438,0.7724559775191742,-0.1999999999999993,-0.14330626211475733,-0.3000000000000007,-3.3000000000000007,2.699206232527312,0,0.0,0.0,1.0,True,train
2025-02-10 11:00:00+00:00,43279099999,2025-02-10 06:00:00+00:00,5,30.0,30.0,29.0,29.6,0.20833333333333334,-0.9238795325112868,-0.3826834323650895,0.6350683134867438,0.7724559775191742,-0.1999999999999993,-0.13184812604008828,-0.6000000000000014,-2.6000000000000014,2.699206232527312,0,0.0,0.0,1.0,True,train
2025-02-10 12:00:00+00:00,43279099999,2025-02-10 06:00:00+00:00,6,29.0,30.0,29.0,28.3,0.25,-0.9914448613738104,-0.13052619222005163,0.6350683134867438,0.7724559775191742,-0.1999999999999993,-0.12130613194252625,0.6999999999999993,-1.3000000000000007,2.699206232527312,0,0.0,0.0,1.0,True,train
2025-02-10 13:00:00+00:00,43279099999,2025-02-10 06:00:00+00:00,7,27.0,30.0,28.0,27.1,0.2916666666666667,-0.9914448613738105,0.13052619222005127,0.6350683134867438,0.7724559775191742,-0.1999999999999993,-0.11160702915400902,0.8999999999999986,-0.10000000000000142,2.699206232527312,0,0.0,0.0,1.0,True,train
2025-02-10 14:00:00+00:00,43279099999,2025-02-10 06:00:00+00:00,8,27.0,30.0,27.0,26.6,0.3333333333333333,-0.923879532511287,0.38268343236508917,0.6350683134867438,0.7724559775191742,-0.1999999999999993,-0.10268342380651804,0.3999999999999986,0.3999999999999986,2.699206232527312,0,0.0,0.0,1.0,True,train
2025-02-10 15:00:00+00:00,43279099999,2025-02-10 06:00:00+00:00,9,26.0,30.0,26.0,26.2,0.375,-0.7933533402912357,0.6087614290087199,0.6350683134867438,0.7724559775191742,-0.1999999999999993,-0.0944733105482026,-0.1999999999999993,0.8000000000000007,2.699206232527312,0,0.0,0.0,1.0,True,train
2025-02-10 16:00:00+00:00,43279099999,2025-02-10 06:00:00+00:00,10,26.0,30.0,26.0,25.7,0.4166666666666667,-0.6087614290087209,0.7933533402912349,0.6350683134867438,0.7724559775191742,-0.1999999999999993,-0.08691964170141533,0.3000000000000007,1.3000000000000007,2.699206232527312,0,0.0,0.0,1.0,True,train
2025-02-10 17:00:00+00:00,43279099999,2025-02-10 06:00:00+00:00,11,26.0,30.0,26.0,25.2,0.4583333333333333,-0.38268343236508956,0.9238795325112868,0.6350683134867438,0.7724559775191742,-0.1999999999999993,-0.0799699308689692,0.8000000000000007,1.8000000000000007,2.699206232527312,0,0.0,0.0,1.0,True,train
2025-02-10 18:00:00+00:00,43279099999,2025-02-10 06:00:00+00:00,12,25.0,30.0,26.0,24.5,0.5,-0.13052619222005168,0.9914448613738104,0.6350683134867438,0.7724559775191742,-0.1999999999999993,-0.0735758882342882,1.5,2.5,2.699206232527312,0,0.0,0.0,1.0,True,train
2025-02-10 19:00:00+00:00,43279099999,2025-02-10 06:00:00+00:00,13,24.0,30.0,26.0,23.8,0.5416666666666666,0.13052619222005157,0.9914448613738104,0.6482618097757122,0.7614175109532997,-0.1999999999999993,-0.0676930850213482,2.1999999999999993,3.1999999999999993,2.699206232527312,0,0.0,0.0,1.0,True,train
2025-02-10 20:00:00+00:00,43279099999,2025-02-10 06:00:00+00:00,14,24.0,30.0,25.0,23.4,0.5833333333333334,0.3826834323650898,0.9238795325112867,0.6482618097757122,0.7614175109532997,-0.1999999999999993,-0.062280644782919316,1.6000000000000014,3.6000000000000014,2.699206232527312,0,0.0,0.0,1.0,True,train
2025-02-10 21:00:00+00:00,43279099999,2025-02-10 06:00:00+00:00,15,,30.0,25.0,23.0,0.625,0.6087614290087207,0.7933533402912352,0.6482618097757122,0.7614175109532997,-0.1999999999999993,-0.057300959372037816,2.0,4.0,2.699206232527312,0,0.0,0.0,1.0,False,train
2025-02-10 22:00:00+00:00,43279099999,2025-02-10 06:00:00+00:00,16,24.0,30.0,25.0,22.7,0.6666666666666666,0.7933533402912352,0.6087614290087207,0.6482618097757122,0.7614175109532997,-0.1999999999999993,-0.05271942762314517,2.3000000000000007,4.300000000000001,2.699206232527312,0,0.0,0.0,1.0,True,train
2025-02-10 23:00:00+00:00,43279099999,2025-02-10 06:00:00+00:00,17,24.0,30.0,25.0,22.0,0.7083333333333334,0.9238795325112867,0.38268343236508984,0.6482618097757122,0.7614175109532997,-0.1999999999999993,-0.048504214927129564,3.0,5.0,2.699206232527312,0,0.0,0.0,1.0,True,train
2025-02-11 00:00:00+00:00,43279099999,2025-02-10 06:00:00+00:00,18,23.0,30.0,24.0,21.2,0.75,0.9914448613738104,0.1305261922200517,0.6482618097757122,0.7614175109532997,-0.1999999999999993,-0.044626032029685805,2.8000000000000007,5.800000000000001,2.699206232527312,0,0.0,0.0,1.0,True,train
2025-02-11 01:00:00+00:00,43279099999,2025-02-10 06:00:00+00:00,19,23.0,30.0,24.0,21.0,0.7916666666666666,0.9914448613738104,-0.1305261922200516,0.6482618097757122,0.7614175109532997,-0.1999999999999993,-0.04105793151598171,3.0,6.0,2.699206232527312,0,0.0,0.0,1.0,True,train
2025-02-11 02:00:00+00:00,43279099999,2025-02-10 06:00:00+00:00,20,23.0,30.0,25.0,21.3,0.8333333333333334,0.9238795325112868,-0.3826834323650895,0.6482618097757122,0.7614175109532997,-0.1999999999999993,-0.037775120567512234,3.6999999999999993,5.699999999999999,2.699206232527312,0,0.0,0.0,1.0,True,train
2025-02-11 03:00:00+00:00,43279099999,2025-02-10 06:00:00+00:00,21,25.0,30.0,26.0,24.9,0.875,0.7933533402912352,-0.6087614290087207,0.6482618097757122,0.7614175109532997,-0.1999999999999993,-0.034754788690088904,1.1000000000000014,2.1000000000000014,2.699206232527312,0,0.0,0.0,1.0,True,train
2025-02-11 04:00:00+00:00,43279099999,2025-02-10 06:00:00+00:00,22,27.0,30.0,27.0,27.3,0.9166666666666666,0.6087614290087209,-0.793353340291235,0.6482618097757122,0.7614175109532997,-0.1999999999999993,-0.031975949215938666,-0.3000000000000007,-0.3000000000000007,2.699206232527312,0,0.0,0.0,1.0,True,train
2025-02-11 05:00:00+00:00,43279099999,2025-02-10 06:00:00+00:00,23,29.0,30.0,29.0,28.9,0.9583333333333334,0.3826834323650899,-0.9238795325112867,0.6482618097757122,0.7614175109532997,-0.1999999999999993,-0.029419293478595256,0.10000000000000142,-1.8999999999999986,2.699206232527312,0,0.0,0.0,1.0,True,train
2025-02-11 06:00:00+00:00,43279099999,2025-02-10 06:00:00+00:00,24,30.0,30.0,30.0,30.4,1.0,0.130526192220052,-0.9914448613738104,0.6482618097757122,0.7614175109532997,-0.1999999999999993,-0.027067056647322445,-0.3999999999999986,-3.3999999999999986,2.699206232527312,0,0.0,0.0,1.0,True,train
2025-02-11 07:00:00+00:00,43279099999,2025-02-10 06:00:00+00:00,25,31.0,30.0,30.0,31.7,1.0416666666666667,-0.13052619222005177,-0.9914448613738104,0.6482618097757122,0.7614175109532997,-0.1999999999999993,-0.024902894288824504,-1.6999999999999993,-4.699999999999999,2.699206232527312,0,0.0,0.0,1.0,True,train
2025-02-11 08:00:00+00:00,43279099999,2025-02-10 06:00:00+00:00,26,31.0,30.0,30.0,32.3,1.0833333333333333,-0.38268343236508967,-0.9238795325112868,0.6482618097757122,0.7614175109532997,-0.1999999999999993,-0.022911768798537464,-2.299999999999997,-5.299999999999997,2.699206232527312,0,0.0,0.0,1.0,True,train
2025-02-11 09:00:00+00:00,43279099999,2025-02-10 06:00:00+00:00,27,30.0,30.0,30.0,32.2,1.125,-0.6087614290087207,-0.7933533402912352,0.6482618097757122,0.7614175109532997,-0.1999999999999993,-0.021079844912372792,-2.200000000000003,-5.200000000000003,2.699206232527312,0,0.0,0.0,1.0,True,train
2025-02-11 10:00:00+00:00,43279099999,2025-02-10 06:00:00+00:00,28,30.0,30.0,30.0,31.6,1.1666666666666667,-0.7933533402912349,-0.6087614290087209,0.6482618097757122,0.7614175109532997,-0.1999999999999993,-0.019394393572880943,-1.6000000000000014,-4.600000000000001,2.699206232527312,0,0.0,0.0,1.0,True,train
2025-02-11 11:00:00+00:00,43279099999,2025-02-10 06:00:00+00:00,29,29.0,30.0,29.0,30.6,1.2083333333333333,-0.9238795325112868,-0.3826834323650895,0.6482618097757122,0.7614175109532997,-0.1999999999999993,-0.01784370348185196,-1.6000000000000014,-3.6000000000000014,2.699206232527312,0,0.0,0.0,1.0,True,train
2025-02-11 12:00:00+00:00,43279099999,2025-02-10 06:00:00+00:00,30,28.0,30.0,29.0,28.9,1.25,-0.9914448613738104,-0.13052619222005163,0.6482618097757122,0.7614175109532997,-0.1999999999999993,-0.016416999724779703,0.10000000000000142,-1.8999999999999986,2.699206232527312,0,0.0,0.0,1.0,True,train
2025-02-11 13:00:00+00:00,43279099999,2025-02-10 06:00:00+00:00,31,27.0,30.0,28.0,27.0,1.2916666666666667,-0.9914448613738105,0.13052619222005127,0.6482618097757122,0.7614175109532997,-0.1999999999999993,-0.015104368901754699,1.0,0.0,2.699206232527312,0,0.0,0.0,1.0,True,train
2025-02-11 14:00:00+00:00,43279099999,2025-02-10 06:00:00+00:00,32,27.0,30.0,27.0,26.0,1.3333333333333333,-0.923879532511287,0.38268343236508917,0.6482618097757122,0.7614175109532997,-0.1999999999999993,-0.013896690244560259,1.0,1.0,2.699206232527312,0,0.0,0.0,1.0,True,train
2025-02-11 15:00:00+00:00,43279099999,2025-02-10 06:00:00+00:00,33,26.0,30.0,26.0,25.3,1.375,-0.7933533402912357,0.6087614290087199,0.6482618097757122,0.7614175109532997,-0.1999999999999993,-0.012785572241341468,0.6999999999999993,1.6999999999999993,2.699206232527312,0,0.0,0.0,1.0,True,train
2025-02-11 16:00:00+00:00,43279099999,2025-02-10 06:00:00+00:00,34,26.0,30.0,26.0,24.3,1.4166666666666667,-0.6087614290087209,0.7933533402912349,0.6482618097757122,0.7614175109532997,-0.1999999999999993,-0.011763294328485935,1.6999999999999993,2.6999999999999993,2.699206232527312,0,0.0,0.0,1.0,True,train
2025-02-11 17:00:00+00:00,43279099999,2025-02-10 06:00:00+00:00,35,25.0,30.0,26.0,23.8,1.4583333333333333,-0.38268343236508956,0.9238795325112868,0.6482618097757122,0.7614175109532997,-0.1999999999999993,-0.010822753244564283,2.1999999999999993,3.1999999999999993,2.699206232527312,0,0.0,0.0,1.0,True,train
2025-02-11 18:00:00+00:00,43279099999,2025-02-10 06:00:00+00:00,36,,30.0,26.0,23.3,1.5,-0.13052619222005168,0.9914448613738104,0.6482618097757122,0.7614175109532997,-0.1999999999999993,-0.009957413673572753,2.6999999999999993,3.6999999999999993,2.699206232527312,0,0.0,0.0,1.0,False,train
2025-02-11 19:00:00+00:00,43279099999,2025-02-10 06:00:00+00:00,37,,30.0,26.0,22.9,1.5416666666666667,0.13052619222005157,0.9914448613738104,0.6612634749656386,0.7501537286959042,-0.1999999999999993,-0.009161262834524262,3.1000000000000014,4.100000000000001,2.699206232527312,0,0.0,0.0,1.0,False,train
2025-02-11 20:00:00+00:00,43279099999,2025-02-10 06:00:00+00:00,38,24.0,30.0,25.0,22.7,1.5833333333333333,0.3826834323650898,0.9238795325112867,0.6612634749656386,0.7501537286959042,-0.1999999999999993,-0.00842876870185525,2.3000000000000007,4.300000000000001,2.699206232527312,0,0.0,0.0,1.0,True,train
2025-02-11 21:00:00+00:00,43279099999,2025-02-10 06:00:00+00:00,39,24.0,30.0,25.0,21.7,1.625,0.6087614290087207,0.7933533402912352,0.6612634749656386,0.7501537286959042,-0.1999999999999993,-0.007754841566344374,3.3000000000000007,5.300000000000001,2.699206232527312,0,0.0,0.0,1.0,True,train
2025-02-11 22:00:00+00:00,43279099999,2025-02-10 06:00:00+00:00,40,24.0,30.0,25.0,20.9,1.6666666666666667,0.7933533402912352,0.6087614290087207,0.6612634749656386,0.7501537286959042,-0.1999999999999993,-0.007134798669450454,4.100000000000001,6.100000000000001,2.699206232527312,0,0.0,0.0,1.0,True,train
2025-02-11 23:00:00+00:00,43279099999,2025-02-10 06:00:00+00:00,41,23.0,30.0,25.0,20.0,1.7083333333333333,0.9238795325112867,0.38268343236508984,0.6612634749656386,0.7501537286959042,-0.1999999999999993,-0.0065643316653326185,5.0,7.0,2.699206232527312,0,0.0,0.0,1.0,True,train
2025-02-12 00:00:00+00:00,43279099999,2025-02-10 06:00:00+00:00,42,23.0,30.0,24.0,19.2,1.75,0.9914448613738104,0.1305261922200517,0.6612634749656386,0.7501537286959042,-0.1999999999999993,-0.006039476684463679,4.800000000000001,7.800000000000001,2.699206232527312,0,0.0,0.0,1.0,True,train
2025-02-12 01:00:00+00:00,43279099999,2025-02-10 06:00:00+00:00,43,23.0,30.0,24.0,18.6,1.7916666666666667,0.9914448613738104,-0.1305261922200516,0.6612634749656386,0.7501537286959042,-0.1999999999999993,-0.005556586790824831,5.399999999999999,8.399999999999999,2.699206232527312,0,0.0,0.0,1.0,True,train
2025-02-12 02:00:00+00:00,43279099999,2025-02-10 06:00:00+00:00,44,23.0,30.0,25.0,19.2,1.8333333333333333,0.9238795325112868,-0.3826834323650895,0.6612634749656386,0.7501537286959042,-0.1999999999999993,-0.005112306641301462,5.800000000000001,7.800000000000001,2.699206232527312,0,0.0,0.0,1.0,True,train
2025-02-12 03:00:00+00:00,43279099999,2025-02-10 06:00:00+00:00,45,25.0,30.0,26.0,21.5,1.875,0.7933533402912352,-0.6087614290087207,0.6612634749656386,0.7501537286959042,-0.1999999999999993,-0.004703549171201805,4.5,5.5,2.699206232527312,0,0.0,0.0,1.0,True,train
2025-02-12 04:00:00+00:00,43279099999,2025-02-10 06:00:00+00:00,46,27.0,30.0,27.0,25.5,1.9166666666666667,0.6087614290087209,-0.793353340291235,0.6612634749656386,0.7501537286959042,-0.1999999999999993,-0.004327474143898603,1.5,1.5,2.699206232527312,0,0.0,0.0,1.0,True,train
2025-02-12 05:00:00+00:00,43279099999,2025-02-10 06:00:00+00:00,47,28.0,30.0,29.0,28.3,1.9583333333333333,0.3826834323650899,-0.9238795325112867,0.6612634749656386,0.7501537286959042,-0.1999999999999993,-0.003981468415546723,0.6999999999999993,-1.3000000000000007,2.699206232527312,0,0.0,0.0,1.0,True,train
2025-02-12 06:00:00+00:00,43279099999,2025-02-10 06:00:00+00:00,48,30.0,30.0,30.0,30.6,2.0,0.130526192220052,-0.9914448613738104,0.6612634749656386,0.7501537286959042,-0.1999999999999993,-0.0036631277777468226,-0.6000000000000014,-3.6000000000000014,2.699206232527312,0,0.0,0.0,1.0,True,train
2025-02-12 07:00:00+00:00,42410099999,2025-02-12 06:00:00+00:00,1,21.0,20.0,24.0,23.9,0.041666666666666664,-0.13052619222005177,-0.9914448613738104,0.6612634749656386,0.7501537286959042,-2.6999999999999993,-2.484119919499172,0.10000000000000142,-4.548809523809524,3.651711733251468,0,1.0,0.0,0.0,True,train
2025-02-12 08:00:00+00:00,42410099999,2025-02-12 06:00:00+00:00,2,22.0,20.0,24.0,24.5,0.08333333333333333,-0.38268343236508967,-0.9238795325112868,0.6612634749656386,0.7501537286959042,-2.6999999999999993,-2.2855006572046577,-0.5,-5.1488095238095255,3.651711733251468,0,1.0,0.0,0.0,True,train
2025-02-12 09:00:00+00:00,42410099999,2025-02-12 06:00:00+00:00,3,23.0,20.0,24.0,24.6,0.125,-0.6087614290087207,-0.7933533402912352,0.6612634749656386,0.7501537286959042,-2.6999999999999993,-2.102762114292793,-0.6000000000000014,-5.248809523809527,3.651711733251468,0,1.0,0.0,0.0,True,train
2025-02-12 10:00:00+00:00,42410099999,2025-02-12 06:00:00+00:00,4,23.0,20.0,24.0,24.2,0.16666666666666666,-0.7933533402912349,-0.6087614290087209,0.6612634749656386,0.7501537286959042,-2.6999999999999993,-1.9346345385492305,-0.1999999999999993,-4.848809523809525,3.651711733251468,0,1.0,0.0,0.0,True,train
2025-02-12 11:00:00+00:00,42410099999,2025-02-12 06:00:00+00:00,5,23.0,20.0,23.0,22.9,0.20833333333333334,-0.9238795325112868,-0.3826834323650895,0.6612634749656386,0.7501537286959042,-2.6999999999999993,-1.7799497015411978,0.10000000000000142,-3.548809523809524,3.651711733251468,0,1.0,0.0,0.0,True,train
2025-02-12 12:00:00+00:00,42410099999,2025-02-12 06:00:00+00:00,6,21.0,20.0,21.0,20.9,0.25,-0.9914448613738104,-0.13052619222005163,0.6612634749656386,0.7501537286959042,-2.6999999999999993,-1.6376327812241098,0.10000000000000142,-1.548809523809524,3.651711733251468,0,1.0,0.0,0.0,True,train
2025-02-12 13:00:00+00:00,42410099999,2025-02-12 06:00:00+00:00,7,19.0,20.0,21.0,19.8,0.2916666666666667,-0.9914448613738105,0.13052619222005127,0.6612634749656386,0.7501537286959042,-2.6999999999999993,-1.5066948935791267,1.1999999999999993,-0.4488095238095262,3.651711733251468,0,1.0,0.0,0.0,True,train
2025-02-12 14:00:00+00:00,42410099999,2025-02-12 06:00:00+00:00,8,18.0,20.0,20.0,18.9,0.3333333333333333,-0.923879532511287,0.38268343236508917,0.6612634749656386,0.7501537286959042,-2.6999999999999993,-1.3862262213879981,1.1000000000000014,0.4511904761904759,3.651711733251468,0,1.0,0.0,0.0,True,train
2025-02-12 15:00:00+00:00,42410099999,2025-02-12 06:00:00+00:00,9,17.0,20.0,20.0,18.5,0.375,-0.7933533402912357,0.6087614290087199,0.6612634749656386,0.7501537286959042,-2.6999999999999993,-1.2753896924007393,1.5,0.8511904761904745,3.651711733251468,0,1.0,0.0,0.0,True,train
2025-02-12 16:00:00+00:00,42410099999,2025-02-12 06:00:00+00:00,10,16.0,20.0,18.0,18.2,0.4166666666666667,-0.6087614290087209,0.7933533402912349,0.6612634749656386,0.7501537286959042,-2.6999999999999993,-1.1734151629691107,-0.1999999999999993,1.1511904761904752,3.651711733251468,0,1.0,0.0,0.0,True,train
2025-02-12 17:00:00+00:00,42410099999,2025-02-12 06:00:00+00:00,11,17.0,20.0,18.0,17.6,0.4583333333333333,-0.38268343236508956,0.9238795325112868,0.6612634749656386,0.7501537286959042,-2.6999999999999993,-1.0795940667310877,0.3999999999999986,1.751190476190473,3.651711733251468,0,1.0,0.0,0.0,True,train
2025-02-12 18:00:00+00:00,42410099999,2025-02-12 06:00:00+00:00,12,15.0,20.0,18.0,17.2,0.5,-0.13052619222005168,0.9914448613738104,0.6612634749656386,0.7501537286959042,-2.6999999999999993,-0.993274491162894,0.8000000000000007,2.151190476190475,3.651711733251468,0,1.0,0.0,0.0,True,train
2025-02-12 19:00:00+00:00,42410099999,2025-02-12 06:00:00+00:00,13,16.0,20.0,18.0,16.2,0.5416666666666666,0.13052619222005157,0.9914448613738104,0.6740694616546162,0.7386679638813748,-2.6999999999999993,-0.9138566477882037,1.8000000000000007,3.151190476190475,3.651711733251468,0,1.0,0.0,0.0,True,train
2025-02-12 20:00:00+00:00,42410099999,2025-02-12 06:00:00+00:00,14,16.0,20.0,17.0,15.7,0.5833333333333334,0.3826834323650898,0.9238795325112867,0.6740694616546162,0.7386679638813748,-2.6999999999999993,-0.8407887045694136,1.3000000000000007,3.651190476190475,3.651711733251468,0,1.0,0.0,0.0,True,train
2025-02-12 21:00:00+00:00,42410099999,2025-02-12 06:00:00+00:00,15,16.0,20.0,16.0,15.5,0.625,0.6087614290087207,0.7933533402912352,0.6740694616546162,0.7386679638813748,-2.6999999999999993,-0.7735629515225131,0.5,3.8511904761904745,3.651711733251468,0,1.0,0.0,0.0,True,train
2025-02-12 22:00:00+00:00,42410099999,2025-02-12 06:00:00+00:00,16,,20.0,16.0,15.1,0.6666666666666666,0.7933533402912352,0.6087614290087207,0.6740694616546162,0.7386679638813748,-2.6999999999999993,-0.7117122729124621,0.9000000000000004,4.251190476190475,3.651711733251468,0,1.0,0.0,0.0,False,train
2025-02-12 23:00:00+00:00,42410099999,2025-02-12 06:00:00+00:00,17,15.0,20.0,15.0,14.9,0.7083333333333334,0.9238795325112867,0.38268343236508984,0.6740694616546162,0.7386679638813748,-2.6999999999999993,-0.6548069015162512,0.09999999999999964,4.451190476190474,3.651711733251468,0,1.0,0.0,0.0,True,train
2025-02-13 00:00:00+00:00,42410099999,2025-02-12 06:00:00+00:00,18,14.0,20.0,14.0,14.4,0.75,0.9914448613738104,0.1305261922200517,0.6740694616546162,0.7386679638813748,-2.6999999999999993,-0.6024514324007604,-0.40000000000000036,4.951190476190474,3.651711733251468,0,1.0,0.0,0.0,True,train
2025-02-13 01:00:00+00:00,42410099999,2025-02-12 06:00:00+00:00,19,13.0,20.0,14.0,14.4,0.7916666666666666,0.9914448613738104,-0.1305261922200516,0.6740694616546162,0.7386679638813748,-2.6999999999999993,-0.5542820754657549,-0.40000000000000036,4.951190476190474,3.651711733251468,0,1.0,0.0,0.0,True,train
2025-02-13 02:00:00+00:00,42410099999,2025-02-12 06:00:00+00:00,20,15.0,20.0,15.0,16.1,0.8333333333333334,0.9238795325112868,-0.3826834323650895,0.6740694616546162,0.7386679638813748,-2.6999999999999993,-0.5099641276614169,-1.1000000000000014,3.251190476190473,3.651711733251468,0,1.0,0.0,0.0,True,train
2025-02-13 03:00:00+00:00,42410099999,2025-02-12 06:00:00+00:00,21,18.0,20.0,17.0,18.2,0.875,0.7933533402912352,-0.6087614290087207,0.6740694616546162,0.7386679638813748,-2.6999999999999993,-0.4691896473162018,-1.1999999999999993,1.1511904761904752,3.651711733251468,0,1.0,0.0,0.0,True,train
2025-02-13 04:00:00+00:00,42410099999,2025-02-12 06:00:00+00:00,22,19.0,20.0,19.0,20.0,0.9166666666666666,0.6087614290087209,-0.793353340291235,0.6740694616546162,0.7386679638813748,-2.6999999999999993,-0.43167531441517343,-1.0,-0.6488095238095255,3.651711733251468,0,1.0,0.0,0.0,True,train
2025-02-13 05:00:00+00:00,42410099999,2025-02-12 06:00:00+00:00,23,20.0,20.0,20.0,21.3,0.9583333333333334,0.3826834323650899,-0.9238795325112867,0.6740694616546162,0.7386679638813748,-2.6999999999999993,-0.39716046196103727,-1.3000000000000007,-1.9488095238095262,3.651711733251468,0,1.0,0.0,0.0,True,train
2025-02-13 06:00:00+00:00,42410099999,2025-02-12 06:00:00+00:00,24,22.0,20.0,20.0,22.5,1.0,0.130526192220052,-0.9914448613738104,0.6740694616546162,0.7386679638813748,-2.6999999999999993,-0.3654052647388542,-2.5,-3.1488095238095255,3.651711733251468,0,1.0,0.0,0.0,True,train
2025-02-13 07:00:00+00:00,42410099999,2025-02-12 06:00:00+00:00,25,24.0,20.0,24.0,23.6,1.0416666666666667,-0.13052619222005177,-0.9914448613738104,0.6740694616546162,0.7386679638813748,-2.6999999999999993,-0.3361890728991319,0.3999999999999986,-4.248809523809527,3.651711733251468,0,1.0,0.0,0.0,True,train
2025-02-13 08:00:00+00:00,42410099999,2025-02-12 06:00:00+00:00,26,25.0,20.0,24.0,24.2,1.0833333333333333,-0.38268343236508967,-0.9238795325112868,0.6740694616546162,0.7386679638813748,-2.6999999999999993,-0.3093088787802568,-0.1999999999999993,-4.848809523809525,3.651711733251468,0,1.0,0.0,0.0,True,train
2025-02-13 09:00:00+00:00,42410099999,2025-02-12 06:00:00+00:00,27,25.0,20.0,24.0,24.3,1.125,-0.6087614290087207,-0.7933533402912352,0.6740694616546162,0.7386679638813748,-2.6999999999999993,-0.2845779063170336,-0.3000000000000007,-4.948809523809526,3.651711733251468,0,1.0,0.0,0.0,True,train
2025-02-13 10:00:00+00:00,42410099999,2025-02-12 06:00:00+00:00,28,25.0,20.0,24.0,23.9,1.1666666666666667,-0.7933533402912349,-0.6087614290087209,0.6740694616546162,0.7386679638813748,-2.6999999999999993,-0.2618243132338936,0.10000000000000142,-4.548809523809524,3.651711733251468,0,1.0,0.0,0.0,True,train
2025-02-13 11:00:00+00:00,42410099999,2025-02-12 06:00:00+00:00,29,24.0,20.0,23.0,22.5,1.2083333333333333,-0.9238795325112868,-0.3826834323650895,0.6740694616546162,0.7386679638813748,-2.6999999999999993,-0.24088999700500224,0.5,-3.1488095238095255,3.651711733251468,0,1.0,0.0,0.0,True,train
2025-02-13 12:00:00+00:00,42410099999,2025-02-12 06:00:00+00:00,30,22.0,20.0,21.0,20.3,1.25,-0.9914448613738104,-0.13052619222005163,0.6740694616546162,0.7386679638813748,-2.6999999999999993,-0.2216294962845267,0.6999999999999993,-0.9488095238095262,3.651711733251468,0,1.0,0.0,0.0,True,train
2025-02-13 13:00:00+00:00,42410099999,2025-02-12 06:00:00+00:00,31,20.0,20.0,21.0,19.9,1.2916666666666667,-0.9914448613738105,0.13052619222005127,0.6740694616546162,0.7386679638813748,-2.6999999999999993,-0.2039089801736891,1.1000000000000014,-0.5488095238095241,3.651711733251468,0,1.0,0.0,0.0,True,train
2025-02-13 14:00:00+00:00,42410099999,2025-02-12 06:00:00+00:00,32,20.0,20.0,20.0,19.2,1.3333333333333333,-0.923879532511287,0.38268343236508917,0.6740694616546162,0.7386679638813748,-2.6999999999999993,-0.18760531830156413,0.8000000000000007,0.1511904761904752,3.651711733251468,0,1.0,0.0,0.0,True,train
2025-02-13 15:00:00+00:00,42410099999,2025-02-12 06:00:00+00:00,33,19.0,20.0,20.0,18.1,1.375,-0.7933533402912357,0.6087614290087199,0.6740694616546162,0.7386679638813748,-2.6999999999999993,-0.1726052252581104,1.8999999999999986,1.251190476190473,3.651711733251468,0,1.0,0.0,0.0,True,train
2025-02-13 16:00:00+00:00,42410099999,2025-02-12 06:00:00+00:00,34,19.0,20.0,18.0,17.1,1.4166666666666667,-0.6087614290087209,0.7933533402912349,0.6740694616546162,0.7386679638813748,-2.6999999999999993,-0.15880447343456064,0.8999999999999986,2.251190476190473,3.651711733251468,0,1.0,0.0,0.0,True,train
2025-02-13 17:00:00+00:00,42410099999,2025-02-12 06:00:00+00:00,35,19.0,20.0,18.0,17.2,1.4583333333333333,-0.38268343236508956,0.9238795325112868,0.6740694616546162,0.7386679638813748,-2.6999999999999993,-0.1461071688016183,0.8000000000000007,2.151190476190475,3.651711733251468,0,1.0,0.0,0.0,True,train
2025-02-13 18:00:00+00:00,42410099999,2025-02-12 06:00:00+00:00,36,19.0,20.0,18.0,17.3,1.5,-0.13052619222005168,0.9914448613738104,0.6740694616546162,0.7386679638813748,-2.6999999999999993,-0.1344250845932326,0.6999999999999993,2.051190476190474,3.651711733251468,0,1.0,0.0,0.0,True,train
2025-02-13 19:00:00+00:00,42410099999,2025-02-12 06:00:00+00:00,37,18.0,20.0,18.0,17.3,1.5416666666666667,0.13052619222005157,0.9914448613738104,0.6866759803451553,0.726963615332308,-2.6999999999999993,-0.12367704826607795,0.6999999999999993,2.051190476190474,3.651711733251468,0,1.0,0.0,0.0,True,train
2025-02-13 20:00:00+00:00,42410099999,2025-02-12 06:00:00+00:00,38,17.0,20.0,17.0,16.1,1.5833333333333333,0.3826834323650898,0.9238795325112867,0.6866759803451553,0.726963615332308,-2.6999999999999993,-0.11378837747504626,0.8999999999999986,3.251190476190473,3.651711733251468,0,1.0,0.0,0.0,True,train
2025-02-13 21:00:00+00:00,42410099999,2025-02-12 06:00:00+00:00,39,17.0,20.0,16.0,15.1,1.625,0.6087614290087207,0.7933533402912352,0.6866759803451553,0.726963615332308,-2.6999999999999993,-0.10469036114564939,0.9000000000000004,4.251190476190475,3.651711733251468,0,1.0,0.0,0.0,True,train
2025-02-13 22:00:00+00:00,42410099999,2025-02-12 06:00:00+00:00,40,16.0,20.0,16.0,14.8,1.6666666666666667,0.7933533402912352,0.6087614290087207,0.6866759803451553,0.726963615332308,-2.6999999999999993,-0.09631978203758144,1.1999999999999993,4.551190476190474,3.651711733251468,0,1.0,0.0,0.0,True,train
2025-02-13 23:00:00+00:00,42410099999,2025-02-12 06:00:00+00:00,41,15.0,20.0,15.0,14.3,1.7083333333333333,0.9238795325112867,0.38268343236508984,0.6866759803451553,0.726963615332308,-2.6999999999999993,-0.08861847748199063,0.6999999999999993,5.051190476190474,3.651711733251468,0,1.0,0.0,0.0,True,train
2025-02-14 00:00:00+00:00,42410099999,2025-02-12 06:00:00+00:00,42,14.0,20.0,14.0,14.2,1.75,0.9914448613738104,0.1305261922200517,0.6866759803451553,0.726963615332308,-2.6999999999999993,-0.08153293524025994,-0.1999999999999993,5.151190476190475,3.651711733251468,0,1.0,0.0,0.0,True,train
2025-02-14 01:00:00+00:00,42410099999,2025-02-12 06:00:00+00:00,43,14.0,20.0,14.0,14.1,1.7916666666666667,0.9914448613738104,-0.1305261922200516,0.6866759803451553,0.726963615332308,-2.6999999999999993,-0.07501392167613546,-0.09999999999999964,5.251190476190475,3.651711733251468,0,1.0,0.0,0.0,True,train
2025-02-14 02:00:00+00:00,42410099999,2025-02-12 06:00:00+00:00,44,16.0,20.0,15.0,15.6,1.8333333333333333,0.9238795325112868,-0.3826834323650895,0.6866759803451553,0.726963615332308,-2.6999999999999993,-0.06901613965756997,-0.5999999999999996,3.751190476190475,3.651711733251468,0,1.0,0.0,0.0,True,train
2025-02-14 03:00:00+00:00,42410099999,2025-02-12 06:00:00+00:00,45,18.0,20.0,17.0,17.2,1.875,0.7933533402912352,-0.6087614290087207,0.6866759803451553,0.726963615332308,-2.6999999999999993,-0.06349791381122458,-0.1999999999999993,2.151190476190475,3.651711733251468,0,1.0,0.0,0.0,True,train
2025-02-14 04:00:00+00:00,42410099999,2025-02-12 06:00:00+00:00,46,19.0,20.0,19.0,19.3,1.9166666666666667,0.6087614290087209,-0.793353340291235,0.6866759803451553,0.726963615332308,-2.6999999999999993,-0.058420900942631325,-0.3000000000000007,0.05119047619047379,3.651711733251468,0,1.0,0.0,0.0,True,train
2025-02-14 05:00:00+00:00,42410099999,2025-02-12 06:00:00+00:00,47,20.0,20.0,20.0,20.9,1.9583333333333333,0.3826834323650899,-0.9238795325112867,0.6866759803451553,0.726963615332308,-2.6999999999999993,-0.05374982360988094,-0.8999999999999986,-1.548809523809524,3.651711733251468,0,1.0,0.0,0.0,True,train
2025-02-14 06:00:00+00:00,42410099999,2025-02-12 06:00:00+00:00,48,21.0,20.0,20.0,22.1,2.0,0.130526192220052,-0.9914448613738104,0.6866759803451553,0.726963615332308,-2.6999999999999993,-0.04945222499958227,-2.1000000000000014,-2.748809523809527,3.651711733251468,0,1.0,0.0,0.0,True,train
2025-02-12 07:00:00+00:00,43279099999,2025-02-12 06:00:00+00:00,1,31.0,30.0,31.0,32.2,0.041666666666666664,-0.13052619222005177,-0.9914448613738104,0.6612634749656386,0.7501537286959042,-0.6000000000000014,-0.5520266487775953,-1.2000000000000028,-5.3071428571428605,2.593571985941108,0,0.0,0.0,1.0,True,train
2025-02-12 08:00:00+00:00,43279099999,2025-02-12 06:00:00+00:00,2,31.0,30.0,31.0,32.8,0.08333333333333333,-0.38268343236508967,-0.9238795325112868,0.6612634749656386,0.7501537286959042,-0.6000000000000014,-0.5078890349343697,-1.7999999999999972,-5.907142857142855,2.593571985941108,0,0.0,0.0,1.0,True,train
2025-02-12 09:00:00+00:00,43279099999,2025-02-12 06:00:00+00:00,3,31.0,30.0,30.0,32.3,0.125,-0.6087614290087207,-0.7933533402912352,0.6612634749656386,0.7501537286959042,-0.6000000000000014,-0.46728046984284405,-2.299999999999997,-5.407142857142855,2.593571985941108,0,0.0,0.0,1.0,True,train
2025-02-12 10:00:00+00:00,43279099999,2025-02-12 06:00:00+00:00,4,31.0,30.0,30.0,31.2,0.16666666666666666,-0.7933533402912349,-0.6087614290087209,0.6612634749656386,0.7501537286959042,-0.6000000000000014,-0.4299187863442746,-1.1999999999999993,-4.307142857142857,2.593571985941108,0,0.0,0.0,1.0,True,train
2025-02-12 11:00:00+00:00,43279099999,2025-02-12 06:00:00+00:00,5,30.0,30.0,29.0,29.7,0.20833333333333334,-0.9238795325112868,-0.3826834323650895,0.6612634749656386,0.7501537286959042,-0.6000000000000014,-0.3955443781202672,-0.6999999999999993,-2.807142857142857,2.593571985941108,0,0.0,0.0,1.0,True,train
2025-02-12 12:00:00+00:00,43279099999,2025-02-12 06:00:00+00:00,6,29.0,30.0,28.0,28.2,0.25,-0.9914448613738104,-0.13052619222005163,0.6612634749656386,0.7501537286959042,-0.6000000000000014,-0.3639183958275809,-0.1999999999999993,-1.307142857142857,2.593571985941108,0,0.0,0.0,1.0,True,train
2025-02-12 13:00:00+00:00,43279099999,2025-02-12 06:00:00+00:00,7,28.0,30.0,27.0,26.4,0.2916666666666667,-0.9914448613738105,0.13052619222005127,0.6612634749656386,0.7501537286959042,-0.6000000000000014,-0.33482108746202904,0.6000000000000014,0.49285714285714377,2.593571985941108,0,0.0,0.0,1.0,True,train
2025-02-12 14:00:00+00:00,43279099999,2025-02-12 06:00:00+00:00,8,27.0,30.0,27.0,25.6,0.3333333333333333,-0.923879532511287,0.38268343236508917,0.6612634749656386,0.7501537286959042,-0.6000000000000014,-0.30805027141955593,1.3999999999999986,1.292857142857141,2.593571985941108,0,0.0,0.0,1.0,True,train
2025-02-12 15:00:00+00:00,43279099999,2025-02-12 06:00:00+00:00,9,27.0,30.0,26.0,25.1,0.375,-0.7933533402912357,0.6087614290087199,0.6612634749656386,0.7501537286959042,-0.6000000000000014,-0.2834199316446095,0.8999999999999986,1.792857142857141,2.593571985941108,0,0.0,0.0,1.0,True,train
2025-02-12 16:00:00+00:00,43279099999,2025-02-12 06:00:00+00:00,10,25.0,30.0,26.0,24.5,0.4166666666666667,-0.6087614290087209,0.7933533402912349,0.6612634749656386,0.7501537286959042,-0.6000000000000014,-0.26075892510424753,1.5,2.3928571428571423,2.593571985941108,0,0.0,0.0,1.0,True,train
2025-02-12 17:00:00+00:00,43279099999,2025-02-12 06:00:00+00:00,11,25.0,30.0,25.0,23.8,0.4583333333333333,-0.38268343236508956,0.9238795325112868,0.6612634749656386,0.7501537286959042,-0.6000000000000014,-0.23990979260690898,1.1999999999999993,3.0928571428571416,2.593571985941108,0,0.0,0.0,1.0,True,train
2025-02-12 18:00:00+00:00,43279099999,2025-02-12 06:00:00+00:00,12,24.0,30.0,25.0,23.4,0.5,-0.13052619222005168,0.9914448613738104,0.6612634749656386,0.7501537286959042,-0.6000000000000014,-0.22072766470286592,1.6000000000000014,3.4928571428571438,2.593571985941108,0,0.0,0.0,1.0,True,train
2025-02-12 19:00:00+00:00,43279099999,2025-02-12 06:00:00+00:00,13,24.0,30.0,25.0,22.7,0.5416666666666666,0.13052619222005157,0.9914448613738104,0.6740694616546162,0.7386679638813748,-0.6000000000000014,-0.2030792550640458,2.3000000000000007,4.192857142857143,2.593571985941108,0,0.0,0.0,1.0,True,train
2025-02-12 20:00:00+00:00,43279099999,2025-02-12 06:00:00+00:00,14,24.0,30.0,24.0,21.4,0.5833333333333334,0.3826834323650898,0.9238795325112867,0.6740694616546162,0.7386679638813748,-0.6000000000000014,-0.18684193434875906,2.6000000000000014,5.492857142857144,2.593571985941108,0,0.0,0.0,1.0,True,train
2025-02-12 21:00:00+00:00,43279099999,2025-02-12 06:00:00+00:00,15,23.0,30.0,24.0,21.0,0.625,0.6087614290087207,0.7933533402912352,0.6740694616546162,0.7386679638813748,-0.6000000000000014,-0.17190287811611446,3.0,5.892857142857142,2.593571985941108,0,0.0,0.0,1.0,True,train
2025-02-12 22:00:00+00:00,43279099999,2025-02-12 06:00:00+00:00,16,23.0,30.0,24.0,20.1,0.6666666666666666,0.7933533402912352,0.6087614290087207,0.6740694616546162,0.7386679638813748,-0.6000000000000014,-0.15815828286943642,3.8999999999999986,6.792857142857141,2.593571985941108,0,0.0,0.0,1.0,True,train
2025-02-12 23:00:00+00:00,43279099999,2025-02-12 06:00:00+00:00,17,23.0,30.0,23.0,19.5,0.7083333333333334,0.9238795325112867,0.38268343236508984,0.6740694616546162,0.7386679638813748,-0.6000000000000014,-0.14551264478138956,3.5,7.392857142857142,2.593571985941108,0,0.0,0.0,1.0,True,train
2025-02-13 00:00:00+00:00,43279099999,2025-02-12 06:00:00+00:00,18,23.0,30.0,23.0,19.1,0.75,0.9914448613738104,0.1305261922200517,0.6740694616546162,0.7386679638813748,-0.6000000000000014,-0.1338780960890582,3.8999999999999986,7.792857142857141,2.593571985941108,0,0.0,0.0,1.0,True,train
2025-02-13 01:00:00+00:00,43279099999,2025-02-12 06:00:00+00:00,19,22.0,30.0,23.0,19.2,0.7916666666666666,0.9914448613738104,-0.1305261922200516,0.6740694616546162,0.7386679638813748,-0.6000000000000014,-0.12317379454794586,3.8000000000000007,7.692857142857143,2.593571985941108,0,0.0,0.0,1.0,True,train
2025-02-13 02:00:00+00:00,43279099999,2025-02-12 06:00:00+00:00,20,23.0,30.0,23.0,19.8,0.8333333333333334,0.9238795325112868,-0.3826834323650895,0.6740694616546162,0.7386679638813748,-0.6000000000000014,-0.11332536170253736,3.1999999999999993,7.092857142857142,2.593571985941108,0,0.0,0.0,1.0,True,train
2025-02-13 03:00:00+00:00,43279099999,2025-02-12 06:00:00+00:00,21,24.0,30.0,25.0,21.3,0.875,0.7933533402912352,-0.6087614290087207,0.6740694616546162,0.7386679638813748,-0.6000000000000014,-0.10426436607026733,3.6999999999999993,5.592857142857142,2.593571985941108,0,0.0,0.0,1.0,True,train
2025-02-13 04:00:00+00:00,43279099999,2025-02-12 06:00:00+00:00,22,25.0,30.0,27.0,24.0,0.9166666666666666,0.6087614290087209,-0.793353340291235,0.6740694616546162,0.7386679638813748,-0.6000000000000014,-0.09592784764781657,3.0,2.8928571428571423,2.593571985941108,0,0.0,0.0,1.0,True,train
2025-02-13 05:00:00+00:00,43279099999,2025-02-12 06:00:00+00:00,23,27.0,30.0,28.0,27.6,0.9583333333333334,0.3826834323650899,-0.9238795325112867,0.6740694616546162,0.7386679638813748,-0.6000000000000014,-0.08825788043578629,0.3999999999999986,-0.7071428571428591,2.593571985941108,0,0.0,0.0,1.0,True,train
2025-02-13 06:00:00+00:00,43279099999,2025-02-12 06:00:00+00:00,24,29.0,30.0,30.0,30.1,1.0,0.130526192220052,-0.9914448613738104,0.6740694616546162,0.7386679638813748,-0.6000000000000014,-0.08120116994196781,-0.10000000000000142,-3.207142857142859,2.593571985941108,0,0.0,0.0,1.0,True,train
2025-02-13 07:00:00+00:00,43279099999,2025-02-12 06:00:00+00:00,25,31.0,30.0,31.0,31.7,1.0416666666666667,-0.13052619222005177,-0.9914448613738104,0.6740694616546162,0.7386679638813748,-0.6000000000000014,-0.07470868286647396,-0.6999999999999993,-4.807142857142857,2.593571985941108,0,0.0,0.0,1.0,True,train
2025-02-13 08:00:00+00:00,43279099999,2025-02-12 06:00:00+00:00,26,31.0,30.0,31.0,32.0,1.0833333333333333,-0.38268343236508967,-0.9238795325112868,0.6740694616546162,0.7386679638813748,-0.6000000000000014,-0.0687353063956128,-1.0,-5.107142857142858,2.593571985941108,0,0.0,0.0,1.0,True,train
2025-02-13 09:00:00+00:00,43279099999,2025-02-12 06:00:00+00:00,27,31.0,30.0,30.0,31.6,1.125,-0.6087614290087207,-0.7933533402912352,0.6740694616546162,0.7386679638813748,-0.6000000000000014,-0.06323953473711875,-1.6000000000000014,-4.707142857142859,2.593571985941108,0,0.0,0.0,1.0,True,train
2025-02-13 10:00:00+00:00,43279099999,2025-02-12 06:00:00+00:00,28,31.0,30.0,30.0,30.6,1.1666666666666667,-0.7933533402912349,-0.6087614290087209,0.6740694616546162,0.7386679638813748,-0.6000000000000014,-0.05818318071864317,-0.6000000000000014,-3.707142857142859,2.593571985941108,0,0.0,0.0,1.0,True,train
2025-02-13 11:00:00+00:00,43279099999,2025-02-12 06:00:00+00:00,29,30.0,30.0,29.0,28.8,1.2083333333333333,-0.9238795325112868,-0.3826834323650895,0.6740694616546162,0.7386679638813748,-0.6000000000000014,-0.05353111044555619,0.1999999999999993,-1.9071428571428584,2.593571985941108,0,0.0,0.0,1.0,True,train
2025-02-13 12:00:00+00:00,43279099999,2025-02-12 06:00:00+00:00,30,29.0,30.0,28.0,27.0,1.25,-0.9914448613738104,-0.13052619222005163,0.6740694616546162,0.7386679638813748,-0.6000000000000014,-0.049250999174339394,1.0,-0.10714285714285765,2.593571985941108,0,0.0,0.0,1.0,True,train
2025-02-13 13:00:00+00:00,43279099999,2025-02-12 06:00:00+00:00,31,27.0,30.0,27.0,25.7,1.2916666666666667,-0.9914448613738105,0.13052619222005127,0.6740694616546162,0.7386679638813748,-0.6000000000000014,-0.04531310670526437,1.3000000000000007,1.192857142857143,2.593571985941108,0,0.0,0.0,1.0,True,train
2025-02-13 14:00:00+00:00,43279099999,2025-02-12 06:00:00+00:00,32,27.0,30.0,27.0,25.0,1.3333333333333333,-0.923879532511287,0.38268343236508917,0.6740694616546162,0.7386679638813748,-0.6000000000000014,-0.04169007073368102,2.0,1.8928571428571423,2.593571985941108,0,0.0,0.0,1.0,True,train
2025-02-13 15:00:00+00:00,43279099999,2025-02-12 06:00:00+00:00,33,26.0,30.0,26.0,24.6,1.375,-0.7933533402912357,0.6087614290087199,0.6740694616546162,0.7386679638813748,-0.6000000000000014,-0.03835671672402463,1.3999999999999986,2.292857142857141,2.593571985941108,0,0.0,0.0,1.0,True,train
2025-02-13 16:00:00+00:00,43279099999,2025-02-12 06:00:00+00:00,34,26.0,30.0,26.0,24.1,1.4166666666666667,-0.6087614290087209,0.7933533402912349,0.6740694616546162,0.7386679638813748,-0.6000000000000014,-0.035289882985458015,1.8999999999999986,2.792857142857141,2.593571985941108,0,0.0,0.0,1.0,True,train
2025-02-13 17:00:00+00:00,43279099999,2025-02-12 06:00:00+00:00,35,26.0,30.0,25.0,23.2,1.4583333333333333,-0.38268343236508956,0.9238795325112868,0.6740694616546162,0.7386679638813748,-0.6000000000000014,-0.03246825973369304,1.8000000000000007,3.692857142857143,2.593571985941108,0,0.0,0.0,1.0,True,train
2025-02-13 18:00:00+00:00,43279099999,2025-02-12 06:00:00+00:00,36,25.0,30.0,25.0,22.7,1.5,-0.13052619222005168,0.9914448613738104,0.6740694616546162,0.7386679638813748,-0.6000000000000014,-0.029872241020718438,2.3000000000000007,4.192857142857143,2.593571985941108,0,0.0,0.0,1.0,True,train
2025-02-13 19:00:00+00:00,43279099999,2025-02-12 06:00:00+00:00,37,24.0,30.0,25.0,22.0,1.5416666666666667,0.13052619222005157,0.9914448613738104,0.6866759803451553,0.726963615332308,-0.6000000000000014,-0.02748378850357295,3.0,4.892857142857142,2.593571985941108,0,0.0,0.0,1.0,True,train
2025-02-13 20:00:00+00:00,43279099999,2025-02-12 06:00:00+00:00,38,24.0,30.0,24.0,21.2,1.5833333333333333,0.3826834323650898,0.9238795325112867,0.6866759803451553,0.726963615332308,-0.6000000000000014,-0.025286306105565905,2.8000000000000007,5.692857142857143,2.593571985941108,0,0.0,0.0,1.0,True,train
2025-02-13 21:00:00+00:00,43279099999,2025-02-12 06:00:00+00:00,39,24.0,30.0,24.0,20.4,1.625,0.6087614290087207,0.7933533402912352,0.6866759803451553,0.726963615332308,-0.6000000000000014,-0.02326452469903326,3.6000000000000014,6.492857142857144,2.593571985941108,0,0.0,0.0,1.0,True,train
2025-02-13 22:00:00+00:00,43279099999,2025-02-12 06:00:00+00:00,40,23.0,30.0,24.0,19.9,1.6666666666666667,0.7933533402912352,0.6087614290087207,0.6866759803451553,0.726963615332308,-0.6000000000000014,-0.02140439600835149,4.100000000000001,6.992857142857144,2.593571985941108,0,0.0,0.0,1.0,True,train
2025-02-13 23:00:00+00:00,43279099999,2025-02-12 06:00:00+00:00,41,23.0,30.0,23.0,19.7,1.7083333333333333,0.9238795325112867,0.38268343236508984,0.6866759803451553,0.726963615332308,-0.6000000000000014,-0.01969299499599797,3.3000000000000007,7.192857142857143,2.593571985941108,0,0.0,0.0,1.0,True,train
2025-02-14 00:00:00+00:00,43279099999,2025-02-12 06:00:00+00:00,42,23.0,30.0,23.0,19.5,1.75,0.9914448613738104,0.1305261922200517,0.6866759803451553,0.726963615332308,-0.6000000000000014,-0.018118430053391144,3.5,7.392857142857142,2.593571985941108,0,0.0,0.0,1.0,True,train
2025-02-14 01:00:00+00:00,43279099999,2025-02-12 06:00:00+00:00,43,22.0,30.0,23.0,19.8,1.7916666666666667,0.9914448613738104,-0.1305261922200516,0.6866759803451553,0.726963615332308,-0.6000000000000014,-0.01666976037247459,3.1999999999999993,7.092857142857142,2.593571985941108,0,0.0,0.0,1.0,True,train
2025-02-14 02:00:00+00:00,43279099999,2025-02-12 06:00:00+00:00,44,23.0,30.0,23.0,20.4,1.8333333333333333,0.9238795325112868,-0.3826834323650895,0.6866759803451553,0.726963615332308,-0.6000000000000014,-0.015336919923904478,2.6000000000000014,6.492857142857144,2.593571985941108,0,0.0,0.0,1.0,True,train
2025-02-14 03:00:00+00:00,43279099999,2025-02-12 06:00:00+00:00,45,25.0,30.0,25.0,21.9,1.875,0.7933533402912352,-0.6087614290087207,0.6866759803451553,0.726963615332308,-0.6000000000000014,-0.014110647513605497,3.1000000000000014,4.992857142857144,2.593571985941108,0,0.0,0.0,1.0,True,train
2025-02-14 04:00:00+00:00,43279099999,2025-02-12 06:00:00+00:00,46,27.0,30.0,27.0,25.6,1.9166666666666667,0.6087614290087209,-0.793353340291235,0.6866759803451553,0.726963615332308,-0.6000000000000014,-0.012982422431695884,1.3999999999999986,1.292857142857141,2.593571985941108,0,0.0,0.0,1.0,True,train
2025-02-14 05:00:00+00:00,43279099999,2025-02-12 06:00:00+00:00,47,28.0,30.0,28.0,28.5,1.9583333333333333,0.3826834323650899,-0.9238795325112867,0.6866759803451553,0.726963615332308,-0.6000000000000014,-0.01194440524664024,-0.5,-1.6071428571428577,2.593571985941108,0,0.0,0.0,1.0,True,train
2025-02-14 06:00:00+00:00,43279099999,2025-02-12 06:00:00+00:00,48,30.0,30.0,30.0,31.0,2.0,0.130526192220052,-0.9914448613738104,0.6866759803451553,0.726963615332308,-0.6000000000000014,-0.010989383333240533,-1.0,-4.107142857142858,2.593571985941108,0,0.0,0.0,1.0,True,train
2025-02-14 07:00:00+00:00,42410099999,2025-02-14 06:00:00+00:00,1,23.0,21.0,24.0,23.6,0.041666666666666664,-0.13052619222005177,-0.9914448613738104,0.6866759803451553,0.726963615332308,-1.3000000000000007,-1.1960577390181208,0.3999999999999986,-4.617857142857144,3.5798264361453573,0,1.0,0.0,0.0,True,train
2025-02-14 08:00:00+00:00,42410099999,2025-02-14 06:00:00+00:00,2,23.0,21.0,25.0,24.1,0.08333333333333333,-0.38268343236508967,-0.9238795325112868,0.6866759803451553,0.726963615332308,-1.3000000000000007,-1.100426242357799,0.8999999999999986,-5.117857142857144,3.5798264361453573,0,1.0,0.0,0.0,True,train
2025-02-14 09:00:00+00:00,42410099999,2025-02-14 06:00:00+00:00,3,24.0,21.0,25.0,24.3,0.125,-0.6087614290087207,-0.7933533402912352,0.6866759803451553,0.726963615332308,-1.3000000000000007,-1.012441017992827,0.6999999999999993,-5.317857142857143,3.5798264361453573,0,1.0,0.0,0.0,True,train
2025-02-14 10:00:00+00:00,42410099999,2025-02-14 06:00:00+00:00,4,24.0,21.0,25.0,24.0,0.16666666666666666,-0.7933533402912349,-0.6087614290087209,0.6866759803451553,0.726963615332308,-1.3000000000000007,-0.9314907037459266,1.0,-5.017857142857142,3.5798264361453573,0,1.0,0.0,0.0,True,train
2025-02-14 11:00:00+00:00,42410099999,2025-02-14 06:00:00+00:00,5,23.0,21.0,24.0,22.6,0.20833333333333334,-0.9238795325112868,-0.3826834323650895,0.6866759803451553,0.726963615332308,-1.3000000000000007,-0.8570128192605774,1.3999999999999986,-3.6178571428571438,3.5798264361453573,0,1.0,0.0,0.0,True,train
2025-02-14 12:00:00+00:00,42410099999,2025-02-14 06:00:00+00:00,6,21.0,21.0,22.0,19.9,0.25,-0.9914448613738104,-0.13052619222005163,0.6866759803451553,0.726963615332308,-1.3000000000000007,-0.7884898576264239,2.1000000000000014,-0.9178571428571409,3.5798264361453573,0,1.0,0.0,0.0,True,train
2025-02-14 13:00:00+00:00,42410099999,2025-02-14 06:00:00+00:00,7,19.0,21.0,20.0,19.0,0.2916666666666667,-0.9914448613738105,0.13052619222005127,0.6866759803451553,0.726963615332308,-1.3000000000000007,-0.7254456895010616,1.0,-0.01785714285714235,3.5798264361453573,0,1.0,0.0,0.0,True,train
2025-02-14 14:00:00+00:00,42410099999,2025-02-14 06:00:00+00:00,8,18.0,21.0,20.0,17.9,0.3333333333333333,-0.923879532511287,0.38268343236508917,0.6866759803451553,0.726963615332308,-1.3000000000000007,-0.66744225474237,2.1000000000000014,1.082142857142859,3.5798264361453573,0,1.0,0.0,0.0,True,train
2025-02-14 15:00:00+00:00,42410099999,2025-02-14 06:00:00+00:00,9,17.0,21.0,19.0,17.7,0.375,-0.7933533402912357,0.6087614290087199,0.6866759803451553,0.726963615332308,-1.3000000000000007,-0.6140765185633195,1.3000000000000007,1.2821428571428584,3.5798264361453573,0,1.0,0.0,0.0,True,train
2025-02-14 16:00:00+00:00,42410099999,2025-02-14 06:00:00+00:00,10,16.0,21.0,19.0,17.2,0.4166666666666667,-0.6087614290087209,0.7933533402912349,0.6866759803451553,0.726963615332308,-1.3000000000000007,-0.5649776710592019,1.8000000000000007,1.7821428571428584,3.5798264361453573,0,1.0,0.0,0.0,True,train
2025-02-14 17:00:00+00:00,42410099999,2025-02-14 06:00:00+00:00,11,16.0,21.0,19.0,16.1,0.4583333333333333,-0.38268343236508956,0.9238795325112868,0.6866759803451553,0.726963615332308,-1.3000000000000007,-0.5198045506483019,2.8999999999999986,2.8821428571428562,3.5798264361453573,0,1.0,0.0,0.0,True,train
2025-02-14 18:00:00+00:00,42410099999,2025-02-14 06:00:00+00:00,12,16.0,21.0,19.0,15.3,0.5,-0.13052619222005168,0.9914448613738104,0.6866759803451553,0.726963615332308,-1.3000000000000007,-0.4782432735228753,3.6999999999999993,3.682142857142857,3.5798264361453573,0,1.0,0.0,0.0,True,train
2025-02-14 19:00:00+00:00,42410099999,2025-02-14 06:00:00+00:00,13,17.0,21.0,18.0,15.8,0.5416666666666666,0.13052619222005157,0.9914448613738104,0.6990793005655562,0.7150441465537444,-1.3000000000000007,-0.4400050526387651,2.1999999999999993,3.182142857142857,3.5798264361453573,0,1.0,0.0,0.0,True,train
2025-02-14 20:00:00+00:00,42410099999,2025-02-14 06:00:00+00:00,14,16.0,21.0,17.0,15.2,0.5833333333333334,0.3826834323650898,0.9238795325112867,0.6990793005655562,0.7150441465537444,-1.3000000000000007,-0.4048241910889772,1.8000000000000007,3.7821428571428584,3.5798264361453573,0,1.0,0.0,0.0,True,train
2025-02-14 21:00:00+00:00,42410099999,2025-02-14 06:00:00+00:00,15,16.0,21.0,17.0,14.6,0.625,0.6087614290087207,0.7933533402912352,0.6990793005655562,0.7150441465537444,-1.3000000000000007,-0.37245623591824734,2.4000000000000004,4.382142857142858,3.5798264361453573,0,1.0,0.0,0.0,True,train
2025-02-14 22:00:00+00:00,42410099999,2025-02-14 06:00:00+00:00,16,14.0,21.0,16.0,14.0,0.6666666666666666,0.7933533402912352,0.6087614290087207,0.6990793005655562,0.7150441465537444,-1.3000000000000007,-0.342676279550445,2.0,4.982142857142858,3.5798264361453573,0,1.0,0.0,0.0,True,train
2025-02-14 23:00:00+00:00,42410099999,2025-02-14 06:00:00+00:00,17,15.0,21.0,15.0,13.4,0.7083333333333334,0.9238795325112867,0.38268343236508984,0.6990793005655562,0.7150441465537444,-1.3000000000000007,-0.31527739702634344,1.5999999999999996,5.582142857142857,3.5798264361453573,0,1.0,0.0,0.0,True,train
2025-02-15 00:00:00+00:00,42410099999,2025-02-14 06:00:00+00:00,18,16.0,21.0,14.0,13.1,0.75,0.9914448613738104,0.1305261922200517,0.6990793005655562,0.7150441465537444,-1.3000000000000007,-0.29006920819295895,0.9000000000000004,5.882142857142858,3.5798264361453573,0,1.0,0.0,0.0,True,train
2025-02-15 01:00:00+00:00,42410099999,2025-02-14 06:00:00+00:00,19,15.0,21.0,14.0,13.5,0.7916666666666666,0.9914448613738104,-0.1305261922200516,0.6990793005655562,0.7150441465537444,-1.3000000000000007,-0.2668765548538822,0.5,5.482142857142858,3.5798264361453573,0,1.0,0.0,0.0,True,train
2025-02-15 02:00:00+00:00,42410099999,2025-02-14 06:00:00+00:00,20,15.0,21.0,16.0,15.9,0.8333333333333334,0.9238795325112868,-0.3826834323650895,0.6990793005655562,0.7150441465537444,-1.3000000000000007,-0.24553828368883052,0.09999999999999964,3.0821428571428573,3.5798264361453573,0,1.0,0.0,0.0,True,train
2025-02-15 03:00:00+00:00,42410099999,2025-02-14 06:00:00+00:00,21,18.0,21.0,18.0,18.7,0.875,0.7933533402912352,-0.6087614290087207,0.6990793005655562,0.7150441465537444,-1.3000000000000007,-0.2259061264855788,-0.6999999999999993,0.28214285714285836,3.5798264361453573,0,1.0,0.0,0.0,True,train
2025-02-15 04:00:00+00:00,42410099999,2025-02-14 06:00:00+00:00,22,21.0,21.0,19.0,20.6,0.9166666666666666,0.6087614290087209,-0.793353340291235,0.6990793005655562,0.7150441465537444,-1.3000000000000007,-0.2078436699036022,-1.6000000000000014,-1.6178571428571438,3.5798264361453573,0,1.0,0.0,0.0,True,train
2025-02-15 05:00:00+00:00,42410099999,2025-02-14 06:00:00+00:00,23,23.0,21.0,20.0,22.1,0.9583333333333334,0.3826834323650899,-0.9238795325112867,0.6990793005655562,0.7150441465537444,-1.3000000000000007,-0.19122540761086995,-2.1000000000000014,-3.1178571428571438,3.5798264361453573,0,1.0,0.0,0.0,True,train
2025-02-15 06:00:00+00:00,42410099999,2025-02-14 06:00:00+00:00,24,24.0,21.0,21.0,23.3,1.0,0.130526192220052,-0.9914448613738104,0.6990793005655562,0.7150441465537444,-1.3000000000000007,-0.1759358682075966,-2.3000000000000007,-4.317857142857143,3.5798264361453573,0,1.0,0.0,0.0,True,train
2025-02-15 07:00:00+00:00,42410099999,2025-02-14 06:00:00+00:00,25,25.0,21.0,24.0,24.0,1.0416666666666667,-0.13052619222005177,-0.9914448613738104,0.6990793005655562,0.7150441465537444,-1.3000000000000007,-0.16186881287735994,0.0,-5.017857142857142,3.5798264361453573,0,1.0,0.0,0.0,True,train
2025-02-15 08:00:00+00:00,42410099999,2025-02-14 06:00:00+00:00,26,25.0,21.0,25.0,24.2,1.0833333333333333,-0.38268343236508967,-0.9238795325112868,0.6990793005655562,0.7150441465537444,-1.3000000000000007,-0.14892649719049414,0.8000000000000007,-5.217857142857142,3.5798264361453573,0,1.0,0.0,0.0,True,train
2025-02-15 09:00:00+00:00,42410099999,2025-02-14 06:00:00+00:00,27,25.0,21.0,25.0,24.2,1.125,-0.6087614290087207,-0.7933533402912352,0.6990793005655562,0.7150441465537444,-1.3000000000000007,-0.13701899193042372,0.8000000000000007,-5.217857142857142,3.5798264361453573,0,1.0,0.0,0.0,True,train
2025-02-15 10:00:00+00:00,42410099999,2025-02-14 06:00:00+00:00,28,24.0,21.0,25.0,23.9,1.1666666666666667,-0.7933533402912349,-0.6087614290087209,0.6990793005655562,0.7150441465537444,-1.3000000000000007,-0.12606355822372664,1.1000000000000014,-4.917857142857141,3.5798264361453573,0,1.0,0.0,0.0,True,train
2025-02-15 11:00:00+00:00,42410099999,2025-02-14 06:00:00+00:00,29,23.0,21.0,24.0,22.2,1.2083333333333333,-0.9238795325112868,-0.3826834323650895,0.6990793005655562,0.7150441465537444,-1.3000000000000007,-0.11598407263203821,1.8000000000000007,-3.2178571428571416,3.5798264361453573,0,1.0,0.0,0.0,True,train
2025-02-15 12:00:00+00:00,42410099999,2025-02-14 06:00:00+00:00,30,22.0,21.0,22.0,20.0,1.25,-0.9914448613738104,-0.13052619222005163,0.6990793005655562,0.7150441465537444,-1.3000000000000007,-0.1067104982110685,2.0,-1.0178571428571423,3.5798264361453573,0,1.0,0.0,0.0,True,train
2025-02-15 13:00:00+00:00,42410099999,2025-02-14 06:00:00+00:00,31,20.0,21.0,20.0,19.1,1.2916666666666667,-0.9914448613738105,0.13052619222005127,0.6990793005655562,0.7150441465537444,-1.3000000000000007,-0.09817839786140595,0.8999999999999986,-0.11785714285714377,3.5798264361453573,0,1.0,0.0,0.0,True,train
2025-02-15 14:00:00+00:00,42410099999,2025-02-14 06:00:00+00:00,32,19.0,21.0,20.0,18.6,1.3333333333333333,-0.923879532511287,0.38268343236508917,0.6990793005655562,0.7150441465537444,-1.3000000000000007,-0.09032848658964206,1.3999999999999986,0.38214285714285623,3.5798264361453573,0,1.0,0.0,0.0,True,train
2025-02-15 15:00:00+00:00,42410099999,2025-02-14 06:00:00+00:00,33,17.0,21.0,19.0,17.4,1.375,-0.7933533402912357,0.6087614290087199,0.6990793005655562,0.7150441465537444,-1.3000000000000007,-0.08310621956871989,1.6000000000000014,1.582142857142859,3.5798264361453573,0,1.0,0.0,0.0,True,train
2025-02-15 16:00:00+00:00,42410099999,2025-02-14 06:00:00+00:00,34,18.0,21.0,19.0,16.1,1.4166666666666667,-0.6087614290087209,0.7933533402912349,0.6990793005655562,0.7150441465537444,-1.3000000000000007,-0.07646141313515889,2.8999999999999986,2.8821428571428562,3.5798264361453573,0,1.0,0.0,0.0,True,train
2025-02-15 17:00:00+00:00,42410099999,2025-02-14 06:00:00+00:00,35,16.0,21.0,19.0,15.5,1.4583333333333333,-0.38268343236508956,0.9238795325112868,0.6990793005655562,0.7150441465537444,-1.3000000000000007,-0.07034789608966813,3.5,3.4821428571428577,3.5798264361453573,0,1.0,0.0,0.0,True,train
2025-02-15 18:00:00+00:00,42410099999,2025-02-14 06:00:00+00:00,36,15.0,21.0,19.0,15.4,1.5,-0.13052619222005168,0.9914448613738104,0.6990793005655562,0.7150441465537444,-1.3000000000000007,-0.06472318887822316,3.5999999999999996,3.5821428571428573,3.5798264361453573,0,1.0,0.0,0.0,True,train
2025-02-15 19:00:00+00:00,42410099999,2025-02-14 06:00:00+00:00,37,16.0,21.0,18.0,14.8,1.5416666666666667,0.13052619222005157,0.9914448613738104,0.7112757519738152,0.7029130847082615,-1.3000000000000007,-0.059548208424407945,3.1999999999999993,4.182142857142857,3.5798264361453573,0,1.0,0.0,0.0,True,train
2025-02-15 20:00:00+00:00,42410099999,2025-02-14 06:00:00+00:00,38,16.0,21.0,17.0,14.5,1.5833333333333333,0.3826834323650898,0.9238795325112867,0.7112757519738152,0.7029130847082615,-1.3000000000000007,-0.054786996562059355,2.5,4.482142857142858,3.5798264361453573,0,1.0,0.0,0.0,True,train
2025-02-15 21:00:00+00:00,42410099999,2025-02-14 06:00:00+00:00,39,14.0,21.0,17.0,14.0,1.625,0.6087614290087207,0.7933533402912352,0.7112757519738152,0.7029130847082615,-1.3000000000000007,-0.05040647018123864,3.0,4.982142857142858,3.5798264361453573,0,1.0,0.0,0.0,True,train
2025-02-15 22:00:00+00:00,42410099999,2025-02-14 06:00:00+00:00,40,14.0,21.0,16.0,13.6,1.6666666666666667,0.7933533402912352,0.6087614290087207,0.7112757519738152,0.7029130847082615,-1.3000000000000007,-0.04637619135142814,2.4000000000000004,5.382142857142858,3.5798264361453573,0,1.0,0.0,0.0,True,train
2025-02-15 23:00:00+00:00,42410099999,2025-02-14 06:00:00+00:00,41,14.0,21.0,15.0,13.0,1.7083333333333333,0.9238795325112867,0.38268343236508984,0.7112757519738152,0.7029130847082615,-1.3000000000000007,-0.04266815582466219,2.0,5.982142857142858,3.5798264361453573,0,1.0,0.0,0.0,True,train
2025-02-16 00:00:00+00:00,42410099999,2025-02-14 06:00:00+00:00,42,13.0,21.0,14.0,12.7,1.75,0.9914448613738104,0.1305261922200517,0.7112757519738152,0.7029130847082615,-1.3000000000000007,-0.03925659844901407,1.3000000000000007,6.282142857142858,3.5798264361453573,0,1.0,0.0,0.0,True,train
2025-02-16 01:00:00+00:00,42410099999,2025-02-14 06:00:00+00:00,43,13.0,21.0,14.0,12.9,1.7916666666666667,0.9914448613738104,-0.1305261922200516,0.7112757519738152,0.7029130847082615,-1.3000000000000007,-0.03611781414036155,1.0999999999999996,6.082142857142857,3.5798264361453573,0,1.0,0.0,0.0,True,train
2025-02-16 02:00:00+00:00,42410099999,2025-02-14 06:00:00+00:00,44,15.0,21.0,16.0,15.7,1.8333333333333333,0.9238795325112868,-0.3826834323650895,0.7112757519738152,0.7029130847082615,-1.3000000000000007,-0.03322999316845964,0.3000000000000007,3.2821428571428584,3.5798264361453573,0,1.0,0.0,0.0,True,train
2025-02-16 03:00:00+00:00,42410099999,2025-02-14 06:00:00+00:00,45,17.0,21.0,18.0,18.6,1.875,0.7933533402912352,-0.6087614290087207,0.7112757519738152,0.7029130847082615,-1.3000000000000007,-0.030573069612811855,-0.6000000000000014,0.38214285714285623,3.5798264361453573,0,1.0,0.0,0.0,True,train
2025-02-16 04:00:00+00:00,42410099999,2025-02-14 06:00:00+00:00,46,19.0,21.0,19.0,20.6,1.9166666666666667,0.6087614290087209,-0.793353340291235,0.7112757519738152,0.7029130847082615,-1.3000000000000007,-0.028128581935341034,-1.6000000000000014,-1.6178571428571438,3.5798264361453573,0,1.0,0.0,0.0,True,train
2025-02-16 05:00:00+00:00,42410099999,2025-02-14 06:00:00+00:00,47,21.0,21.0,20.0,22.6,1.9583333333333333,0.3826834323650899,-0.9238795325112867,0.7112757519738152,0.7029130847082615,-1.3000000000000007,-0.025879544701053806,-2.6000000000000014,-3.6178571428571438,3.5798264361453573,0,1.0,0.0,0.0,True,train
2025-02-16 06:00:00+00:00,42410099999,2025-02-14 06:00:00+00:00,48,23.0,21.0,21.0,23.9,2.0,0.130526192220052,-0.9914448613738104,0.7112757519738152,0.7029130847082615,-1.3000000000000007,-0.023810330555354444,-2.8999999999999986,-4.917857142857141,3.5798264361453573,0,1.0,0.0,0.0,True,train
2025-02-14 07:00:00+00:00,43128599999,2025-02-14 06:00:00+00:00,1,32.0,31.0,33.0,30.1,0.041666666666666664,-0.13052619222005177,-0.9914448613738104,0.6866759803451553,0.726963615332308,1.6999999999999993,1.564075504869849,2.8999999999999986,-4.546428571428574,4.9650671704220395,0,0.0,1.0,0.0,True,train
2025-02-14 08:00:00+00:00,43128599999,2025-02-14 06:00:00+00:00,2,33.0,31.0,34.0,30.8,0.08333333333333333,-0.38268343236508967,-0.9238795325112868,0.6866759803451553,0.726963615332308,1.6999999999999993,1.4390189323140434,3.1999999999999993,-5.246428571428574,4.9650671704220395,0,0.0,1.0,0.0,True,train
2025-02-14 09:00:00+00:00,43128599999,2025-02-14 06:00:00+00:00,3,32.0,31.0,34.0,31.3,0.125,-0.6087614290087207,-0.7933533402912352,0.6866759803451553,0.726963615332308,1.6999999999999993,1.3239613312213878,2.6999999999999993,-5.746428571428574,4.9650671704220395,0,0.0,1.0,0.0,True,train
2025-02-14 10:00:00+00:00,43128599999,2025-02-14 06:00:00+00:00,4,33.0,31.0,34.0,31.5,0.16666666666666666,-0.7933533402912349,-0.6087614290087209,0.6866759803451553,0.726963615332308,1.6999999999999993,1.2181032279754413,2.5,-5.946428571428573,4.9650671704220395,0,0.0,1.0,0.0,True,train
2025-02-14 11:00:00+00:00,43128599999,2025-02-14 06:00:00+00:00,5,33.0,31.0,34.0,31.3,0.20833333333333334,-0.9238795325112868,-0.3826834323650895,0.6866759803451553,0.726963615332308,1.6999999999999993,1.120709071340754,2.6999999999999993,-5.746428571428574,4.9650671704220395,0,0.0,1.0,0.0,True,train
2025-02-14 12:00:00+00:00,43128599999,2025-02-14 06:00:00+00:00,6,32.0,31.0,33.0,29.9,0.25,-0.9914448613738104,-0.13052619222005163,0.6866759803451553,0.726963615332308,1.6999999999999993,1.0311021215114764,3.1000000000000014,-4.3464285714285715,4.9650671704220395,0,0.0,1.0,0.0,True,train
2025-02-14 13:00:00+00:00,43128599999,2025-02-14 06:00:00+00:00,7,29.0,31.0,30.0,26.2,0.2916666666666667,-0.9914448613738105,0.13052619222005127,0.6866759803451553,0.726963615332308,1.6999999999999993,0.9486597478090797,3.8000000000000007,-0.6464285714285722,4.9650671704220395,0,0.0,1.0,0.0,True,train
2025-02-14 14:00:00+00:00,43128599999,2025-02-14 06:00:00+00:00,8,28.0,31.0,28.0,24.7,0.3333333333333333,-0.923879532511287,0.38268343236508917,0.6866759803451553,0.726963615332308,1.6999999999999993,0.8728091023554061,3.3000000000000007,0.8535714285714278,4.9650671704220395,0,0.0,1.0,0.0,True,train
2025-02-14 15:00:00+00:00,43128599999,2025-02-14 06:00:00+00:00,9,27.0,31.0,26.0,23.7,0.375,-0.7933533402912357,0.6087614290087199,0.6866759803451553,0.726963615332308,1.6999999999999993,0.8030231396597246,2.3000000000000007,1.8535714285714278,4.9650671704220395,0,0.0,1.0,0.0,True,train
2025-02-14 16:00:00+00:00,43128599999,2025-02-14 06:00:00+00:00,10,24.0,31.0,26.0,22.1,0.4166666666666667,-0.6087614290087209,0.7933533402912349,0.6866759803451553,0.726963615332308,1.6999999999999993,0.7388169544620327,3.8999999999999986,3.4535714285714256,4.9650671704220395,0,0.0,1.0,0.0,True,train
2025-02-14 17:00:00+00:00,43128599999,2025-02-14 06:00:00+00:00,11,19.0,31.0,24.0,21.1,0.4583333333333333,-0.38268343236508956,0.9238795325112868,0.6866759803451553,0.726963615332308,1.6999999999999993,0.6797444123862403,2.8999999999999986,4.453571428571426,4.9650671704220395,0,0.0,1.0,0.0,True,train
2025-02-14 18:00:00+00:00,43128599999,2025-02-14 06:00:00+00:00,12,19.0,31.0,23.0,20.7,0.5,-0.13052619222005168,0.9914448613738104,0.6866759803451553,0.726963615332308,1.6999999999999993,0.6253950499914517,2.3000000000000007,4.853571428571428,4.9650671704220395,0,0.0,1.0,0.0,True,train
2025-02-14 19:00:00+00:00,43128599999,2025-02-14 06:00:00+00:00,13,,31.0,22.0,20.4,0.5416666666666666,0.13052619222005157,0.9914448613738104,0.6990793005655562,0.7150441465537444,1.6999999999999993,0.5753912226814615,1.6000000000000014,5.1535714285714285,4.9650671704220395,0,0.0,1.0,0.0,False,train
2025-02-14 20:00:00+00:00,43128599999,2025-02-14 06:00:00+00:00,14,16.0,31.0,21.0,20.2,0.5833333333333334,0.3826834323650898,0.9238795325112867,0.6990793005655562,0.7150441465537444,1.6999999999999993,0.5293854806548158,0.8000000000000007,5.353571428571428,4.9650671704220395,0,0.0,1.0,0.0,True,train
2025-02-14 21:00:00+00:00,43128599999,2025-02-14 06:00:00+00:00,15,17.0,31.0,21.0,19.6,0.625,0.6087614290087207,0.7933533402912352,0.6990793005655562,0.7150441465537444,1.6999999999999993,0.48705815466232294,1.3999999999999986,5.953571428571426,4.9650671704220395,0,0.0,1.0,0.0,True,train
2025-02-14 22:00:00+00:00,43128599999,2025-02-14 06:00:00+00:00,16,20.0,31.0,22.0,19.3,0.6666666666666666,0.7933533402912352,0.6087614290087207,0.6990793005655562,0.7150441465537444,1.6999999999999993,0.4481151347967353,2.6999999999999993,6.253571428571426,4.9650671704220395,0,0.0,1.0,0.0,True,train
2025-02-14 23:00:00+00:00,43128599999,2025-02-14 06:00:00+00:00,17,21.0,31.0,23.0,19.0,0.7083333333333334,0.9238795325112867,0.38268343236508984,0.6990793005655562,0.7150441465537444,1.6999999999999993,0.41228582688060256,4.0,6.553571428571427,4.9650671704220395,0,0.0,1.0,0.0,True,train
2025-02-15 00:00:00+00:00,43128599999,2025-02-14 06:00:00+00:00,18,19.0,31.0,23.0,18.6,0.75,0.9914448613738104,0.1305261922200517,0.6990793005655562,0.7150441465537444,1.6999999999999993,0.37932127225233053,4.399999999999999,6.953571428571426,4.9650671704220395,0,0.0,1.0,0.0,True,train
2025-02-15 01:00:00+00:00,43128599999,2025-02-14 06:00:00+00:00,19,21.0,31.0,20.0,18.0,0.7916666666666666,0.9914448613738104,-0.1305261922200516,0.6990793005655562,0.7150441465537444,1.6999999999999993,0.3489924178858456,2.0,7.553571428571427,4.9650671704220395,0,0.0,1.0,0.0,True,train
2025-02-15 02:00:00+00:00,43128599999,2025-02-14 06:00:00+00:00,20,19.0,31.0,19.0,18.9,0.8333333333333334,0.9238795325112868,-0.3826834323650895,0.6990793005655562,0.7150441465537444,1.6999999999999993,0.32108852482385497,0.10000000000000142,6.6535714285714285,4.9650671704220395,0,0.0,1.0,0.0,True,train
2025-02-15 03:00:00+00:00,43128599999,2025-02-14 06:00:00+00:00,21,26.0,31.0,24.0,22.3,0.875,0.7933533402912352,-0.6087614290087207,0.6990793005655562,0.7150441465537444,1.6999999999999993,0.2954157038657566,1.6999999999999993,3.2535714285714263,4.9650671704220395,0,0.0,1.0,0.0,True,train
2025-02-15 04:00:00+00:00,43128599999,2025-02-14 06:00:00+00:00,22,28.0,31.0,28.0,26.3,0.9166666666666666,0.6087614290087209,-0.793353340291235,0.6990793005655562,0.7150441465537444,1.6999999999999993,0.2717955683354795,1.6999999999999993,-0.7464285714285737,4.9650671704220395,0,0.0,1.0,0.0,True,train
2025-02-15 05:00:00+00:00,43128599999,2025-02-14 06:00:00+00:00,23,30.0,31.0,29.0,28.9,0.9583333333333334,0.3826834323650899,-0.9238795325112867,0.6990793005655562,0.7150441465537444,1.6999999999999993,0.25006399456806044,0.10000000000000142,-3.3464285714285715,4.9650671704220395,0,0.0,1.0,0.0,True,train
2025-02-15 06:00:00+00:00,43128599999,2025-02-14 06:00:00+00:00,24,31.0,31.0,31.0,30.7,1.0,0.130526192220052,-0.9914448613738104,0.6990793005655562,0.7150441465537444,1.6999999999999993,0.2300699815022415,0.3000000000000007,-5.146428571428572,4.9650671704220395,0,0.0,1.0,0.0,True,train
2025-02-15 07:00:00+00:00,43128599999,2025-02-14 06:00:00+00:00,25,33.0,31.0,33.0,31.9,1.0416666666666667,-0.13052619222005177,-0.9914448613738104,0.6990793005655562,0.7150441465537444,1.6999999999999993,0.21167460145500894,1.1000000000000014,-6.3464285714285715,4.9650671704220395,0,0.0,1.0,0.0,True,train
2025-02-15 08:00:00+00:00,43128599999,2025-02-14 06:00:00+00:00,26,33.0,31.0,34.0,32.6,1.0833333333333333,-0.38268343236508967,-0.9238795325112868,0.6990793005655562,0.7150441465537444,1.6999999999999993,0.19475003478756905,1.3999999999999986,-7.046428571428574,4.9650671704220395,0,0.0,1.0,0.0,True,train
2025-02-15 09:00:00+00:00,43128599999,2025-02-14 06:00:00+00:00,27,33.0,31.0,34.0,32.8,1.125,-0.6087614290087207,-0.7933533402912352,0.6990793005655562,0.7150441465537444,1.6999999999999993,0.1791786817551693,1.2000000000000028,-7.24642857142857,4.9650671704220395,0,0.0,1.0,0.0,True,train
2025-02-15 10:00:00+00:00,43128599999,2025-02-14 06:00:00+00:00,28,33.0,31.0,34.0,32.6,1.1666666666666667,-0.7933533402912349,-0.6087614290087209,0.6990793005655562,0.7150441465537444,1.6999999999999993,0.16485234536948853,1.3999999999999986,-7.046428571428574,4.9650671704220395,0,0.0,1.0,0.0,True,train
2025-02-15 11:00:00+00:00,43128599999,2025-02-14 06:00:00+00:00,29,33.0,31.0,34.0,31.9,1.2083333333333333,-0.9238795325112868,-0.3826834323650895,0.6990793005655562,0.7150441465537444,1.6999999999999993,0.15167147959574212,2.1000000000000014,-6.3464285714285715,4.9650671704220395,0,0.0,1.0,0.0,True,train
2025-02-15 12:00:00+00:00,43128599999,2025-02-14 06:00:00+00:00,30,32.0,31.0,33.0,30.2,1.25,-0.9914448613738104,-0.13052619222005163,0.6990793005655562,0.7150441465537444,1.6999999999999993,0.1395444976606279,2.8000000000000007,-4.646428571428572,4.9650671704220395,0,0.0,1.0,0.0,True,train
2025-02-15 13:00:00+00:00,43128599999,2025-02-14 06:00:00+00:00,31,29.0,31.0,30.0,26.3,1.2916666666666667,-0.9914448613738105,0.13052619222005127,0.6990793005655562,0.7150441465537444,1.6999999999999993,0.12838713566491536,3.6999999999999993,-0.7464285714285737,4.9650671704220395,0,0.0,1.0,0.0,True,train
2025-02-15 14:00:00+00:00,43128599999,2025-02-14 06:00:00+00:00,32,26.0,31.0,28.0,24.8,1.3333333333333333,-0.923879532511287,0.38268343236508917,0.6990793005655562,0.7150441465537444,1.6999999999999993,0.11812186707876257,3.1999999999999993,0.7535714285714263,4.9650671704220395,0,0.0,1.0,0.0,True,train
2025-02-15 15:00:00+00:00,43128599999,2025-02-14 06:00:00+00:00,33,25.0,31.0,26.0,23.2,1.375,-0.7933533402912357,0.6087614290087199,0.6990793005655562,0.7150441465537444,1.6999999999999993,0.10867736405140282,2.8000000000000007,2.3535714285714278,4.9650671704220395,0,0.0,1.0,0.0,True,train
2025-02-15 16:00:00+00:00,43128599999,2025-02-14 06:00:00+00:00,34,23.0,31.0,26.0,22.0,1.4166666666666667,-0.6087614290087209,0.7933533402912349,0.6990793005655562,0.7150441465537444,1.6999999999999993,0.09998800179213076,4.0,3.553571428571427,4.9650671704220395,0,0.0,1.0,0.0,True,train
2025-02-15 17:00:00+00:00,43128599999,2025-02-14 06:00:00+00:00,35,21.0,31.0,24.0,21.2,1.4583333333333333,-0.38268343236508956,0.9238795325112868,0.6990793005655562,0.7150441465537444,1.6999999999999993,0.09199340257879669,2.8000000000000007,4.353571428571428,4.9650671704220395,0,0.0,1.0,0.0,True,train
2025-02-15 18:00:00+00:00,43128599999,2025-02-14 06:00:00+00:00,36,18.0,31.0,23.0,20.3,1.5,-0.13052619222005168,0.9914448613738104,0.6990793005655562,0.7150441465537444,1.6999999999999993,0.08463801622536866,2.6999999999999993,5.253571428571426,4.9650671704220395,0,0.0,1.0,0.0,True,train
2025-02-15 19:00:00+00:00,43128599999,2025-02-14 06:00:00+00:00,37,18.0,31.0,22.0,20.1,1.5416666666666667,0.13052619222005157,0.9914448613738104,0.7112757519738152,0.7029130847082615,1.6999999999999993,0.07787073409345648,1.8999999999999986,5.453571428571426,4.9650671704220395,0,0.0,1.0,0.0,True,train
2025-02-15 20:00:00+00:00,43128599999,2025-02-14 06:00:00+00:00,38,19.0,31.0,21.0,20.2,1.5833333333333333,0.3826834323650898,0.9238795325112867,0.7112757519738152,0.7029130847082615,1.6999999999999993,0.07164453396576986,0.8000000000000007,5.353571428571428,4.9650671704220395,0,0.0,1.0,0.0,True,train
2025-02-15 21:00:00+00:00,43128599999,2025-02-14 06:00:00+00:00,39,17.0,31.0,21.0,20.1,1.625,0.6087614290087207,0.7933533402912352,0.7112757519738152,0.7029130847082615,1.6999999999999993,0.06591615331392739,0.8999999999999986,5.453571428571426,4.9650671704220395,0,0.0,1.0,0.0,True,train
2025-02-15 22:00:00+00:00,43128599999,2025-02-14 06:00:00+00:00,40,,31.0,22.0,20.3,1.6666666666666667,0.7933533402912352,0.6087614290087207,0.7112757519738152,0.7029130847082615,1.6999999999999993,0.06064578869032904,1.6999999999999993,5.253571428571426,4.9650671704220395,0,0.0,1.0,0.0,False,train
2025-02-15 23:00:00+00:00,43128599999,2025-02-14 06:00:00+00:00,41,,31.0,23.0,20.0,1.7083333333333333,0.9238795325112867,0.38268343236508984,0.7112757519738152,0.7029130847082615,1.6999999999999993,0.05579681915532743,3.0,5.553571428571427,4.9650671704220395,0,0.0,1.0,0.0,False,train
2025-02-16 00:00:00+00:00,43128599999,2025-02-14 06:00:00+00:00,42,15.0,31.0,23.0,19.5,1.75,0.9914448613738104,0.1305261922200517,0.7112757519738152,0.7029130847082615,1.6999999999999993,0.05133555181794143,3.5,6.053571428571427,4.9650671704220395,0,0.0,1.0,0.0,True,train
2025-02-16 01:00:00+00:00,43128599999,2025-02-14 06:00:00+00:00,43,19.0,31.0,20.0,18.9,1.7916666666666667,0.9914448613738104,-0.1305261922200516,0.7112757519738152,0.7029130847082615,1.6999999999999993,0.04723098772201121,1.1000000000000014,6.6535714285714285,4.9650671704220395,0,0.0,1.0,0.0,True,train
2025-02-16 02:00:00+00:00,43128599999,2025-02-14 06:00:00+00:00,44,20.0,31.0,19.0,19.6,1.8333333333333333,0.9238795325112868,-0.3826834323650895,0.7112757519738152,0.7029130847082615,1.6999999999999993,0.04345460645106257,-0.6000000000000014,5.953571428571426,4.9650671704220395,0,0.0,1.0,0.0,True,train
2025-02-16 03:00:00+00:00,43128599999,2025-02-14 06:00:00+00:00,45,24.0,31.0,24.0,23.2,1.875,0.7933533402912352,-0.6087614290087207,0.7112757519738152,0.7029130847082615,1.6999999999999993,0.039980167955215466,0.8000000000000007,2.3535714285714278,4.9650671704220395,0,0.0,1.0,0.0,True,train
2025-02-16 04:00:00+00:00,43128599999,2025-02-14 06:00:00+00:00,46,29.0,31.0,28.0,26.9,1.9166666666666667,0.6087614290087209,-0.793353340291235,0.7112757519738152,0.7029130847082615,1.6999999999999993,0.03678353022313824,1.1000000000000014,-1.3464285714285715,4.9650671704220395,0,0.0,1.0,0.0,True,train
2025-02-16 05:00:00+00:00,43128599999,2025-02-14 06:00:00+00:00,47,30.0,31.0,29.0,29.6,1.9583333333333333,0.3826834323650899,-0.9238795325112867,0.7112757519738152,0.7029130847082615,1.6999999999999993,0.03384248153214725,-0.6000000000000014,-4.046428571428574,4.9650671704220395,0,0.0,1.0,0.0,True,train
2025-02-16 06:00:00+00:00,43128599999,2025-02-14 06:00:00+00:00,48,,31.0,31.0,31.2,2.0,0.130526192220052,-0.9914448613738104,0.7112757519738152,0.7029130847082615,1.6999999999999993,0.031136586110848092,-0.1999999999999993,-5.646428571428572,4.9650671704220395,0,0.0,1.0,0.0,False,train
2025-02-14 07:00:00+00:00,43279099999,2025-02-14 06:00:00+00:00,1,32.0,30.0,31.0,32.4,0.041666666666666664,-0.13052619222005177,-0.9914448613738104,0.6866759803451553,0.726963615332308,-0.6999999999999993,-0.6440310902405256,-1.3999999999999986,-5.739285714285714,2.652111371698247,0,0.0,0.0,1.0,True,train
2025-02-14 08:00:00+00:00,43279099999,2025-02-14 06:00:00+00:00,2,32.0,30.0,31.0,32.9,0.08333333333333333,-0.38268343236508967,-0.9238795325112868,0.6866759803451553,0.726963615332308,-0.6999999999999993,-0.5925372074234293,-1.8999999999999986,-6.239285714285714,2.652111371698247,0,0.0,0.0,1.0,True,train
2025-02-14 09:00:00+00:00,43279099999,2025-02-14 06:00:00+00:00,3,32.0,30.0,31.0,32.4,0.125,-0.6087614290087207,-0.7933533402912352,0.6866759803451553,0.726963615332308,-0.6999999999999993,-0.5451605481499828,-1.3999999999999986,-5.739285714285714,2.652111371698247,0,0.0,0.0,1.0,True,train
2025-02-14 10:00:00+00:00,43279099999,2025-02-14 06:00:00+00:00,4,32.0,30.0,31.0,31.6,0.16666666666666666,-0.7933533402912349,-0.6087614290087209,0.6866759803451553,0.726963615332308,-0.6999999999999993,-0.501571917401652,-0.6000000000000014,-4.939285714285717,2.652111371698247,0,0.0,0.0,1.0,True,train
2025-02-14 11:00:00+00:00,43279099999,2025-02-14 06:00:00+00:00,5,31.0,30.0,30.0,30.2,0.20833333333333334,-0.9238795325112868,-0.3826834323650895,0.6866759803451553,0.726963615332308,-0.6999999999999993,-0.46146844114031016,-0.1999999999999993,-3.5392857142857146,2.652111371698247,0,0.0,0.0,1.0,True,train
2025-02-14 12:00:00+00:00,43279099999,2025-02-14 06:00:00+00:00,6,30.0,30.0,29.0,28.1,0.25,-0.9914448613738104,-0.13052619222005163,0.6866759803451553,0.726963615332308,-0.6999999999999993,-0.424571461798843,0.8999999999999986,-1.4392857142857167,2.652111371698247,0,0.0,0.0,1.0,True,train
2025-02-14 13:00:00+00:00,43279099999,2025-02-14 06:00:00+00:00,7,29.0,30.0,27.0,26.1,0.2916666666666667,-0.9914448613738105,0.13052619222005127,0.6866759803451553,0.726963615332308,-0.6999999999999993,-0.39062460203903254,0.8999999999999986,0.5607142857142833,2.652111371698247,0,0.0,0.0,1.0,True,train
2025-02-14 14:00:00+00:00,43279099999,2025-02-14 06:00:00+00:00,8,28.0,30.0,27.0,25.4,0.3333333333333333,-0.923879532511287,0.38268343236508917,0.6866759803451553,0.726963615332308,-0.6999999999999993,-0.359391983322814,1.6000000000000014,1.2607142857142861,2.652111371698247,0,0.0,0.0,1.0,True,train
2025-02-14 15:00:00+00:00,43279099999,2025-02-14 06:00:00+00:00,9,27.0,30.0,26.0,25.1,0.375,-0.7933533402912357,0.6087614290087199,0.6866759803451553,0.726963615332308,-0.6999999999999993,-0.33065658691870997,0.8999999999999986,1.5607142857142833,2.652111371698247,0,0.0,0.0,1.0,True,train
2025-02-14 16:00:00+00:00,43279099999,2025-02-14 06:00:00+00:00,10,27.0,30.0,26.0,24.7,0.4166666666666667,-0.6087614290087209,0.7933533402912349,0.6866759803451553,0.726963615332308,-0.6999999999999993,-0.3042187459549544,1.3000000000000007,1.9607142857142854,2.652111371698247,0,0.0,0.0,1.0,True,train
2025-02-14 17:00:00+00:00,43279099999,2025-02-14 06:00:00+00:00,11,26.0,30.0,26.0,24.3,0.4583333333333333,-0.38268343236508956,0.9238795325112868,0.6866759803451553,0.726963615332308,-0.6999999999999993,-0.27989475804139285,1.6999999999999993,2.360714285714284,2.652111371698247,0,0.0,0.0,1.0,True,train
2025-02-14 18:00:00+00:00,43279099999,2025-02-14 06:00:00+00:00,12,26.0,30.0,25.0,23.9,0.5,-0.13052619222005168,0.9914448613738104,0.6866759803451553,0.726963615332308,-0.6999999999999993,-0.25751560882000935,1.1000000000000014,2.760714285714286,2.652111371698247,0,0.0,0.0,1.0,True,train
2025-02-14 19:00:00+00:00,43279099999,2025-02-14 06:00:00+00:00,13,26.0,30.0,24.0,23.0,0.5416666666666666,0.13052619222005157,0.9914448613738104,0.6990793005655562,0.7150441465537444,-0.6999999999999993,-0.23692579757471932,1.0,3.6607142857142847,2.652111371698247,0,0.0,0.0,1.0,True,train
2025-02-14 20:00:00+00:00,43279099999,2025-02-14 06:00:00+00:00,14,25.0,30.0,24.0,22.7,0.5833333333333334,0.3826834323650898,0.9238795325112867,0.6990793005655562,0.7150441465537444,-0.6999999999999993,-0.21798225674021815,1.3000000000000007,3.9607142857142854,2.652111371698247,0,0.0,0.0,1.0,True,train
2025-02-14 21:00:00+00:00,43279099999,2025-02-14 06:00:00+00:00,15,24.0,30.0,24.0,21.8,0.625,0.6087614290087207,0.7933533402912352,0.6990793005655562,0.7150441465537444,-0.6999999999999993,-0.20055335780213285,2.1999999999999993,4.860714285714284,2.652111371698247,0,0.0,0.0,1.0,True,train
2025-02-14 22:00:00+00:00,43279099999,2025-02-14 06:00:00+00:00,16,24.0,30.0,23.0,21.1,0.6666666666666666,0.7933533402912352,0.6087614290087207,0.6990793005655562,0.7150441465537444,-0.6999999999999993,-0.18451799668100854,1.8999999999999986,5.560714285714283,2.652111371698247,0,0.0,0.0,1.0,True,train
2025-02-14 23:00:00+00:00,43279099999,2025-02-14 06:00:00+00:00,17,23.0,30.0,23.0,20.7,0.7083333333333334,0.9238795325112867,0.38268343236508984,0.6990793005655562,0.7150441465537444,-0.6999999999999993,-0.1697647522449539,2.3000000000000007,5.960714285714285,2.652111371698247,0,0.0,0.0,1.0,True,train
2025-02-15 00:00:00+00:00,43279099999,2025-02-14 06:00:00+00:00,18,23.0,30.0,23.0,20.4,0.75,0.9914448613738104,0.1305261922200517,0.6990793005655562,0.7150441465537444,-0.6999999999999993,-0.15619111210390071,2.6000000000000014,6.260714285714286,2.652111371698247,0,0.0,0.0,1.0,True,train
2025-02-15 01:00:00+00:00,43279099999,2025-02-14 06:00:00+00:00,19,23.0,30.0,22.0,20.2,0.7916666666666666,0.9914448613738104,-0.1305261922200516,0.6990793005655562,0.7150441465537444,-0.6999999999999993,-0.14370276030593634,1.8000000000000007,6.460714285714285,2.652111371698247,0,0.0,0.0,1.0,True,train
2025-02-15 02:00:00+00:00,43279099999,2025-02-14 06:00:00+00:00,20,24.0,30.0,23.0,21.2,0.8333333333333334,0.9238795325112868,-0.3826834323650895,0.6990793005655562,0.7150441465537444,-0.6999999999999993,-0.13221292198629314,1.8000000000000007,5.460714285714285,2.652111371698247,0,0.0,0.0,1.0,True,train
2025-02-15 03:00:00+00:00,43279099999,2025-02-14 06:00:00+00:00,21,25.0,30.0,25.0,24.1,0.875,0.7933533402912352,-0.6087614290087207,0.6990793005655562,0.7150441465537444,-0.6999999999999993,-0.12164176041531148,0.8999999999999986,2.5607142857142833,2.652111371698247,0,0.0,0.0,1.0,True,train
2025-02-15 04:00:00+00:00,43279099999,2025-02-14 06:00:00+00:00,22,27.0,30.0,27.0,26.9,0.9166666666666666,0.6087614290087209,-0.793353340291235,0.6990793005655562,0.7150441465537444,-0.6999999999999993,-0.11191582225578563,0.10000000000000142,-0.23928571428571388,2.652111371698247,0,0.0,0.0,1.0,True,train
2025-02-15 05:00:00+00:00,43279099999,2025-02-14 06:00:00+00:00,23,29.0,30.0,28.0,29.0,0.9583333333333334,0.3826834323650899,-0.9238795325112867,0.6990793005655562,0.7150441465537444,-0.6999999999999993,-0.10296752717508366,-1.0,-2.3392857142857153,2.652111371698247,0,0.0,0.0,1.0,True,train
2025-02-15 06:00:00+00:00,43279099999,2025-02-14 06:00:00+00:00,24,30.0,30.0,30.0,31.0,1.0,0.130526192220052,-0.9914448613738104,0.6990793005655562,0.7150441465537444,-0.6999999999999993,-0.09473469826562879,-1.0,-4.339285714285715,2.652111371698247,0,0.0,0.0,1.0,True,train
2025-02-15 07:00:00+00:00,43279099999,2025-02-14 06:00:00+00:00,25,31.0,30.0,31.0,32.0,1.0416666666666667,-0.13052619222005177,-0.9914448613738104,0.6990793005655562,0.7150441465537444,-0.6999999999999993,-0.08716013001088599,-1.0,-5.339285714285715,2.652111371698247,0,0.0,0.0,1.0,True,train
2025-02-15 08:00:00+00:00,43279099999,2025-02-14 06:00:00+00:00,26,32.0,30.0,31.0,31.9,1.0833333333333333,-0.38268343236508967,-0.9238795325112868,0.6990793005655562,0.7150441465537444,-0.6999999999999993,-0.08019119079488134,-0.8999999999999986,-5.239285714285714,2.652111371698247,0,0.0,0.0,1.0,True,train
2025-02-15 09:00:00+00:00,43279099999,2025-02-14 06:00:00+00:00,27,32.0,30.0,31.0,31.4,1.125,-0.6087614290087207,-0.7933533402912352,0.6990793005655562,0.7150441465537444,-0.6999999999999993,-0.07377945719330496,-0.3999999999999986,-4.739285714285714,2.652111371698247,0,0.0,0.0,1.0,True,train
2025-02-15 10:00:00+00:00,43279099999,2025-02-14 06:00:00+00:00,28,31.0,30.0,31.0,30.6,1.1666666666666667,-0.7933533402912349,-0.6087614290087209,0.6990793005655562,0.7150441465537444,-0.6999999999999993,-0.06788037750508347,0.3999999999999986,-3.9392857142857167,2.652111371698247,0,0.0,0.0,1.0,True,train
2025-02-15 11:00:00+00:00,43279099999,2025-02-14 06:00:00+00:00,29,30.0,30.0,30.0,29.4,1.2083333333333333,-0.9238795325112868,-0.3826834323650895,0.6990793005655562,0.7150441465537444,-0.6999999999999993,-0.06245296218648201,0.6000000000000014,-2.739285714285714,2.652111371698247,0,0.0,0.0,1.0,True,train
2025-02-15 12:00:00+00:00,43279099999,2025-02-14 06:00:00+00:00,30,29.0,30.0,29.0,27.6,1.25,-0.9914448613738104,-0.13052619222005163,0.6990793005655562,0.7150441465537444,-0.6999999999999993,-0.0574594990367291,1.3999999999999986,-0.9392857142857167,2.652111371698247,0,0.0,0.0,1.0,True,train
2025-02-15 13:00:00+00:00,43279099999,2025-02-14 06:00:00+00:00,31,28.0,30.0,27.0,26.3,1.2916666666666667,-0.9914448613738105,0.13052619222005127,0.6990793005655562,0.7150441465537444,-0.6999999999999993,-0.05286529115614158,0.6999999999999993,0.360714285714284,2.652111371698247,0,0.0,0.0,1.0,True,train
2025-02-15 14:00:00+00:00,43279099999,2025-02-14 06:00:00+00:00,32,27.0,30.0,27.0,25.9,1.3333333333333333,-0.923879532511287,0.38268343236508917,0.6990793005655562,0.7150441465537444,-0.6999999999999993,-0.04863841585596103,1.1000000000000014,0.7607142857142861,2.652111371698247,0,0.0,0.0,1.0,True,train
2025-02-15 15:00:00+00:00,43279099999,2025-02-14 06:00:00+00:00,33,27.0,30.0,26.0,25.5,1.375,-0.7933533402912357,0.6087614290087199,0.6990793005655562,0.7150441465537444,-0.6999999999999993,-0.044749502844695255,0.5,1.1607142857142847,2.652111371698247,0,0.0,0.0,1.0,True,train
2025-02-15 16:00:00+00:00,43279099999,2025-02-14 06:00:00+00:00,34,27.0,30.0,26.0,25.1,1.4166666666666667,-0.6087614290087209,0.7933533402912349,0.6990793005655562,0.7150441465537444,-0.6999999999999993,-0.041171530149700875,0.8999999999999986,1.5607142857142833,2.652111371698247,0,0.0,0.0,1.0,True,train
2025-02-15 17:00:00+00:00,43279099999,2025-02-14 06:00:00+00:00,35,27.0,30.0,26.0,24.7,1.4583333333333333,-0.38268343236508956,0.9238795325112868,0.6990793005655562,0.7150441465537444,-0.6999999999999993,-0.03787963635597509,1.3000000000000007,1.9607142857142854,2.652111371698247,0,0.0,0.0,1.0,True,train
2025-02-15 18:00:00+00:00,43279099999,2025-02-14 06:00:00+00:00,36,27.0,30.0,25.0,24.3,1.5,-0.13052619222005168,0.9914448613738104,0.6990793005655562,0.7150441465537444,-0.6999999999999993,-0.03485094785750473,0.6999999999999993,2.360714285714284,2.652111371698247,0,0.0,0.0,1.0,True,train
2025-02-15 19:00:00+00:00,43279099999,2025-02-14 06:00:00+00:00,37,26.0,30.0,24.0,23.8,1.5416666666666667,0.13052619222005157,0.9914448613738104,0.7112757519738152,0.7029130847082615,-0.6999999999999993,-0.032064419920835,0.1999999999999993,2.860714285714284,2.652111371698247,0,0.0,0.0,1.0,True,train
2025-02-15 20:00:00+00:00,43279099999,2025-02-14 06:00:00+00:00,38,26.0,30.0,24.0,22.9,1.5833333333333333,0.3826834323650898,0.9238795325112867,0.7112757519738152,0.7029130847082615,-0.6999999999999993,-0.029500690456493454,1.1000000000000014,3.760714285714286,2.652111371698247,0,0.0,0.0,1.0,True,train
2025-02-15 21:00:00+00:00,43279099999,2025-02-14 06:00:00+00:00,39,25.0,30.0,24.0,22.4,1.625,0.6087614290087207,0.7933533402912352,0.7112757519738152,0.7029130847082615,-0.6999999999999993,-0.027141945482205377,1.6000000000000014,4.260714285714286,2.652111371698247,0,0.0,0.0,1.0,True,train
2025-02-15 22:00:00+00:00,43279099999,2025-02-14 06:00:00+00:00,40,25.0,30.0,23.0,21.5,1.6666666666666667,0.7933533402912352,0.6087614290087207,0.7112757519738152,0.7029130847082615,-0.6999999999999993,-0.024971795343076652,1.5,5.160714285714285,2.652111371698247,0,0.0,0.0,1.0,True,train
2025-02-15 23:00:00+00:00,43279099999,2025-02-14 06:00:00+00:00,41,24.0,30.0,23.0,21.1,1.7083333333333333,0.9238795325112867,0.38268343236508984,0.7112757519738152,0.7029130847082615,-0.6999999999999993,-0.022975160828664222,1.8999999999999986,5.560714285714283,2.652111371698247,0,0.0,0.0,1.0,True,train
2025-02-16 00:00:00+00:00,43279099999,2025-02-14 06:00:00+00:00,42,24.0,30.0,23.0,20.9,1.75,0.9914448613738104,0.1305261922200517,0.7112757519738152,0.7029130847082615,-0.6999999999999993,-0.02113816839562293,2.1000000000000014,5.760714285714286,2.652111371698247,0,0.0,0.0,1.0,True,train
2025-02-16 01:00:00+00:00,43279099999,2025-02-14 06:00:00+00:00,43,24.0,30.0,22.0,20.9,1.7916666666666667,0.9914448613738104,-0.1305261922200516,0.7112757519738152,0.7029130847082615,-0.6999999999999993,-0.019448053767886955,1.1000000000000014,5.760714285714286,2.652111371698247,0,0.0,0.0,1.0,True,train
2025-02-16 02:00:00+00:00,43279099999,2025-02-14 06:00:00+00:00,44,24.0,30.0,23.0,21.9,1.8333333333333333,0.9238795325112868,-0.3826834323650895,0.7112757519738152,0.7029130847082615,-0.6999999999999993,-0.017893073244555163,1.1000000000000014,4.760714285714286,2.652111371698247,0,0.0,0.0,1.0,True,train
2025-02-16 03:00:00+00:00,43279099999,2025-02-14 06:00:00+00:00,45,26.0,30.0,25.0,24.9,1.875,0.7933533402912352,-0.6087614290087207,0.7112757519738152,0.7029130847082615,-0.6999999999999993,-0.01646242209920636,0.10000000000000142,1.7607142857142861,2.652111371698247,0,0.0,0.0,1.0,True,train
2025-02-16 04:00:00+00:00,43279099999,2025-02-14 06:00:00+00:00,46,27.0,30.0,27.0,27.4,1.9166666666666667,0.6087614290087209,-0.793353340291235,0.7112757519738152,0.7029130847082615,-0.6999999999999993,-0.015146159503645147,-0.3999999999999986,-0.7392857142857139,2.652111371698247,0,0.0,0.0,1.0,True,train
2025-02-16 05:00:00+00:00,43279099999,2025-02-14 06:00:00+00:00,47,29.0,30.0,28.0,29.7,1.9583333333333333,0.3826834323650899,-0.9238795325112867,0.7112757519738152,0.7029130847082615,-0.6999999999999993,-0.013935139454413565,-1.6999999999999993,-3.0392857142857146,2.652111371698247,0,0.0,0.0,1.0,True,train
2025-02-16 06:00:00+00:00,43279099999,2025-02-14 06:00:00+00:00,48,30.0,30.0,30.0,31.6,2.0,0.130526192220052,-0.9914448613738104,0.7112757519738152,0.7029130847082615,-0.6999999999999993,-0.012820947222113912,-1.6000000000000014,-4.939285714285717,2.652111371698247,0,0.0,0.0,1.0,True,train
2025-02-16 07:00:00+00:00,42410099999,2025-02-16 06:00:00+00:00,1,24.0,23.0,25.0,23.2,0.041666666666666664,-0.13052619222005177,-0.9914448613738104,0.7112757519738152,0.7029130847082615,0.8000000000000007,0.7360355317034593,1.8000000000000007,-4.253571428571426,3.5292298643435154,0,1.0,0.0,0.0,True,train
2025-02-16 08:00:00+00:00,42410099999,2025-02-16 06:00:00+00:00,2,,23.0,25.0,23.9,0.08333333333333333,-0.38268343236508967,-0.9238795325112868,0.7112757519738152,0.7029130847082615,0.8000000000000007,0.677185379912492,1.1000000000000014,-4.953571428571426,3.5292298643435154,0,1.0,0.0,0.0,False,train
2025-02-16 09:00:00+00:00,42410099999,2025-02-16 06:00:00+00:00,3,25.0,23.0,25.0,24.1,0.125,-0.6087614290087207,-0.7933533402912352,0.7112757519738152,0.7029130847082615,0.8000000000000007,0.6230406264571244,0.8999999999999986,-5.1535714285714285,3.5292298643435154,0,1.0,0.0,0.0,True,train
2025-02-16 10:00:00+00:00,42410099999,2025-02-16 06:00:00+00:00,4,24.0,23.0,24.0,23.7,0.16666666666666666,-0.7933533402912349,-0.6087614290087209,0.7112757519738152,0.7029130847082615,0.8000000000000007,0.5732250484590319,0.3000000000000007,-4.753571428571426,3.5292298643435154,0,1.0,0.0,0.0,True,train
2025-02-16 11:00:00+00:00,42410099999,2025-02-16 06:00:00+00:00,5,23.0,23.0,23.0,22.4,0.20833333333333334,-0.9238795325112868,-0.3826834323650895,0.7112757519738152,0.7029130847082615,0.8000000000000007,0.5273925041603554,0.6000000000000014,-3.4535714285714256,3.5292298643435154,0,1.0,0.0,0.0,True,train
2025-02-16 12:00:00+00:00,42410099999,2025-02-16 06:00:00+00:00,6,22.0,23.0,22.0,19.9,0.25,-0.9914448613738104,-0.13052619222005163,0.7112757519738152,0.7029130847082615,0.8000000000000007,0.48522452777010716,2.1000000000000014,-0.9535714285714256,3.5292298643435154,0,1.0,0.0,0.0,True,train
2025-02-16 13:00:00+00:00,42410099999,2025-02-16 06:00:00+00:00,7,21.0,23.0,20.0,18.8,0.2916666666666667,-0.9914448613738105,0.13052619222005127,0.7112757519738152,0.7029130847082615,0.8000000000000007,0.4464281166160381,1.1999999999999993,0.14642857142857224,3.5292298643435154,0,1.0,0.0,0.0,True,train
2025-02-16 14:00:00+00:00,42410099999,2025-02-16 06:00:00+00:00,8,21.0,23.0,19.0,18.9,0.3333333333333333,-0.923879532511287,0.38268343236508917,0.7112757519738152,0.7029130847082615,0.8000000000000007,0.410733695226074,0.10000000000000142,0.04642857142857437,3.5292298643435154,0,1.0,0.0,0.0,True,train
2025-02-16 15:00:00+00:00,42410099999,2025-02-16 06:00:00+00:00,9,20.0,23.0,17.0,18.6,0.375,-0.7933533402912357,0.6087614290087199,0.7112757519738152,0.7029130847082615,0.8000000000000007,0.37789324219281206,-1.6000000000000014,0.34642857142857153,3.5292298643435154,0,1.0,0.0,0.0,True,train
2025-02-16 16:00:00+00:00,42410099999,2025-02-16 06:00:00+00:00,10,19.0,23.0,18.0,18.0,0.4166666666666667,-0.6087614290087209,0.7933533402912349,0.7112757519738152,0.7029130847082615,0.8000000000000007,0.3476785668056629,0.0,0.946428571428573,3.5292298643435154,0,1.0,0.0,0.0,True,train
2025-02-16 17:00:00+00:00,42410099999,2025-02-16 06:00:00+00:00,11,19.0,23.0,16.0,17.3,0.4583333333333333,-0.38268343236508956,0.9238795325112868,0.7112757519738152,0.7029130847082615,0.8000000000000007,0.3198797234758782,-1.3000000000000007,1.6464285714285722,3.5292298643435154,0,1.0,0.0,0.0,True,train
2025-02-16 18:00:00+00:00,42410099999,2025-02-16 06:00:00+00:00,12,16.0,23.0,15.0,17.1,0.5,-0.13052619222005168,0.9914448613738104,0.7112757519738152,0.7029130847082615,0.8000000000000007,0.29430355293715416,-2.1000000000000014,1.8464285714285715,3.5292298643435154,0,1.0,0.0,0.0,True,train
2025-02-16 19:00:00+00:00,42410099999,2025-02-16 06:00:00+00:00,13,16.0,23.0,16.0,16.8,0.5416666666666666,0.13052619222005157,0.9914448613738104,0.7232617254437388,0.6905740195722293,0.8000000000000007,0.270772340085394,-0.8000000000000007,2.1464285714285722,3.5292298643435154,0,1.0,0.0,0.0,True,train
2025-02-16 20:00:00+00:00,42410099999,2025-02-16 06:00:00+00:00,14,15.0,23.0,16.0,15.8,0.5833333333333334,0.3826834323650898,0.9238795325112867,0.7232617254437388,0.6905740195722293,0.8000000000000007,0.24912257913167837,0.1999999999999993,3.1464285714285722,3.5292298643435154,0,1.0,0.0,0.0,True,train
2025-02-16 21:00:00+00:00,42410099999,2025-02-16 06:00:00+00:00,15,14.0,23.0,14.0,15.0,0.625,0.6087614290087207,0.7933533402912352,0.7232617254437388,0.6905740195722293,0.8000000000000007,0.2292038374881523,-1.0,3.946428571428573,3.5292298643435154,0,1.0,0.0,0.0,True,train
2025-02-16 22:00:00+00:00,42410099999,2025-02-16 06:00:00+00:00,16,,23.0,14.0,14.6,0.6666666666666666,0.7933533402912352,0.6087614290087207,0.7232617254437388,0.6905740195722293,0.8000000000000007,0.2108777104925816,-0.5999999999999996,4.346428571428573,3.5292298643435154,0,1.0,0.0,0.0,False,train
2025-02-16 23:00:00+00:00,42410099999,2025-02-16 06:00:00+00:00,17,13.0,23.0,14.0,14.4,0.7083333333333334,0.9238795325112867,0.38268343236508984,0.7232617254437388,0.6905740195722293,0.8000000000000007,0.19401685970851912,-0.40000000000000036,4.546428571428573,3.5292298643435154,0,1.0,0.0,0.0,True,train
2025-02-17 00:00:00+00:00,42410099999,2025-02-16 06:00:00+00:00,18,13.0,23.0,13.0,14.3,0.75,0.9914448613738104,0.1305261922200517,0.7232617254437388,0.6905740195722293,0.8000000000000007,0.17850412811874403,-1.3000000000000007,4.646428571428572,3.5292298643435154,0,1.0,0.0,0.0,True,train
2025-02-17 01:00:00+00:00,42410099999,2025-02-16 06:00:00+00:00,19,13.0,23.0,13.0,15.2,0.7916666666666666,0.9914448613738104,-0.1305261922200516,0.7232617254437388,0.6905740195722293,0.8000000000000007,0.16423172606392755,-2.1999999999999993,3.7464285714285737,3.5292298643435154,0,1.0,0.0,0.0,True,train
2025-02-17 02:00:00+00:00,42410099999,2025-02-16 06:00:00+00:00,20,15.0,23.0,15.0,17.3,0.8333333333333334,0.9238795325112868,-0.3826834323650895,0.7232617254437388,0.6905740195722293,0.8000000000000007,0.1511004822700496,-2.3000000000000007,1.6464285714285722,3.5292298643435154,0,1.0,0.0,0.0,True,train
2025-02-17 03:00:00+00:00,42410099999,2025-02-16 06:00:00+00:00,21,17.0,23.0,17.0,19.4,0.875,0.7933533402912352,-0.6087614290087207,0.7232617254437388,0.6905740195722293,0.8000000000000007,0.13901915476035623,-2.3999999999999986,-0.4535714285714256,3.5292298643435154,0,1.0,0.0,0.0,True,train
2025-02-17 04:00:00+00:00,42410099999,2025-02-16 06:00:00+00:00,22,20.0,23.0,19.0,21.3,0.9166666666666666,0.6087614290087209,-0.793353340291235,0.7232617254437388,0.6905740195722293,0.8000000000000007,0.12790379686375525,-2.3000000000000007,-2.3535714285714278,3.5292298643435154,0,1.0,0.0,0.0,True,train
2025-02-17 05:00:00+00:00,42410099999,2025-02-16 06:00:00+00:00,23,22.0,23.0,21.0,23.0,0.9583333333333334,0.3826834323650899,-0.9238795325112867,0.7232617254437388,0.6905740195722293,0.8000000000000007,0.11767717391438154,-2.0,-4.053571428571427,3.5292298643435154,0,1.0,0.0,0.0,True,train
2025-02-17 06:00:00+00:00,42410099999,2025-02-16 06:00:00+00:00,24,24.0,23.0,23.0,24.6,1.0,0.130526192220052,-0.9914448613738104,0.7232617254437388,0.6905740195722293,0.8000000000000007,0.10826822658929026,-1.6000000000000014,-5.6535714285714285,3.5292298643435154,0,1.0,0.0,0.0,True,train
2025-02-17 07:00:00+00:00,42410099999,2025-02-16 06:00:00+00:00,25,25.0,23.0,25.0,25.5,1.0416666666666667,-0.13052619222005177,-0.9914448613738104,0.7232617254437388,0.6905740195722293,0.8000000000000007,0.09961157715529846,-0.5,-6.553571428571427,3.5292298643435154,0,1.0,0.0,0.0,True,train
2025-02-17 08:00:00+00:00,42410099999,2025-02-16 06:00:00+00:00,26,26.0,23.0,25.0,25.9,1.0833333333333333,-0.38268343236508967,-0.9238795325112868,0.7232617254437388,0.6905740195722293,0.8000000000000007,0.09164707519415026,-0.8999999999999986,-6.953571428571426,3.5292298643435154,0,1.0,0.0,0.0,True,train
2025-02-17 09:00:00+00:00,42410099999,2025-02-16 06:00:00+00:00,27,26.0,23.0,25.0,25.9,1.125,-0.6087614290087207,-0.7933533402912352,0.7232617254437388,0.6905740195722293,0.8000000000000007,0.08431937964949154,-0.8999999999999986,-6.953571428571426,3.5292298643435154,0,1.0,0.0,0.0,True,train
2025-02-17 10:00:00+00:00,42410099999,2025-02-16 06:00:00+00:00,28,25.0,23.0,24.0,25.2,1.1666666666666667,-0.7933533402912349,-0.6087614290087209,0.7232617254437388,0.6905740195722293,0.8000000000000007,0.0775775742915241,-1.1999999999999993,-6.253571428571426,3.5292298643435154,0,1.0,0.0,0.0,True,train
2025-02-17 11:00:00+00:00,42410099999,2025-02-16 06:00:00+00:00,29,25.0,23.0,23.0,23.6,1.2083333333333333,-0.9238795325112868,-0.3826834323650895,0.7232617254437388,0.6905740195722293,0.8000000000000007,0.07137481392740815,-0.6000000000000014,-4.6535714285714285,3.5292298643435154,0,1.0,0.0,0.0,True,train
2025-02-17 12:00:00+00:00,42410099999,2025-02-16 06:00:00+00:00,30,23.0,23.0,22.0,21.4,1.25,-0.9914448613738104,-0.13052619222005163,0.7232617254437388,0.6905740195722293,0.8000000000000007,0.0656679988991191,0.6000000000000014,-2.4535714285714256,3.5292298643435154,0,1.0,0.0,0.0,True,train
2025-02-17 13:00:00+00:00,42410099999,2025-02-16 06:00:00+00:00,31,22.0,23.0,20.0,20.1,1.2916666666666667,-0.9914448613738105,0.13052619222005127,0.7232617254437388,0.6905740195722293,0.8000000000000007,0.060417475607019065,-0.10000000000000142,-1.1535714285714285,3.5292298643435154,0,1.0,0.0,0.0,True,train
2025-02-17 14:00:00+00:00,42410099999,2025-02-16 06:00:00+00:00,32,20.0,23.0,19.0,19.0,1.3333333333333333,-0.923879532511287,0.38268343236508917,0.7232617254437388,0.6905740195722293,0.8000000000000007,0.055586760978241286,0.0,-0.05357142857142705,3.5292298643435154,0,1.0,0.0,0.0,True,train
2025-02-17 15:00:00+00:00,42410099999,2025-02-16 06:00:00+00:00,33,20.0,23.0,17.0,18.8,1.375,-0.7933533402912357,0.6087614290087199,0.7232617254437388,0.6905740195722293,0.8000000000000007,0.0511422889653661,-1.8000000000000007,0.14642857142857224,3.5292298643435154,0,1.0,0.0,0.0,True,train
2025-02-17 16:00:00+00:00,42410099999,2025-02-16 06:00:00+00:00,34,20.0,23.0,18.0,18.9,1.4166666666666667,-0.6087614290087209,0.7933533402912349,0.7232617254437388,0.6905740195722293,0.8000000000000007,0.04705317731394395,-0.8999999999999986,0.04642857142857437,3.5292298643435154,0,1.0,0.0,0.0,True,train
2025-02-17 17:00:00+00:00,42410099999,2025-02-16 06:00:00+00:00,35,20.0,23.0,16.0,18.7,1.4583333333333333,-0.38268343236508956,0.9238795325112868,0.7232617254437388,0.6905740195722293,0.8000000000000007,0.043291012978257326,-2.6999999999999993,0.24642857142857366,3.5292298643435154,0,1.0,0.0,0.0,True,train
2025-02-17 18:00:00+00:00,42410099999,2025-02-16 06:00:00+00:00,36,19.0,23.0,15.0,17.2,1.5,-0.13052619222005168,0.9914448613738104,0.7232617254437388,0.6905740195722293,0.8000000000000007,0.03982965469429119,-2.1999999999999993,1.7464285714285737,3.5292298643435154,0,1.0,0.0,0.0,True,train
2025-02-17 19:00:00+00:00,42410099999,2025-02-16 06:00:00+00:00,37,18.0,23.0,16.0,16.4,1.5416666666666667,0.13052619222005157,0.9914448613738104,0.7350336741329412,0.6780306024735382,0.8000000000000007,0.03664505133809721,-0.3999999999999986,2.5464285714285744,3.5292298643435154,0,1.0,0.0,0.0,True,train
2025-02-17 20:00:00+00:00,42410099999,2025-02-16 06:00:00+00:00,38,17.0,23.0,16.0,15.9,1.5833333333333333,0.3826834323650898,0.9238795325112867,0.7350336741329412,0.6780306024735382,0.8000000000000007,0.033715074807421155,0.09999999999999964,3.0464285714285726,3.5292298643435154,0,1.0,0.0,0.0,True,train
2025-02-17 21:00:00+00:00,42410099999,2025-02-16 06:00:00+00:00,39,17.0,23.0,14.0,15.5,1.625,0.6087614290087207,0.7933533402912352,0.7350336741329412,0.6780306024735382,0.8000000000000007,0.031019366265377636,-1.5,3.446428571428573,3.5292298643435154,0,1.0,0.0,0.0,True,train
2025-02-17 22:00:00+00:00,42410099999,2025-02-16 06:00:00+00:00,40,16.0,23.0,14.0,15.3,1.6666666666666667,0.7933533402912352,0.6087614290087207,0.7350336741329412,0.6780306024735382,0.8000000000000007,0.02853919467780194,-1.3000000000000007,3.6464285714285722,3.5292298643435154,0,1.0,0.0,0.0,True,train
2025-02-17 23:00:00+00:00,42410099999,2025-02-16 06:00:00+00:00,41,15.0,23.0,14.0,15.0,1.7083333333333333,0.9238795325112867,0.38268343236508984,0.7350336741329412,0.6780306024735382,0.8000000000000007,0.02625732666133059,-1.0,3.946428571428573,3.5292298643435154,0,1.0,0.0,0.0,True,train
2025-02-18 00:00:00+00:00,42410099999,2025-02-16 06:00:00+00:00,42,15.0,23.0,13.0,14.4,1.75,0.9914448613738104,0.1305261922200517,0.7350336741329412,0.6780306024735382,0.8000000000000007,0.024157906737854822,-1.4000000000000004,4.546428571428573,3.5292298643435154,0,1.0,0.0,0.0,True,train
2025-02-18 01:00:00+00:00,42410099999,2025-02-16 06:00:00+00:00,43,14.0,23.0,13.0,14.3,1.7916666666666667,0.9914448613738104,-0.1305261922200516,0.7350336741329412,0.6780306024735382,0.8000000000000007,0.02222634716329942,-1.3000000000000007,4.646428571428572,3.5292298643435154,0,1.0,0.0,0.0,True,train
2025-02-18 02:00:00+00:00,42410099999,2025-02-16 06:00:00+00:00,44,16.0,23.0,15.0,16.5,1.8333333333333333,0.9238795325112868,-0.3826834323650895,0.7350336741329412,0.6780306024735382,0.8000000000000007,0.02044922656520594,-1.5,2.446428571428573,3.5292298643435154,0,1.0,0.0,0.0,True,train
2025-02-18 03:00:00+00:00,42410099999,2025-02-16 06:00:00+00:00,45,18.0,23.0,17.0,18.9,1.875,0.7933533402912352,-0.6087614290087207,0.7350336741329412,0.6780306024735382,0.8000000000000007,0.018814196684807303,-1.8999999999999986,0.04642857142857437,3.5292298643435154,0,1.0,0.0,0.0,True,train
2025-02-18 04:00:00+00:00,42410099999,2025-02-16 06:00:00+00:00,46,20.0,23.0,19.0,21.4,1.9166666666666667,0.6087614290087209,-0.793353340291235,0.7350336741329412,0.6780306024735382,0.8000000000000007,0.017309896575594487,-2.3999999999999986,-2.4535714285714256,3.5292298643435154,0,1.0,0.0,0.0,True,train
2025-02-18 05:00:00+00:00,42410099999,2025-02-16 06:00:00+00:00,47,21.0,23.0,21.0,22.9,1.9583333333333333,0.3826834323650899,-0.9238795325112867,0.7350336741329412,0.6780306024735382,0.8000000000000007,0.01592587366218696,-1.8999999999999986,-3.9535714285714256,3.5292298643435154,0,1.0,0.0,0.0,True,train
2025-02-18 06:00:00+00:00,42410099999,2025-02-16 06:00:00+00:00,48,23.0,23.0,23.0,24.2,2.0,0.130526192220052,-0.9914448613738104,0.7350336741329412,0.6780306024735382,0.8000000000000007,0.014652511110987356,-1.1999999999999993,-5.253571428571426,3.5292298643435154,0,1.0,0.0,0.0,True,train
2025-02-16 07:00:00+00:00,43279099999,2025-02-16 06:00:00+00:00,1,32.0,30.0,31.0,32.7,0.041666666666666664,-0.13052619222005177,-0.9914448613738104,0.7112757519738152,0.7029130847082615,-1.8000000000000007,-1.6560799463327827,-1.7000000000000028,-5.93809523809524,2.745641774309691,0,0.0,0.0,1.0,True,train
2025-02-16 08:00:00+00:00,43279099999,2025-02-16 06:00:00+00:00,2,32.0,30.0,32.0,32.8,0.08333333333333333,-0.38268343236508967,-0.9238795325112868,0.7112757519738152,0.7029130847082615,-1.8000000000000007,-1.523667104803106,-0.7999999999999972,-6.038095238095234,2.745641774309691,0,0.0,0.0,1.0,True,train
2025-02-16 09:00:00+00:00,43279099999,2025-02-16 06:00:00+00:00,3,32.0,30.0,32.0,32.1,0.125,-0.6087614290087207,-0.7933533402912352,0.7112757519738152,0.7029130847082615,-1.8000000000000007,-1.4018414095285294,-0.10000000000000142,-5.338095238095239,2.745641774309691,0,0.0,0.0,1.0,True,train
2025-02-16 10:00:00+00:00,43279099999,2025-02-16 06:00:00+00:00,4,,30.0,31.0,31.0,0.16666666666666666,-0.7933533402912349,-0.6087614290087209,0.7112757519738152,0.7029130847082615,-1.8000000000000007,-1.2897563590328212,0.0,-4.238095238095237,2.745641774309691,0,0.0,0.0,1.0,False,train
2025-02-16 11:00:00+00:00,43279099999,2025-02-16 06:00:00+00:00,5,30.0,30.0,30.0,29.6,0.20833333333333334,-0.9238795325112868,-0.3826834323650895,0.7112757519738152,0.7029130847082615,-1.8000000000000007,-1.1866331343607992,0.3999999999999986,-2.8380952380952387,2.745641774309691,0,0.0,0.0,1.0,True,train
2025-02-16 12:00:00+00:00,43279099999,2025-02-16 06:00:00+00:00,6,29.0,30.0,29.0,28.1,0.25,-0.9914448613738104,-0.13052619222005163,0.7112757519738152,0.7029130847082615,-1.8000000000000007,-1.0917551874827407,0.8999999999999986,-1.3380952380952387,2.745641774309691,0,0.0,0.0,1.0,True,train
2025-02-16 13:00:00+00:00,43279099999,2025-02-16 06:00:00+00:00,7,28.0,30.0,28.0,26.7,0.2916666666666667,-0.9914448613738105,0.13052619222005127,0.7112757519738152,0.7029130847082615,-1.8000000000000007,-1.0044632623860852,1.3000000000000007,0.06190476190476346,2.745641774309691,0,0.0,0.0,1.0,True,train
2025-02-16 14:00:00+00:00,43279099999,2025-02-16 06:00:00+00:00,8,28.0,30.0,27.0,26.4,0.3333333333333333,-0.923879532511287,0.38268343236508917,0.7112757519738152,0.7029130847082615,-1.8000000000000007,-0.924150814258666,0.6000000000000014,0.36190476190476417,2.745641774309691,0,0.0,0.0,1.0,True,train
2025-02-16 15:00:00+00:00,43279099999,2025-02-16 06:00:00+00:00,9,28.0,30.0,27.0,26.2,0.375,-0.7933533402912357,0.6087614290087199,0.7112757519738152,0.7029130847082615,-1.8000000000000007,-0.8502597949338268,0.8000000000000007,0.5619047619047635,2.745641774309691,0,0.0,0.0,1.0,True,train
2025-02-16 16:00:00+00:00,43279099999,2025-02-16 06:00:00+00:00,10,28.0,30.0,27.0,25.8,0.4166666666666667,-0.6087614290087209,0.7933533402912349,0.7112757519738152,0.7029130847082615,-1.8000000000000007,-0.7822767753127411,1.1999999999999993,0.961904761904762,2.745641774309691,0,0.0,0.0,1.0,True,train
2025-02-16 17:00:00+00:00,43279099999,2025-02-16 06:00:00+00:00,11,28.0,30.0,27.0,25.5,0.4583333333333333,-0.38268343236508956,0.9238795325112868,0.7112757519738152,0.7029130847082615,-1.8000000000000007,-0.7197293778207255,1.5,1.2619047619047628,2.745641774309691,0,0.0,0.0,1.0,True,train
2025-02-16 18:00:00+00:00,43279099999,2025-02-16 06:00:00+00:00,12,27.0,30.0,27.0,25.2,0.5,-0.13052619222005168,0.9914448613738104,0.7112757519738152,0.7029130847082615,-1.8000000000000007,-0.6621829941085965,1.8000000000000007,1.5619047619047635,2.745641774309691,0,0.0,0.0,1.0,True,train
2025-02-16 19:00:00+00:00,43279099999,2025-02-16 06:00:00+00:00,13,27.0,30.0,26.0,24.8,0.5416666666666666,0.13052619222005157,0.9914448613738104,0.7232617254437388,0.6905740195722293,-1.8000000000000007,-0.6092377651921362,1.1999999999999993,1.961904761904762,2.745641774309691,0,0.0,0.0,1.0,True,train
2025-02-16 20:00:00+00:00,43279099999,2025-02-16 06:00:00+00:00,14,26.0,30.0,26.0,24.1,0.5833333333333334,0.3826834323650898,0.9238795325112867,0.7232617254437388,0.6905740195722293,-1.8000000000000007,-0.5605258030462761,1.8999999999999986,2.6619047619047613,2.745641774309691,0,0.0,0.0,1.0,True,train
2025-02-16 21:00:00+00:00,43279099999,2025-02-16 06:00:00+00:00,15,25.0,30.0,25.0,23.6,0.625,0.6087614290087207,0.7933533402912352,0.7232617254437388,0.6905740195722293,-1.8000000000000007,-0.5157086343483424,1.3999999999999986,3.1619047619047613,2.745641774309691,0,0.0,0.0,1.0,True,train
2025-02-16 22:00:00+00:00,43279099999,2025-02-16 06:00:00+00:00,16,25.0,30.0,25.0,23.0,0.6666666666666666,0.7933533402912352,0.6087614290087207,0.7232617254437388,0.6905740195722293,-1.8000000000000007,-0.47447484860830835,2.0,3.7619047619047628,2.745641774309691,0,0.0,0.0,1.0,True,train
2025-02-16 23:00:00+00:00,43279099999,2025-02-16 06:00:00+00:00,17,25.0,30.0,24.0,22.0,0.7083333333333334,0.9238795325112867,0.38268343236508984,0.7232617254437388,0.6905740195722293,-1.8000000000000007,-0.43653793434416777,2.0,4.761904761904763,2.745641774309691,0,0.0,0.0,1.0,True,train
2025-02-17 00:00:00+00:00,43279099999,2025-02-16 06:00:00+00:00,18,24.0,30.0,24.0,21.7,0.75,0.9914448613738104,0.1305261922200517,0.7232617254437388,0.6905740195722293,-1.8000000000000007,-0.40163428826717384,2.3000000000000007,5.0619047619047635,2.745641774309691,0,0.0,0.0,1.0,True,train
2025-02-17 01:00:00+00:00,43279099999,2025-02-16 06:00:00+00:00,19,24.0,30.0,24.0,21.1,0.7916666666666666,0.9914448613738104,-0.1305261922200516,0.7232617254437388,0.6905740195722293,-1.8000000000000007,-0.36952138364383685,2.8999999999999986,5.661904761904761,2.745641774309691,0,0.0,0.0,1.0,True,train
2025-02-17 02:00:00+00:00,43279099999,2025-02-16 06:00:00+00:00,20,24.0,30.0,24.0,21.8,0.8333333333333334,0.9238795325112868,-0.3826834323650895,0.7232617254437388,0.6905740195722293,-1.8000000000000007,-0.3399760851076114,2.1999999999999993,4.961904761904762,2.745641774309691,0,0.0,0.0,1.0,True,train
2025-02-17 03:00:00+00:00,43279099999,2025-02-16 06:00:00+00:00,21,26.0,30.0,26.0,25.3,0.875,0.7933533402912352,-0.6087614290087207,0.7232617254437388,0.6905740195722293,-1.8000000000000007,-0.31279309821080137,0.6999999999999993,1.461904761904762,2.745641774309691,0,0.0,0.0,1.0,True,train
2025-02-17 04:00:00+00:00,43279099999,2025-02-16 06:00:00+00:00,22,28.0,30.0,27.0,27.9,0.9166666666666666,0.6087614290087209,-0.793353340291235,0.7232617254437388,0.6905740195722293,-1.8000000000000007,-0.28778354294344916,-0.8999999999999986,-1.1380952380952358,2.745641774309691,0,0.0,0.0,1.0,True,train
2025-02-17 05:00:00+00:00,43279099999,2025-02-16 06:00:00+00:00,23,30.0,30.0,29.0,29.7,0.9583333333333334,0.3826834323650899,-0.9238795325112867,0.7232617254437388,0.6905740195722293,-1.8000000000000007,-0.26477364130735837,-0.6999999999999993,-2.9380952380952365,2.745641774309691,0,0.0,0.0,1.0,True,train
2025-02-17 06:00:00+00:00,43279099999,2025-02-16 06:00:00+00:00,24,30.0,30.0,30.0,30.7,1.0,0.130526192220052,-0.9914448613738104,0.7232617254437388,0.6905740195722293,-1.8000000000000007,-0.24360350982590295,-0.6999999999999993,-3.9380952380952365,2.745641774309691,0,0.0,0.0,1.0,True,train
2025-02-17 07:00:00+00:00,43279099999,2025-02-16 06:00:00+00:00,25,31.0,30.0,31.0,31.2,1.0416666666666667,-0.13052619222005177,-0.9914448613738104,0.7232617254437388,0.6905740195722293,-1.8000000000000007,-0.22412604859942142,-0.1999999999999993,-4.4380952380952365,2.745641774309691,0,0.0,0.0,1.0,True,train
2025-02-17 08:00:00+00:00,43279099999,2025-02-16 06:00:00+00:00,26,31.0,30.0,32.0,31.4,1.0833333333333333,-0.38268343236508967,-0.9238795325112868,0.7232617254437388,0.6905740195722293,-1.8000000000000007,-0.206205919186838,0.6000000000000014,-4.638095238095236,2.745641774309691,0,0.0,0.0,1.0,True,train
2025-02-17 09:00:00+00:00,43279099999,2025-02-16 06:00:00+00:00,27,31.0,30.0,32.0,31.2,1.125,-0.6087614290087207,-0.7933533402912352,0.7232617254437388,0.6905740195722293,-1.8000000000000007,-0.18971860421135586,0.8000000000000007,-4.4380952380952365,2.745641774309691,0,0.0,0.0,1.0,True,train
2025-02-17 10:00:00+00:00,43279099999,2025-02-16 06:00:00+00:00,28,30.0,30.0,31.0,30.7,1.1666666666666667,-0.7933533402912349,-0.6087614290087209,0.7232617254437388,0.6905740195722293,-1.8000000000000007,-0.17454954215592916,0.3000000000000007,-3.9380952380952365,2.745641774309691,0,0.0,0.0,1.0,True,train
2025-02-17 11:00:00+00:00,43279099999,2025-02-16 06:00:00+00:00,29,30.0,30.0,30.0,29.8,1.2083333333333333,-0.9238795325112868,-0.3826834323650895,0.7232617254437388,0.6905740195722293,-1.8000000000000007,-0.16059333133666825,0.1999999999999993,-3.038095238095238,2.745641774309691,0,0.0,0.0,1.0,True,train
2025-02-17 12:00:00+00:00,43279099999,2025-02-16 06:00:00+00:00,30,29.0,30.0,29.0,28.2,1.25,-0.9914448613738104,-0.13052619222005163,0.7232617254437388,0.6905740195722293,-1.8000000000000007,-0.1477529975230179,0.8000000000000007,-1.4380952380952365,2.745641774309691,0,0.0,0.0,1.0,True,train
2025-02-17 13:00:00+00:00,43279099999,2025-02-16 06:00:00+00:00,31,28.0,30.0,28.0,26.8,1.2916666666666667,-0.9914448613738105,0.13052619222005127,0.7232617254437388,0.6905740195722293,-1.8000000000000007,-0.13593932011579282,1.1999999999999993,-0.03809523809523796,2.745641774309691,0,0.0,0.0,1.0,True,train
2025-02-17 14:00:00+00:00,43279099999,2025-02-16 06:00:00+00:00,32,28.0,30.0,27.0,26.3,1.3333333333333333,-0.923879532511287,0.38268343236508917,0.7232617254437388,0.6905740195722293,-1.8000000000000007,-0.12507021220104284,0.6999999999999993,0.46190476190476204,2.745641774309691,0,0.0,0.0,1.0,True,train
2025-02-17 15:00:00+00:00,43279099999,2025-02-16 06:00:00+00:00,33,28.0,30.0,27.0,26.0,1.375,-0.7933533402912357,0.6087614290087199,0.7232617254437388,0.6905740195722293,-1.8000000000000007,-0.11507015017207367,1.0,0.7619047619047628,2.745641774309691,0,0.0,0.0,1.0,True,train
2025-02-17 16:00:00+00:00,43279099999,2025-02-16 06:00:00+00:00,34,27.0,30.0,27.0,25.6,1.4166666666666667,-0.6087614290087209,0.7933533402912349,0.7232617254437388,0.6905740195722293,-1.8000000000000007,-0.10586964895637382,1.3999999999999986,1.1619047619047613,2.745641774309691,0,0.0,0.0,1.0,True,train
2025-02-17 17:00:00+00:00,43279099999,2025-02-16 06:00:00+00:00,35,27.0,30.0,27.0,25.2,1.4583333333333333,-0.38268343236508956,0.9238795325112868,0.7232617254437388,0.6905740195722293,-1.8000000000000007,-0.09740477920107893,1.8000000000000007,1.5619047619047635,2.745641774309691,0,0.0,0.0,1.0,True,train
2025-02-17 18:00:00+00:00,43279099999,2025-02-16 06:00:00+00:00,36,27.0,30.0,27.0,24.4,1.5,-0.13052619222005168,0.9914448613738104,0.7232617254437388,0.6905740195722293,-1.8000000000000007,-0.08961672306215514,2.6000000000000014,2.361904761904764,2.745641774309691,0,0.0,0.0,1.0,True,train
2025-02-17 19:00:00+00:00,43279099999,2025-02-16 06:00:00+00:00,37,27.0,30.0,26.0,24.0,1.5416666666666667,0.13052619222005157,0.9914448613738104,0.7350336741329412,0.6780306024735382,-1.8000000000000007,-0.08245136551071869,2.0,2.7619047619047628,2.745641774309691,0,0.0,0.0,1.0,True,train
2025-02-17 20:00:00+00:00,43279099999,2025-02-16 06:00:00+00:00,38,25.0,30.0,26.0,23.4,1.5833333333333333,0.3826834323650898,0.9238795325112867,0.7350336741329412,0.6780306024735382,-1.8000000000000007,-0.07585891831669755,2.6000000000000014,3.361904761904764,2.745641774309691,0,0.0,0.0,1.0,True,train
2025-02-17 21:00:00+00:00,43279099999,2025-02-16 06:00:00+00:00,39,25.0,30.0,25.0,22.7,1.625,0.6087614290087207,0.7933533402912352,0.7350336741329412,0.6780306024735382,-1.8000000000000007,-0.06979357409709964,2.3000000000000007,4.0619047619047635,2.745641774309691,0,0.0,0.0,1.0,True,train
2025-02-17 22:00:00+00:00,43279099999,2025-02-16 06:00:00+00:00,40,24.0,30.0,25.0,21.9,1.6666666666666667,0.7933533402912352,0.6087614290087207,0.7350336741329412,0.6780306024735382,-1.8000000000000007,-0.06421318802505434,3.1000000000000014,4.861904761904764,2.745641774309691,0,0.0,0.0,1.0,True,train
2025-02-17 23:00:00+00:00,43279099999,2025-02-16 06:00:00+00:00,41,24.0,30.0,24.0,21.2,1.7083333333333333,0.9238795325112867,0.38268343236508984,0.7350336741329412,0.6780306024735382,-1.8000000000000007,-0.0590789849879938,2.8000000000000007,5.5619047619047635,2.745641774309691,0,0.0,0.0,1.0,True,train
2025-02-18 00:00:00+00:00,43279099999,2025-02-16 06:00:00+00:00,42,24.0,30.0,24.0,20.7,1.75,0.9914448613738104,0.1305261922200517,0.7350336741329412,0.6780306024735382,-1.8000000000000007,-0.05435529016017332,3.3000000000000007,6.0619047619047635,2.745641774309691,0,0.0,0.0,1.0,True,train
2025-02-18 01:00:00+00:00,43279099999,2025-02-16 06:00:00+00:00,43,24.0,30.0,24.0,20.5,1.7916666666666667,0.9914448613738104,-0.1305261922200516,0.7350336741329412,0.6780306024735382,-1.8000000000000007,-0.05000928111742367,3.5,6.261904761904763,2.745641774309691,0,0.0,0.0,1.0,True,train
2025-02-18 02:00:00+00:00,43279099999,2025-02-16 06:00:00+00:00,44,24.0,30.0,24.0,21.6,1.8333333333333333,0.9238795325112868,-0.3826834323650895,0.7350336741329412,0.6780306024735382,-1.8000000000000007,-0.046010759771713344,2.3999999999999986,5.161904761904761,2.745641774309691,0,0.0,0.0,1.0,True,train
2025-02-18 03:00:00+00:00,43279099999,2025-02-16 06:00:00+00:00,45,26.0,30.0,26.0,25.1,1.875,0.7933533402912352,-0.6087614290087207,0.7350336741329412,0.6780306024735382,-1.8000000000000007,-0.04233194254081641,0.8999999999999986,1.6619047619047613,2.745641774309691,0,0.0,0.0,1.0,True,train
2025-02-18 04:00:00+00:00,43279099999,2025-02-16 06:00:00+00:00,46,28.0,30.0,27.0,27.8,1.9166666666666667,0.6087614290087209,-0.793353340291235,0.7350336741329412,0.6780306024735382,-1.8000000000000007,-0.03894726729508758,-0.8000000000000007,-1.038095238095238,2.745641774309691,0,0.0,0.0,1.0,True,train
2025-02-18 05:00:00+00:00,43279099999,2025-02-16 06:00:00+00:00,47,29.0,30.0,29.0,29.4,1.9583333333333333,0.3826834323650899,-0.9238795325112867,0.7350336741329412,0.6780306024735382,-1.8000000000000007,-0.03583321573992065,-0.3999999999999986,-2.638095238095236,2.745641774309691,0,0.0,0.0,1.0,True,train
2025-02-18 06:00:00+00:00,43279099999,2025-02-16 06:00:00+00:00,48,30.0,30.0,30.0,30.6,2.0,0.130526192220052,-0.9914448613738104,0.7350336741329412,0.6780306024735382,-1.8000000000000007,-0.03296814999972154,-0.6000000000000014,-3.8380952380952387,2.745641774309691,0,0.0,0.0,1.0,True,train
2025-02-18 07:00:00+00:00,42410099999,2025-02-18 06:00:00+00:00,1,25.0,23.0,25.0,25.1,0.041666666666666664,-0.13052619222005177,-0.9914448613738104,0.7350336741329412,0.6780306024735382,-1.3999999999999986,-1.2880621804810513,-0.10000000000000142,-6.135714285714286,3.5838474556032676,0,1.0,0.0,0.0,True,train
2025-02-18 08:00:00+00:00,42410099999,2025-02-18 06:00:00+00:00,2,25.0,23.0,26.0,25.4,0.08333333333333333,-0.38268343236508967,-0.9238795325112868,0.7350336741329412,0.6780306024735382,-1.3999999999999986,-1.1850744148468586,0.6000000000000014,-6.435714285714283,3.5838474556032676,0,1.0,0.0,0.0,True,train
2025-02-18 09:00:00+00:00,42410099999,2025-02-18 06:00:00+00:00,3,25.0,23.0,26.0,25.2,0.125,-0.6087614290087207,-0.7933533402912352,0.7350336741329412,0.6780306024735382,-1.3999999999999986,-1.0903210962999657,0.8000000000000007,-6.235714285714284,3.5838474556032676,0,1.0,0.0,0.0,True,train
2025-02-18 10:00:00+00:00,42410099999,2025-02-18 06:00:00+00:00,4,25.0,23.0,25.0,24.8,0.16666666666666666,-0.7933533402912349,-0.6087614290087209,0.7350336741329412,0.6780306024735382,-1.3999999999999986,-1.003143834803304,0.1999999999999993,-5.835714285714285,3.5838474556032676,0,1.0,0.0,0.0,True,train
2025-02-18 11:00:00+00:00,42410099999,2025-02-18 06:00:00+00:00,5,24.0,23.0,25.0,23.3,0.20833333333333334,-0.9238795325112868,-0.3826834323650895,0.7350336741329412,0.6780306024735382,-1.3999999999999986,-0.9229368822806203,1.6999999999999993,-4.335714285714285,3.5838474556032676,0,1.0,0.0,0.0,True,train
2025-02-18 12:00:00+00:00,42410099999,2025-02-18 06:00:00+00:00,6,23.0,23.0,23.0,21.8,0.25,-0.9914448613738104,-0.13052619222005163,0.7350336741329412,0.6780306024735382,-1.3999999999999986,-0.849142923597686,1.1999999999999993,-2.8357142857142854,3.5838474556032676,0,1.0,0.0,0.0,True,train
2025-02-18 13:00:00+00:00,42410099999,2025-02-18 06:00:00+00:00,7,20.0,23.0,22.0,20.7,0.2916666666666667,-0.9914448613738105,0.13052619222005127,0.7350336741329412,0.6780306024735382,-1.3999999999999986,-0.7812492040780651,1.3000000000000007,-1.735714285714284,3.5838474556032676,0,1.0,0.0,0.0,True,train
2025-02-18 14:00:00+00:00,42410099999,2025-02-18 06:00:00+00:00,8,19.0,23.0,20.0,19.8,0.3333333333333333,-0.923879532511287,0.38268343236508917,0.7350336741329412,0.6780306024735382,-1.3999999999999986,-0.718783966645628,0.1999999999999993,-0.8357142857142854,3.5838474556032676,0,1.0,0.0,0.0,True,train
2025-02-18 15:00:00+00:00,42410099999,2025-02-18 06:00:00+00:00,9,18.0,23.0,20.0,19.0,0.375,-0.7933533402912357,0.6087614290087199,0.7350336741329412,0.6780306024735382,-1.3999999999999986,-0.6613131738374199,1.0,-0.0357142857142847,3.5838474556032676,0,1.0,0.0,0.0,True,train
2025-02-18 16:00:00+00:00,42410099999,2025-02-18 06:00:00+00:00,10,17.0,23.0,20.0,18.1,0.4166666666666667,-0.6087614290087209,0.7933533402912349,0.7350336741329412,0.6780306024735382,-1.3999999999999986,-0.6084374919099088,1.8999999999999986,0.8642857142857139,3.5838474556032676,0,1.0,0.0,0.0,True,train
2025-02-18 17:00:00+00:00,42410099999,2025-02-18 06:00:00+00:00,11,17.0,23.0,20.0,17.3,0.4583333333333333,-0.38268343236508956,0.9238795325112868,0.7350336741329412,0.6780306024735382,-1.3999999999999986,-0.5597895160827857,2.6999999999999993,1.6642857142857146,3.5838474556032676,0,1.0,0.0,0.0,True,train
2025-02-18 18:00:00+00:00,42410099999,2025-02-18 06:00:00+00:00,12,16.0,23.0,19.0,16.7,0.5,-0.13052619222005168,0.9914448613738104,0.7350336741329412,0.6780306024735382,-1.3999999999999986,-0.5150312176400187,2.3000000000000007,2.264285714285716,3.5838474556032676,0,1.0,0.0,0.0,True,train
2025-02-18 19:00:00+00:00,42410099999,2025-02-18 06:00:00+00:00,13,15.0,23.0,18.0,16.3,0.5416666666666666,0.13052619222005157,0.9914448613738104,0.746588114532413,0.6652865452111116,-1.3999999999999986,-0.47385159514943864,1.6999999999999993,2.6642857142857146,3.5838474556032676,0,1.0,0.0,0.0,True,train
2025-02-18 20:00:00+00:00,42410099999,2025-02-18 06:00:00+00:00,14,15.0,23.0,17.0,15.7,0.5833333333333334,0.3826834323650898,0.9238795325112867,0.746588114532413,0.6652865452111116,-1.3999999999999986,-0.4359645134804363,1.3000000000000007,3.264285714285716,3.5838474556032676,0,1.0,0.0,0.0,True,train
2025-02-18 21:00:00+00:00,42410099999,2025-02-18 06:00:00+00:00,15,14.0,23.0,17.0,15.6,0.625,0.6087614290087207,0.7933533402912352,0.746588114532413,0.6652865452111116,-1.3999999999999986,-0.4011067156042657,1.4000000000000004,3.3642857142857157,3.5838474556032676,0,1.0,0.0,0.0,True,train
2025-02-18 22:00:00+00:00,42410099999,2025-02-18 06:00:00+00:00,16,14.0,23.0,16.0,14.9,0.6666666666666666,0.7933533402912352,0.6087614290087207,0.746588114532413,0.6652865452111116,-1.3999999999999986,-0.3690359933620171,1.0999999999999996,4.064285714285715,3.5838474556032676,0,1.0,0.0,0.0,True,train
2025-02-18 23:00:00+00:00,42410099999,2025-02-18 06:00:00+00:00,17,13.0,23.0,15.0,14.5,0.7083333333333334,0.9238795325112867,0.38268343236508984,0.746588114532413,0.6652865452111116,-1.3999999999999986,-0.3395295044899078,0.5,4.464285714285715,3.5838474556032676,0,1.0,0.0,0.0,True,train
2025-02-19 00:00:00+00:00,42410099999,2025-02-18 06:00:00+00:00,18,14.0,23.0,15.0,14.2,0.75,0.9914448613738104,0.1305261922200517,0.746588114532413,0.6652865452111116,-1.3999999999999986,-0.31238222420780143,0.8000000000000007,4.764285714285716,3.5838474556032676,0,1.0,0.0,0.0,True,train
2025-02-19 01:00:00+00:00,42410099999,2025-02-18 06:00:00+00:00,19,13.0,23.0,14.0,14.5,0.7916666666666666,0.9914448613738104,-0.1305261922200516,0.746588114532413,0.6652865452111116,-1.3999999999999986,-0.2874055206118727,-0.5,4.464285714285715,3.5838474556032676,0,1.0,0.0,0.0,True,train
2025-02-19 02:00:00+00:00,42410099999,2025-02-18 06:00:00+00:00,20,16.0,23.0,16.0,16.8,0.8333333333333334,0.9238795325112868,-0.3826834323650895,0.746588114532413,0.6652865452111116,-1.3999999999999986,-0.2644258439725863,-0.8000000000000007,2.1642857142857146,3.5838474556032676,0,1.0,0.0,0.0,True,train
2025-02-19 03:00:00+00:00,42410099999,2025-02-18 06:00:00+00:00,21,19.0,23.0,18.0,19.2,0.875,0.7933533402912352,-0.6087614290087207,0.746588114532413,0.6652865452111116,-1.3999999999999986,-0.24328352083062296,-1.1999999999999993,-0.235714285714284,3.5838474556032676,0,1.0,0.0,0.0,True,train
2025-02-19 04:00:00+00:00,42410099999,2025-02-18 06:00:00+00:00,22,21.0,23.0,20.0,21.3,0.9166666666666666,0.6087614290087209,-0.793353340291235,0.746588114532413,0.6652865452111116,-1.3999999999999986,-0.22383164451157125,-1.3000000000000007,-2.3357142857142854,3.5838474556032676,0,1.0,0.0,0.0,True,train
2025-02-19 05:00:00+00:00,42410099999,2025-02-18 06:00:00+00:00,23,23.0,23.0,21.0,23.1,0.9583333333333334,0.3826834323650899,-0.9238795325112867,0.746588114532413,0.6652865452111116,-1.3999999999999986,-0.20593505435016732,-2.1000000000000014,-4.135714285714286,3.5838474556032676,0,1.0,0.0,0.0,True,train
2025-02-19 06:00:00+00:00,42410099999,2025-02-18 06:00:00+00:00,24,24.0,23.0,23.0,24.1,1.0,0.130526192220052,-0.9914448613738104,0.746588114532413,0.6652865452111116,-1.3999999999999986,-0.18946939653125758,-1.1000000000000014,-5.135714285714286,3.5838474556032676,0,1.0,0.0,0.0,True,train
2025-02-19 07:00:00+00:00,42410099999,2025-02-18 06:00:00+00:00,25,25.0,23.0,25.0,24.9,1.0416666666666667,-0.13052619222005177,-0.9914448613738104,0.746588114532413,0.6652865452111116,-1.3999999999999986,-0.17432026002177198,0.10000000000000142,-5.935714285714283,3.5838474556032676,0,1.0,0.0,0.0,True,train
2025-02-19 08:00:00+00:00,42410099999,2025-02-18 06:00:00+00:00,26,26.0,23.0,26.0,25.2,1.0833333333333333,-0.38268343236508967,-0.9238795325112868,0.746588114532413,0.6652865452111116,-1.3999999999999986,-0.16038238158976267,0.8000000000000007,-6.235714285714284,3.5838474556032676,0,1.0,0.0,0.0,True,train
2025-02-19 09:00:00+00:00,42410099999,2025-02-18 06:00:00+00:00,27,27.0,23.0,26.0,25.3,1.125,-0.6087614290087207,-0.7933533402912352,0.746588114532413,0.6652865452111116,-1.3999999999999986,-0.14755891438660992,0.6999999999999993,-6.335714285714285,3.5838474556032676,0,1.0,0.0,0.0,True,train
2025-02-19 10:00:00+00:00,42410099999,2025-02-18 06:00:00+00:00,28,26.0,23.0,25.0,24.9,1.1666666666666667,-0.7933533402912349,-0.6087614290087209,0.746588114532413,0.6652865452111116,-1.3999999999999986,-0.13576075501016693,0.10000000000000142,-5.935714285714283,3.5838474556032676,0,1.0,0.0,0.0,True,train
2025-02-19 11:00:00+00:00,42410099999,2025-02-18 06:00:00+00:00,29,27.0,23.0,25.0,23.5,1.2083333333333333,-0.9238795325112868,-0.3826834323650895,0.746588114532413,0.6652865452111116,-1.3999999999999986,-0.12490592437296402,1.5,-4.535714285714285,3.5838474556032676,0,1.0,0.0,0.0,True,train
2025-02-19 12:00:00+00:00,42410099999,2025-02-18 06:00:00+00:00,30,24.0,23.0,23.0,21.4,1.25,-0.9914448613738104,-0.13052619222005163,0.746588114532413,0.6652865452111116,-1.3999999999999986,-0.1149189980734582,1.6000000000000014,-2.4357142857142833,3.5838474556032676,0,1.0,0.0,0.0,True,train
2025-02-19 13:00:00+00:00,42410099999,2025-02-18 06:00:00+00:00,31,21.0,23.0,22.0,20.4,1.2916666666666667,-0.9914448613738105,0.13052619222005127,0.746588114532413,0.6652865452111116,-1.3999999999999986,-0.10573058231228316,1.6000000000000014,-1.4357142857142833,3.5838474556032676,0,1.0,0.0,0.0,True,train
2025-02-19 14:00:00+00:00,42410099999,2025-02-18 06:00:00+00:00,32,19.0,23.0,20.0,20.1,1.3333333333333333,-0.923879532511287,0.38268343236508917,0.746588114532413,0.6652865452111116,-1.3999999999999986,-0.09727683171192206,-0.10000000000000142,-1.1357142857142861,3.5838474556032676,0,1.0,0.0,0.0,True,train
2025-02-19 15:00:00+00:00,42410099999,2025-02-18 06:00:00+00:00,33,18.0,23.0,20.0,19.7,1.375,-0.7933533402912357,0.6087614290087199,0.746588114532413,0.6652865452111116,-1.3999999999999986,-0.08949900568939051,0.3000000000000007,-0.735714285714284,3.5838474556032676,0,1.0,0.0,0.0,True,train
2025-02-19 16:00:00+00:00,42410099999,2025-02-18 06:00:00+00:00,34,18.0,23.0,20.0,19.1,1.4166666666666667,-0.6087614290087209,0.7933533402912349,0.746588114532413,0.6652865452111116,-1.3999999999999986,-0.08234306029940175,0.8999999999999986,-0.13571428571428612,3.5838474556032676,0,1.0,0.0,0.0,True,train
2025-02-19 17:00:00+00:00,42410099999,2025-02-18 06:00:00+00:00,35,18.0,23.0,20.0,18.3,1.4583333333333333,-0.38268343236508956,0.9238795325112868,0.746588114532413,0.6652865452111116,-1.3999999999999986,-0.07575927271195018,1.6999999999999993,0.6642857142857146,3.5838474556032676,0,1.0,0.0,0.0,True,train
2025-02-19 18:00:00+00:00,42410099999,2025-02-18 06:00:00+00:00,36,17.0,23.0,19.0,17.7,1.5,-0.13052619222005168,0.9914448613738104,0.746588114532413,0.6652865452111116,-1.3999999999999986,-0.06970189571500945,1.3000000000000007,1.264285714285716,3.5838474556032676,0,1.0,0.0,0.0,True,train
2025-02-19 19:00:00+00:00,42410099999,2025-02-18 06:00:00+00:00,37,17.0,23.0,18.0,16.7,1.5416666666666667,0.13052619222005157,0.9914448613738104,0.7579216274973472,0.6523456189565257,-1.3999999999999986,-0.06412883984167,1.3000000000000007,2.264285714285716,3.5838474556032676,0,1.0,0.0,0.0,True,train
2025-02-19 20:00:00+00:00,42410099999,2025-02-18 06:00:00+00:00,38,16.0,23.0,17.0,16.3,1.5833333333333333,0.3826834323650898,0.9238795325112867,0.7579216274973472,0.6523456189565257,-1.3999999999999986,-0.05900138091298691,0.6999999999999993,2.6642857142857146,3.5838474556032676,0,1.0,0.0,0.0,True,train
2025-02-19 21:00:00+00:00,42410099999,2025-02-18 06:00:00+00:00,39,16.0,23.0,17.0,15.8,1.625,0.6087614290087207,0.7933533402912352,0.7579216274973472,0.6523456189565257,-1.3999999999999986,-0.054283890964410754,1.1999999999999993,3.1642857142857146,3.5838474556032676,0,1.0,0.0,0.0,True,train
2025-02-19 22:00:00+00:00,42410099999,2025-02-18 06:00:00+00:00,40,15.0,23.0,16.0,15.5,1.6666666666666667,0.7933533402912352,0.6087614290087207,0.7579216274973472,0.6523456189565257,-1.3999999999999986,-0.049943590686153304,0.5,3.4642857142857153,3.5838474556032676,0,1.0,0.0,0.0,True,train
2025-02-19 23:00:00+00:00,42410099999,2025-02-18 06:00:00+00:00,41,15.0,23.0,15.0,15.0,1.7083333333333333,0.9238795325112867,0.38268343236508984,0.7579216274973472,0.6523456189565257,-1.3999999999999986,-0.045950321657328444,0.0,3.9642857142857153,3.5838474556032676,0,1.0,0.0,0.0,True,train
2025-02-20 00:00:00+00:00,42410099999,2025-02-18 06:00:00+00:00,42,14.0,23.0,15.0,14.5,1.75,0.9914448613738104,0.1305261922200517,0.7579216274973472,0.6523456189565257,-1.3999999999999986,-0.04227633679124586,0.5,4.464285714285715,3.5838474556032676,0,1.0,0.0,0.0,True,train
2025-02-20 01:00:00+00:00,42410099999,2025-02-18 06:00:00+00:00,43,15.0,23.0,14.0,15.0,1.7916666666666667,0.9914448613738104,-0.1305261922200516,0.7579216274973472,0.6523456189565257,-1.3999999999999986,-0.03889610753577391,-1.0,3.9642857142857153,3.5838474556032676,0,1.0,0.0,0.0,True,train
2025-02-20 02:00:00+00:00,42410099999,2025-02-18 06:00:00+00:00,44,17.0,23.0,16.0,17.2,1.8333333333333333,0.9238795325112868,-0.3826834323650895,0.7579216274973472,0.6523456189565257,-1.3999999999999986,-0.035786146489110326,-1.1999999999999993,1.764285714285716,3.5838474556032676,0,1.0,0.0,0.0,True,train
2025-02-20 03:00:00+00:00,42410099999,2025-02-18 06:00:00+00:00,45,20.0,23.0,18.0,19.6,1.875,0.7933533402912352,-0.6087614290087207,0.7579216274973472,0.6523456189565257,-1.3999999999999986,-0.03292484419841272,-1.6000000000000014,-0.6357142857142861,3.5838474556032676,0,1.0,0.0,0.0,True,train
2025-02-20 04:00:00+00:00,42410099999,2025-02-18 06:00:00+00:00,46,22.0,23.0,20.0,21.7,1.9166666666666667,0.6087614290087209,-0.793353340291235,0.7579216274973472,0.6523456189565257,-1.3999999999999986,-0.030292319007290295,-1.6999999999999993,-2.735714285714284,3.5838474556032676,0,1.0,0.0,0.0,True,train
2025-02-20 05:00:00+00:00,42410099999,2025-02-18 06:00:00+00:00,47,24.0,23.0,21.0,23.5,1.9583333333333333,0.3826834323650899,-0.9238795325112867,0.7579216274973472,0.6523456189565257,-1.3999999999999986,-0.02787027890882713,-2.5,-4.535714285714285,3.5838474556032676,0,1.0,0.0,0.0,True,train
2025-02-20 06:00:00+00:00,42410099999,2025-02-18 06:00:00+00:00,48,25.0,23.0,23.0,25.4,2.0,0.130526192220052,-0.9914448613738104,0.7579216274973472,0.6523456189565257,-1.3999999999999986,-0.025641894444227823,-2.3999999999999986,-6.435714285714283,3.5838474556032676,0,1.0,0.0,0.0,True,train
2025-02-18 07:00:00+00:00,43279099999,2025-02-18 06:00:00+00:00,1,31.0,30.0,31.0,31.5,0.041666666666666664,-0.13052619222005177,-0.9914448613738104,0.7350336741329412,0.6780306024735382,-0.8999999999999986,-0.8280399731663897,-0.5,-4.49404761904762,2.8104757769762974,0,0.0,0.0,1.0,True,train
2025-02-18 08:00:00+00:00,43279099999,2025-02-18 06:00:00+00:00,2,31.0,30.0,31.0,31.6,0.08333333333333333,-0.38268343236508967,-0.9238795325112868,0.7350336741329412,0.6780306024735382,-0.8999999999999986,-0.7618335524015515,-0.6000000000000014,-4.594047619047622,2.8104757769762974,0,0.0,0.0,1.0,True,train
2025-02-18 09:00:00+00:00,43279099999,2025-02-18 06:00:00+00:00,3,31.0,30.0,31.0,31.0,0.125,-0.6087614290087207,-0.7933533402912352,0.7350336741329412,0.6780306024735382,-0.8999999999999986,-0.7009207047642633,0.0,-3.9940476190476204,2.8104757769762974,0,0.0,0.0,1.0,True,train
2025-02-18 10:00:00+00:00,43279099999,2025-02-18 06:00:00+00:00,4,31.0,30.0,30.0,30.3,0.16666666666666666,-0.7933533402912349,-0.6087614290087209,0.7350336741329412,0.6780306024735382,-0.8999999999999986,-0.6448781795164094,-0.3000000000000007,-3.294047619047621,2.8104757769762974,0,0.0,0.0,1.0,True,train
2025-02-18 11:00:00+00:00,43279099999,2025-02-18 06:00:00+00:00,5,30.0,30.0,30.0,29.5,0.20833333333333334,-0.9238795325112868,-0.3826834323650895,0.7350336741329412,0.6780306024735382,-0.8999999999999986,-0.5933165671803985,0.5,-2.4940476190476204,2.8104757769762974,0,0.0,0.0,1.0,True,train
2025-02-18 12:00:00+00:00,43279099999,2025-02-18 06:00:00+00:00,6,29.0,30.0,29.0,28.2,0.25,-0.9914448613738104,-0.13052619222005163,0.7350336741329412,0.6780306024735382,-0.8999999999999986,-0.5458775937413692,0.8000000000000007,-1.1940476190476197,2.8104757769762974,0,0.0,0.0,1.0,True,train
2025-02-18 13:00:00+00:00,43279099999,2025-02-18 06:00:00+00:00,7,28.0,30.0,28.0,27.1,0.2916666666666667,-0.9914448613738105,0.13052619222005127,0.7350336741329412,0.6780306024735382,-0.8999999999999986,-0.5022316311930416,0.8999999999999986,-0.09404761904762182,2.8104757769762974,0,0.0,0.0,1.0,True,train
2025-02-18 14:00:00+00:00,43279099999,2025-02-18 06:00:00+00:00,8,28.0,30.0,28.0,26.7,0.3333333333333333,-0.923879532511287,0.38268343236508917,0.7350336741329412,0.6780306024735382,-0.8999999999999986,-0.4620754071293321,1.3000000000000007,0.3059523809523803,2.8104757769762974,0,0.0,0.0,1.0,True,train
2025-02-18 15:00:00+00:00,43279099999,2025-02-18 06:00:00+00:00,9,28.0,30.0,28.0,26.2,0.375,-0.7933533402912357,0.6087614290087199,0.7350336741329412,0.6780306024735382,-0.8999999999999986,-0.42512989746691254,1.8000000000000007,0.8059523809523803,2.8104757769762974,0,0.0,0.0,1.0,True,train
2025-02-18 16:00:00+00:00,43279099999,2025-02-18 06:00:00+00:00,10,27.0,30.0,27.0,25.8,0.4166666666666667,-0.6087614290087209,0.7933533402912349,0.7350336741329412,0.6780306024735382,-0.8999999999999986,-0.39113838765636977,1.1999999999999993,1.2059523809523789,2.8104757769762974,0,0.0,0.0,1.0,True,train
2025-02-18 17:00:00+00:00,43279099999,2025-02-18 06:00:00+00:00,11,27.0,30.0,27.0,25.3,0.4583333333333333,-0.38268343236508956,0.9238795325112868,0.7350336741329412,0.6780306024735382,-0.8999999999999986,-0.35986468891036205,1.6999999999999993,1.7059523809523789,2.8104757769762974,0,0.0,0.0,1.0,True,train
2025-02-18 18:00:00+00:00,43279099999,2025-02-18 06:00:00+00:00,12,26.0,30.0,27.0,24.5,0.5,-0.13052619222005168,0.9914448613738104,0.7350336741329412,0.6780306024735382,-0.8999999999999986,-0.3310914970542976,2.5,2.5059523809523796,2.8104757769762974,0,0.0,0.0,1.0,True,train
2025-02-18 19:00:00+00:00,43279099999,2025-02-18 06:00:00+00:00,13,26.0,30.0,27.0,23.7,0.5416666666666666,0.13052619222005157,0.9914448613738104,0.746588114532413,0.6652865452111116,-0.8999999999999986,-0.3046188825960675,3.3000000000000007,3.3059523809523803,2.8104757769762974,0,0.0,0.0,1.0,True,train
2025-02-18 20:00:00+00:00,43279099999,2025-02-18 06:00:00+00:00,14,26.0,30.0,25.0,22.9,0.5833333333333334,0.3826834323650898,0.9238795325112867,0.746588114532413,0.6652865452111116,-0.8999999999999986,-0.2802629015231375,2.1000000000000014,4.105952380952381,2.8104757769762974,0,0.0,0.0,1.0,True,train
2025-02-18 21:00:00+00:00,43279099999,2025-02-18 06:00:00+00:00,15,26.0,30.0,25.0,22.3,0.625,0.6087614290087207,0.7933533402912352,0.746588114532413,0.6652865452111116,-0.8999999999999986,-0.2578543171741707,2.6999999999999993,4.705952380952379,2.8104757769762974,0,0.0,0.0,1.0,True,train
2025-02-18 22:00:00+00:00,43279099999,2025-02-18 06:00:00+00:00,16,24.0,30.0,24.0,21.5,0.6666666666666666,0.7933533402912352,0.6087614290087207,0.746588114532413,0.6652865452111116,-0.8999999999999986,-0.23723742430415373,2.5,5.50595238095238,2.8104757769762974,0,0.0,0.0,1.0,True,train
2025-02-18 23:00:00+00:00,43279099999,2025-02-18 06:00:00+00:00,17,24.0,30.0,24.0,21.0,0.7083333333333334,0.9238795325112867,0.38268343236508984,0.746588114532413,0.6652865452111116,-0.8999999999999986,-0.21826896717208347,3.0,6.00595238095238,2.8104757769762974,0,0.0,0.0,1.0,True,train
2025-02-19 00:00:00+00:00,43279099999,2025-02-18 06:00:00+00:00,18,24.0,30.0,24.0,20.7,0.75,0.9914448613738104,0.1305261922200517,0.746588114532413,0.6652865452111116,-0.8999999999999986,-0.2008171441335865,3.3000000000000007,6.30595238095238,2.8104757769762974,0,0.0,0.0,1.0,True,train
2025-02-19 01:00:00+00:00,43279099999,2025-02-18 06:00:00+00:00,19,24.0,30.0,24.0,20.5,0.7916666666666666,0.9914448613738104,-0.1305261922200516,0.746588114532413,0.6652865452111116,-0.8999999999999986,-0.18476069182191807,3.5,6.50595238095238,2.8104757769762974,0,0.0,0.0,1.0,True,train
2025-02-19 02:00:00+00:00,43279099999,2025-02-18 06:00:00+00:00,20,24.0,30.0,24.0,21.8,0.8333333333333334,0.9238795325112868,-0.3826834323650895,0.746588114532413,0.6652865452111116,-0.8999999999999986,-0.16998804255380537,2.1999999999999993,5.205952380952379,2.8104757769762974,0,0.0,0.0,1.0,True,train
2025-02-19 03:00:00+00:00,43279099999,2025-02-18 06:00:00+00:00,21,25.0,30.0,26.0,25.5,0.875,0.7933533402912352,-0.6087614290087207,0.746588114532413,0.6652865452111116,-0.8999999999999986,-0.15639654910540038,0.5,1.5059523809523796,2.8104757769762974,0,0.0,0.0,1.0,True,train
2025-02-19 04:00:00+00:00,43279099999,2025-02-18 06:00:00+00:00,22,28.0,30.0,28.0,28.0,0.9166666666666666,0.6087614290087209,-0.793353340291235,0.746588114532413,0.6652865452111116,-0.8999999999999986,-0.1438917714717243,0.0,-0.9940476190476204,2.8104757769762974,0,0.0,0.0,1.0,True,train
2025-02-19 05:00:00+00:00,43279099999,2025-02-18 06:00:00+00:00,23,29.0,30.0,29.0,29.9,0.9583333333333334,0.3826834323650899,-0.9238795325112867,0.746588114532413,0.6652865452111116,-0.8999999999999986,-0.1323868206536789,-0.8999999999999986,-2.894047619047619,2.8104757769762974,0,0.0,0.0,1.0,True,train
2025-02-19 06:00:00+00:00,43279099999,2025-02-18 06:00:00+00:00,24,30.0,30.0,30.0,31.2,1.0,0.130526192220052,-0.9914448613738104,0.746588114532413,0.6652865452111116,-0.8999999999999986,-0.12180175491295124,-1.1999999999999993,-4.19404761904762,2.8104757769762974,0,0.0,0.0,1.0,True,train
2025-02-19 07:00:00+00:00,43279099999,2025-02-18 06:00:00+00:00,25,30.0,30.0,31.0,31.6,1.0416666666666667,-0.13052619222005177,-0.9914448613738104,0.746588114532413,0.6652865452111116,-0.8999999999999986,-0.11206302429971049,-0.6000000000000014,-4.594047619047622,2.8104757769762974,0,0.0,0.0,1.0,True,train
2025-02-19 08:00:00+00:00,43279099999,2025-02-18 06:00:00+00:00,26,31.0,30.0,31.0,31.4,1.0833333333333333,-0.38268343236508967,-0.9238795325112868,0.746588114532413,0.6652865452111116,-0.8999999999999986,-0.1031029595934188,-0.3999999999999986,-4.394047619047619,2.8104757769762974,0,0.0,0.0,1.0,True,train
2025-02-19 09:00:00+00:00,43279099999,2025-02-18 06:00:00+00:00,27,30.0,30.0,31.0,31.0,1.125,-0.6087614290087207,-0.7933533402912352,0.746588114532413,0.6652865452111116,-0.8999999999999986,-0.09485930210567775,0.0,-3.9940476190476204,2.8104757769762974,0,0.0,0.0,1.0,True,train
2025-02-19 10:00:00+00:00,43279099999,2025-02-18 06:00:00+00:00,28,30.0,30.0,30.0,30.3,1.1666666666666667,-0.7933533402912349,-0.6087614290087209,0.746588114532413,0.6652865452111116,-0.8999999999999986,-0.08727477107796441,-0.3000000000000007,-3.294047619047621,2.8104757769762974,0,0.0,0.0,1.0,True,train
2025-02-19 11:00:00+00:00,43279099999,2025-02-18 06:00:00+00:00,29,30.0,30.0,30.0,29.2,1.2083333333333333,-0.9238795325112868,-0.3826834323650895,0.746588114532413,0.6652865452111116,-0.8999999999999986,-0.08029666566833397,0.8000000000000007,-2.1940476190476197,2.8104757769762974,0,0.0,0.0,1.0,True,train
2025-02-19 12:00:00+00:00,43279099999,2025-02-18 06:00:00+00:00,30,29.0,30.0,29.0,27.8,1.25,-0.9914448613738104,-0.13052619222005163,0.746588114532413,0.6652865452111116,-0.8999999999999986,-0.0738764987615088,1.1999999999999993,-0.7940476190476211,2.8104757769762974,0,0.0,0.0,1.0,True,train
2025-02-19 13:00:00+00:00,43279099999,2025-02-18 06:00:00+00:00,31,28.0,30.0,28.0,26.6,1.2916666666666667,-0.9914448613738105,0.13052619222005127,0.746588114532413,0.6652865452111116,-0.8999999999999986,-0.06796966005789629,1.3999999999999986,0.4059523809523782,2.8104757769762974,0,0.0,0.0,1.0,True,train
2025-02-19 14:00:00+00:00,43279099999,2025-02-18 06:00:00+00:00,32,27.0,30.0,28.0,26.3,1.3333333333333333,-0.923879532511287,0.38268343236508917,0.746588114532413,0.6652865452111116,-0.8999999999999986,-0.06253510610052129,1.6999999999999993,0.7059523809523789,2.8104757769762974,0,0.0,0.0,1.0,True,train
2025-02-19 15:00:00+00:00,43279099999,2025-02-18 06:00:00+00:00,33,27.0,30.0,28.0,25.9,1.375,-0.7933533402912357,0.6087614290087199,0.746588114532413,0.6652865452111116,-0.8999999999999986,-0.057535075086036724,2.1000000000000014,1.105952380952381,2.8104757769762974,0,0.0,0.0,1.0,True,train
2025-02-19 16:00:00+00:00,43279099999,2025-02-18 06:00:00+00:00,34,27.0,30.0,27.0,25.5,1.4166666666666667,-0.6087614290087209,0.7933533402912349,0.746588114532413,0.6652865452111116,-0.8999999999999986,-0.05293482447818681,1.5,1.5059523809523796,2.8104757769762974,0,0.0,0.0,1.0,True,train
2025-02-19 17:00:00+00:00,43279099999,2025-02-18 06:00:00+00:00,35,27.0,30.0,27.0,25.1,1.4583333333333333,-0.38268343236508956,0.9238795325112868,0.746588114532413,0.6652865452111116,-0.8999999999999986,-0.048702389600539374,1.8999999999999986,1.9059523809523782,2.8104757769762974,0,0.0,0.0,1.0,True,train
2025-02-19 18:00:00+00:00,43279099999,2025-02-18 06:00:00+00:00,36,27.0,30.0,27.0,24.3,1.5,-0.13052619222005168,0.9914448613738104,0.746588114532413,0.6652865452111116,-0.8999999999999986,-0.04480836153107748,2.6999999999999993,2.705952380952379,2.8104757769762974,0,0.0,0.0,1.0,True,train
2025-02-19 19:00:00+00:00,43279099999,2025-02-18 06:00:00+00:00,37,27.0,30.0,27.0,23.8,1.5416666666666667,0.13052619222005157,0.9914448613738104,0.7579216274973472,0.6523456189565257,-0.8999999999999986,-0.04122568275535926,3.1999999999999993,3.205952380952379,2.8104757769762974,0,0.0,0.0,1.0,True,train
2025-02-19 20:00:00+00:00,43279099999,2025-02-18 06:00:00+00:00,38,26.0,30.0,25.0,23.1,1.5833333333333333,0.3826834323650898,0.9238795325112867,0.7579216274973472,0.6523456189565257,-0.8999999999999986,-0.03792945915834871,1.8999999999999986,3.905952380952378,2.8104757769762974,0,0.0,0.0,1.0,True,train
2025-02-19 21:00:00+00:00,43279099999,2025-02-18 06:00:00+00:00,39,25.0,30.0,25.0,22.4,1.625,0.6087614290087207,0.7933533402912352,0.7579216274973472,0.6523456189565257,-0.8999999999999986,-0.03489678704854975,2.6000000000000014,4.605952380952381,2.8104757769762974,0,0.0,0.0,1.0,True,train
2025-02-19 22:00:00+00:00,43279099999,2025-02-18 06:00:00+00:00,40,25.0,30.0,24.0,21.8,1.6666666666666667,0.7933533402912352,0.6087614290087207,0.7579216274973472,0.6523456189565257,-0.8999999999999986,-0.03210659401252711,2.1999999999999993,5.205952380952379,2.8104757769762974,0,0.0,0.0,1.0,True,train
2025-02-19 23:00:00+00:00,43279099999,2025-02-18 06:00:00+00:00,41,24.0,30.0,24.0,21.3,1.7083333333333333,0.9238795325112867,0.38268343236508984,0.7579216274973472,0.6523456189565257,-0.8999999999999986,-0.02953949249399684,2.6999999999999993,5.705952380952379,2.8104757769762974,0,0.0,0.0,1.0,True,train
2025-02-20 00:00:00+00:00,43279099999,2025-02-18 06:00:00+00:00,42,24.0,30.0,24.0,20.9,1.75,0.9914448613738104,0.1305261922200517,0.7579216274973472,0.6523456189565257,-0.8999999999999986,-0.027177645080086608,3.1000000000000014,6.105952380952381,2.8104757769762974,0,0.0,0.0,1.0,True,train
2025-02-20 01:00:00+00:00,43279099999,2025-02-18 06:00:00+00:00,43,24.0,30.0,24.0,20.7,1.7916666666666667,0.9914448613738104,-0.1305261922200516,0.7579216274973472,0.6523456189565257,-0.8999999999999986,-0.025004640558711787,3.3000000000000007,6.30595238095238,2.8104757769762974,0,0.0,0.0,1.0,True,train
2025-02-20 02:00:00+00:00,43279099999,2025-02-18 06:00:00+00:00,44,24.0,30.0,24.0,21.8,1.8333333333333333,0.9238795325112868,-0.3826834323650895,0.7579216274973472,0.6523456189565257,-0.8999999999999986,-0.023005379885856627,2.1999999999999993,5.205952380952379,2.8104757769762974,0,0.0,0.0,1.0,True,train
2025-02-20 03:00:00+00:00,43279099999,2025-02-18 06:00:00+00:00,45,26.0,30.0,26.0,25.3,1.875,0.7933533402912352,-0.6087614290087207,0.7579216274973472,0.6523456189565257,-0.8999999999999986,-0.021165971270408163,0.6999999999999993,1.7059523809523789,2.8104757769762974,0,0.0,0.0,1.0,True,train
2025-02-20 04:00:00+00:00,43279099999,2025-02-18 06:00:00+00:00,46,28.0,30.0,28.0,27.8,1.9166666666666667,0.6087614290087209,-0.793353340291235,0.7579216274973472,0.6523456189565257,-0.8999999999999986,-0.01947363364754375,0.1999999999999993,-0.7940476190476211,2.8104757769762974,0,0.0,0.0,1.0,True,train
2025-02-20 05:00:00+00:00,43279099999,2025-02-18 06:00:00+00:00,47,29.0,30.0,29.0,29.4,1.9583333333333333,0.3826834323650899,-0.9238795325112867,0.7579216274973472,0.6523456189565257,-0.8999999999999986,-0.01791660786996029,-0.3999999999999986,-2.394047619047619,2.8104757769762974,0,0.0,0.0,1.0,True,train
2025-02-20 06:00:00+00:00,43279099999,2025-02-18 06:00:00+00:00,48,31.0,30.0,30.0,30.8,2.0,0.130526192220052,-0.9914448613738104,0.7579216274973472,0.6523456189565257,-0.8999999999999986,-0.016484074999860734,-0.8000000000000007,-3.794047619047621,2.8104757769762974,0,0.0,0.0,1.0,True,train
2025-02-20 07:00:00+00:00,42410099999,2025-02-20 06:00:00+00:00,1,26.0,25.0,25.0,25.8,0.041666666666666664,-0.13052619222005177,-0.9914448613738104,0.7579216274973472,0.6523456189565257,0.3000000000000007,0.27601332438879767,-0.8000000000000007,-6.5619047619047635,3.9146216980123065,0,1.0,0.0,0.0,True,train
2025-02-20 08:00:00+00:00,42410099999,2025-02-20 06:00:00+00:00,2,27.0,25.0,26.0,26.3,0.08333333333333333,-0.38268343236508967,-0.9238795325112868,0.7579216274973472,0.6523456189565257,0.3000000000000007,0.2539445174671848,-0.3000000000000007,-7.0619047619047635,3.9146216980123065,0,1.0,0.0,0.0,True,train
2025-02-20 09:00:00+00:00,42410099999,2025-02-20 06:00:00+00:00,3,28.0,25.0,27.0,26.3,0.125,-0.6087614290087207,-0.7933533402912352,0.7579216274973472,0.6523456189565257,0.3000000000000007,0.23364023492142202,0.6999999999999993,-7.0619047619047635,3.9146216980123065,0,1.0,0.0,0.0,True,train
2025-02-20 10:00:00+00:00,42410099999,2025-02-20 06:00:00+00:00,4,27.0,25.0,26.0,25.8,0.16666666666666666,-0.7933533402912349,-0.6087614290087209,0.7579216274973472,0.6523456189565257,0.3000000000000007,0.2149593931721373,0.1999999999999993,-6.5619047619047635,3.9146216980123065,0,1.0,0.0,0.0,True,train
2025-02-20 11:00:00+00:00,42410099999,2025-02-20 06:00:00+00:00,5,26.0,25.0,27.0,24.0,0.20833333333333334,-0.9238795325112868,-0.3826834323650895,0.7579216274973472,0.6523456189565257,0.3000000000000007,0.1977721890601336,3.0,-4.761904761904763,3.9146216980123065,0,1.0,0.0,0.0,True,train
2025-02-20 12:00:00+00:00,42410099999,2025-02-20 06:00:00+00:00,6,24.0,25.0,24.0,21.5,0.25,-0.9914448613738104,-0.13052619222005163,0.7579216274973472,0.6523456189565257,0.3000000000000007,0.18195919791379045,2.5,-2.2619047619047628,3.9146216980123065,0,1.0,0.0,0.0,True,train
2025-02-20 13:00:00+00:00,42410099999,2025-02-20 06:00:00+00:00,7,22.0,25.0,21.0,20.3,0.2916666666666667,-0.9914448613738105,0.13052619222005127,0.7579216274973472,0.6523456189565257,0.3000000000000007,0.16741054373101452,0.6999999999999993,-1.0619047619047635,3.9146216980123065,0,1.0,0.0,0.0,True,train
2025-02-20 14:00:00+00:00,42410099999,2025-02-20 06:00:00+00:00,8,20.0,25.0,19.0,19.3,0.3333333333333333,-0.923879532511287,0.38268343236508917,0.7579216274973472,0.6523456189565257,0.3000000000000007,0.15402513570977797,-0.3000000000000007,-0.06190476190476346,3.9146216980123065,0,1.0,0.0,0.0,True,train
2025-02-20 15:00:00+00:00,42410099999,2025-02-20 06:00:00+00:00,9,19.0,25.0,18.0,18.9,0.375,-0.7933533402912357,0.6087614290087199,0.7579216274973472,0.6523456189565257,0.3000000000000007,0.14170996582230475,-0.8999999999999986,0.33809523809523867,3.9146216980123065,0,1.0,0.0,0.0,True,train
2025-02-20 16:00:00+00:00,42410099999,2025-02-20 06:00:00+00:00,10,19.0,25.0,18.0,18.0,0.4166666666666667,-0.6087614290087209,0.7933533402912349,0.7579216274973472,0.6523456189565257,0.3000000000000007,0.13037946255212376,0.0,1.2380952380952372,3.9146216980123065,0,1.0,0.0,0.0,True,train
2025-02-20 17:00:00+00:00,42410099999,2025-02-20 06:00:00+00:00,11,17.0,25.0,18.0,17.5,0.4583333333333333,-0.38268343236508956,0.9238795325112868,0.7579216274973472,0.6523456189565257,0.3000000000000007,0.11995489630345449,0.5,1.7380952380952372,3.9146216980123065,0,1.0,0.0,0.0,True,train
2025-02-20 18:00:00+00:00,42410099999,2025-02-20 06:00:00+00:00,12,17.0,25.0,17.0,16.7,0.5,-0.13052619222005168,0.9914448613738104,0.7579216274973472,0.6523456189565257,0.3000000000000007,0.11036383235143296,0.3000000000000007,2.538095238095238,3.9146216980123065,0,1.0,0.0,0.0,True,train
2025-02-20 19:00:00+00:00,42410099999,2025-02-20 06:00:00+00:00,13,,25.0,17.0,16.3,0.5416666666666666,0.13052619222005157,0.9914448613738104,0.7690308592589181,0.6392116531380588,0.3000000000000007,0.1015396275320229,0.6999999999999993,2.9380952380952365,3.9146216980123065,0,1.0,0.0,0.0,False,train
2025-02-20 20:00:00+00:00,42410099999,2025-02-20 06:00:00+00:00,14,,25.0,16.0,15.8,0.5833333333333334,0.3826834323650898,0.9238795325112867,0.7690308592589181,0.6392116531380588,0.3000000000000007,0.09342096717437953,0.1999999999999993,3.4380952380952365,3.9146216980123065,0,1.0,0.0,0.0,False,train
2025-02-20 21:00:00+00:00,42410099999,2025-02-20 06:00:00+00:00,15,,25.0,16.0,15.6,0.625,0.6087614290087207,0.7933533402912352,0.7690308592589181,0.6392116531380588,0.3000000000000007,0.08595143905805723,0.40000000000000036,3.6380952380952376,3.9146216980123065,0,1.0,0.0,0.0,False,train
2025-02-20 22:00:00+00:00,42410099999,2025-02-20 06:00:00+00:00,16,,25.0,15.0,15.0,0.6666666666666666,0.7933533402912352,0.6087614290087207,0.7690308592589181,0.6392116531380588,0.3000000000000007,0.07907914143471821,0.0,4.238095238095237,3.9146216980123065,0,1.0,0.0,0.0,False,train
2025-02-20 23:00:00+00:00,42410099999,2025-02-20 06:00:00+00:00,17,14.0,25.0,15.0,14.7,0.7083333333333334,0.9238795325112867,0.38268343236508984,0.7690308592589181,0.6392116531380588,0.3000000000000007,0.07275632239069478,0.3000000000000007,4.538095238095238,3.9146216980123065,0,1.0,0.0,0.0,True,train
2025-02-21 00:00:00+00:00,42410099999,2025-02-20 06:00:00+00:00,18,14.0,25.0,14.0,14.3,0.75,0.9914448613738104,0.1305261922200517,0.7690308592589181,0.6392116531380588,0.3000000000000007,0.0669390480445291,-0.3000000000000007,4.9380952380952365,3.9146216980123065,0,1.0,0.0,0.0,True,train
2025-02-21 01:00:00+00:00,42410099999,2025-02-20 06:00:00+00:00,19,14.0,25.0,15.0,14.7,0.7916666666666666,0.9914448613738104,-0.1305261922200516,0.7690308592589181,0.6392116531380588,0.3000000000000007,0.06158689727397293,0.3000000000000007,4.538095238095238,3.9146216980123065,0,1.0,0.0,0.0,True,train
2025-02-21 02:00:00+00:00,42410099999,2025-02-20 06:00:00+00:00,20,16.0,25.0,17.0,17.3,0.8333333333333334,0.9238795325112868,-0.3826834323650895,0.7690308592589181,0.6392116531380588,0.3000000000000007,0.05666268085126868,-0.3000000000000007,1.9380952380952365,3.9146216980123065,0,1.0,0.0,0.0,True,train
2025-02-21 03:00:00+00:00,42410099999,2025-02-20 06:00:00+00:00,21,19.0,25.0,20.0,20.1,0.875,0.7933533402912352,-0.6087614290087207,0.7690308592589181,0.6392116531380588,0.3000000000000007,0.052132183035133665,-0.10000000000000142,-0.8619047619047642,3.9146216980123065,0,1.0,0.0,0.0,True,train
2025-02-21 04:00:00+00:00,42410099999,2025-02-20 06:00:00+00:00,22,22.0,25.0,22.0,22.3,0.9166666666666666,0.6087614290087209,-0.793353340291235,0.7690308592589181,0.6392116531380588,0.3000000000000007,0.04796392382390829,-0.3000000000000007,-3.0619047619047635,3.9146216980123065,0,1.0,0.0,0.0,True,train
2025-02-21 05:00:00+00:00,42410099999,2025-02-20 06:00:00+00:00,23,23.0,25.0,24.0,24.5,0.9583333333333334,0.3826834323650899,-0.9238795325112867,0.7690308592589181,0.6392116531380588,0.3000000000000007,0.044128940217893146,-0.5,-5.261904761904763,3.9146216980123065,0,1.0,0.0,0.0,True,train
2025-02-21 06:00:00+00:00,42410099999,2025-02-20 06:00:00+00:00,24,26.0,25.0,25.0,26.0,1.0,0.130526192220052,-0.9914448613738104,0.7690308592589181,0.6392116531380588,0.3000000000000007,0.040600584970983906,-1.0,-6.761904761904763,3.9146216980123065,0,1.0,0.0,0.0,True,train
2025-02-21 07:00:00+00:00,42410099999,2025-02-20 06:00:00+00:00,25,27.0,25.0,25.0,26.9,1.0416666666666667,-0.13052619222005177,-0.9914448613738104,0.7690308592589181,0.6392116531380588,0.3000000000000007,0.03735434143323698,-1.8999999999999986,-7.661904761904761,3.9146216980123065,0,1.0,0.0,0.0,True,train
2025-02-21 08:00:00+00:00,42410099999,2025-02-20 06:00:00+00:00,26,28.0,25.0,26.0,27.8,1.0833333333333333,-0.38268343236508967,-0.9238795325112868,0.7690308592589181,0.6392116531380588,0.3000000000000007,0.0343676531978064,-1.8000000000000007,-8.561904761904763,3.9146216980123065,0,1.0,0.0,0.0,True,train
2025-02-21 09:00:00+00:00,42410099999,2025-02-20 06:00:00+00:00,27,28.0,25.0,27.0,27.4,1.125,-0.6087614290087207,-0.7933533402912352,0.7690308592589181,0.6392116531380588,0.3000000000000007,0.03161976736855938,-0.3999999999999986,-8.161904761904761,3.9146216980123065,0,1.0,0.0,0.0,True,train
2025-02-21 10:00:00+00:00,42410099999,2025-02-20 06:00:00+00:00,28,28.0,25.0,26.0,26.9,1.1666666666666667,-0.7933533402912349,-0.6087614290087209,0.7690308592589181,0.6392116531380588,0.3000000000000007,0.029091590359321583,-0.8999999999999986,-7.661904761904761,3.9146216980123065,0,1.0,0.0,0.0,True,train
2025-02-21 11:00:00+00:00,42410099999,2025-02-20 06:00:00+00:00,29,28.0,25.0,27.0,25.4,1.2083333333333333,-0.9238795325112868,-0.3826834323650895,0.7690308592589181,0.6392116531380588,0.3000000000000007,0.026765555222778094,1.6000000000000014,-6.161904761904761,3.9146216980123065,0,1.0,0.0,0.0,True,train
2025-02-21 12:00:00+00:00,42410099999,2025-02-20 06:00:00+00:00,30,25.0,25.0,24.0,22.5,1.25,-0.9914448613738104,-0.13052619222005163,0.7690308592589181,0.6392116531380588,0.3000000000000007,0.024625499587169697,1.5,-3.2619047619047628,3.9146216980123065,0,1.0,0.0,0.0,True,train
2025-02-21 13:00:00+00:00,42410099999,2025-02-20 06:00:00+00:00,31,22.0,25.0,21.0,21.1,1.2916666666666667,-0.9914448613738105,0.13052619222005127,0.7690308592589181,0.6392116531380588,0.3000000000000007,0.022656553352632183,-0.10000000000000142,-1.8619047619047642,3.9146216980123065,0,1.0,0.0,0.0,True,train
2025-02-21 14:00:00+00:00,42410099999,2025-02-20 06:00:00+00:00,32,22.0,25.0,19.0,20.2,1.3333333333333333,-0.923879532511287,0.38268343236508917,0.7690308592589181,0.6392116531380588,0.3000000000000007,0.02084503536684051,-1.1999999999999993,-0.961904761904762,3.9146216980123065,0,1.0,0.0,0.0,True,train
2025-02-21 15:00:00+00:00,42410099999,2025-02-20 06:00:00+00:00,33,20.0,25.0,18.0,19.3,1.375,-0.7933533402912357,0.6087614290087199,0.7690308592589181,0.6392116531380588,0.3000000000000007,0.019178358362012315,-1.3000000000000007,-0.06190476190476346,3.9146216980123065,0,1.0,0.0,0.0,True,train
2025-02-21 16:00:00+00:00,42410099999,2025-02-20 06:00:00+00:00,34,19.0,25.0,18.0,19.1,1.4166666666666667,-0.6087614290087209,0.7933533402912349,0.7690308592589181,0.6392116531380588,0.3000000000000007,0.017644941492729008,-1.1000000000000014,0.13809523809523583,3.9146216980123065,0,1.0,0.0,0.0,True,train
2025-02-21 17:00:00+00:00,42410099999,2025-02-20 06:00:00+00:00,35,18.0,25.0,18.0,18.2,1.4583333333333333,-0.38268343236508956,0.9238795325112868,0.7690308592589181,0.6392116531380588,0.3000000000000007,0.01623412986684652,-0.1999999999999993,1.038095238095238,3.9146216980123065,0,1.0,0.0,0.0,True,train
2025-02-21 18:00:00+00:00,42410099999,2025-02-20 06:00:00+00:00,36,18.0,25.0,17.0,17.4,1.5,-0.13052619222005168,0.9914448613738104,0.7690308592589181,0.6392116531380588,0.3000000000000007,0.014936120510359219,-0.3999999999999986,1.8380952380952387,3.9146216980123065,0,1.0,0.0,0.0,True,train
2025-02-21 19:00:00+00:00,42410099999,2025-02-20 06:00:00+00:00,37,18.0,25.0,17.0,17.2,1.5416666666666667,0.13052619222005157,0.9914448613738104,0.7799125224167177,0.6258885343075018,0.3000000000000007,0.013741894251786475,-0.1999999999999993,2.038095238095238,3.9146216980123065,0,1.0,0.0,0.0,True,train
2025-02-21 20:00:00+00:00,42410099999,2025-02-20 06:00:00+00:00,38,18.0,25.0,16.0,17.2,1.5833333333333333,0.3826834323650898,0.9238795325112867,0.7799125224167177,0.6258885343075018,0.3000000000000007,0.012643153052782952,-1.1999999999999993,2.038095238095238,3.9146216980123065,0,1.0,0.0,0.0,True,train
2025-02-21 21:00:00+00:00,42410099999,2025-02-20 06:00:00+00:00,39,18.0,25.0,16.0,16.7,1.625,0.6087614290087207,0.7933533402912352,0.7799125224167177,0.6258885343075018,0.3000000000000007,0.01163226234951663,-0.6999999999999993,2.538095238095238,3.9146216980123065,0,1.0,0.0,0.0,True,train
2025-02-21 22:00:00+00:00,42410099999,2025-02-20 06:00:00+00:00,40,17.0,25.0,15.0,16.3,1.6666666666666667,0.7933533402912352,0.6087614290087207,0.7799125224167177,0.6258885343075018,0.3000000000000007,0.010702198004175744,-1.3000000000000007,2.9380952380952365,3.9146216980123065,0,1.0,0.0,0.0,True,train
2025-02-21 23:00:00+00:00,42410099999,2025-02-20 06:00:00+00:00,41,16.0,25.0,15.0,16.1,1.7083333333333333,0.9238795325112867,0.38268343236508984,0.7799125224167177,0.6258885343075018,0.3000000000000007,0.009846497497998985,-1.1000000000000014,3.138095238095236,3.9146216980123065,0,1.0,0.0,0.0,True,train
2025-02-22 00:00:00+00:00,42410099999,2025-02-20 06:00:00+00:00,42,15.0,25.0,14.0,15.8,1.75,0.9914448613738104,0.1305261922200517,0.7799125224167177,0.6258885343075018,0.3000000000000007,0.009059215026695572,-1.8000000000000007,3.4380952380952365,3.9146216980123065,0,1.0,0.0,0.0,True,train
2025-02-22 01:00:00+00:00,42410099999,2025-02-20 06:00:00+00:00,43,16.0,25.0,15.0,15.7,1.7916666666666667,0.9914448613738104,-0.1305261922200516,0.7799125224167177,0.6258885343075018,0.3000000000000007,0.008334880186237296,-0.6999999999999993,3.538095238095238,3.9146216980123065,0,1.0,0.0,0.0,True,train
2025-02-22 02:00:00+00:00,42410099999,2025-02-20 06:00:00+00:00,44,18.0,25.0,17.0,16.8,1.8333333333333333,0.9238795325112868,-0.3826834323650895,0.7799125224167177,0.6258885343075018,0.3000000000000007,0.007668459961952239,0.1999999999999993,2.4380952380952365,3.9146216980123065,0,1.0,0.0,0.0,True,train
2025-02-22 03:00:00+00:00,42410099999,2025-02-20 06:00:00+00:00,45,20.0,25.0,20.0,18.5,1.875,0.7933533402912352,-0.6087614290087207,0.7799125224167177,0.6258885343075018,0.3000000000000007,0.007055323756802749,1.5,0.7380952380952372,3.9146216980123065,0,1.0,0.0,0.0,True,train
2025-02-22 04:00:00+00:00,42410099999,2025-02-20 06:00:00+00:00,46,21.0,25.0,22.0,20.3,1.9166666666666667,0.6087614290087209,-0.793353340291235,0.7799125224167177,0.6258885343075018,0.3000000000000007,0.006491211215847942,1.6999999999999993,-1.0619047619047635,3.9146216980123065,0,1.0,0.0,0.0,True,train
2025-02-22 05:00:00+00:00,42410099999,2025-02-20 06:00:00+00:00,47,24.0,25.0,24.0,22.1,1.9583333333333333,0.3826834323650899,-0.9238795325112867,0.7799125224167177,0.6258885343075018,0.3000000000000007,0.00597220262332012,1.8999999999999986,-2.861904761904764,3.9146216980123065,0,1.0,0.0,0.0,True,train
2025-02-22 06:00:00+00:00,42410099999,2025-02-20 06:00:00+00:00,48,24.0,25.0,25.0,23.5,2.0,0.130526192220052,-0.9914448613738104,0.7799125224167177,0.6258885343075018,0.3000000000000007,0.005494691666620266,1.5,-4.261904761904763,3.9146216980123065,0,1.0,0.0,0.0,True,train
2025-02-20 07:00:00+00:00,43128599999,2025-02-20 06:00:00+00:00,1,34.0,33.0,32.0,31.3,0.041666666666666664,-0.13052619222005177,-0.9914448613738104,0.7579216274973472,0.6523456189565257,2.3999999999999986,2.2081065951103747,0.6999999999999993,-5.169047619047621,5.515734553475094,0,0.0,1.0,0.0,True,train
2025-02-20 08:00:00+00:00,43128599999,2025-02-20 06:00:00+00:00,2,34.0,33.0,33.0,31.9,0.08333333333333333,-0.38268343236508967,-0.9238795325112868,0.7579216274973472,0.6523456189565257,2.3999999999999986,2.031556139737473,1.1000000000000014,-5.769047619047619,5.515734553475094,0,0.0,1.0,0.0,True,train
2025-02-20 09:00:00+00:00,43128599999,2025-02-20 06:00:00+00:00,3,33.0,33.0,34.0,32.2,0.125,-0.6087614290087207,-0.7933533402912352,0.7579216274973472,0.6523456189565257,2.3999999999999986,1.8691218793713706,1.7999999999999972,-6.069047619047623,5.515734553475094,0,0.0,1.0,0.0,True,train
2025-02-20 10:00:00+00:00,43128599999,2025-02-20 06:00:00+00:00,4,32.0,33.0,33.0,32.3,0.16666666666666666,-0.7933533402912349,-0.6087614290087209,0.7579216274973472,0.6523456189565257,2.3999999999999986,1.7196751453770933,0.7000000000000028,-6.169047619047618,5.515734553475094,0,0.0,1.0,0.0,True,train
2025-02-20 11:00:00+00:00,43128599999,2025-02-20 06:00:00+00:00,5,31.0,33.0,33.0,32.1,0.20833333333333334,-0.9238795325112868,-0.3826834323650895,0.7579216274973472,0.6523456189565257,2.3999999999999986,1.5821775124810642,0.8999999999999986,-5.969047619047622,5.515734553475094,0,0.0,1.0,0.0,True,train
2025-02-20 12:00:00+00:00,43128599999,2025-02-20 06:00:00+00:00,6,29.0,33.0,33.0,31.2,0.25,-0.9914448613738104,-0.13052619222005163,0.7579216274973472,0.6523456189565257,2.3999999999999986,1.4556735833103194,1.8000000000000007,-5.06904761904762,5.515734553475094,0,0.0,1.0,0.0,True,train
2025-02-20 13:00:00+00:00,43128599999,2025-02-20 06:00:00+00:00,7,27.0,33.0,29.0,28.7,0.2916666666666667,-0.9914448613738105,0.13052619222005127,0.7579216274973472,0.6523456189565257,2.3999999999999986,1.3392843498481122,0.3000000000000007,-2.5690476190476197,5.515734553475094,0,0.0,1.0,0.0,True,train
2025-02-20 14:00:00+00:00,43128599999,2025-02-20 06:00:00+00:00,8,27.0,33.0,28.0,27.2,0.3333333333333333,-0.923879532511287,0.38268343236508917,0.7579216274973472,0.6523456189565257,2.3999999999999986,1.2322010856782202,0.8000000000000007,-1.0690476190476197,5.515734553475094,0,0.0,1.0,0.0,True,train
2025-02-20 15:00:00+00:00,43128599999,2025-02-20 06:00:00+00:00,9,25.0,33.0,26.0,25.9,0.375,-0.7933533402912357,0.6087614290087199,0.7579216274973472,0.6523456189565257,2.3999999999999986,1.1336797265784346,0.10000000000000142,0.23095238095238102,5.515734553475094,0,0.0,1.0,0.0,True,train
2025-02-20 16:00:00+00:00,43128599999,2025-02-20 06:00:00+00:00,10,21.0,33.0,26.0,25.1,0.4166666666666667,-0.6087614290087209,0.7933533402912349,0.7579216274973472,0.6523456189565257,2.3999999999999986,1.043035700416987,0.8999999999999986,1.0309523809523782,5.515734553475094,0,0.0,1.0,0.0,True,train
2025-02-20 17:00:00+00:00,43128599999,2025-02-20 06:00:00+00:00,11,22.0,33.0,25.0,24.4,0.4583333333333333,-0.38268343236508956,0.9238795325112868,0.7579216274973472,0.6523456189565257,2.3999999999999986,0.9596391704276331,0.6000000000000014,1.730952380952381,5.515734553475094,0,0.0,1.0,0.0,True,train
2025-02-20 18:00:00+00:00,43128599999,2025-02-20 06:00:00+00:00,12,23.0,33.0,24.0,23.8,0.5,-0.13052619222005168,0.9914448613738104,0.7579216274973472,0.6523456189565257,2.3999999999999986,0.882910658811461,0.1999999999999993,2.330952380952379,5.515734553475094,0,0.0,1.0,0.0,True,train
2025-02-20 19:00:00+00:00,43128599999,2025-02-20 06:00:00+00:00,13,,33.0,23.0,23.7,0.5416666666666666,0.13052619222005157,0.9914448613738104,0.7690308592589181,0.6392116531380588,2.3999999999999986,0.8123170202561808,-0.6999999999999993,2.4309523809523803,5.515734553475094,0,0.0,1.0,0.0,False,train
2025-02-20 20:00:00+00:00,43128599999,2025-02-20 06:00:00+00:00,14,,33.0,23.0,22.5,0.5833333333333334,0.3826834323650898,0.9238795325112867,0.7690308592589181,0.6392116531380588,2.3999999999999986,0.747367737395034,0.5,3.6309523809523796,5.515734553475094,0,0.0,1.0,0.0,False,train
2025-02-20 21:00:00+00:00,43128599999,2025-02-20 06:00:00+00:00,15,,33.0,22.0,21.8,0.625,0.6087614290087207,0.7933533402912352,0.7690308592589181,0.6392116531380588,2.3999999999999986,0.6876115124644558,0.1999999999999993,4.330952380952379,5.515734553475094,0,0.0,1.0,0.0,False,train
2025-02-20 22:00:00+00:00,43128599999,2025-02-20 06:00:00+00:00,16,22.0,33.0,22.0,21.4,0.6666666666666666,0.7933533402912352,0.6087614290087207,0.7690308592589181,0.6392116531380588,2.3999999999999986,0.6326331314777439,0.6000000000000014,4.730952380952381,5.515734553475094,0,0.0,1.0,0.0,True,train
2025-02-20 23:00:00+00:00,43128599999,2025-02-20 06:00:00+00:00,17,,33.0,21.0,20.9,0.7083333333333334,0.9238795325112867,0.38268343236508984,0.7690308592589181,0.6392116531380588,2.3999999999999986,0.5820505791255565,0.10000000000000142,5.230952380952381,5.515734553475094,0,0.0,1.0,0.0,False,train
2025-02-21 00:00:00+00:00,43128599999,2025-02-20 06:00:00+00:00,18,21.0,33.0,21.0,20.7,0.75,0.9914448613738104,0.1305261922200517,0.7690308592589181,0.6392116531380588,2.3999999999999986,0.5355123843562313,0.3000000000000007,5.43095238095238,5.515734553475094,0,0.0,1.0,0.0,True,train
2025-02-21 01:00:00+00:00,43128599999,2025-02-20 06:00:00+00:00,19,21.0,33.0,21.0,20.2,0.7916666666666666,0.9914448613738104,-0.1305261922200516,0.7690308592589181,0.6392116531380588,2.3999999999999986,0.492695178191782,0.8000000000000007,5.93095238095238,5.515734553475094,0,0.0,1.0,0.0,True,train
2025-02-21 02:00:00+00:00,43128599999,2025-02-20 06:00:00+00:00,20,,33.0,21.0,21.6,0.8333333333333334,0.9238795325112868,-0.3826834323650895,0.7690308592589181,0.6392116531380588,2.3999999999999986,0.4533014468101481,-0.6000000000000014,4.530952380952378,5.515734553475094,0,0.0,1.0,0.0,False,train
2025-02-21 03:00:00+00:00,43128599999,2025-02-20 06:00:00+00:00,21,24.0,33.0,25.0,24.3,0.875,0.7933533402912352,-0.6087614290087207,0.7690308592589181,0.6392116531380588,2.3999999999999986,0.4170574642810681,0.6999999999999993,1.8309523809523789,5.515734553475094,0,0.0,1.0,0.0,True,train
2025-02-21 04:00:00+00:00,43128599999,2025-02-20 06:00:00+00:00,22,26.0,33.0,29.0,26.9,0.9166666666666666,0.6087614290087209,-0.793353340291235,0.7690308592589181,0.6392116531380588,2.3999999999999986,0.38371139059126513,2.1000000000000014,-0.769047619047619,5.515734553475094,0,0.0,1.0,0.0,True,train
2025-02-21 05:00:00+00:00,43128599999,2025-02-20 06:00:00+00:00,23,28.0,33.0,31.0,29.1,0.9583333333333334,0.3826834323650899,-0.9238795325112867,0.7690308592589181,0.6392116531380588,2.3999999999999986,0.3530315217431441,1.8999999999999986,-2.969047619047622,5.515734553475094,0,0.0,1.0,0.0,True,train
2025-02-21 06:00:00+00:00,43128599999,2025-02-20 06:00:00+00:00,24,29.0,33.0,33.0,30.7,1.0,0.130526192220052,-0.9914448613738104,0.7690308592589181,0.6392116531380588,2.3999999999999986,0.3248046797678703,2.3000000000000007,-4.56904761904762,5.515734553475094,0,0.0,1.0,0.0,True,train
2025-02-21 07:00:00+00:00,43128599999,2025-02-20 06:00:00+00:00,25,31.0,33.0,32.0,31.2,1.0416666666666667,-0.13052619222005177,-0.9914448613738104,0.7690308592589181,0.6392116531380588,2.3999999999999986,0.29883473146589495,0.8000000000000007,-5.06904761904762,5.515734553475094,0,0.0,1.0,0.0,True,train
2025-02-21 08:00:00+00:00,43128599999,2025-02-20 06:00:00+00:00,26,32.0,33.0,33.0,31.7,1.0833333333333333,-0.38268343236508967,-0.9238795325112868,0.7690308592589181,0.6392116531380588,2.3999999999999986,0.2749412255824504,1.3000000000000007,-5.56904761904762,5.515734553475094,0,0.0,1.0,0.0,True,train
2025-02-21 09:00:00+00:00,43128599999,2025-02-20 06:00:00+00:00,27,32.0,33.0,34.0,32.2,1.125,-0.6087614290087207,-0.7933533402912352,0.7690308592589181,0.6392116531380588,2.3999999999999986,0.25295813894847424,1.7999999999999972,-6.069047619047623,5.515734553475094,0,0.0,1.0,0.0,True,train
2025-02-21 10:00:00+00:00,43128599999,2025-02-20 06:00:00+00:00,28,33.0,33.0,33.0,32.1,1.1666666666666667,-0.7933533402912349,-0.6087614290087209,0.7690308592589181,0.6392116531380588,2.3999999999999986,0.232732722874572,0.8999999999999986,-5.969047619047622,5.515734553475094,0,0.0,1.0,0.0,True,train
2025-02-21 11:00:00+00:00,43128599999,2025-02-20 06:00:00+00:00,29,32.0,33.0,33.0,31.4,1.2083333333333333,-0.9238795325112868,-0.3826834323650895,0.7690308592589181,0.6392116531380588,2.3999999999999986,0.21412444178222415,1.6000000000000014,-5.269047619047619,5.515734553475094,0,0.0,1.0,0.0,True,train
2025-02-21 12:00:00+00:00,43128599999,2025-02-20 06:00:00+00:00,30,31.0,33.0,33.0,30.5,1.25,-0.9914448613738104,-0.13052619222005163,0.7690308592589181,0.6392116531380588,2.3999999999999986,0.197003996697357,2.5,-4.36904761904762,5.515734553475094,0,0.0,1.0,0.0,True,train
2025-02-21 13:00:00+00:00,43128599999,2025-02-20 06:00:00+00:00,31,29.0,33.0,29.0,27.7,1.2916666666666667,-0.9914448613738105,0.13052619222005127,0.7690308592589181,0.6392116531380588,2.3999999999999986,0.18125242682105694,1.3000000000000007,-1.5690476190476197,5.515734553475094,0,0.0,1.0,0.0,True,train
2025-02-21 14:00:00+00:00,43128599999,2025-02-20 06:00:00+00:00,32,27.0,33.0,28.0,25.9,1.3333333333333333,-0.923879532511287,0.38268343236508917,0.7690308592589181,0.6392116531380588,2.3999999999999986,0.1667602829347236,2.1000000000000014,0.23095238095238102,5.515734553475094,0,0.0,1.0,0.0,True,train
2025-02-21 15:00:00+00:00,43128599999,2025-02-20 06:00:00+00:00,33,26.0,33.0,26.0,24.9,1.375,-0.7933533402912357,0.6087614290087199,0.7690308592589181,0.6392116531380588,2.3999999999999986,0.15342686689609808,1.1000000000000014,1.230952380952381,5.515734553475094,0,0.0,1.0,0.0,True,train
2025-02-21 16:00:00+00:00,43128599999,2025-02-20 06:00:00+00:00,34,,33.0,26.0,23.9,1.4166666666666667,-0.6087614290087209,0.7933533402912349,0.7690308592589181,0.6392116531380588,2.3999999999999986,0.14115953194183165,2.1000000000000014,2.230952380952381,5.515734553475094,0,0.0,1.0,0.0,False,train
2025-02-21 17:00:00+00:00,43128599999,2025-02-20 06:00:00+00:00,35,23.0,33.0,25.0,23.3,1.4583333333333333,-0.38268343236508956,0.9238795325112868,0.7690308592589181,0.6392116531380588,2.3999999999999986,0.12987303893477178,1.6999999999999993,2.830952380952379,5.515734553475094,0,0.0,1.0,0.0,True,train
2025-02-21 18:00:00+00:00,43128599999,2025-02-20 06:00:00+00:00,36,23.0,33.0,24.0,22.3,1.5,-0.13052619222005168,0.9914448613738104,0.7690308592589181,0.6392116531380588,2.3999999999999986,0.11948896408287339,1.6999999999999993,3.830952380952379,5.515734553475094,0,0.0,1.0,0.0,True,train
2025-02-21 19:00:00+00:00,43128599999,2025-02-20 06:00:00+00:00,37,22.0,33.0,23.0,21.4,1.5416666666666667,0.13052619222005157,0.9914448613738104,0.7799125224167177,0.6258885343075018,2.3999999999999986,0.10993515401429148,1.6000000000000014,4.730952380952381,5.515734553475094,0,0.0,1.0,0.0,True,train
2025-02-21 20:00:00+00:00,43128599999,2025-02-20 06:00:00+00:00,38,21.0,33.0,23.0,20.7,1.5833333333333333,0.3826834323650898,0.9238795325112867,0.7799125224167177,0.6258885343075018,2.3999999999999986,0.10114522442226331,2.3000000000000007,5.43095238095238,5.515734553475094,0,0.0,1.0,0.0,True,train
2025-02-21 21:00:00+00:00,43128599999,2025-02-20 06:00:00+00:00,39,21.0,33.0,22.0,20.4,1.625,0.6087614290087207,0.7933533402912352,0.7799125224167177,0.6258885343075018,2.3999999999999986,0.09305809879613276,1.6000000000000014,5.730952380952381,5.515734553475094,0,0.0,1.0,0.0,True,train
2025-02-21 22:00:00+00:00,43128599999,2025-02-20 06:00:00+00:00,40,21.0,33.0,22.0,20.1,1.6666666666666667,0.7933533402912352,0.6087614290087207,0.7799125224167177,0.6258885343075018,2.3999999999999986,0.08561758403340569,1.8999999999999986,6.030952380952378,5.515734553475094,0,0.0,1.0,0.0,True,train
2025-02-21 23:00:00+00:00,43128599999,2025-02-20 06:00:00+00:00,41,20.0,33.0,21.0,19.8,1.7083333333333333,0.9238795325112867,0.38268343236508984,0.7799125224167177,0.6258885343075018,2.3999999999999986,0.07877197998399164,1.1999999999999993,6.330952380952379,5.515734553475094,0,0.0,1.0,0.0,True,train
2025-02-22 00:00:00+00:00,43128599999,2025-02-20 06:00:00+00:00,42,20.0,33.0,21.0,18.9,1.75,0.9914448613738104,0.1305261922200517,0.7799125224167177,0.6258885343075018,2.3999999999999986,0.07247372021356437,2.1000000000000014,7.230952380952381,5.515734553475094,0,0.0,1.0,0.0,True,train
2025-02-22 01:00:00+00:00,43128599999,2025-02-20 06:00:00+00:00,43,21.0,33.0,21.0,18.3,1.7916666666666667,0.9914448613738104,-0.1305261922200516,0.7799125224167177,0.6258885343075018,2.3999999999999986,0.06667904148989816,2.6999999999999993,7.830952380952379,5.515734553475094,0,0.0,1.0,0.0,True,train
2025-02-22 02:00:00+00:00,43128599999,2025-02-20 06:00:00+00:00,44,22.0,33.0,21.0,19.8,1.8333333333333333,0.9238795325112868,-0.3826834323650895,0.7799125224167177,0.6258885343075018,2.3999999999999986,0.06134767969561773,1.1999999999999993,6.330952380952379,5.515734553475094,0,0.0,1.0,0.0,True,train
2025-02-22 03:00:00+00:00,43128599999,2025-02-20 06:00:00+00:00,45,25.0,33.0,25.0,22.8,1.875,0.7933533402912352,-0.6087614290087207,0.7799125224167177,0.6258885343075018,2.3999999999999986,0.05644259005442182,2.1999999999999993,3.330952380952379,5.515734553475094,0,0.0,1.0,0.0,True,train
2025-02-22 04:00:00+00:00,43128599999,2025-02-20 06:00:00+00:00,46,28.0,33.0,29.0,26.6,1.9166666666666667,0.6087614290087209,-0.793353340291235,0.7799125224167177,0.6258885343075018,2.3999999999999986,0.051929689726783385,2.3999999999999986,-0.4690476190476218,5.515734553475094,0,0.0,1.0,0.0,True,train
2025-02-22 05:00:00+00:00,43128599999,2025-02-20 06:00:00+00:00,47,30.0,33.0,31.0,29.1,1.9583333333333333,0.3826834323650899,-0.9238795325112867,0.7799125224167177,0.6258885343075018,2.3999999999999986,0.04777762098656082,1.8999999999999986,-2.969047619047622,5.515734553475094,0,0.0,1.0,0.0,True,train
2025-02-22 06:00:00+00:00,43128599999,2025-02-20 06:00:00+00:00,48,32.0,33.0,33.0,30.7,2.0,0.130526192220052,-0.9914448613738104,0.7799125224167177,0.6258885343075018,2.3999999999999986,0.043957533332962005,2.3000000000000007,-4.56904761904762,5.515734553475094,0,0.0,1.0,0.0,True,train
2025-02-20 07:00:00+00:00,43279099999,2025-02-20 06:00:00+00:00,1,31.0,31.0,30.0,31.5,0.041666666666666664,-0.13052619222005177,-0.9914448613738104,0.7579216274973472,0.6523456189565257,-0.10000000000000142,-0.09200444146293364,-1.5,-4.196428571428573,2.642957687920118,0,0.0,0.0,1.0,True,train
2025-02-20 08:00:00+00:00,43279099999,2025-02-20 06:00:00+00:00,2,31.0,31.0,31.0,31.6,0.08333333333333333,-0.38268343236508967,-0.9238795325112868,0.7579216274973472,0.6523456189565257,-0.10000000000000142,-0.08464817248906262,-0.6000000000000014,-4.296428571428574,2.642957687920118,0,0.0,0.0,1.0,True,train
2025-02-20 09:00:00+00:00,43279099999,2025-02-20 06:00:00+00:00,3,31.0,31.0,30.0,31.3,0.125,-0.6087614290087207,-0.7933533402912352,0.7579216274973472,0.6523456189565257,-0.10000000000000142,-0.0778800783071416,-1.3000000000000007,-3.9964285714285737,2.642957687920118,0,0.0,0.0,1.0,True,train
2025-02-20 10:00:00+00:00,43279099999,2025-02-20 06:00:00+00:00,4,31.0,31.0,30.0,30.7,0.16666666666666666,-0.7933533402912349,-0.6087614290087209,0.7579216274973472,0.6523456189565257,-0.10000000000000142,-0.07165313105737994,-0.6999999999999993,-3.3964285714285722,2.642957687920118,0,0.0,0.0,1.0,True,train
2025-02-20 11:00:00+00:00,43279099999,2025-02-20 06:00:00+00:00,5,30.0,31.0,30.0,29.7,0.20833333333333334,-0.9238795325112868,-0.3826834323650895,0.7579216274973472,0.6523456189565257,-0.10000000000000142,-0.06592406302004532,0.3000000000000007,-2.3964285714285722,2.642957687920118,0,0.0,0.0,1.0,True,train
2025-02-20 12:00:00+00:00,43279099999,2025-02-20 06:00:00+00:00,6,29.0,31.0,29.0,28.2,0.25,-0.9914448613738104,-0.13052619222005163,0.7579216274973472,0.6523456189565257,-0.10000000000000142,-0.06065306597126421,0.8000000000000007,-0.8964285714285722,2.642957687920118,0,0.0,0.0,1.0,True,train
2025-02-20 13:00:00+00:00,43279099999,2025-02-20 06:00:00+00:00,7,28.0,31.0,28.0,26.9,0.2916666666666667,-0.9914448613738105,0.13052619222005127,0.7579216274973472,0.6523456189565257,-0.10000000000000142,-0.055803514577005504,1.1000000000000014,0.40357142857142847,2.642957687920118,0,0.0,0.0,1.0,True,train
2025-02-20 14:00:00+00:00,43279099999,2025-02-20 06:00:00+00:00,8,27.0,31.0,27.0,26.5,0.3333333333333333,-0.923879532511287,0.38268343236508917,0.7579216274973472,0.6523456189565257,-0.10000000000000142,-0.05134171190325993,0.5,0.803571428571427,2.642957687920118,0,0.0,0.0,1.0,True,train
2025-02-20 15:00:00+00:00,43279099999,2025-02-20 06:00:00+00:00,9,27.0,31.0,27.0,26.1,0.375,-0.7933533402912357,0.6087614290087199,0.7579216274973472,0.6523456189565257,-0.10000000000000142,-0.04723665527410214,0.8999999999999986,1.2035714285714256,2.642957687920118,0,0.0,0.0,1.0,True,train
2025-02-20 16:00:00+00:00,43279099999,2025-02-20 06:00:00+00:00,10,27.0,31.0,27.0,25.8,0.4166666666666667,-0.6087614290087209,0.7933533402912349,0.7579216274973472,0.6523456189565257,-0.10000000000000142,-0.04345982085070844,1.1999999999999993,1.5035714285714263,2.642957687920118,0,0.0,0.0,1.0,True,train
2025-02-20 17:00:00+00:00,43279099999,2025-02-20 06:00:00+00:00,11,27.0,31.0,27.0,25.3,0.4583333333333333,-0.38268343236508956,0.9238795325112868,0.7579216274973472,0.6523456189565257,-0.10000000000000142,-0.039984965434485306,1.6999999999999993,2.0035714285714263,2.642957687920118,0,0.0,0.0,1.0,True,train
2025-02-20 18:00:00+00:00,43279099999,2025-02-20 06:00:00+00:00,12,27.0,31.0,27.0,24.7,0.5,-0.13052619222005168,0.9914448613738104,0.7579216274973472,0.6523456189565257,-0.10000000000000142,-0.036787944117144755,2.3000000000000007,2.6035714285714278,2.642957687920118,0,0.0,0.0,1.0,True,train
2025-02-20 19:00:00+00:00,43279099999,2025-02-20 06:00:00+00:00,13,,31.0,27.0,24.4,0.5416666666666666,0.13052619222005157,0.9914448613738104,0.7690308592589181,0.6392116531380588,-0.10000000000000142,-0.033846542510674704,2.6000000000000014,2.9035714285714285,2.642957687920118,0,0.0,0.0,1.0,False,train
2025-02-20 20:00:00+00:00,43279099999,2025-02-20 06:00:00+00:00,14,,31.0,26.0,23.8,0.5833333333333334,0.3826834323650898,0.9238795325112867,0.7690308592589181,0.6392116531380588,-0.10000000000000142,-0.03114032239146021,2.1999999999999993,3.5035714285714263,2.642957687920118,0,0.0,0.0,1.0,False,train
2025-02-20 21:00:00+00:00,43279099999,2025-02-20 06:00:00+00:00,15,,31.0,25.0,23.1,0.625,0.6087614290087207,0.7933533402912352,0.7690308592589181,0.6392116531380588,-0.10000000000000142,-0.028650479686019418,1.8999999999999986,4.203571428571426,2.642957687920118,0,0.0,0.0,1.0,False,train
2025-02-20 22:00:00+00:00,43279099999,2025-02-20 06:00:00+00:00,16,25.0,31.0,25.0,22.5,0.6666666666666666,0.7933533402912352,0.6087614290087207,0.7690308592589181,0.6392116531380588,-0.10000000000000142,-0.02635971381157305,2.5,4.803571428571427,2.642957687920118,0,0.0,0.0,1.0,True,train
2025-02-20 23:00:00+00:00,43279099999,2025-02-20 06:00:00+00:00,17,25.0,31.0,24.0,22.3,0.7083333333333334,0.9238795325112867,0.38268343236508984,0.7690308592589181,0.6392116531380588,-0.10000000000000142,-0.024252107463565212,1.6999999999999993,5.003571428571426,2.642957687920118,0,0.0,0.0,1.0,True,train
2025-02-21 00:00:00+00:00,43279099999,2025-02-20 06:00:00+00:00,18,25.0,31.0,24.0,22.2,0.75,0.9914448613738104,0.1305261922200517,0.7690308592589181,0.6392116531380588,-0.10000000000000142,-0.022313016014843298,1.8000000000000007,5.103571428571428,2.642957687920118,0,0.0,0.0,1.0,True,train
2025-02-21 01:00:00+00:00,43279099999,2025-02-20 06:00:00+00:00,19,24.0,31.0,24.0,21.8,0.7916666666666666,0.9914448613738104,-0.1305261922200516,0.7690308592589181,0.6392116531380588,-0.10000000000000142,-0.020528965757991218,2.1999999999999993,5.503571428571426,2.642957687920118,0,0.0,0.0,1.0,True,train
2025-02-21 02:00:00+00:00,43279099999,2025-02-20 06:00:00+00:00,20,25.0,31.0,24.0,22.6,0.8333333333333334,0.9238795325112868,-0.3826834323650895,0.7690308592589181,0.6392116531380588,-0.10000000000000142,-0.01888756028375645,1.3999999999999986,4.703571428571426,2.642957687920118,0,0.0,0.0,1.0,True,train
2025-02-21 03:00:00+00:00,43279099999,2025-02-20 06:00:00+00:00,21,26.0,31.0,26.0,25.8,0.875,0.7933533402912352,-0.6087614290087207,0.7690308592589181,0.6392116531380588,-0.10000000000000142,-0.01737739434504476,0.1999999999999993,1.5035714285714263,2.642957687920118,0,0.0,0.0,1.0,True,train
2025-02-21 04:00:00+00:00,43279099999,2025-02-20 06:00:00+00:00,22,28.0,31.0,28.0,28.2,0.9166666666666666,0.6087614290087209,-0.793353340291235,0.7690308592589181,0.6392116531380588,-0.10000000000000142,-0.015987974607969618,-0.1999999999999993,-0.8964285714285722,2.642957687920118,0,0.0,0.0,1.0,True,train
2025-02-21 05:00:00+00:00,43279099999,2025-02-20 06:00:00+00:00,23,30.0,31.0,29.0,29.7,0.9583333333333334,0.3826834323650899,-0.9238795325112867,0.7690308592589181,0.6392116531380588,-0.10000000000000142,-0.014709646739297888,-0.6999999999999993,-2.3964285714285722,2.642957687920118,0,0.0,0.0,1.0,True,train
2025-02-21 06:00:00+00:00,43279099999,2025-02-20 06:00:00+00:00,24,30.0,31.0,31.0,30.9,1.0,0.130526192220052,-0.9914448613738104,0.7690308592589181,0.6392116531380588,-0.10000000000000142,-0.013533528323661462,0.10000000000000142,-3.5964285714285715,2.642957687920118,0,0.0,0.0,1.0,True,train
2025-02-21 07:00:00+00:00,43279099999,2025-02-20 06:00:00+00:00,25,30.0,31.0,30.0,31.7,1.0416666666666667,-0.13052619222005177,-0.9914448613738104,0.7690308592589181,0.6392116531380588,-0.10000000000000142,-0.012451447144412472,-1.6999999999999993,-4.396428571428572,2.642957687920118,0,0.0,0.0,1.0,True,train
2025-02-21 08:00:00+00:00,43279099999,2025-02-20 06:00:00+00:00,26,31.0,31.0,31.0,32.0,1.0833333333333333,-0.38268343236508967,-0.9238795325112868,0.7690308592589181,0.6392116531380588,-0.10000000000000142,-0.011455884399268935,-1.0,-4.696428571428573,2.642957687920118,0,0.0,0.0,1.0,True,train
2025-02-21 09:00:00+00:00,43279099999,2025-02-20 06:00:00+00:00,27,31.0,31.0,30.0,31.6,1.125,-0.6087614290087207,-0.7933533402912352,0.7690308592589181,0.6392116531380588,-0.10000000000000142,-0.010539922456186583,-1.6000000000000014,-4.296428571428574,2.642957687920118,0,0.0,0.0,1.0,True,train
2025-02-21 10:00:00+00:00,43279099999,2025-02-20 06:00:00+00:00,28,31.0,31.0,30.0,30.9,1.1666666666666667,-0.7933533402912349,-0.6087614290087209,0.7690308592589181,0.6392116531380588,-0.10000000000000142,-0.009697196786440643,-0.8999999999999986,-3.5964285714285715,2.642957687920118,0,0.0,0.0,1.0,True,train
2025-02-21 11:00:00+00:00,43279099999,2025-02-20 06:00:00+00:00,29,30.0,31.0,30.0,29.7,1.2083333333333333,-0.9238795325112868,-0.3826834323650895,0.7690308592589181,0.6392116531380588,-0.10000000000000142,-0.008921851740926138,0.3000000000000007,-2.3964285714285722,2.642957687920118,0,0.0,0.0,1.0,True,train
2025-02-21 12:00:00+00:00,43279099999,2025-02-20 06:00:00+00:00,30,29.0,31.0,29.0,28.3,1.25,-0.9914448613738104,-0.13052619222005163,0.7690308592589181,0.6392116531380588,-0.10000000000000142,-0.008208499862389997,0.6999999999999993,-0.9964285714285737,2.642957687920118,0,0.0,0.0,1.0,True,train
2025-02-21 13:00:00+00:00,43279099999,2025-02-20 06:00:00+00:00,31,28.0,31.0,28.0,27.1,1.2916666666666667,-0.9914448613738105,0.13052619222005127,0.7690308592589181,0.6392116531380588,-0.10000000000000142,-0.007552184450877484,0.8999999999999986,0.20357142857142563,2.642957687920118,0,0.0,0.0,1.0,True,train
2025-02-21 14:00:00+00:00,43279099999,2025-02-20 06:00:00+00:00,32,27.0,31.0,27.0,26.7,1.3333333333333333,-0.923879532511287,0.38268343236508917,0.7690308592589181,0.6392116531380588,-0.10000000000000142,-0.006948345122280253,0.3000000000000007,0.6035714285714278,2.642957687920118,0,0.0,0.0,1.0,True,train
2025-02-21 15:00:00+00:00,43279099999,2025-02-20 06:00:00+00:00,33,27.0,31.0,27.0,26.4,1.375,-0.7933533402912357,0.6087614290087199,0.7690308592589181,0.6392116531380588,-0.10000000000000142,-0.006392786120670848,0.6000000000000014,0.9035714285714285,2.642957687920118,0,0.0,0.0,1.0,True,train
2025-02-21 16:00:00+00:00,43279099999,2025-02-20 06:00:00+00:00,34,27.0,31.0,27.0,26.2,1.4166666666666667,-0.6087614290087209,0.7933533402912349,0.7690308592589181,0.6392116531380588,-0.10000000000000142,-0.005881647164243072,0.8000000000000007,1.1035714285714278,2.642957687920118,0,0.0,0.0,1.0,True,train
2025-02-21 17:00:00+00:00,43279099999,2025-02-20 06:00:00+00:00,35,27.0,31.0,27.0,25.7,1.4583333333333333,-0.38268343236508956,0.9238795325112868,0.7690308592589181,0.6392116531380588,-0.10000000000000142,-0.005411376622282238,1.3000000000000007,1.6035714285714278,2.642957687920118,0,0.0,0.0,1.0,True,train
2025-02-21 18:00:00+00:00,43279099999,2025-02-20 06:00:00+00:00,36,26.0,31.0,27.0,25.3,1.5,-0.13052619222005168,0.9914448613738104,0.7690308592589181,0.6392116531380588,-0.10000000000000142,-0.004978706836786465,1.6999999999999993,2.0035714285714263,2.642957687920118,0,0.0,0.0,1.0,True,train
2025-02-21 19:00:00+00:00,43279099999,2025-02-20 06:00:00+00:00,37,27.0,31.0,27.0,24.7,1.5416666666666667,0.13052619222005157,0.9914448613738104,0.7799125224167177,0.6258885343075018,-0.10000000000000142,-0.004580631417262213,2.3000000000000007,2.6035714285714278,2.642957687920118,0,0.0,0.0,1.0,True,train
2025-02-21 20:00:00+00:00,43279099999,2025-02-20 06:00:00+00:00,38,26.0,31.0,26.0,24.5,1.5833333333333333,0.3826834323650898,0.9238795325112867,0.7799125224167177,0.6258885343075018,-0.10000000000000142,-0.004214384350927701,1.5,2.803571428571427,2.642957687920118,0,0.0,0.0,1.0,True,train
2025-02-21 21:00:00+00:00,43279099999,2025-02-20 06:00:00+00:00,39,26.0,31.0,25.0,24.3,1.625,0.6087614290087207,0.7933533402912352,0.7799125224167177,0.6258885343075018,-0.10000000000000142,-0.003877420783172256,0.6999999999999993,3.0035714285714263,2.642957687920118,0,0.0,0.0,1.0,True,train
2025-02-21 22:00:00+00:00,43279099999,2025-02-20 06:00:00+00:00,40,26.0,31.0,25.0,23.8,1.6666666666666667,0.7933533402912352,0.6087614290087207,0.7799125224167177,0.6258885343075018,-0.10000000000000142,-0.00356739933472529,1.1999999999999993,3.5035714285714263,2.642957687920118,0,0.0,0.0,1.0,True,train
2025-02-21 23:00:00+00:00,43279099999,2025-02-20 06:00:00+00:00,41,25.0,31.0,24.0,23.2,1.7083333333333333,0.9238795325112867,0.38268343236508984,0.7799125224167177,0.6258885343075018,-0.10000000000000142,-0.0032821658326663674,0.8000000000000007,4.103571428571428,2.642957687920118,0,0.0,0.0,1.0,True,train
2025-02-22 00:00:00+00:00,43279099999,2025-02-20 06:00:00+00:00,42,25.0,31.0,24.0,23.0,1.75,0.9914448613738104,0.1305261922200517,0.7799125224167177,0.6258885343075018,-0.10000000000000142,-0.003019738342231893,1.0,4.303571428571427,2.642957687920118,0,0.0,0.0,1.0,True,train
2025-02-22 01:00:00+00:00,43279099999,2025-02-20 06:00:00+00:00,43,25.0,31.0,24.0,22.7,1.7916666666666667,0.9914448613738104,-0.1305261922200516,0.7799125224167177,0.6258885343075018,-0.10000000000000142,-0.0027782933954124647,1.3000000000000007,4.603571428571428,2.642957687920118,0,0.0,0.0,1.0,True,train
2025-02-22 02:00:00+00:00,43279099999,2025-02-20 06:00:00+00:00,44,25.0,31.0,24.0,23.7,1.8333333333333333,0.9238795325112868,-0.3826834323650895,0.7799125224167177,0.6258885343075018,-0.10000000000000142,-0.0025561533206507766,0.3000000000000007,3.6035714285714278,2.642957687920118,0,0.0,0.0,1.0,True,train
2025-02-22 03:00:00+00:00,43279099999,2025-02-20 06:00:00+00:00,45,26.0,31.0,26.0,26.4,1.875,0.7933533402912352,-0.6087614290087207,0.7799125224167177,0.6258885343075018,-0.10000000000000142,-0.002351774585600944,-0.3999999999999986,0.9035714285714285,2.642957687920118,0,0.0,0.0,1.0,True,train
2025-02-22 04:00:00+00:00,43279099999,2025-02-20 06:00:00+00:00,46,28.0,31.0,28.0,28.6,1.9166666666666667,0.6087614290087209,-0.793353340291235,0.7799125224167177,0.6258885343075018,-0.10000000000000142,-0.00216373707194934,-0.6000000000000014,-1.2964285714285744,2.642957687920118,0,0.0,0.0,1.0,True,train
2025-02-22 05:00:00+00:00,43279099999,2025-02-20 06:00:00+00:00,47,30.0,31.0,29.0,30.2,1.9583333333333333,0.3826834323650899,-0.9238795325112867,0.7799125224167177,0.6258885343075018,-0.10000000000000142,-0.0019907342077733967,-1.1999999999999993,-2.8964285714285722,2.642957687920118,0,0.0,0.0,1.0,True,train
2025-02-22 06:00:00+00:00,43279099999,2025-02-20 06:00:00+00:00,48,31.0,31.0,31.0,31.8,2.0,0.130526192220052,-0.9914448613738104,0.7799125224167177,0.6258885343075018,-0.10000000000000142,-0.0018315638888734438,-0.8000000000000007,-4.496428571428574,2.642957687920118,0,0.0,0.0,1.0,True,train
2025-02-22 07:00:00+00:00,42410099999,2025-02-22 06:00:00+00:00,1,25.0,24.0,27.0,25.4,0.041666666666666664,-0.13052619222005177,-0.9914448613738104,0.7799125224167177,0.6258885343075018,-0.6000000000000014,-0.5520266487775953,1.6000000000000014,-5.685714285714283,4.234415202698424,0,1.0,0.0,0.0,True,train
2025-02-22 08:00:00+00:00,42410099999,2025-02-22 06:00:00+00:00,2,26.0,24.0,28.0,25.8,0.08333333333333333,-0.38268343236508967,-0.9238795325112868,0.7799125224167177,0.6258885343075018,-0.6000000000000014,-0.5078890349343697,2.1999999999999993,-6.085714285714285,4.234415202698424,0,1.0,0.0,0.0,True,train
2025-02-22 09:00:00+00:00,42410099999,2025-02-22 06:00:00+00:00,3,26.0,24.0,28.0,25.9,0.125,-0.6087614290087207,-0.7933533402912352,0.7799125224167177,0.6258885343075018,-0.6000000000000014,-0.46728046984284405,2.1000000000000014,-6.185714285714283,4.234415202698424,0,1.0,0.0,0.0,True,train
2025-02-22 10:00:00+00:00,42410099999,2025-02-22 06:00:00+00:00,4,25.0,24.0,28.0,25.3,0.16666666666666666,-0.7933533402912349,-0.6087614290087209,0.7799125224167177,0.6258885343075018,-0.6000000000000014,-0.4299187863442746,2.6999999999999993,-5.585714285714285,4.234415202698424,0,1.0,0.0,0.0,True,train
2025-02-22 11:00:00+00:00,42410099999,2025-02-22 06:00:00+00:00,5,24.0,24.0,28.0,24.1,0.20833333333333334,-0.9238795325112868,-0.3826834323650895,0.7799125224167177,0.6258885343075018,-0.6000000000000014,-0.3955443781202672,3.8999999999999986,-4.385714285714286,4.234415202698424,0,1.0,0.0,0.0,True,train
2025-02-22 12:00:00+00:00,42410099999,2025-02-22 06:00:00+00:00,6,23.0,24.0,25.0,22.0,0.25,-0.9914448613738104,-0.13052619222005163,0.7799125224167177,0.6258885343075018,-0.6000000000000014,-0.3639183958275809,3.0,-2.2857142857142847,4.234415202698424,0,1.0,0.0,0.0,True,train
2025-02-22 13:00:00+00:00,42410099999,2025-02-22 06:00:00+00:00,7,22.0,24.0,22.0,20.9,0.2916666666666667,-0.9914448613738105,0.13052619222005127,0.7799125224167177,0.6258885343075018,-0.6000000000000014,-0.33482108746202904,1.1000000000000014,-1.1857142857142833,4.234415202698424,0,1.0,0.0,0.0,True,train
2025-02-22 14:00:00+00:00,42410099999,2025-02-22 06:00:00+00:00,8,21.0,24.0,22.0,20.3,0.3333333333333333,-0.923879532511287,0.38268343236508917,0.7799125224167177,0.6258885343075018,-0.6000000000000014,-0.30805027141955593,1.6999999999999993,-0.5857142857142854,4.234415202698424,0,1.0,0.0,0.0,True,train
2025-02-22 15:00:00+00:00,42410099999,2025-02-22 06:00:00+00:00,9,20.0,24.0,20.0,19.6,0.375,-0.7933533402912357,0.6087614290087199,0.7799125224167177,0.6258885343075018,-0.6000000000000014,-0.2834199316446095,0.3999999999999986,0.11428571428571388,4.234415202698424,0,1.0,0.0,0.0,True,train
2025-02-22 16:00:00+00:00,42410099999,2025-02-22 06:00:00+00:00,10,20.0,24.0,19.0,19.2,0.4166666666666667,-0.6087614290087209,0.7933533402912349,0.7799125224167177,0.6258885343075018,-0.6000000000000014,-0.26075892510424753,-0.1999999999999993,0.514285714285716,4.234415202698424,0,1.0,0.0,0.0,True,train
2025-02-22 17:00:00+00:00,42410099999,2025-02-22 06:00:00+00:00,11,19.0,24.0,18.0,18.6,0.4583333333333333,-0.38268343236508956,0.9238795325112868,0.7799125224167177,0.6258885343075018,-0.6000000000000014,-0.23990979260690898,-0.6000000000000014,1.1142857142857139,4.234415202698424,0,1.0,0.0,0.0,True,train
2025-02-22 18:00:00+00:00,42410099999,2025-02-22 06:00:00+00:00,12,19.0,24.0,18.0,18.2,0.5,-0.13052619222005168,0.9914448613738104,0.7799125224167177,0.6258885343075018,-0.6000000000000014,-0.22072766470286592,-0.1999999999999993,1.514285714285716,4.234415202698424,0,1.0,0.0,0.0,True,train
2025-02-22 19:00:00+00:00,42410099999,2025-02-22 06:00:00+00:00,13,18.0,24.0,18.0,17.6,0.5416666666666666,0.13052619222005157,0.9914448613738104,0.7905633969115482,0.612380204990065,-0.6000000000000014,-0.2030792550640458,0.3999999999999986,2.114285714285714,4.234415202698424,0,1.0,0.0,0.0,True,train
2025-02-22 20:00:00+00:00,42410099999,2025-02-22 06:00:00+00:00,14,18.0,24.0,18.0,17.1,0.5833333333333334,0.3826834323650898,0.9238795325112867,0.7905633969115482,0.612380204990065,-0.6000000000000014,-0.18684193434875906,0.8999999999999986,2.614285714285714,4.234415202698424,0,1.0,0.0,0.0,True,train
2025-02-22 21:00:00+00:00,42410099999,2025-02-22 06:00:00+00:00,15,16.0,24.0,18.0,16.5,0.625,0.6087614290087207,0.7933533402912352,0.7905633969115482,0.612380204990065,-0.6000000000000014,-0.17190287811611446,1.5,3.2142857142857153,4.234415202698424,0,1.0,0.0,0.0,True,train
2025-02-22 22:00:00+00:00,42410099999,2025-02-22 06:00:00+00:00,16,16.0,24.0,17.0,16.0,0.6666666666666666,0.7933533402912352,0.6087614290087207,0.7905633969115482,0.612380204990065,-0.6000000000000014,-0.15815828286943642,1.0,3.7142857142857153,4.234415202698424,0,1.0,0.0,0.0,True,train
2025-02-22 23:00:00+00:00,42410099999,2025-02-22 06:00:00+00:00,17,16.0,24.0,16.0,15.4,0.7083333333333334,0.9238795325112867,0.38268343236508984,0.7905633969115482,0.612380204990065,-0.6000000000000014,-0.14551264478138956,0.5999999999999996,4.314285714285715,4.234415202698424,0,1.0,0.0,0.0,True,train
2025-02-23 00:00:00+00:00,42410099999,2025-02-22 06:00:00+00:00,18,15.0,24.0,15.0,15.0,0.75,0.9914448613738104,0.1305261922200517,0.7905633969115482,0.612380204990065,-0.6000000000000014,-0.1338780960890582,0.0,4.714285714285715,4.234415202698424,0,1.0,0.0,0.0,True,train
2025-02-23 01:00:00+00:00,42410099999,2025-02-22 06:00:00+00:00,19,15.0,24.0,16.0,15.6,0.7916666666666666,0.9914448613738104,-0.1305261922200516,0.7905633969115482,0.612380204990065,-0.6000000000000014,-0.12317379454794586,0.40000000000000036,4.114285714285716,4.234415202698424,0,1.0,0.0,0.0,True,train
2025-02-23 02:00:00+00:00,42410099999,2025-02-22 06:00:00+00:00,20,17.0,24.0,18.0,17.5,0.8333333333333334,0.9238795325112868,-0.3826834323650895,0.7905633969115482,0.612380204990065,-0.6000000000000014,-0.11332536170253736,0.5,2.2142857142857153,4.234415202698424,0,1.0,0.0,0.0,True,train
2025-02-23 03:00:00+00:00,42410099999,2025-02-22 06:00:00+00:00,21,19.0,24.0,20.0,19.7,0.875,0.7933533402912352,-0.6087614290087207,0.7905633969115482,0.612380204990065,-0.6000000000000014,-0.10426436607026733,0.3000000000000007,0.014285714285716011,4.234415202698424,0,1.0,0.0,0.0,True,train
2025-02-23 04:00:00+00:00,42410099999,2025-02-22 06:00:00+00:00,22,21.0,24.0,21.0,21.7,0.9166666666666666,0.6087614290087209,-0.793353340291235,0.7905633969115482,0.612380204990065,-0.6000000000000014,-0.09592784764781657,-0.6999999999999993,-1.985714285714284,4.234415202698424,0,1.0,0.0,0.0,True,train
2025-02-23 05:00:00+00:00,42410099999,2025-02-22 06:00:00+00:00,23,23.0,24.0,24.0,23.7,0.9583333333333334,0.3826834323650899,-0.9238795325112867,0.7905633969115482,0.612380204990065,-0.6000000000000014,-0.08825788043578629,0.3000000000000007,-3.985714285714284,4.234415202698424,0,1.0,0.0,0.0,True,train
2025-02-23 06:00:00+00:00,42410099999,2025-02-22 06:00:00+00:00,24,23.0,24.0,24.0,25.4,1.0,0.130526192220052,-0.9914448613738104,0.7905633969115482,0.612380204990065,-0.6000000000000014,-0.08120116994196781,-1.3999999999999986,-5.685714285714283,4.234415202698424,0,1.0,0.0,0.0,True,train
2025-02-23 07:00:00+00:00,42410099999,2025-02-22 06:00:00+00:00,25,24.0,24.0,27.0,26.0,1.0416666666666667,-0.13052619222005177,-0.9914448613738104,0.7905633969115482,0.612380204990065,-0.6000000000000014,-0.07470868286647396,1.0,-6.285714285714285,4.234415202698424,0,1.0,0.0,0.0,True,train
2025-02-23 08:00:00+00:00,42410099999,2025-02-22 06:00:00+00:00,26,23.0,24.0,28.0,25.3,1.0833333333333333,-0.38268343236508967,-0.9238795325112868,0.7905633969115482,0.612380204990065,-0.6000000000000014,-0.0687353063956128,2.6999999999999993,-5.585714285714285,4.234415202698424,0,1.0,0.0,0.0,True,train
2025-02-23 09:00:00+00:00,42410099999,2025-02-22 06:00:00+00:00,27,20.0,24.0,28.0,25.4,1.125,-0.6087614290087207,-0.7933533402912352,0.7905633969115482,0.612380204990065,-0.6000000000000014,-0.06323953473711875,2.6000000000000014,-5.685714285714283,4.234415202698424,0,1.0,0.0,0.0,True,train
2025-02-23 10:00:00+00:00,42410099999,2025-02-22 06:00:00+00:00,28,20.0,24.0,28.0,24.6,1.1666666666666667,-0.7933533402912349,-0.6087614290087209,0.7905633969115482,0.612380204990065,-0.6000000000000014,-0.05818318071864317,3.3999999999999986,-4.885714285714286,4.234415202698424,0,1.0,0.0,0.0,True,train
2025-02-23 11:00:00+00:00,42410099999,2025-02-22 06:00:00+00:00,29,21.0,24.0,28.0,22.9,1.2083333333333333,-0.9238795325112868,-0.3826834323650895,0.7905633969115482,0.612380204990065,-0.6000000000000014,-0.05353111044555619,5.100000000000001,-3.1857142857142833,4.234415202698424,0,1.0,0.0,0.0,True,train
2025-02-23 12:00:00+00:00,42410099999,2025-02-22 06:00:00+00:00,30,20.0,24.0,25.0,20.5,1.25,-0.9914448613738104,-0.13052619222005163,0.7905633969115482,0.612380204990065,-0.6000000000000014,-0.049250999174339394,4.5,-0.7857142857142847,4.234415202698424,0,1.0,0.0,0.0,True,train
2025-02-23 13:00:00+00:00,42410099999,2025-02-22 06:00:00+00:00,31,19.0,24.0,22.0,19.7,1.2916666666666667,-0.9914448613738105,0.13052619222005127,0.7905633969115482,0.612380204990065,-0.6000000000000014,-0.04531310670526437,2.3000000000000007,0.014285714285716011,4.234415202698424,0,1.0,0.0,0.0,True,train
2025-02-23 14:00:00+00:00,42410099999,2025-02-22 06:00:00+00:00,32,18.0,24.0,22.0,19.4,1.3333333333333333,-0.923879532511287,0.38268343236508917,0.7905633969115482,0.612380204990065,-0.6000000000000014,-0.04169007073368102,2.6000000000000014,0.3142857142857167,4.234415202698424,0,1.0,0.0,0.0,True,train
2025-02-23 15:00:00+00:00,42410099999,2025-02-22 06:00:00+00:00,33,17.0,24.0,20.0,18.7,1.375,-0.7933533402912357,0.6087614290087199,0.7905633969115482,0.612380204990065,-0.6000000000000014,-0.03835671672402463,1.3000000000000007,1.014285714285716,4.234415202698424,0,1.0,0.0,0.0,True,train
2025-02-23 16:00:00+00:00,42410099999,2025-02-22 06:00:00+00:00,34,16.0,24.0,19.0,17.9,1.4166666666666667,-0.6087614290087209,0.7933533402912349,0.7905633969115482,0.612380204990065,-0.6000000000000014,-0.035289882985458015,1.1000000000000014,1.8142857142857167,4.234415202698424,0,1.0,0.0,0.0,True,train
2025-02-23 17:00:00+00:00,42410099999,2025-02-22 06:00:00+00:00,35,15.0,24.0,18.0,17.6,1.4583333333333333,-0.38268343236508956,0.9238795325112868,0.7905633969115482,0.612380204990065,-0.6000000000000014,-0.03246825973369304,0.3999999999999986,2.114285714285714,4.234415202698424,0,1.0,0.0,0.0,True,train
2025-02-23 18:00:00+00:00,42410099999,2025-02-22 06:00:00+00:00,36,15.0,24.0,18.0,17.2,1.5,-0.13052619222005168,0.9914448613738104,0.7905633969115482,0.612380204990065,-0.6000000000000014,-0.029872241020718438,0.8000000000000007,2.514285714285716,4.234415202698424,0,1.0,0.0,0.0,True,train
2025-02-23 19:00:00+00:00,42410099999,2025-02-22 06:00:00+00:00,37,14.0,24.0,18.0,16.5,1.5416666666666667,0.13052619222005157,0.9914448613738104,0.8009803309782905,0.5986906625177214,-0.6000000000000014,-0.02748378850357295,1.5,3.2142857142857153,4.234415202698424,0,1.0,0.0,0.0,True,train
2025-02-23 20:00:00+00:00,42410099999,2025-02-22 06:00:00+00:00,38,13.0,24.0,18.0,16.0,1.5833333333333333,0.3826834323650898,0.9238795325112867,0.8009803309782905,0.5986906625177214,-0.6000000000000014,-0.025286306105565905,2.0,3.7142857142857153,4.234415202698424,0,1.0,0.0,0.0,True,train
2025-02-23 21:00:00+00:00,42410099999,2025-02-22 06:00:00+00:00,39,14.0,24.0,18.0,15.6,1.625,0.6087614290087207,0.7933533402912352,0.8009803309782905,0.5986906625177214,-0.6000000000000014,-0.02326452469903326,2.4000000000000004,4.114285714285716,4.234415202698424,0,1.0,0.0,0.0,True,train
2025-02-23 22:00:00+00:00,42410099999,2025-02-22 06:00:00+00:00,40,13.0,24.0,17.0,15.2,1.6666666666666667,0.7933533402912352,0.6087614290087207,0.8009803309782905,0.5986906625177214,-0.6000000000000014,-0.02140439600835149,1.8000000000000007,4.514285714285716,4.234415202698424,0,1.0,0.0,0.0,True,train
2025-02-23 23:00:00+00:00,42410099999,2025-02-22 06:00:00+00:00,41,13.0,24.0,16.0,14.9,1.7083333333333333,0.9238795325112867,0.38268343236508984,0.8009803309782905,0.5986906625177214,-0.6000000000000014,-0.01969299499599797,1.0999999999999996,4.814285714285715,4.234415202698424,0,1.0,0.0,0.0,True,train
2025-02-24 00:00:00+00:00,42410099999,2025-02-22 06:00:00+00:00,42,13.0,24.0,15.0,14.5,1.75,0.9914448613738104,0.1305261922200517,0.8009803309782905,0.5986906625177214,-0.6000000000000014,-0.018118430053391144,0.5,5.214285714285715,4.234415202698424,0,1.0,0.0,0.0,True,train
2025-02-24 01:00:00+00:00,42410099999,2025-02-22 06:00:00+00:00,43,14.0,24.0,16.0,14.9,1.7916666666666667,0.9914448613738104,-0.1305261922200516,0.8009803309782905,0.5986906625177214,-0.6000000000000014,-0.01666976037247459,1.0999999999999996,4.814285714285715,4.234415202698424,0,1.0,0.0,0.0,True,train
2025-02-24 02:00:00+00:00,42410099999,2025-02-22 06:00:00+00:00,44,15.0,24.0,18.0,16.8,1.8333333333333333,0.9238795325112868,-0.3826834323650895,0.8009803309782905,0.5986906625177214,-0.6000000000000014,-0.015336919923904478,1.1999999999999993,2.9142857142857146,4.234415202698424,0,1.0,0.0,0.0,True,train
2025-02-24 03:00:00+00:00,42410099999,2025-02-22 06:00:00+00:00,45,17.0,24.0,20.0,18.8,1.875,0.7933533402912352,-0.6087614290087207,0.8009803309782905,0.5986906625177214,-0.6000000000000014,-0.014110647513605497,1.1999999999999993,0.9142857142857146,4.234415202698424,0,1.0,0.0,0.0,True,train
2025-02-24 04:00:00+00:00,42410099999,2025-02-22 06:00:00+00:00,46,21.0,24.0,21.0,20.4,1.9166666666666667,0.6087614290087209,-0.793353340291235,0.8009803309782905,0.5986906625177214,-0.6000000000000014,-0.012982422431695884,0.6000000000000014,-0.6857142857142833,4.234415202698424,0,1.0,0.0,0.0,True,train
2025-02-24 05:00:00+00:00,42410099999,2025-02-22 06:00:00+00:00,47,24.0,24.0,24.0,21.9,1.9583333333333333,0.3826834323650899,-0.9238795325112867,0.8009803309782905,0.5986906625177214,-0.6000000000000014,-0.01194440524664024,2.1000000000000014,-2.1857142857142833,4.234415202698424,0,1.0,0.0,0.0,True,train
2025-02-24 06:00:00+00:00,42410099999,2025-02-22 06:00:00+00:00,48,25.0,24.0,24.0,23.6,2.0,0.130526192220052,-0.9914448613738104,0.8009803309782905,0.5986906625177214,-0.6000000000000014,-0.010989383333240533,0.3999999999999986,-3.885714285714286,4.234415202698424,0,1.0,0.0,0.0,True,train
2025-02-22 07:00:00+00:00,43128599999,2025-02-22 06:00:00+00:00,1,32.0,32.0,31.0,31.8,0.041666666666666664,-0.13052619222005177,-0.9914448613738104,0.7799125224167177,0.6258885343075018,0.8999999999999986,0.8280399731663897,-0.8000000000000007,-5.675000000000001,5.2408508714847875,0,0.0,1.0,0.0,True,train
2025-02-22 08:00:00+00:00,43128599999,2025-02-22 06:00:00+00:00,2,32.0,32.0,32.0,32.4,0.08333333333333333,-0.38268343236508967,-0.9238795325112868,0.7799125224167177,0.6258885343075018,0.8999999999999986,0.7618335524015515,-0.3999999999999986,-6.274999999999999,5.2408508714847875,0,0.0,1.0,0.0,True,train
2025-02-22 09:00:00+00:00,43128599999,2025-02-22 06:00:00+00:00,3,,32.0,32.0,32.5,0.125,-0.6087614290087207,-0.7933533402912352,0.7799125224167177,0.6258885343075018,0.8999999999999986,0.7009207047642633,-0.5,-6.375,5.2408508714847875,0,0.0,1.0,0.0,False,train
2025-02-22 10:00:00+00:00,43128599999,2025-02-22 06:00:00+00:00,4,33.0,32.0,33.0,32.3,0.16666666666666666,-0.7933533402912349,-0.6087614290087209,0.7799125224167177,0.6258885343075018,0.8999999999999986,0.6448781795164094,0.7000000000000028,-6.174999999999997,5.2408508714847875,0,0.0,1.0,0.0,True,train
2025-02-22 11:00:00+00:00,43128599999,2025-02-22 06:00:00+00:00,5,33.0,32.0,32.0,31.9,0.20833333333333334,-0.9238795325112868,-0.3826834323650895,0.7799125224167177,0.6258885343075018,0.8999999999999986,0.5933165671803985,0.10000000000000142,-5.774999999999999,5.2408508714847875,0,0.0,1.0,0.0,True,train
2025-02-22 12:00:00+00:00,43128599999,2025-02-22 06:00:00+00:00,6,32.0,32.0,31.0,31.3,0.25,-0.9914448613738104,-0.13052619222005163,0.7799125224167177,0.6258885343075018,0.8999999999999986,0.5458775937413692,-0.3000000000000007,-5.175000000000001,5.2408508714847875,0,0.0,1.0,0.0,True,train
2025-02-22 13:00:00+00:00,43128599999,2025-02-22 06:00:00+00:00,7,30.0,32.0,29.0,29.3,0.2916666666666667,-0.9914448613738105,0.13052619222005127,0.7799125224167177,0.6258885343075018,0.8999999999999986,0.5022316311930416,-0.3000000000000007,-3.1750000000000007,5.2408508714847875,0,0.0,1.0,0.0,True,train
2025-02-22 14:00:00+00:00,43128599999,2025-02-22 06:00:00+00:00,8,28.0,32.0,27.0,28.1,0.3333333333333333,-0.923879532511287,0.38268343236508917,0.7799125224167177,0.6258885343075018,0.8999999999999986,0.4620754071293321,-1.1000000000000014,-1.9750000000000014,5.2408508714847875,0,0.0,1.0,0.0,True,train
2025-02-22 15:00:00+00:00,43128599999,2025-02-22 06:00:00+00:00,9,26.0,32.0,26.0,25.9,0.375,-0.7933533402912357,0.6087614290087199,0.7799125224167177,0.6258885343075018,0.8999999999999986,0.42512989746691254,0.10000000000000142,0.22500000000000142,5.2408508714847875,0,0.0,1.0,0.0,True,train
2025-02-22 16:00:00+00:00,43128599999,2025-02-22 06:00:00+00:00,10,24.0,32.0,26.0,24.5,0.4166666666666667,-0.6087614290087209,0.7933533402912349,0.7799125224167177,0.6258885343075018,0.8999999999999986,0.39113838765636977,1.5,1.625,5.2408508714847875,0,0.0,1.0,0.0,True,train
2025-02-22 17:00:00+00:00,43128599999,2025-02-22 06:00:00+00:00,11,23.0,32.0,23.0,23.1,0.4583333333333333,-0.38268343236508956,0.9238795325112868,0.7799125224167177,0.6258885343075018,0.8999999999999986,0.35986468891036205,-0.10000000000000142,3.0249999999999986,5.2408508714847875,0,0.0,1.0,0.0,True,train
2025-02-22 18:00:00+00:00,43128599999,2025-02-22 06:00:00+00:00,12,22.0,32.0,23.0,22.1,0.5,-0.13052619222005168,0.9914448613738104,0.7799125224167177,0.6258885343075018,0.8999999999999986,0.3310914970542976,0.8999999999999986,4.024999999999999,5.2408508714847875,0,0.0,1.0,0.0,True,train
2025-02-22 19:00:00+00:00,43128599999,2025-02-22 06:00:00+00:00,13,21.0,32.0,22.0,21.6,0.5416666666666666,0.13052619222005157,0.9914448613738104,0.7905633969115482,0.612380204990065,0.8999999999999986,0.3046188825960675,0.3999999999999986,4.524999999999999,5.2408508714847875,0,0.0,1.0,0.0,True,train
2025-02-22 20:00:00+00:00,43128599999,2025-02-22 06:00:00+00:00,14,21.0,32.0,21.0,21.3,0.5833333333333334,0.3826834323650898,0.9238795325112867,0.7905633969115482,0.612380204990065,0.8999999999999986,0.2802629015231375,-0.3000000000000007,4.824999999999999,5.2408508714847875,0,0.0,1.0,0.0,True,train
2025-02-22 21:00:00+00:00,43128599999,2025-02-22 06:00:00+00:00,15,20.0,32.0,21.0,21.1,0.625,0.6087614290087207,0.7933533402912352,0.7905633969115482,0.612380204990065,0.8999999999999986,0.2578543171741707,-0.10000000000000142,5.024999999999999,5.2408508714847875,0,0.0,1.0,0.0,True,train
2025-02-22 22:00:00+00:00,43128599999,2025-02-22 06:00:00+00:00,16,21.0,32.0,21.0,21.0,0.6666666666666666,0.7933533402912352,0.6087614290087207,0.7905633969115482,0.612380204990065,0.8999999999999986,0.23723742430415373,0.0,5.125,5.2408508714847875,0,0.0,1.0,0.0,True,train
2025-02-22 23:00:00+00:00,43128599999,2025-02-22 06:00:00+00:00,17,20.0,32.0,20.0,20.6,0.7083333333333334,0.9238795325112867,0.38268343236508984,0.7905633969115482,0.612380204990065,0.8999999999999986,0.21826896717208347,-0.6000000000000014,5.524999999999999,5.2408508714847875,0,0.0,1.0,0.0,True,train
2025-02-23 00:00:00+00:00,43128599999,2025-02-22 06:00:00+00:00,18,21.0,32.0,20.0,19.7,0.75,0.9914448613738104,0.1305261922200517,0.7905633969115482,0.612380204990065,0.8999999999999986,0.2008171441335865,0.3000000000000007,6.425000000000001,5.2408508714847875,0,0.0,1.0,0.0,True,train
2025-02-23 01:00:00+00:00,43128599999,2025-02-22 06:00:00+00:00,19,20.0,32.0,21.0,19.4,0.7916666666666666,0.9914448613738104,-0.1305261922200516,0.7905633969115482,0.612380204990065,0.8999999999999986,0.18476069182191807,1.6000000000000014,6.725000000000001,5.2408508714847875,0,0.0,1.0,0.0,True,train
2025-02-23 02:00:00+00:00,43128599999,2025-02-22 06:00:00+00:00,20,21.0,32.0,22.0,21.1,0.8333333333333334,0.9238795325112868,-0.3826834323650895,0.7905633969115482,0.612380204990065,0.8999999999999986,0.16998804255380537,0.8999999999999986,5.024999999999999,5.2408508714847875,0,0.0,1.0,0.0,True,train
2025-02-23 03:00:00+00:00,43128599999,2025-02-22 06:00:00+00:00,21,25.0,32.0,25.0,24.5,0.875,0.7933533402912352,-0.6087614290087207,0.7905633969115482,0.612380204990065,0.8999999999999986,0.15639654910540038,0.5,1.625,5.2408508714847875,0,0.0,1.0,0.0,True,train
2025-02-23 04:00:00+00:00,43128599999,2025-02-22 06:00:00+00:00,22,28.0,32.0,28.0,27.3,0.9166666666666666,0.6087614290087209,-0.793353340291235,0.7905633969115482,0.612380204990065,0.8999999999999986,0.1438917714717243,0.6999999999999993,-1.1750000000000007,5.2408508714847875,0,0.0,1.0,0.0,True,train
2025-02-23 05:00:00+00:00,43128599999,2025-02-22 06:00:00+00:00,23,,32.0,30.0,29.2,0.9583333333333334,0.3826834323650899,-0.9238795325112867,0.7905633969115482,0.612380204990065,0.8999999999999986,0.1323868206536789,0.8000000000000007,-3.0749999999999993,5.2408508714847875,0,0.0,1.0,0.0,False,train
2025-02-23 06:00:00+00:00,43128599999,2025-02-22 06:00:00+00:00,24,,32.0,32.0,30.6,1.0,0.130526192220052,-0.9914448613738104,0.7905633969115482,0.612380204990065,0.8999999999999986,0.12180175491295124,1.3999999999999986,-4.475000000000001,5.2408508714847875,0,0.0,1.0,0.0,False,train
2025-02-23 07:00:00+00:00,43128599999,2025-02-22 06:00:00+00:00,25,33.0,32.0,31.0,31.7,1.0416666666666667,-0.13052619222005177,-0.9914448613738104,0.7905633969115482,0.612380204990065,0.8999999999999986,0.11206302429971049,-0.6999999999999993,-5.574999999999999,5.2408508714847875,0,0.0,1.0,0.0,True,train
2025-02-23 08:00:00+00:00,43128599999,2025-02-22 06:00:00+00:00,26,31.0,32.0,32.0,32.4,1.0833333333333333,-0.38268343236508967,-0.9238795325112868,0.7905633969115482,0.612380204990065,0.8999999999999986,0.1031029595934188,-0.3999999999999986,-6.274999999999999,5.2408508714847875,0,0.0,1.0,0.0,True,train
2025-02-23 09:00:00+00:00,43128599999,2025-02-22 06:00:00+00:00,27,32.0,32.0,32.0,32.6,1.125,-0.6087614290087207,-0.7933533402912352,0.7905633969115482,0.612380204990065,0.8999999999999986,0.09485930210567775,-0.6000000000000014,-6.475000000000001,5.2408508714847875,0,0.0,1.0,0.0,True,train
2025-02-23 10:00:00+00:00,43128599999,2025-02-22 06:00:00+00:00,28,31.0,32.0,33.0,32.5,1.1666666666666667,-0.7933533402912349,-0.6087614290087209,0.7905633969115482,0.612380204990065,0.8999999999999986,0.08727477107796441,0.5,-6.375,5.2408508714847875,0,0.0,1.0,0.0,True,train
2025-02-23 11:00:00+00:00,43128599999,2025-02-22 06:00:00+00:00,29,31.0,32.0,32.0,31.7,1.2083333333333333,-0.9238795325112868,-0.3826834323650895,0.7905633969115482,0.612380204990065,0.8999999999999986,0.08029666566833397,0.3000000000000007,-5.574999999999999,5.2408508714847875,0,0.0,1.0,0.0,True,train
2025-02-23 12:00:00+00:00,43128599999,2025-02-22 06:00:00+00:00,30,30.0,32.0,31.0,30.5,1.25,-0.9914448613738104,-0.13052619222005163,0.7905633969115482,0.612380204990065,0.8999999999999986,0.0738764987615088,0.5,-4.375,5.2408508714847875,0,0.0,1.0,0.0,True,train
2025-02-23 13:00:00+00:00,43128599999,2025-02-22 06:00:00+00:00,31,28.0,32.0,29.0,26.8,1.2916666666666667,-0.9914448613738105,0.13052619222005127,0.7905633969115482,0.612380204990065,0.8999999999999986,0.06796966005789629,2.1999999999999993,-0.6750000000000007,5.2408508714847875,0,0.0,1.0,0.0,True,train
2025-02-23 14:00:00+00:00,43128599999,2025-02-22 06:00:00+00:00,32,27.0,32.0,27.0,25.2,1.3333333333333333,-0.923879532511287,0.38268343236508917,0.7905633969115482,0.612380204990065,0.8999999999999986,0.06253510610052129,1.8000000000000007,0.9250000000000007,5.2408508714847875,0,0.0,1.0,0.0,True,train
2025-02-23 15:00:00+00:00,43128599999,2025-02-22 06:00:00+00:00,33,25.0,32.0,26.0,24.2,1.375,-0.7933533402912357,0.6087614290087199,0.7905633969115482,0.612380204990065,0.8999999999999986,0.057535075086036724,1.8000000000000007,1.9250000000000007,5.2408508714847875,0,0.0,1.0,0.0,True,train
2025-02-23 16:00:00+00:00,43128599999,2025-02-22 06:00:00+00:00,34,24.0,32.0,26.0,23.8,1.4166666666666667,-0.6087614290087209,0.7933533402912349,0.7905633969115482,0.612380204990065,0.8999999999999986,0.05293482447818681,2.1999999999999993,2.3249999999999993,5.2408508714847875,0,0.0,1.0,0.0,True,train
2025-02-23 17:00:00+00:00,43128599999,2025-02-22 06:00:00+00:00,35,23.0,32.0,23.0,22.8,1.4583333333333333,-0.38268343236508956,0.9238795325112868,0.7905633969115482,0.612380204990065,0.8999999999999986,0.048702389600539374,0.1999999999999993,3.3249999999999993,5.2408508714847875,0,0.0,1.0,0.0,True,train
2025-02-23 18:00:00+00:00,43128599999,2025-02-22 06:00:00+00:00,36,22.0,32.0,23.0,21.9,1.5,-0.13052619222005168,0.9914448613738104,0.7905633969115482,0.612380204990065,0.8999999999999986,0.04480836153107748,1.1000000000000014,4.225000000000001,5.2408508714847875,0,0.0,1.0,0.0,True,train
2025-02-23 19:00:00+00:00,43128599999,2025-02-22 06:00:00+00:00,37,21.0,32.0,22.0,21.7,1.5416666666666667,0.13052619222005157,0.9914448613738104,0.8009803309782905,0.5986906625177214,0.8999999999999986,0.04122568275535926,0.3000000000000007,4.425000000000001,5.2408508714847875,0,0.0,1.0,0.0,True,train
2025-02-23 20:00:00+00:00,43128599999,2025-02-22 06:00:00+00:00,38,20.0,32.0,21.0,21.7,1.5833333333333333,0.3826834323650898,0.9238795325112867,0.8009803309782905,0.5986906625177214,0.8999999999999986,0.03792945915834871,-0.6999999999999993,4.425000000000001,5.2408508714847875,0,0.0,1.0,0.0,True,train
2025-02-23 21:00:00+00:00,43128599999,2025-02-22 06:00:00+00:00,39,20.0,32.0,21.0,20.7,1.625,0.6087614290087207,0.7933533402912352,0.8009803309782905,0.5986906625177214,0.8999999999999986,0.03489678704854975,0.3000000000000007,5.425000000000001,5.2408508714847875,0,0.0,1.0,0.0,True,train
2025-02-23 22:00:00+00:00,43128599999,2025-02-22 06:00:00+00:00,40,19.0,32.0,21.0,20.7,1.6666666666666667,0.7933533402912352,0.6087614290087207,0.8009803309782905,0.5986906625177214,0.8999999999999986,0.03210659401252711,0.3000000000000007,5.425000000000001,5.2408508714847875,0,0.0,1.0,0.0,True,train
2025-02-23 23:00:00+00:00,43128599999,2025-02-22 06:00:00+00:00,41,20.0,32.0,20.0,20.4,1.7083333333333333,0.9238795325112867,0.38268343236508984,0.8009803309782905,0.5986906625177214,0.8999999999999986,0.02953949249399684,-0.3999999999999986,5.725000000000001,5.2408508714847875,0,0.0,1.0,0.0,True,train
2025-02-24 00:00:00+00:00,43128599999,2025-02-22 06:00:00+00:00,42,20.0,32.0,20.0,20.2,1.75,0.9914448613738104,0.1305261922200517,0.8009803309782905,0.5986906625177214,0.8999999999999986,0.027177645080086608,-0.1999999999999993,5.925000000000001,5.2408508714847875,0,0.0,1.0,0.0,True,train
2025-02-24 01:00:00+00:00,43128599999,2025-02-22 06:00:00+00:00,43,20.0,32.0,21.0,19.0,1.7916666666666667,0.9914448613738104,-0.1305261922200516,0.8009803309782905,0.5986906625177214,0.8999999999999986,0.025004640558711787,2.0,7.125,5.2408508714847875,0,0.0,1.0,0.0,True,train
2025-02-24 02:00:00+00:00,43128599999,2025-02-22 06:00:00+00:00,44,22.0,32.0,22.0,20.0,1.8333333333333333,0.9238795325112868,-0.3826834323650895,0.8009803309782905,0.5986906625177214,0.8999999999999986,0.023005379885856627,2.0,6.125,5.2408508714847875,0,0.0,1.0,0.0,True,train
2025-02-24 03:00:00+00:00,43128599999,2025-02-22 06:00:00+00:00,45,24.0,32.0,25.0,23.6,1.875,0.7933533402912352,-0.6087614290087207,0.8009803309782905,0.5986906625177214,0.8999999999999986,0.021165971270408163,1.3999999999999986,2.5249999999999986,5.2408508714847875,0,0.0,1.0,0.0,True,train
2025-02-24 04:00:00+00:00,43128599999,2025-02-22 06:00:00+00:00,46,,32.0,28.0,27.3,1.9166666666666667,0.6087614290087209,-0.793353340291235,0.8009803309782905,0.5986906625177214,0.8999999999999986,0.01947363364754375,0.6999999999999993,-1.1750000000000007,5.2408508714847875,0,0.0,1.0,0.0,False,train
2025-02-24 05:00:00+00:00,43128599999,2025-02-22 06:00:00+00:00,47,30.0,32.0,30.0,29.8,1.9583333333333333,0.3826834323650899,-0.9238795325112867,0.8009803309782905,0.5986906625177214,0.8999999999999986,0.01791660786996029,0.1999999999999993,-3.6750000000000007,5.2408508714847875,0,0.0,1.0,0.0,True,train
2025-02-24 06:00:00+00:00,43128599999,2025-02-22 06:00:00+00:00,48,,32.0,32.0,31.0,2.0,0.130526192220052,-0.9914448613738104,0.8009803309782905,0.5986906625177214,0.8999999999999986,0.016484074999860734,1.0,-4.875,5.2408508714847875,0,0.0,1.0,0.0,False,train
2025-02-22 07:00:00+00:00,43279099999,2025-02-22 06:00:00+00:00,1,31.0,31.0,30.0,32.5,0.041666666666666664,-0.13052619222005177,-0.9914448613738104,0.7799125224167177,0.6258885343075018,-1.0,-0.9200444146293233,-2.5,-4.970238095238095,2.365238322931336,0,0.0,0.0,1.0,True,train
2025-02-22 08:00:00+00:00,43279099999,2025-02-22 06:00:00+00:00,2,31.0,31.0,31.0,31.7,0.08333333333333333,-0.38268343236508967,-0.9238795325112868,0.7799125224167177,0.6258885343075018,-1.0,-0.8464817248906141,-0.6999999999999993,-4.170238095238094,2.365238322931336,0,0.0,0.0,1.0,True,train
2025-02-22 09:00:00+00:00,43279099999,2025-02-22 06:00:00+00:00,3,30.0,31.0,31.0,31.2,0.125,-0.6087614290087207,-0.7933533402912352,0.7799125224167177,0.6258885343075018,-1.0,-0.7788007830714049,-0.1999999999999993,-3.670238095238094,2.365238322931336,0,0.0,0.0,1.0,True,train
2025-02-22 10:00:00+00:00,43279099999,2025-02-22 06:00:00+00:00,4,30.0,31.0,31.0,30.5,0.16666666666666666,-0.7933533402912349,-0.6087614290087209,0.7799125224167177,0.6258885343075018,-1.0,-0.7165313105737893,0.5,-2.970238095238095,2.365238322931336,0,0.0,0.0,1.0,True,train
2025-02-22 11:00:00+00:00,43279099999,2025-02-22 06:00:00+00:00,5,30.0,31.0,30.0,29.6,0.20833333333333334,-0.9238795325112868,-0.3826834323650895,0.7799125224167177,0.6258885343075018,-1.0,-0.6592406302004438,0.3999999999999986,-2.0702380952380963,2.365238322931336,0,0.0,0.0,1.0,True,train
2025-02-22 12:00:00+00:00,43279099999,2025-02-22 06:00:00+00:00,6,29.0,31.0,29.0,28.3,0.25,-0.9914448613738104,-0.13052619222005163,0.7799125224167177,0.6258885343075018,-1.0,-0.6065306597126334,0.6999999999999993,-0.7702380952380956,2.365238322931336,0,0.0,0.0,1.0,True,train
2025-02-22 13:00:00+00:00,43279099999,2025-02-22 06:00:00+00:00,7,28.0,31.0,28.0,27.1,0.2916666666666667,-0.9914448613738105,0.13052619222005127,0.7799125224167177,0.6258885343075018,-1.0,-0.5580351457700471,0.8999999999999986,0.4297619047619037,2.365238322931336,0,0.0,0.0,1.0,True,train
2025-02-22 14:00:00+00:00,43279099999,2025-02-22 06:00:00+00:00,8,28.0,31.0,27.0,26.7,0.3333333333333333,-0.923879532511287,0.38268343236508917,0.7799125224167177,0.6258885343075018,-1.0,-0.513417119032592,0.3000000000000007,0.8297619047619058,2.365238322931336,0,0.0,0.0,1.0,True,train
2025-02-22 15:00:00+00:00,43279099999,2025-02-22 06:00:00+00:00,9,28.0,31.0,27.0,26.3,0.375,-0.7933533402912357,0.6087614290087199,0.7799125224167177,0.6258885343075018,-1.0,-0.4723665527410147,0.6999999999999993,1.2297619047619044,2.365238322931336,0,0.0,0.0,1.0,True,train
2025-02-22 16:00:00+00:00,43279099999,2025-02-22 06:00:00+00:00,10,27.0,31.0,27.0,25.8,0.4166666666666667,-0.6087614290087209,0.7933533402912349,0.7799125224167177,0.6258885343075018,-1.0,-0.4345982085070782,1.1999999999999993,1.7297619047619044,2.365238322931336,0,0.0,0.0,1.0,True,train
2025-02-22 17:00:00+00:00,43279099999,2025-02-22 06:00:00+00:00,11,27.0,31.0,27.0,25.3,0.4583333333333333,-0.38268343236508956,0.9238795325112868,0.7799125224167177,0.6258885343075018,-1.0,-0.39984965434484737,1.6999999999999993,2.2297619047619044,2.365238322931336,0,0.0,0.0,1.0,True,train
2025-02-22 18:00:00+00:00,43279099999,2025-02-22 06:00:00+00:00,12,27.0,31.0,26.0,24.9,0.5,-0.13052619222005168,0.9914448613738104,0.7799125224167177,0.6258885343075018,-1.0,-0.36787944117144233,1.1000000000000014,2.6297619047619065,2.365238322931336,0,0.0,0.0,1.0,True,train
2025-02-22 19:00:00+00:00,43279099999,2025-02-22 06:00:00+00:00,13,26.0,31.0,27.0,24.3,0.5416666666666666,0.13052619222005157,0.9914448613738104,0.7905633969115482,0.612380204990065,-1.0,-0.3384654251067422,2.6999999999999993,3.2297619047619044,2.365238322931336,0,0.0,0.0,1.0,True,train
2025-02-22 20:00:00+00:00,43279099999,2025-02-22 06:00:00+00:00,14,25.0,31.0,26.0,23.8,0.5833333333333334,0.3826834323650898,0.9238795325112867,0.7905633969115482,0.612380204990065,-1.0,-0.3114032239145977,2.1999999999999993,3.7297619047619044,2.365238322931336,0,0.0,0.0,1.0,True,train
2025-02-22 21:00:00+00:00,43279099999,2025-02-22 06:00:00+00:00,15,25.0,31.0,26.0,23.5,0.625,0.6087614290087207,0.7933533402912352,0.7905633969115482,0.612380204990065,-1.0,-0.2865047968601901,2.5,4.029761904761905,2.365238322931336,0,0.0,0.0,1.0,True,train
2025-02-22 22:00:00+00:00,43279099999,2025-02-22 06:00:00+00:00,16,25.0,31.0,26.0,22.9,0.6666666666666666,0.7933533402912352,0.6087614290087207,0.7905633969115482,0.612380204990065,-1.0,-0.26359713811572677,3.1000000000000014,4.6297619047619065,2.365238322931336,0,0.0,0.0,1.0,True,train
2025-02-22 23:00:00+00:00,43279099999,2025-02-22 06:00:00+00:00,17,25.0,31.0,25.0,22.7,0.7083333333333334,0.9238795325112867,0.38268343236508984,0.7905633969115482,0.612380204990065,-1.0,-0.24252107463564868,2.3000000000000007,4.829761904761906,2.365238322931336,0,0.0,0.0,1.0,True,train
2025-02-23 00:00:00+00:00,43279099999,2025-02-22 06:00:00+00:00,18,25.0,31.0,25.0,22.2,0.75,0.9914448613738104,0.1305261922200517,0.7905633969115482,0.612380204990065,-1.0,-0.22313016014842982,2.8000000000000007,5.329761904761906,2.365238322931336,0,0.0,0.0,1.0,True,train
2025-02-23 01:00:00+00:00,43279099999,2025-02-22 06:00:00+00:00,19,24.0,31.0,25.0,22.0,0.7916666666666666,0.9914448613738104,-0.1305261922200516,0.7905633969115482,0.612380204990065,-1.0,-0.20528965757990927,3.0,5.529761904761905,2.365238322931336,0,0.0,0.0,1.0,True,train
2025-02-23 02:00:00+00:00,43279099999,2025-02-22 06:00:00+00:00,20,25.0,31.0,25.0,23.1,0.8333333333333334,0.9238795325112868,-0.3826834323650895,0.7905633969115482,0.612380204990065,-1.0,-0.18887560283756183,1.8999999999999986,4.429761904761904,2.365238322931336,0,0.0,0.0,1.0,True,train
2025-02-23 03:00:00+00:00,43279099999,2025-02-22 06:00:00+00:00,21,26.0,31.0,26.0,26.1,0.875,0.7933533402912352,-0.6087614290087207,0.7905633969115482,0.612380204990065,-1.0,-0.17377394345044514,-0.10000000000000142,1.4297619047619037,2.365238322931336,0,0.0,0.0,1.0,True,train
2025-02-23 04:00:00+00:00,43279099999,2025-02-22 06:00:00+00:00,22,28.0,31.0,28.0,28.5,0.9166666666666666,0.6087614290087209,-0.793353340291235,0.7905633969115482,0.612380204990065,-1.0,-0.1598797460796939,-0.5,-0.9702380952380949,2.365238322931336,0,0.0,0.0,1.0,True,train
2025-02-23 05:00:00+00:00,43279099999,2025-02-22 06:00:00+00:00,23,29.0,31.0,30.0,30.4,0.9583333333333334,0.3826834323650899,-0.9238795325112867,0.7905633969115482,0.612380204990065,-1.0,-0.1470964673929768,-0.3999999999999986,-2.8702380952380935,2.365238322931336,0,0.0,0.0,1.0,True,train
2025-02-23 06:00:00+00:00,43279099999,2025-02-22 06:00:00+00:00,24,31.0,31.0,31.0,32.2,1.0,0.130526192220052,-0.9914448613738104,0.7905633969115482,0.612380204990065,-1.0,-0.1353352832366127,-1.2000000000000028,-4.670238095238098,2.365238322931336,0,0.0,0.0,1.0,True,train
2025-02-23 07:00:00+00:00,43279099999,2025-02-22 06:00:00+00:00,25,32.0,31.0,30.0,33.3,1.0416666666666667,-0.13052619222005177,-0.9914448613738104,0.7905633969115482,0.612380204990065,-1.0,-0.12451447144412296,-3.299999999999997,-5.770238095238092,2.365238322931336,0,0.0,0.0,1.0,True,train
2025-02-23 08:00:00+00:00,43279099999,2025-02-22 06:00:00+00:00,26,32.0,31.0,31.0,33.6,1.0833333333333333,-0.38268343236508967,-0.9238795325112868,0.7905633969115482,0.612380204990065,-1.0,-0.11455884399268773,-2.6000000000000014,-6.070238095238096,2.365238322931336,0,0.0,0.0,1.0,True,train
2025-02-23 09:00:00+00:00,43279099999,2025-02-22 06:00:00+00:00,27,32.0,31.0,31.0,32.8,1.125,-0.6087614290087207,-0.7933533402912352,0.7905633969115482,0.612380204990065,-1.0,-0.10539922456186433,-1.7999999999999972,-5.270238095238092,2.365238322931336,0,0.0,0.0,1.0,True,train
2025-02-23 10:00:00+00:00,43279099999,2025-02-22 06:00:00+00:00,28,31.0,31.0,31.0,31.7,1.1666666666666667,-0.7933533402912349,-0.6087614290087209,0.7905633969115482,0.612380204990065,-1.0,-0.09697196786440505,-0.6999999999999993,-4.170238095238094,2.365238322931336,0,0.0,0.0,1.0,True,train
2025-02-23 11:00:00+00:00,43279099999,2025-02-22 06:00:00+00:00,29,30.0,31.0,30.0,30.1,1.2083333333333333,-0.9238795325112868,-0.3826834323650895,0.7905633969115482,0.612380204990065,-1.0,-0.08921851740926011,-0.10000000000000142,-2.5702380952380963,2.365238322931336,0,0.0,0.0,1.0,True,train
2025-02-23 12:00:00+00:00,43279099999,2025-02-22 06:00:00+00:00,30,29.0,31.0,29.0,28.7,1.25,-0.9914448613738104,-0.13052619222005163,0.7905633969115482,0.612380204990065,-1.0,-0.0820849986238988,0.3000000000000007,-1.1702380952380942,2.365238322931336,0,0.0,0.0,1.0,True,train
2025-02-23 13:00:00+00:00,43279099999,2025-02-22 06:00:00+00:00,31,28.0,31.0,28.0,27.4,1.2916666666666667,-0.9914448613738105,0.13052619222005127,0.7905633969115482,0.612380204990065,-1.0,-0.07552184450877376,0.6000000000000014,0.12976190476190652,2.365238322931336,0,0.0,0.0,1.0,True,train
2025-02-23 14:00:00+00:00,43279099999,2025-02-22 06:00:00+00:00,32,28.0,31.0,27.0,26.8,1.3333333333333333,-0.923879532511287,0.38268343236508917,0.7905633969115482,0.612380204990065,-1.0,-0.06948345122280154,0.1999999999999993,0.7297619047619044,2.365238322931336,0,0.0,0.0,1.0,True,train
2025-02-23 15:00:00+00:00,43279099999,2025-02-22 06:00:00+00:00,33,28.0,31.0,27.0,26.6,1.375,-0.7933533402912357,0.6087614290087199,0.7905633969115482,0.612380204990065,-1.0,-0.06392786120670757,0.3999999999999986,0.9297619047619037,2.365238322931336,0,0.0,0.0,1.0,True,train
2025-02-23 16:00:00+00:00,43279099999,2025-02-22 06:00:00+00:00,34,27.0,31.0,27.0,26.4,1.4166666666666667,-0.6087614290087209,0.7933533402912349,0.7905633969115482,0.612380204990065,-1.0,-0.05881647164242988,0.6000000000000014,1.1297619047619065,2.365238322931336,0,0.0,0.0,1.0,True,train
2025-02-23 17:00:00+00:00,43279099999,2025-02-22 06:00:00+00:00,35,27.0,31.0,27.0,26.0,1.4583333333333333,-0.38268343236508956,0.9238795325112868,0.7905633969115482,0.612380204990065,-1.0,-0.05411376622282161,1.0,1.529761904761905,2.365238322931336,0,0.0,0.0,1.0,True,train
2025-02-23 18:00:00+00:00,43279099999,2025-02-22 06:00:00+00:00,36,27.0,31.0,26.0,25.6,1.5,-0.13052619222005168,0.9914448613738104,0.7905633969115482,0.612380204990065,-1.0,-0.049787068367863944,0.3999999999999986,1.9297619047619037,2.365238322931336,0,0.0,0.0,1.0,True,train
2025-02-23 19:00:00+00:00,43279099999,2025-02-22 06:00:00+00:00,37,27.0,31.0,27.0,25.3,1.5416666666666667,0.13052619222005157,0.9914448613738104,0.8009803309782905,0.5986906625177214,-1.0,-0.04580631417262147,1.6999999999999993,2.2297619047619044,2.365238322931336,0,0.0,0.0,1.0,True,train
2025-02-23 20:00:00+00:00,43279099999,2025-02-22 06:00:00+00:00,38,26.0,31.0,26.0,24.9,1.5833333333333333,0.3826834323650898,0.9238795325112867,0.8009803309782905,0.5986906625177214,-1.0,-0.042143843509276406,1.1000000000000014,2.6297619047619065,2.365238322931336,0,0.0,0.0,1.0,True,train
2025-02-23 21:00:00+00:00,43279099999,2025-02-22 06:00:00+00:00,39,25.0,31.0,26.0,24.8,1.625,0.6087614290087207,0.7933533402912352,0.8009803309782905,0.5986906625177214,-1.0,-0.03877420783172201,1.1999999999999993,2.7297619047619044,2.365238322931336,0,0.0,0.0,1.0,True,train
2025-02-23 22:00:00+00:00,43279099999,2025-02-22 06:00:00+00:00,40,25.0,31.0,26.0,24.4,1.6666666666666667,0.7933533402912352,0.6087614290087207,0.8009803309782905,0.5986906625177214,-1.0,-0.035673993347252395,1.6000000000000014,3.1297619047619065,2.365238322931336,0,0.0,0.0,1.0,True,train
2025-02-23 23:00:00+00:00,43279099999,2025-02-22 06:00:00+00:00,41,25.0,31.0,25.0,23.5,1.7083333333333333,0.9238795325112867,0.38268343236508984,0.8009803309782905,0.5986906625177214,-1.0,-0.03282165832666321,1.5,4.029761904761905,2.365238322931336,0,0.0,0.0,1.0,True,train
2025-02-24 00:00:00+00:00,43279099999,2025-02-22 06:00:00+00:00,42,24.0,31.0,25.0,23.2,1.75,0.9914448613738104,0.1305261922200517,0.8009803309782905,0.5986906625177214,-1.0,-0.0301973834223185,1.8000000000000007,4.329761904761906,2.365238322931336,0,0.0,0.0,1.0,True,train
2025-02-24 01:00:00+00:00,43279099999,2025-02-22 06:00:00+00:00,43,24.0,31.0,25.0,22.5,1.7916666666666667,0.9914448613738104,-0.1305261922200516,0.8009803309782905,0.5986906625177214,-1.0,-0.02778293395412425,2.5,5.029761904761905,2.365238322931336,0,0.0,0.0,1.0,True,train
2025-02-24 02:00:00+00:00,43279099999,2025-02-22 06:00:00+00:00,44,24.0,31.0,25.0,23.0,1.8333333333333333,0.9238795325112868,-0.3826834323650895,0.8009803309782905,0.5986906625177214,-1.0,-0.025561533206507402,2.0,4.529761904761905,2.365238322931336,0,0.0,0.0,1.0,True,train
2025-02-24 03:00:00+00:00,43279099999,2025-02-22 06:00:00+00:00,45,26.0,31.0,26.0,26.0,1.875,0.7933533402912352,-0.6087614290087207,0.8009803309782905,0.5986906625177214,-1.0,-0.023517745856009107,0.0,1.529761904761905,2.365238322931336,0,0.0,0.0,1.0,True,train
2025-02-24 04:00:00+00:00,43279099999,2025-02-22 06:00:00+00:00,46,28.0,31.0,28.0,28.5,1.9166666666666667,0.6087614290087209,-0.793353340291235,0.8009803309782905,0.5986906625177214,-1.0,-0.02163737071949309,-0.5,-0.9702380952380949,2.365238322931336,0,0.0,0.0,1.0,True,train
2025-02-24 05:00:00+00:00,43279099999,2025-02-22 06:00:00+00:00,47,30.0,31.0,30.0,30.6,1.9583333333333333,0.3826834323650899,-0.9238795325112867,0.8009803309782905,0.5986906625177214,-1.0,-0.019907342077733686,-0.6000000000000014,-3.0702380952380963,2.365238322931336,0,0.0,0.0,1.0,True,train
2025-02-24 06:00:00+00:00,43279099999,2025-02-22 06:00:00+00:00,48,30.0,31.0,31.0,31.8,2.0,0.130526192220052,-0.9914448613738104,0.8009803309782905,0.5986906625177214,-1.0,-0.01831563888873418,-0.8000000000000007,-4.270238095238096,2.365238322931336,0,0.0,0.0,1.0,True,train
2025-02-24 07:00:00+00:00,42410099999,2025-02-24 06:00:00+00:00,1,26.0,25.0,24.0,24.6,0.041666666666666664,-0.13052619222005177,-0.9914448613738104,0.8009803309782905,0.5986906625177214,1.6999999999999993,1.564075504869849,-0.6000000000000014,-4.808333333333334,4.177396897742641,0,1.0,0.0,0.0,True,train
2025-02-24 08:00:00+00:00,42410099999,2025-02-24 06:00:00+00:00,2,26.0,25.0,23.0,25.4,0.08333333333333333,-0.38268343236508967,-0.9238795325112868,0.8009803309782905,0.5986906625177214,1.6999999999999993,1.4390189323140434,-2.3999999999999986,-5.608333333333331,4.177396897742641,0,1.0,0.0,0.0,True,train
2025-02-24 09:00:00+00:00,42410099999,2025-02-24 06:00:00+00:00,3,27.0,25.0,20.0,25.4,0.125,-0.6087614290087207,-0.7933533402912352,0.8009803309782905,0.5986906625177214,1.6999999999999993,1.3239613312213878,-5.399999999999999,-5.608333333333331,4.177396897742641,0,1.0,0.0,0.0,True,train
2025-02-24 10:00:00+00:00,42410099999,2025-02-24 06:00:00+00:00,4,27.0,25.0,20.0,25.2,0.16666666666666666,-0.7933533402912349,-0.6087614290087209,0.8009803309782905,0.5986906625177214,1.6999999999999993,1.2181032279754413,-5.199999999999999,-5.408333333333331,4.177396897742641,0,1.0,0.0,0.0,True,train
2025-02-24 11:00:00+00:00,42410099999,2025-02-24 06:00:00+00:00,5,26.0,25.0,21.0,23.8,0.20833333333333334,-0.9238795325112868,-0.3826834323650895,0.8009803309782905,0.5986906625177214,1.6999999999999993,1.120709071340754,-2.8000000000000007,-4.008333333333333,4.177396897742641,0,1.0,0.0,0.0,True,train
2025-02-24 12:00:00+00:00,42410099999,2025-02-24 06:00:00+00:00,6,24.0,25.0,20.0,21.9,0.25,-0.9914448613738104,-0.13052619222005163,0.8009803309782905,0.5986906625177214,1.6999999999999993,1.0311021215114764,-1.8999999999999986,-2.1083333333333307,4.177396897742641,0,1.0,0.0,0.0,True,train
2025-02-24 13:00:00+00:00,42410099999,2025-02-24 06:00:00+00:00,7,21.0,25.0,19.0,21.3,0.2916666666666667,-0.9914448613738105,0.13052619222005127,0.8009803309782905,0.5986906625177214,1.6999999999999993,0.9486597478090797,-2.3000000000000007,-1.5083333333333329,4.177396897742641,0,1.0,0.0,0.0,True,train
2025-02-24 14:00:00+00:00,42410099999,2025-02-24 06:00:00+00:00,8,20.0,25.0,18.0,20.4,0.3333333333333333,-0.923879532511287,0.38268343236508917,0.8009803309782905,0.5986906625177214,1.6999999999999993,0.8728091023554061,-2.3999999999999986,-0.6083333333333307,4.177396897742641,0,1.0,0.0,0.0,True,train
2025-02-24 15:00:00+00:00,42410099999,2025-02-24 06:00:00+00:00,9,19.0,25.0,17.0,18.9,0.375,-0.7933533402912357,0.6087614290087199,0.8009803309782905,0.5986906625177214,1.6999999999999993,0.8030231396597246,-1.8999999999999986,0.8916666666666693,4.177396897742641,0,1.0,0.0,0.0,True,train
2025-02-24 16:00:00+00:00,42410099999,2025-02-24 06:00:00+00:00,10,18.0,25.0,16.0,18.3,0.4166666666666667,-0.6087614290087209,0.7933533402912349,0.8009803309782905,0.5986906625177214,1.6999999999999993,0.7388169544620327,-2.3000000000000007,1.4916666666666671,4.177396897742641,0,1.0,0.0,0.0,True,train
2025-02-24 17:00:00+00:00,42410099999,2025-02-24 06:00:00+00:00,11,18.0,25.0,15.0,16.9,0.4583333333333333,-0.38268343236508956,0.9238795325112868,0.8009803309782905,0.5986906625177214,1.6999999999999993,0.6797444123862403,-1.8999999999999986,2.8916666666666693,4.177396897742641,0,1.0,0.0,0.0,True,train
2025-02-24 18:00:00+00:00,42410099999,2025-02-24 06:00:00+00:00,12,17.0,25.0,15.0,16.8,0.5,-0.13052619222005168,0.9914448613738104,0.8009803309782905,0.5986906625177214,1.6999999999999993,0.6253950499914517,-1.8000000000000007,2.991666666666667,4.177396897742641,0,1.0,0.0,0.0,True,train
2025-02-24 19:00:00+00:00,42410099999,2025-02-24 06:00:00+00:00,13,17.0,25.0,14.0,16.3,0.5416666666666666,0.13052619222005157,0.9914448613738104,0.8111602420785621,0.5848239578463322,1.6999999999999993,0.5753912226814615,-2.3000000000000007,3.491666666666667,4.177396897742641,0,1.0,0.0,0.0,True,train
2025-02-24 20:00:00+00:00,42410099999,2025-02-24 06:00:00+00:00,14,16.0,25.0,13.0,15.8,0.5833333333333334,0.3826834323650898,0.9238795325112867,0.8111602420785621,0.5848239578463322,1.6999999999999993,0.5293854806548158,-2.8000000000000007,3.991666666666667,4.177396897742641,0,1.0,0.0,0.0,True,train
2025-02-24 21:00:00+00:00,42410099999,2025-02-24 06:00:00+00:00,15,16.0,25.0,14.0,16.3,0.625,0.6087614290087207,0.7933533402912352,0.8111602420785621,0.5848239578463322,1.6999999999999993,0.48705815466232294,-2.3000000000000007,3.491666666666667,4.177396897742641,0,1.0,0.0,0.0,True,train
2025-02-24 22:00:00+00:00,42410099999,2025-02-24 06:00:00+00:00,16,15.0,25.0,13.0,15.4,0.6666666666666666,0.7933533402912352,0.6087614290087207,0.8111602420785621,0.5848239578463322,1.6999999999999993,0.4481151347967353,-2.4000000000000004,4.3916666666666675,4.177396897742641,0,1.0,0.0,0.0,True,train
2025-02-24 23:00:00+00:00,42410099999,2025-02-24 06:00:00+00:00,17,15.0,25.0,13.0,15.1,0.7083333333333334,0.9238795325112867,0.38268343236508984,0.8111602420785621,0.5848239578463322,1.6999999999999993,0.41228582688060256,-2.0999999999999996,4.691666666666668,4.177396897742641,0,1.0,0.0,0.0,True,train
2025-02-25 00:00:00+00:00,42410099999,2025-02-24 06:00:00+00:00,18,15.0,25.0,13.0,14.5,0.75,0.9914448613738104,0.1305261922200517,0.8111602420785621,0.5848239578463322,1.6999999999999993,0.37932127225233053,-1.5,5.291666666666668,4.177396897742641,0,1.0,0.0,0.0,True,train
2025-02-25 01:00:00+00:00,42410099999,2025-02-24 06:00:00+00:00,19,15.0,25.0,14.0,14.6,0.7916666666666666,0.9914448613738104,-0.1305261922200516,0.8111602420785621,0.5848239578463322,1.6999999999999993,0.3489924178858456,-0.5999999999999996,5.191666666666668,4.177396897742641,0,1.0,0.0,0.0,True,train
2025-02-25 02:00:00+00:00,42410099999,2025-02-24 06:00:00+00:00,20,17.0,25.0,15.0,16.4,0.8333333333333334,0.9238795325112868,-0.3826834323650895,0.8111602420785621,0.5848239578463322,1.6999999999999993,0.32108852482385497,-1.3999999999999986,3.3916666666666693,4.177396897742641,0,1.0,0.0,0.0,True,train
2025-02-25 03:00:00+00:00,42410099999,2025-02-24 06:00:00+00:00,21,20.0,25.0,17.0,18.9,0.875,0.7933533402912352,-0.6087614290087207,0.8111602420785621,0.5848239578463322,1.6999999999999993,0.2954157038657566,-1.8999999999999986,0.8916666666666693,4.177396897742641,0,1.0,0.0,0.0,True,train
2025-02-25 04:00:00+00:00,42410099999,2025-02-24 06:00:00+00:00,22,23.0,25.0,21.0,20.7,0.9166666666666666,0.6087614290087209,-0.793353340291235,0.8111602420785621,0.5848239578463322,1.6999999999999993,0.2717955683354795,0.3000000000000007,-0.9083333333333314,4.177396897742641,0,1.0,0.0,0.0,True,train
2025-02-25 05:00:00+00:00,42410099999,2025-02-24 06:00:00+00:00,23,25.0,25.0,24.0,21.9,0.9583333333333334,0.3826834323650899,-0.9238795325112867,0.8111602420785621,0.5848239578463322,1.6999999999999993,0.25006399456806044,2.1000000000000014,-2.1083333333333307,4.177396897742641,0,1.0,0.0,0.0,True,train
2025-02-25 06:00:00+00:00,42410099999,2025-02-24 06:00:00+00:00,24,25.0,25.0,25.0,23.4,1.0,0.130526192220052,-0.9914448613738104,0.8111602420785621,0.5848239578463322,1.6999999999999993,0.2300699815022415,1.6000000000000014,-3.6083333333333307,4.177396897742641,0,1.0,0.0,0.0,True,train
2025-02-25 07:00:00+00:00,42410099999,2025-02-24 06:00:00+00:00,25,26.0,25.0,24.0,24.5,1.0416666666666667,-0.13052619222005177,-0.9914448613738104,0.8111602420785621,0.5848239578463322,1.6999999999999993,0.21167460145500894,-0.5,-4.708333333333332,4.177396897742641,0,1.0,0.0,0.0,True,train
2025-02-25 08:00:00+00:00,42410099999,2025-02-24 06:00:00+00:00,26,26.0,25.0,23.0,24.8,1.0833333333333333,-0.38268343236508967,-0.9238795325112868,0.8111602420785621,0.5848239578463322,1.6999999999999993,0.19475003478756905,-1.8000000000000007,-5.008333333333333,4.177396897742641,0,1.0,0.0,0.0,True,train
2025-02-25 09:00:00+00:00,42410099999,2025-02-24 06:00:00+00:00,27,27.0,25.0,20.0,24.8,1.125,-0.6087614290087207,-0.7933533402912352,0.8111602420785621,0.5848239578463322,1.6999999999999993,0.1791786817551693,-4.800000000000001,-5.008333333333333,4.177396897742641,0,1.0,0.0,0.0,True,train
2025-02-25 10:00:00+00:00,42410099999,2025-02-24 06:00:00+00:00,28,27.0,25.0,20.0,24.3,1.1666666666666667,-0.7933533402912349,-0.6087614290087209,0.8111602420785621,0.5848239578463322,1.6999999999999993,0.16485234536948853,-4.300000000000001,-4.508333333333333,4.177396897742641,0,1.0,0.0,0.0,True,train
2025-02-25 11:00:00+00:00,42410099999,2025-02-24 06:00:00+00:00,29,27.0,25.0,21.0,23.0,1.2083333333333333,-0.9238795325112868,-0.3826834323650895,0.8111602420785621,0.5848239578463322,1.6999999999999993,0.15167147959574212,-2.0,-3.208333333333332,4.177396897742641,0,1.0,0.0,0.0,True,train
2025-02-25 12:00:00+00:00,42410099999,2025-02-24 06:00:00+00:00,30,25.0,25.0,20.0,19.9,1.25,-0.9914448613738104,-0.13052619222005163,0.8111602420785621,0.5848239578463322,1.6999999999999993,0.1395444976606279,0.10000000000000142,-0.10833333333333073,4.177396897742641,0,1.0,0.0,0.0,True,train
2025-02-25 13:00:00+00:00,42410099999,2025-02-24 06:00:00+00:00,31,22.0,25.0,19.0,19.0,1.2916666666666667,-0.9914448613738105,0.13052619222005127,0.8111602420785621,0.5848239578463322,1.6999999999999993,0.12838713566491536,0.0,0.7916666666666679,4.177396897742641,0,1.0,0.0,0.0,True,train
2025-02-25 14:00:00+00:00,42410099999,2025-02-24 06:00:00+00:00,32,20.0,25.0,18.0,18.3,1.3333333333333333,-0.923879532511287,0.38268343236508917,0.8111602420785621,0.5848239578463322,1.6999999999999993,0.11812186707876257,-0.3000000000000007,1.4916666666666671,4.177396897742641,0,1.0,0.0,0.0,True,train
2025-02-25 15:00:00+00:00,42410099999,2025-02-24 06:00:00+00:00,33,20.0,25.0,17.0,17.5,1.375,-0.7933533402912357,0.6087614290087199,0.8111602420785621,0.5848239578463322,1.6999999999999993,0.10867736405140282,-0.5,2.291666666666668,4.177396897742641,0,1.0,0.0,0.0,True,train
2025-02-25 16:00:00+00:00,42410099999,2025-02-24 06:00:00+00:00,34,19.0,25.0,16.0,17.1,1.4166666666666667,-0.6087614290087209,0.7933533402912349,0.8111602420785621,0.5848239578463322,1.6999999999999993,0.09998800179213076,-1.1000000000000014,2.6916666666666664,4.177396897742641,0,1.0,0.0,0.0,True,train
2025-02-25 17:00:00+00:00,42410099999,2025-02-24 06:00:00+00:00,35,18.0,25.0,15.0,16.8,1.4583333333333333,-0.38268343236508956,0.9238795325112868,0.8111602420785621,0.5848239578463322,1.6999999999999993,0.09199340257879669,-1.8000000000000007,2.991666666666667,4.177396897742641,0,1.0,0.0,0.0,True,train
2025-02-25 18:00:00+00:00,42410099999,2025-02-24 06:00:00+00:00,36,18.0,25.0,15.0,16.1,1.5,-0.13052619222005168,0.9914448613738104,0.8111602420785621,0.5848239578463322,1.6999999999999993,0.08463801622536866,-1.1000000000000014,3.6916666666666664,4.177396897742641,0,1.0,0.0,0.0,True,train
2025-02-25 19:00:00+00:00,42410099999,2025-02-24 06:00:00+00:00,37,16.0,25.0,14.0,15.2,1.5416666666666667,0.13052619222005157,0.9914448613738104,0.8211001178128892,0.5707841943569036,1.6999999999999993,0.07787073409345648,-1.1999999999999993,4.591666666666669,4.177396897742641,0,1.0,0.0,0.0,True,train
2025-02-25 20:00:00+00:00,42410099999,2025-02-24 06:00:00+00:00,38,16.0,25.0,13.0,15.1,1.5833333333333333,0.3826834323650898,0.9238795325112867,0.8211001178128892,0.5707841943569036,1.6999999999999993,0.07164453396576986,-2.0999999999999996,4.691666666666668,4.177396897742641,0,1.0,0.0,0.0,True,train
2025-02-25 21:00:00+00:00,42410099999,2025-02-24 06:00:00+00:00,39,16.0,25.0,14.0,15.2,1.625,0.6087614290087207,0.7933533402912352,0.8211001178128892,0.5707841943569036,1.6999999999999993,0.06591615331392739,-1.1999999999999993,4.591666666666669,4.177396897742641,0,1.0,0.0,0.0,True,train
2025-02-25 22:00:00+00:00,42410099999,2025-02-24 06:00:00+00:00,40,16.0,25.0,13.0,14.6,1.6666666666666667,0.7933533402912352,0.6087614290087207,0.8211001178128892,0.5707841943569036,1.6999999999999993,0.06064578869032904,-1.5999999999999996,5.191666666666668,4.177396897742641,0,1.0,0.0,0.0,True,train
2025-02-25 23:00:00+00:00,42410099999,2025-02-24 06:00:00+00:00,41,15.0,25.0,13.0,15.0,1.7083333333333333,0.9238795325112867,0.38268343236508984,0.8211001178128892,0.5707841943569036,1.6999999999999993,0.05579681915532743,-2.0,4.791666666666668,4.177396897742641,0,1.0,0.0,0.0,True,train
2025-02-26 00:00:00+00:00,42410099999,2025-02-24 06:00:00+00:00,42,17.0,25.0,13.0,15.2,1.75,0.9914448613738104,0.1305261922200517,0.8211001178128892,0.5707841943569036,1.6999999999999993,0.05133555181794143,-2.1999999999999993,4.591666666666669,4.177396897742641,0,1.0,0.0,0.0,True,train
2025-02-26 01:00:00+00:00,42410099999,2025-02-24 06:00:00+00:00,43,15.0,25.0,14.0,14.8,1.7916666666666667,0.9914448613738104,-0.1305261922200516,0.8211001178128892,0.5707841943569036,1.6999999999999993,0.04723098772201121,-0.8000000000000007,4.991666666666667,4.177396897742641,0,1.0,0.0,0.0,True,train
2025-02-26 02:00:00+00:00,42410099999,2025-02-24 06:00:00+00:00,44,18.0,25.0,15.0,16.9,1.8333333333333333,0.9238795325112868,-0.3826834323650895,0.8211001178128892,0.5707841943569036,1.6999999999999993,0.04345460645106257,-1.8999999999999986,2.8916666666666693,4.177396897742641,0,1.0,0.0,0.0,True,train
2025-02-26 03:00:00+00:00,42410099999,2025-02-24 06:00:00+00:00,45,20.0,25.0,17.0,19.3,1.875,0.7933533402912352,-0.6087614290087207,0.8211001178128892,0.5707841943569036,1.6999999999999993,0.039980167955215466,-2.3000000000000007,0.49166666666666714,4.177396897742641,0,1.0,0.0,0.0,True,train
2025-02-26 04:00:00+00:00,42410099999,2025-02-24 06:00:00+00:00,46,22.0,25.0,21.0,21.5,1.9166666666666667,0.6087614290087209,-0.793353340291235,0.8211001178128892,0.5707841943569036,1.6999999999999993,0.03678353022313824,-0.5,-1.7083333333333321,4.177396897742641,0,1.0,0.0,0.0,True,train
2025-02-26 05:00:00+00:00,42410099999,2025-02-24 06:00:00+00:00,47,24.0,25.0,24.0,23.6,1.9583333333333333,0.3826834323650899,-0.9238795325112867,0.8211001178128892,0.5707841943569036,1.6999999999999993,0.03384248153214725,0.3999999999999986,-3.8083333333333336,4.177396897742641,0,1.0,0.0,0.0,True,train
2025-02-26 06:00:00+00:00,42410099999,2025-02-24 06:00:00+00:00,48,25.0,25.0,25.0,25.4,2.0,0.130526192220052,-0.9914448613738104,0.8211001178128892,0.5707841943569036,1.6999999999999993,0.031136586110848092,-0.3999999999999986,-5.608333333333331,4.177396897742641,0,1.0,0.0,0.0,True,train
2025-02-24 07:00:00+00:00,43128599999,2025-02-24 06:00:00+00:00,1,31.0,30.0,33.0,31.8,0.041666666666666664,-0.13052619222005177,-0.9914448613738104,0.8009803309782905,0.5986906625177214,-1.1999999999999993,-1.1040532975551873,1.1999999999999993,-5.621428571428574,4.851756467128841,1,0.0,1.0,0.0,True,train
2025-02-24 08:00:00+00:00,43128599999,2025-02-24 06:00:00+00:00,2,32.0,30.0,31.0,32.0,0.08333333333333333,-0.38268343236508967,-0.9238795325112868,0.8009803309782905,0.5986906625177214,-1.1999999999999993,-1.0157780698687364,-1.0,-5.821428571428573,4.851756467128841,1,0.0,1.0,0.0,True,train
2025-02-24 09:00:00+00:00,43128599999,2025-02-24 06:00:00+00:00,3,32.0,30.0,32.0,32.1,0.125,-0.6087614290087207,-0.7933533402912352,0.8009803309782905,0.5986906625177214,-1.1999999999999993,-0.9345609396856853,-0.10000000000000142,-5.921428571428574,4.851756467128841,1,0.0,1.0,0.0,True,train
2025-02-24 10:00:00+00:00,43128599999,2025-02-24 06:00:00+00:00,4,32.0,30.0,31.0,31.7,0.16666666666666666,-0.7933533402912349,-0.6087614290087209,0.8009803309782905,0.5986906625177214,-1.1999999999999993,-0.8598375726885467,-0.6999999999999993,-5.521428571428572,4.851756467128841,1,0.0,1.0,0.0,True,train
2025-02-24 11:00:00+00:00,43128599999,2025-02-24 06:00:00+00:00,5,,30.0,31.0,31.2,0.20833333333333334,-0.9238795325112868,-0.3826834323650895,0.8009803309782905,0.5986906625177214,-1.1999999999999993,-0.7910887562405321,-0.1999999999999993,-5.021428571428572,4.851756467128841,1,0.0,1.0,0.0,False,train
2025-02-24 12:00:00+00:00,43128599999,2025-02-24 06:00:00+00:00,6,30.0,30.0,30.0,29.9,0.25,-0.9914448613738104,-0.13052619222005163,0.8009803309782905,0.5986906625177214,-1.1999999999999993,-0.7278367916551597,0.10000000000000142,-3.7214285714285715,4.851756467128841,1,0.0,1.0,0.0,True,train
2025-02-24 13:00:00+00:00,43128599999,2025-02-24 06:00:00+00:00,7,27.0,30.0,28.0,27.4,0.2916666666666667,-0.9914448613738105,0.13052619222005127,0.8009803309782905,0.5986906625177214,-1.1999999999999993,-0.6696421749240561,0.6000000000000014,-1.2214285714285715,4.851756467128841,1,0.0,1.0,0.0,True,train
2025-02-24 14:00:00+00:00,43128599999,2025-02-24 06:00:00+00:00,8,26.0,30.0,27.0,26.3,0.3333333333333333,-0.923879532511287,0.38268343236508917,0.8009803309782905,0.5986906625177214,-1.1999999999999993,-0.6161005428391101,0.6999999999999993,-0.12142857142857366,4.851756467128841,1,0.0,1.0,0.0,True,train
2025-02-24 15:00:00+00:00,43128599999,2025-02-24 06:00:00+00:00,9,25.0,30.0,25.0,24.9,0.375,-0.7933533402912357,0.6087614290087199,0.8009803309782905,0.5986906625177214,-1.1999999999999993,-0.5668398632892173,0.10000000000000142,1.2785714285714285,4.851756467128841,1,0.0,1.0,0.0,True,train
2025-02-24 16:00:00+00:00,43128599999,2025-02-24 06:00:00+00:00,10,24.0,30.0,24.0,23.8,0.4166666666666667,-0.6087614290087209,0.7933533402912349,0.8009803309782905,0.5986906625177214,-1.1999999999999993,-0.5215178502084935,0.1999999999999993,2.3785714285714263,4.851756467128841,1,0.0,1.0,0.0,True,train
2025-02-24 17:00:00+00:00,43128599999,2025-02-24 06:00:00+00:00,11,23.0,30.0,23.0,23.4,0.4583333333333333,-0.38268343236508956,0.9238795325112868,0.8009803309782905,0.5986906625177214,-1.1999999999999993,-0.47981958521381657,-0.3999999999999986,2.7785714285714285,4.851756467128841,1,0.0,1.0,0.0,True,train
2025-02-24 18:00:00+00:00,43128599999,2025-02-24 06:00:00+00:00,12,,30.0,22.0,22.1,0.5,-0.13052619222005168,0.9914448613738104,0.8009803309782905,0.5986906625177214,-1.1999999999999993,-0.4414553294057305,-0.10000000000000142,4.078571428571426,4.851756467128841,1,0.0,1.0,0.0,False,train
2025-02-24 19:00:00+00:00,43128599999,2025-02-24 06:00:00+00:00,13,22.0,30.0,21.0,21.4,0.5416666666666666,0.13052619222005157,0.9914448613738104,0.8111602420785621,0.5848239578463322,-1.1999999999999993,-0.4061585101280904,-0.3999999999999986,4.7785714285714285,4.851756467128841,1,0.0,1.0,0.0,True,train
2025-02-24 20:00:00+00:00,43128599999,2025-02-24 06:00:00+00:00,14,22.0,30.0,20.0,21.2,0.5833333333333334,0.3826834323650898,0.9238795325112867,0.8111602420785621,0.5848239578463322,-1.1999999999999993,-0.373683868697517,-1.1999999999999993,4.978571428571428,4.851756467128841,1,0.0,1.0,0.0,True,train
2025-02-24 21:00:00+00:00,43128599999,2025-02-24 06:00:00+00:00,15,21.0,30.0,20.0,20.4,0.625,0.6087614290087207,0.7933533402912352,0.8111602420785621,0.5848239578463322,-1.1999999999999993,-0.3438057562322279,-0.3999999999999986,5.7785714285714285,4.851756467128841,1,0.0,1.0,0.0,True,train
2025-02-24 22:00:00+00:00,43128599999,2025-02-24 06:00:00+00:00,16,20.0,30.0,19.0,19.8,0.6666666666666666,0.7933533402912352,0.6087614290087207,0.8111602420785621,0.5848239578463322,-1.1999999999999993,-0.31631656573887196,-0.8000000000000007,6.378571428571426,4.851756467128841,1,0.0,1.0,0.0,True,train
2025-02-24 23:00:00+00:00,43128599999,2025-02-24 06:00:00+00:00,17,20.0,30.0,20.0,19.5,0.7083333333333334,0.9238795325112867,0.38268343236508984,0.8111602420785621,0.5848239578463322,-1.1999999999999993,-0.29102528956277823,0.5,6.678571428571427,4.851756467128841,1,0.0,1.0,0.0,True,train
2025-02-25 00:00:00+00:00,43128599999,2025-02-24 06:00:00+00:00,18,20.0,30.0,20.0,19.0,0.75,0.9914448613738104,0.1305261922200517,0.8111602420785621,0.5848239578463322,-1.1999999999999993,-0.26775619217811564,1.0,7.178571428571427,4.851756467128841,1,0.0,1.0,0.0,True,train
2025-02-25 01:00:00+00:00,43128599999,2025-02-24 06:00:00+00:00,19,18.0,30.0,20.0,18.6,0.7916666666666666,0.9914448613738104,-0.1305261922200516,0.8111602420785621,0.5848239578463322,-1.1999999999999993,-0.246347589095891,1.3999999999999986,7.578571428571426,4.851756467128841,1,0.0,1.0,0.0,True,train
2025-02-25 02:00:00+00:00,43128599999,2025-02-24 06:00:00+00:00,20,19.0,30.0,22.0,20.1,0.8333333333333334,0.9238795325112868,-0.3826834323650895,0.8111602420785621,0.5848239578463322,-1.1999999999999993,-0.22665072340507406,1.8999999999999986,6.078571428571426,4.851756467128841,1,0.0,1.0,0.0,True,train
2025-02-25 03:00:00+00:00,43128599999,2025-02-24 06:00:00+00:00,21,21.0,30.0,24.0,23.0,0.875,0.7933533402912352,-0.6087614290087207,0.8111602420785621,0.5848239578463322,-1.1999999999999993,-0.20852873214053405,1.0,3.178571428571427,4.851756467128841,1,0.0,1.0,0.0,True,train
2025-02-25 04:00:00+00:00,43128599999,2025-02-24 06:00:00+00:00,22,26.0,30.0,24.0,25.8,0.9166666666666666,0.6087614290087209,-0.793353340291235,0.8111602420785621,0.5848239578463322,-1.1999999999999993,-0.19185569529563257,-1.8000000000000007,0.37857142857142634,4.851756467128841,1,0.0,1.0,0.0,True,train
2025-02-25 05:00:00+00:00,43128599999,2025-02-24 06:00:00+00:00,23,29.0,30.0,30.0,28.2,0.9583333333333334,0.3826834323650899,-0.9238795325112867,0.8111602420785621,0.5848239578463322,-1.1999999999999993,-0.17651576087157206,1.8000000000000007,-2.0214285714285722,4.851756467128841,1,0.0,1.0,0.0,True,train
2025-02-25 06:00:00+00:00,43128599999,2025-02-24 06:00:00+00:00,24,31.0,30.0,30.0,29.6,1.0,0.130526192220052,-0.9914448613738104,0.8111602420785621,0.5848239578463322,-1.1999999999999993,-0.16240233988393515,0.3999999999999986,-3.4214285714285744,4.851756467128841,1,0.0,1.0,0.0,True,train
2025-02-25 07:00:00+00:00,43128599999,2025-02-24 06:00:00+00:00,25,31.0,30.0,33.0,30.7,1.0416666666666667,-0.13052619222005177,-0.9914448613738104,0.8111602420785621,0.5848239578463322,-1.1999999999999993,-0.14941736573294748,2.3000000000000007,-4.521428571428572,4.851756467128841,1,0.0,1.0,0.0,True,train
2025-02-25 08:00:00+00:00,43128599999,2025-02-24 06:00:00+00:00,26,32.0,30.0,31.0,31.3,1.0833333333333333,-0.38268343236508967,-0.9238795325112868,0.8111602420785621,0.5848239578463322,-1.1999999999999993,-0.1374706127912252,-0.3000000000000007,-5.121428571428574,4.851756467128841,1,0.0,1.0,0.0,True,train
2025-02-25 09:00:00+00:00,43128599999,2025-02-24 06:00:00+00:00,27,32.0,30.0,32.0,31.4,1.125,-0.6087614290087207,-0.7933533402912352,0.8111602420785621,0.5848239578463322,-1.1999999999999993,-0.12647906947423712,0.6000000000000014,-5.2214285714285715,4.851756467128841,1,0.0,1.0,0.0,True,train
2025-02-25 10:00:00+00:00,43128599999,2025-02-24 06:00:00+00:00,28,32.0,30.0,31.0,31.2,1.1666666666666667,-0.7933533402912349,-0.6087614290087209,0.8111602420785621,0.5848239578463322,-1.1999999999999993,-0.116366361437286,-0.1999999999999993,-5.021428571428572,4.851756467128841,1,0.0,1.0,0.0,True,train
2025-02-25 11:00:00+00:00,43128599999,2025-02-24 06:00:00+00:00,29,31.0,30.0,31.0,30.5,1.2083333333333333,-0.9238795325112868,-0.3826834323650895,0.8111602420785621,0.5848239578463322,-1.1999999999999993,-0.10706222089111207,0.5,-4.321428571428573,4.851756467128841,1,0.0,1.0,0.0,True,train
2025-02-25 12:00:00+00:00,43128599999,2025-02-24 06:00:00+00:00,30,30.0,30.0,30.0,29.3,1.25,-0.9914448613738104,-0.13052619222005163,0.8111602420785621,0.5848239578463322,-1.1999999999999993,-0.0985019983486785,0.6999999999999993,-3.1214285714285737,4.851756467128841,1,0.0,1.0,0.0,True,train
2025-02-25 13:00:00+00:00,43128599999,2025-02-24 06:00:00+00:00,31,28.0,30.0,28.0,27.1,1.2916666666666667,-0.9914448613738105,0.13052619222005127,0.8111602420785621,0.5848239578463322,-1.1999999999999993,-0.09062621341052847,0.8999999999999986,-0.9214285714285744,4.851756467128841,1,0.0,1.0,0.0,True,train
2025-02-25 14:00:00+00:00,43128599999,2025-02-24 06:00:00+00:00,32,25.0,30.0,27.0,25.6,1.3333333333333333,-0.923879532511287,0.38268343236508917,0.8111602420785621,0.5848239578463322,-1.1999999999999993,-0.0833801414673618,1.3999999999999986,0.5785714285714256,4.851756467128841,1,0.0,1.0,0.0,True,train
2025-02-25 15:00:00+00:00,43128599999,2025-02-24 06:00:00+00:00,33,24.0,30.0,25.0,24.3,1.375,-0.7933533402912357,0.6087614290087199,0.8111602420785621,0.5848239578463322,-1.1999999999999993,-0.07671343344804904,0.6999999999999993,1.8785714285714263,4.851756467128841,1,0.0,1.0,0.0,True,train
2025-02-25 16:00:00+00:00,43128599999,2025-02-24 06:00:00+00:00,34,23.0,30.0,24.0,23.7,1.4166666666666667,-0.6087614290087209,0.7933533402912349,0.8111602420785621,0.5848239578463322,-1.1999999999999993,-0.07057976597091582,0.3000000000000007,2.4785714285714278,4.851756467128841,1,0.0,1.0,0.0,True,train
2025-02-25 17:00:00+00:00,43128599999,2025-02-24 06:00:00+00:00,35,22.0,30.0,23.0,23.0,1.4583333333333333,-0.38268343236508956,0.9238795325112868,0.8111602420785621,0.5848239578463322,-1.1999999999999993,-0.06493651946738589,0.0,3.178571428571427,4.851756467128841,1,0.0,1.0,0.0,True,train
2025-02-25 18:00:00+00:00,43128599999,2025-02-24 06:00:00+00:00,36,22.0,30.0,22.0,22.5,1.5,-0.13052619222005168,0.9914448613738104,0.8111602420785621,0.5848239578463322,-1.1999999999999993,-0.059744482041436696,-0.5,3.678571428571427,4.851756467128841,1,0.0,1.0,0.0,True,train
2025-02-25 19:00:00+00:00,43128599999,2025-02-24 06:00:00+00:00,37,22.0,30.0,21.0,22.2,1.5416666666666667,0.13052619222005157,0.9914448613738104,0.8211001178128892,0.5707841943569036,-1.1999999999999993,-0.05496757700714574,-1.1999999999999993,3.9785714285714278,4.851756467128841,1,0.0,1.0,0.0,True,train
2025-02-25 20:00:00+00:00,43128599999,2025-02-24 06:00:00+00:00,38,21.0,30.0,20.0,21.4,1.5833333333333333,0.3826834323650898,0.9238795325112867,0.8211001178128892,0.5707841943569036,-1.1999999999999993,-0.05057261221113166,-1.3999999999999986,4.7785714285714285,4.851756467128841,1,0.0,1.0,0.0,True,train
2025-02-25 21:00:00+00:00,43128599999,2025-02-24 06:00:00+00:00,39,21.0,30.0,20.0,20.9,1.625,0.6087614290087207,0.7933533402912352,0.8211001178128892,0.5707841943569036,-1.1999999999999993,-0.04652904939806638,-0.8999999999999986,5.2785714285714285,4.851756467128841,1,0.0,1.0,0.0,True,train
2025-02-25 22:00:00+00:00,43128599999,2025-02-24 06:00:00+00:00,40,21.0,30.0,19.0,20.2,1.6666666666666667,0.7933533402912352,0.6087614290087207,0.8211001178128892,0.5707841943569036,-1.1999999999999993,-0.042808792016702846,-1.1999999999999993,5.978571428571428,4.851756467128841,1,0.0,1.0,0.0,True,train
2025-02-25 23:00:00+00:00,43128599999,2025-02-24 06:00:00+00:00,41,20.0,30.0,20.0,19.9,1.7083333333333333,0.9238795325112867,0.38268343236508984,0.8211001178128892,0.5707841943569036,-1.1999999999999993,-0.03938598999199582,0.10000000000000142,6.2785714285714285,4.851756467128841,1,0.0,1.0,0.0,True,train
2025-02-26 00:00:00+00:00,43128599999,2025-02-24 06:00:00+00:00,42,20.0,30.0,20.0,20.1,1.75,0.9914448613738104,0.1305261922200517,0.8211001178128892,0.5707841943569036,-1.1999999999999993,-0.03623686010678218,-0.10000000000000142,6.078571428571426,4.851756467128841,1,0.0,1.0,0.0,True,train
2025-02-26 01:00:00+00:00,43128599999,2025-02-24 06:00:00+00:00,43,20.0,30.0,20.0,19.6,1.7916666666666667,0.9914448613738104,-0.1305261922200516,0.8211001178128892,0.5707841943569036,-1.1999999999999993,-0.03333952074494908,0.3999999999999986,6.578571428571426,4.851756467128841,1,0.0,1.0,0.0,True,train
2025-02-26 02:00:00+00:00,43128599999,2025-02-24 06:00:00+00:00,44,21.0,30.0,22.0,21.0,1.8333333333333333,0.9238795325112868,-0.3826834323650895,0.8211001178128892,0.5707841943569036,-1.1999999999999993,-0.030673839847808866,1.0,5.178571428571427,4.851756467128841,1,0.0,1.0,0.0,True,train
2025-02-26 03:00:00+00:00,43128599999,2025-02-24 06:00:00+00:00,45,25.0,30.0,24.0,24.1,1.875,0.7933533402912352,-0.6087614290087207,0.8211001178128892,0.5707841943569036,-1.1999999999999993,-0.02822129502721091,-0.10000000000000142,2.0785714285714256,4.851756467128841,1,0.0,1.0,0.0,True,train
2025-02-26 04:00:00+00:00,43128599999,2025-02-24 06:00:00+00:00,46,27.0,30.0,24.0,27.2,1.9166666666666667,0.6087614290087209,-0.793353340291235,0.8211001178128892,0.5707841943569036,-1.1999999999999993,-0.025964844863391692,-3.1999999999999993,-1.0214285714285722,4.851756467128841,1,0.0,1.0,0.0,True,train
2025-02-26 05:00:00+00:00,43128599999,2025-02-24 06:00:00+00:00,47,29.0,30.0,30.0,29.2,1.9583333333333333,0.3826834323650899,-0.9238795325112867,0.8211001178128892,0.5707841943569036,-1.1999999999999993,-0.02388881049328041,0.8000000000000007,-3.0214285714285722,4.851756467128841,1,0.0,1.0,0.0,True,train
2025-02-26 06:00:00+00:00,43128599999,2025-02-24 06:00:00+00:00,48,30.0,30.0,30.0,30.5,2.0,0.130526192220052,-0.9914448613738104,0.8211001178128892,0.5707841943569036,-1.1999999999999993,-0.021978766666481003,-0.5,-4.321428571428573,4.851756467128841,1,0.0,1.0,0.0,True,train
2025-02-24 07:00:00+00:00,43279099999,2025-02-24 06:00:00+00:00,1,31.0,30.0,32.0,32.1,0.041666666666666664,-0.13052619222005177,-0.9914448613738104,0.8009803309782905,0.5986906625177214,-1.8999999999999986,-1.7480843877957128,-0.10000000000000142,-4.576190476190476,2.3092783374702357,0,0.0,0.0,1.0,True,train
2025-02-24 08:00:00+00:00,43279099999,2025-02-24 06:00:00+00:00,2,32.0,30.0,32.0,32.3,0.08333333333333333,-0.38268343236508967,-0.9238795325112868,0.8009803309782905,0.5986906625177214,-1.8999999999999986,-1.6083152772921656,-0.29999999999999716,-4.776190476190472,2.3092783374702357,0,0.0,0.0,1.0,True,train
2025-02-24 09:00:00+00:00,43279099999,2025-02-24 06:00:00+00:00,3,32.0,30.0,32.0,31.8,0.125,-0.6087614290087207,-0.7933533402912352,0.8009803309782905,0.5986906625177214,-1.8999999999999986,-1.4797214878356681,0.1999999999999993,-4.276190476190475,2.3092783374702357,0,0.0,0.0,1.0,True,train
2025-02-24 10:00:00+00:00,43279099999,2025-02-24 06:00:00+00:00,4,31.0,30.0,31.0,31.3,0.16666666666666666,-0.7933533402912349,-0.6087614290087209,0.8009803309782905,0.5986906625177214,-1.8999999999999986,-1.3614094900901985,-0.3000000000000007,-3.776190476190475,2.3092783374702357,0,0.0,0.0,1.0,True,train
2025-02-24 11:00:00+00:00,43279099999,2025-02-24 06:00:00+00:00,5,30.0,30.0,30.0,30.2,0.20833333333333334,-0.9238795325112868,-0.3826834323650895,0.8009803309782905,0.5986906625177214,-1.8999999999999986,-1.2525571973808423,-0.1999999999999993,-2.676190476190474,2.3092783374702357,0,0.0,0.0,1.0,True,train
2025-02-24 12:00:00+00:00,43279099999,2025-02-24 06:00:00+00:00,6,29.0,30.0,29.0,28.8,0.25,-0.9914448613738104,-0.13052619222005163,0.8009803309782905,0.5986906625177214,-1.8999999999999986,-1.1524082534540026,0.1999999999999993,-1.2761904761904752,2.3092783374702357,0,0.0,0.0,1.0,True,train
2025-02-24 13:00:00+00:00,43279099999,2025-02-24 06:00:00+00:00,7,28.0,30.0,28.0,27.7,0.2916666666666667,-0.9914448613738105,0.13052619222005127,0.8009803309782905,0.5986906625177214,-1.8999999999999986,-1.0602667769630887,0.3000000000000007,-0.1761904761904738,2.3092783374702357,0,0.0,0.0,1.0,True,train
2025-02-24 14:00:00+00:00,43279099999,2025-02-24 06:00:00+00:00,8,28.0,30.0,28.0,27.3,0.3333333333333333,-0.923879532511287,0.38268343236508917,0.8009803309782905,0.5986906625177214,-1.8999999999999986,-0.9754925261619241,0.6999999999999993,0.2238095238095248,2.3092783374702357,0,0.0,0.0,1.0,True,train
2025-02-24 15:00:00+00:00,43279099999,2025-02-24 06:00:00+00:00,9,28.0,30.0,28.0,27.1,0.375,-0.7933533402912357,0.6087614290087199,0.8009803309782905,0.5986906625177214,-1.8999999999999986,-0.8974964502079272,0.8999999999999986,0.4238095238095241,2.3092783374702357,0,0.0,0.0,1.0,True,train
2025-02-24 16:00:00+00:00,43279099999,2025-02-24 06:00:00+00:00,10,28.0,30.0,27.0,26.8,0.4166666666666667,-0.6087614290087209,0.7933533402912349,0.8009803309782905,0.5986906625177214,-1.8999999999999986,-0.825736596163448,0.1999999999999993,0.7238095238095248,2.3092783374702357,0,0.0,0.0,1.0,True,train
2025-02-24 17:00:00+00:00,43279099999,2025-02-24 06:00:00+00:00,11,27.0,30.0,27.0,26.4,0.4583333333333333,-0.38268343236508956,0.9238795325112868,0.8009803309782905,0.5986906625177214,-1.8999999999999986,-0.7597143432552095,0.6000000000000014,1.123809523809527,2.3092783374702357,0,0.0,0.0,1.0,True,train
2025-02-24 18:00:00+00:00,43279099999,2025-02-24 06:00:00+00:00,12,27.0,30.0,27.0,26.0,0.5,-0.13052619222005168,0.9914448613738104,0.8009803309782905,0.5986906625177214,-1.8999999999999986,-0.6989709382257399,1.0,1.5238095238095255,2.3092783374702357,0,0.0,0.0,1.0,True,train
2025-02-24 19:00:00+00:00,43279099999,2025-02-24 06:00:00+00:00,13,27.0,30.0,27.0,25.4,0.5416666666666666,0.13052619222005157,0.9914448613738104,0.8111602420785621,0.5848239578463322,-1.8999999999999986,-0.6430843077028098,1.6000000000000014,2.123809523809527,2.3092783374702357,0,0.0,0.0,1.0,True,train
2025-02-24 20:00:00+00:00,43279099999,2025-02-24 06:00:00+00:00,14,26.0,30.0,26.0,24.9,0.5833333333333334,0.3826834323650898,0.9238795325112867,0.8111602420785621,0.5848239578463322,-1.8999999999999986,-0.5916661254377351,1.1000000000000014,2.623809523809527,2.3092783374702357,0,0.0,0.0,1.0,True,train
2025-02-24 21:00:00+00:00,43279099999,2025-02-24 06:00:00+00:00,15,26.0,30.0,25.0,24.5,0.625,0.6087614290087207,0.7933533402912352,0.8111602420785621,0.5848239578463322,-1.8999999999999986,-0.5443591140343608,0.5,3.0238095238095255,2.3092783374702357,0,0.0,0.0,1.0,True,train
2025-02-24 22:00:00+00:00,43279099999,2025-02-24 06:00:00+00:00,16,26.0,30.0,25.0,24.0,0.6666666666666666,0.7933533402912352,0.6087614290087207,0.8111602420785621,0.5848239578463322,-1.8999999999999986,-0.5008345624198804,1.0,3.5238095238095255,2.3092783374702357,0,0.0,0.0,1.0,True,train
2025-02-24 23:00:00+00:00,43279099999,2025-02-24 06:00:00+00:00,17,26.0,30.0,25.0,23.5,0.7083333333333334,0.9238795325112867,0.38268343236508984,0.8111602420785621,0.5848239578463322,-1.8999999999999986,-0.46079004180773214,1.5,4.0238095238095255,2.3092783374702357,0,0.0,0.0,1.0,True,train
2025-02-25 00:00:00+00:00,43279099999,2025-02-24 06:00:00+00:00,18,25.0,30.0,24.0,23.0,0.75,0.9914448613738104,0.1305261922200517,0.8111602420785621,0.5848239578463322,-1.8999999999999986,-0.4239473042820163,1.0,4.5238095238095255,2.3092783374702357,0,0.0,0.0,1.0,True,train
2025-02-25 01:00:00+00:00,43279099999,2025-02-24 06:00:00+00:00,19,25.0,30.0,24.0,22.7,0.7916666666666666,0.9914448613738104,-0.1305261922200516,0.8111602420785621,0.5848239578463322,-1.8999999999999986,-0.3900503494018273,1.3000000000000007,4.823809523809526,2.3092783374702357,0,0.0,0.0,1.0,True,train
2025-02-25 02:00:00+00:00,43279099999,2025-02-24 06:00:00+00:00,20,25.0,30.0,24.0,23.4,0.8333333333333334,0.9238795325112868,-0.3826834323650895,0.8111602420785621,0.5848239578463322,-1.8999999999999986,-0.3588636453913672,0.6000000000000014,4.123809523809527,2.3092783374702357,0,0.0,0.0,1.0,True,train
2025-02-25 03:00:00+00:00,43279099999,2025-02-24 06:00:00+00:00,21,27.0,30.0,26.0,26.1,0.875,0.7933533402912352,-0.6087614290087207,0.8111602420785621,0.5848239578463322,-1.8999999999999986,-0.3301704925558455,-0.10000000000000142,1.423809523809524,2.3092783374702357,0,0.0,0.0,1.0,True,train
2025-02-25 04:00:00+00:00,43279099999,2025-02-24 06:00:00+00:00,22,29.0,30.0,28.0,29.0,0.9166666666666666,0.6087614290087209,-0.793353340291235,0.8111602420785621,0.5848239578463322,-1.8999999999999986,-0.3037715175514182,-1.0,-1.4761904761904745,2.3092783374702357,0,0.0,0.0,1.0,True,train
2025-02-25 05:00:00+00:00,43279099999,2025-02-24 06:00:00+00:00,23,31.0,30.0,30.0,31.2,0.9583333333333334,0.3826834323650899,-0.9238795325112867,0.8111602420785621,0.5848239578463322,-1.8999999999999986,-0.27948328804665573,-1.1999999999999993,-3.676190476190474,2.3092783374702357,0,0.0,0.0,1.0,True,train
2025-02-25 06:00:00+00:00,43279099999,2025-02-24 06:00:00+00:00,24,31.0,30.0,30.0,32.1,1.0,0.130526192220052,-0.9914448613738104,0.8111602420785621,0.5848239578463322,-1.8999999999999986,-0.25713703814956396,-2.1000000000000014,-4.576190476190476,2.3092783374702357,0,0.0,0.0,1.0,True,train
2025-02-25 07:00:00+00:00,43279099999,2025-02-24 06:00:00+00:00,25,32.0,30.0,32.0,32.3,1.0416666666666667,-0.13052619222005177,-0.9914448613738104,0.8111602420785621,0.5848239578463322,-1.8999999999999986,-0.23657749574383344,-0.29999999999999716,-4.776190476190472,2.3092783374702357,0,0.0,0.0,1.0,True,train
2025-02-25 08:00:00+00:00,43279099999,2025-02-24 06:00:00+00:00,26,32.0,30.0,32.0,32.4,1.0833333333333333,-0.38268343236508967,-0.9238795325112868,0.8111602420785621,0.5848239578463322,-1.8999999999999986,-0.21766180358610654,-0.3999999999999986,-4.876190476190473,2.3092783374702357,0,0.0,0.0,1.0,True,train
2025-02-25 09:00:00+00:00,43279099999,2025-02-24 06:00:00+00:00,27,33.0,30.0,32.0,32.3,1.125,-0.6087614290087207,-0.7933533402912352,0.8111602420785621,0.5848239578463322,-1.8999999999999986,-0.20025852666754207,-0.29999999999999716,-4.776190476190472,2.3092783374702357,0,0.0,0.0,1.0,True,train
2025-02-25 10:00:00+00:00,43279099999,2025-02-24 06:00:00+00:00,28,32.0,30.0,31.0,31.7,1.1666666666666667,-0.7933533402912349,-0.6087614290087209,0.8111602420785621,0.5848239578463322,-1.8999999999999986,-0.18424673894236945,-0.6999999999999993,-4.176190476190474,2.3092783374702357,0,0.0,0.0,1.0,True,train
2025-02-25 11:00:00+00:00,43279099999,2025-02-24 06:00:00+00:00,29,31.0,30.0,30.0,30.8,1.2083333333333333,-0.9238795325112868,-0.3826834323650895,0.8111602420785621,0.5848239578463322,-1.8999999999999986,-0.16951518307759408,-0.8000000000000007,-3.276190476190475,2.3092783374702357,0,0.0,0.0,1.0,True,train
2025-02-25 12:00:00+00:00,43279099999,2025-02-24 06:00:00+00:00,30,30.0,30.0,29.0,29.2,1.25,-0.9914448613738104,-0.13052619222005163,0.8111602420785621,0.5848239578463322,-1.8999999999999986,-0.1559614973854076,-0.1999999999999993,-1.6761904761904738,2.3092783374702357,0,0.0,0.0,1.0,True,train
2025-02-25 13:00:00+00:00,43279099999,2025-02-24 06:00:00+00:00,31,29.0,30.0,28.0,27.9,1.2916666666666667,-0.9914448613738105,0.13052619222005127,0.8111602420785621,0.5848239578463322,-1.8999999999999986,-0.14349150456667004,0.10000000000000142,-0.3761904761904731,2.3092783374702357,0,0.0,0.0,1.0,True,train
2025-02-25 14:00:00+00:00,43279099999,2025-02-24 06:00:00+00:00,32,28.0,30.0,28.0,27.4,1.3333333333333333,-0.923879532511287,0.38268343236508917,0.8111602420785621,0.5848239578463322,-1.8999999999999986,-0.13201855732332282,0.6000000000000014,0.12380952380952692,2.3092783374702357,0,0.0,0.0,1.0,True,train
2025-02-25 15:00:00+00:00,43279099999,2025-02-24 06:00:00+00:00,33,28.0,30.0,28.0,27.2,1.375,-0.7933533402912357,0.6087614290087199,0.8111602420785621,0.5848239578463322,-1.8999999999999986,-0.1214629362927443,0.8000000000000007,0.3238095238095262,2.3092783374702357,0,0.0,0.0,1.0,True,train
2025-02-25 16:00:00+00:00,43279099999,2025-02-24 06:00:00+00:00,34,28.0,30.0,27.0,26.9,1.4166666666666667,-0.6087614290087209,0.7933533402912349,0.8111602420785621,0.5848239578463322,-1.8999999999999986,-0.1117512961206167,0.10000000000000142,0.6238095238095269,2.3092783374702357,0,0.0,0.0,1.0,True,train
2025-02-25 17:00:00+00:00,43279099999,2025-02-24 06:00:00+00:00,35,27.0,30.0,27.0,26.6,1.4583333333333333,-0.38268343236508956,0.9238795325112868,0.8111602420785621,0.5848239578463322,-1.8999999999999986,-0.10281615582336098,0.3999999999999986,0.9238095238095241,2.3092783374702357,0,0.0,0.0,1.0,True,train
2025-02-25 18:00:00+00:00,43279099999,2025-02-24 06:00:00+00:00,36,27.0,30.0,27.0,26.3,1.5,-0.13052619222005168,0.9914448613738104,0.8111602420785621,0.5848239578463322,-1.8999999999999986,-0.09459542989894143,0.6999999999999993,1.2238095238095248,2.3092783374702357,0,0.0,0.0,1.0,True,train
2025-02-25 19:00:00+00:00,43279099999,2025-02-24 06:00:00+00:00,37,27.0,30.0,27.0,25.9,1.5416666666666667,0.13052619222005157,0.9914448613738104,0.8211001178128892,0.5707841943569036,-1.8999999999999986,-0.08703199692798073,1.1000000000000014,1.623809523809527,2.3092783374702357,0,0.0,0.0,1.0,True,train
2025-02-25 20:00:00+00:00,43279099999,2025-02-24 06:00:00+00:00,38,27.0,30.0,26.0,25.4,1.5833333333333333,0.3826834323650898,0.9238795325112867,0.8211001178128892,0.5707841943569036,-1.8999999999999986,-0.08007330266762511,0.6000000000000014,2.123809523809527,2.3092783374702357,0,0.0,0.0,1.0,True,train
2025-02-25 21:00:00+00:00,43279099999,2025-02-24 06:00:00+00:00,39,27.0,30.0,25.0,24.8,1.625,0.6087614290087207,0.7933533402912352,0.8211001178128892,0.5707841943569036,-1.8999999999999986,-0.07367099488027176,0.1999999999999993,2.723809523809525,2.3092783374702357,0,0.0,0.0,1.0,True,train
2025-02-25 22:00:00+00:00,43279099999,2025-02-24 06:00:00+00:00,40,26.0,30.0,25.0,24.5,1.6666666666666667,0.7933533402912352,0.6087614290087207,0.8211001178128892,0.5707841943569036,-1.8999999999999986,-0.0677805873597795,0.5,3.0238095238095255,2.3092783374702357,0,0.0,0.0,1.0,True,train
2025-02-25 23:00:00+00:00,43279099999,2025-02-24 06:00:00+00:00,41,26.0,30.0,25.0,24.2,1.7083333333333333,0.9238795325112867,0.38268343236508984,0.8211001178128892,0.5707841943569036,-1.8999999999999986,-0.062361150820660044,0.8000000000000007,3.323809523809526,2.3092783374702357,0,0.0,0.0,1.0,True,train
2025-02-26 00:00:00+00:00,43279099999,2025-02-24 06:00:00+00:00,42,,30.0,24.0,23.7,1.75,0.9914448613738104,0.1305261922200517,0.8211001178128892,0.5707841943569036,-1.8999999999999986,-0.05737502850240511,0.3000000000000007,3.823809523809526,2.3092783374702357,0,0.0,0.0,1.0,False,train
2025-02-26 01:00:00+00:00,43279099999,2025-02-24 06:00:00+00:00,43,26.0,30.0,24.0,23.4,1.7916666666666667,0.9914448613738104,-0.1305261922200516,0.8211001178128892,0.5707841943569036,-1.8999999999999986,-0.052787574512836034,0.6000000000000014,4.123809523809527,2.3092783374702357,0,0.0,0.0,1.0,True,train
2025-02-26 02:00:00+00:00,43279099999,2025-02-24 06:00:00+00:00,44,26.0,30.0,24.0,24.3,1.8333333333333333,0.9238795325112868,-0.3826834323650895,0.8211001178128892,0.5707841943569036,-1.8999999999999986,-0.04856691309236403,-0.3000000000000007,3.223809523809525,2.3092783374702357,0,0.0,0.0,1.0,True,train
2025-02-26 03:00:00+00:00,43279099999,2025-02-24 06:00:00+00:00,45,28.0,30.0,26.0,27.1,1.875,0.7933533402912352,-0.6087614290087207,0.8211001178128892,0.5707841943569036,-1.8999999999999986,-0.04468371712641727,-1.1000000000000014,0.4238095238095241,2.3092783374702357,0,0.0,0.0,1.0,True,train
2025-02-26 04:00:00+00:00,43279099999,2025-02-24 06:00:00+00:00,46,30.0,30.0,28.0,29.5,1.9166666666666667,0.6087614290087209,-0.793353340291235,0.8211001178128892,0.5707841943569036,-1.8999999999999986,-0.04111100436703684,-1.5,-1.9761904761904745,2.3092783374702357,0,0.0,0.0,1.0,True,train
2025-02-26 05:00:00+00:00,43279099999,2025-02-24 06:00:00+00:00,47,31.0,30.0,30.0,31.1,1.9583333333333333,0.3826834323650899,-0.9238795325112867,0.8211001178128892,0.5707841943569036,-1.8999999999999986,-0.037823949947693974,-1.1000000000000014,-3.576190476190476,2.3092783374702357,0,0.0,0.0,1.0,True,train
2025-02-26 06:00:00+00:00,43279099999,2025-02-24 06:00:00+00:00,48,32.0,30.0,30.0,31.9,2.0,0.130526192220052,-0.9914448613738104,0.8211001178128892,0.5707841943569036,-1.8999999999999986,-0.034799713888594916,-1.8999999999999986,-4.376190476190473,2.3092783374702357,0,0.0,0.0,1.0,True,train
2025-02-26 07:00:00+00:00,42410099999,2025-02-26 06:00:00+00:00,1,26.0,25.0,26.0,26.2,0.041666666666666664,-0.13052619222005177,-0.9914448613738104,0.8211001178128892,0.5707841943569036,0.10000000000000142,0.09200444146293364,-0.1999999999999993,-6.128571428571426,4.253250057828927,0,1.0,0.0,0.0,True,train
2025-02-26 08:00:00+00:00,42410099999,2025-02-26 06:00:00+00:00,2,27.0,25.0,26.0,26.9,0.08333333333333333,-0.38268343236508967,-0.9238795325112868,0.8211001178128892,0.5707841943569036,0.10000000000000142,0.08464817248906262,-0.8999999999999986,-6.828571428571426,4.253250057828927,0,1.0,0.0,0.0,True,train
2025-02-26 09:00:00+00:00,42410099999,2025-02-26 06:00:00+00:00,3,27.0,25.0,27.0,27.0,0.125,-0.6087614290087207,-0.7933533402912352,0.8211001178128892,0.5707841943569036,0.10000000000000142,0.0778800783071416,0.0,-6.928571428571427,4.253250057828927,0,1.0,0.0,0.0,True,train
2025-02-26 10:00:00+00:00,42410099999,2025-02-26 06:00:00+00:00,4,27.0,25.0,27.0,26.5,0.16666666666666666,-0.7933533402912349,-0.6087614290087209,0.8211001178128892,0.5707841943569036,0.10000000000000142,0.07165313105737994,0.5,-6.428571428571427,4.253250057828927,0,1.0,0.0,0.0,True,train
2025-02-26 11:00:00+00:00,42410099999,2025-02-26 06:00:00+00:00,5,26.0,25.0,27.0,24.4,0.20833333333333334,-0.9238795325112868,-0.3826834323650895,0.8211001178128892,0.5707841943569036,0.10000000000000142,0.06592406302004532,2.6000000000000014,-4.328571428571426,4.253250057828927,0,1.0,0.0,0.0,True,train
2025-02-26 12:00:00+00:00,42410099999,2025-02-26 06:00:00+00:00,6,24.0,25.0,25.0,21.7,0.25,-0.9914448613738104,-0.13052619222005163,0.8211001178128892,0.5707841943569036,0.10000000000000142,0.06065306597126421,3.3000000000000007,-1.6285714285714263,4.253250057828927,0,1.0,0.0,0.0,True,train
2025-02-26 13:00:00+00:00,42410099999,2025-02-26 06:00:00+00:00,7,22.0,25.0,22.0,20.8,0.2916666666666667,-0.9914448613738105,0.13052619222005127,0.8211001178128892,0.5707841943569036,0.10000000000000142,0.055803514577005504,1.1999999999999993,-0.7285714285714278,4.253250057828927,0,1.0,0.0,0.0,True,train
2025-02-26 14:00:00+00:00,42410099999,2025-02-26 06:00:00+00:00,8,20.0,25.0,20.0,19.6,0.3333333333333333,-0.923879532511287,0.38268343236508917,0.8211001178128892,0.5707841943569036,0.10000000000000142,0.05134171190325993,0.3999999999999986,0.47142857142857153,4.253250057828927,0,1.0,0.0,0.0,True,train
2025-02-26 15:00:00+00:00,42410099999,2025-02-26 06:00:00+00:00,9,19.0,25.0,20.0,18.4,0.375,-0.7933533402912357,0.6087614290087199,0.8211001178128892,0.5707841943569036,0.10000000000000142,0.04723665527410214,1.6000000000000014,1.6714285714285744,4.253250057828927,0,1.0,0.0,0.0,True,train
2025-02-26 16:00:00+00:00,42410099999,2025-02-26 06:00:00+00:00,10,19.0,25.0,19.0,17.6,0.4166666666666667,-0.6087614290087209,0.7933533402912349,0.8211001178128892,0.5707841943569036,0.10000000000000142,0.04345982085070844,1.3999999999999986,2.4714285714285715,4.253250057828927,0,1.0,0.0,0.0,True,train
2025-02-26 17:00:00+00:00,42410099999,2025-02-26 06:00:00+00:00,11,18.0,25.0,18.0,17.2,0.4583333333333333,-0.38268343236508956,0.9238795325112868,0.8211001178128892,0.5707841943569036,0.10000000000000142,0.039984965434485306,0.8000000000000007,2.8714285714285737,4.253250057828927,0,1.0,0.0,0.0,True,train
2025-02-26 18:00:00+00:00,42410099999,2025-02-26 06:00:00+00:00,12,17.0,25.0,18.0,17.0,0.5,-0.13052619222005168,0.9914448613738104,0.8211001178128892,0.5707841943569036,0.10000000000000142,0.036787944117144755,1.0,3.071428571428573,4.253250057828927,0,1.0,0.0,0.0,True,train
2025-02-26 19:00:00+00:00,42410099999,2025-02-26 06:00:00+00:00,13,17.0,25.0,16.0,16.6,0.5416666666666666,0.13052619222005157,0.9914448613738104,0.8307970168121247,0.5565755266413303,0.10000000000000142,0.033846542510674704,-0.6000000000000014,3.4714285714285715,4.253250057828927,0,1.0,0.0,0.0,True,train
2025-02-26 20:00:00+00:00,42410099999,2025-02-26 06:00:00+00:00,14,17.0,25.0,16.0,16.8,0.5833333333333334,0.3826834323650898,0.9238795325112867,0.8307970168121247,0.5565755266413303,0.10000000000000142,0.03114032239146021,-0.8000000000000007,3.2714285714285722,4.253250057828927,0,1.0,0.0,0.0,True,train
2025-02-26 21:00:00+00:00,42410099999,2025-02-26 06:00:00+00:00,15,17.0,25.0,16.0,16.7,0.625,0.6087614290087207,0.7933533402912352,0.8307970168121247,0.5565755266413303,0.10000000000000142,0.028650479686019418,-0.6999999999999993,3.3714285714285737,4.253250057828927,0,1.0,0.0,0.0,True,train
2025-02-26 22:00:00+00:00,42410099999,2025-02-26 06:00:00+00:00,16,16.0,25.0,16.0,16.4,0.6666666666666666,0.7933533402912352,0.6087614290087207,0.8307970168121247,0.5565755266413303,0.10000000000000142,0.02635971381157305,-0.3999999999999986,3.6714285714285744,4.253250057828927,0,1.0,0.0,0.0,True,train
2025-02-26 23:00:00+00:00,42410099999,2025-02-26 06:00:00+00:00,17,16.0,25.0,15.0,16.4,0.7083333333333334,0.9238795325112867,0.38268343236508984,0.8307970168121247,0.5565755266413303,0.10000000000000142,0.024252107463565212,-1.3999999999999986,3.6714285714285744,4.253250057828927,0,1.0,0.0,0.0,True,train
2025-02-27 00:00:00+00:00,42410099999,2025-02-26 06:00:00+00:00,18,16.0,25.0,17.0,15.8,0.75,0.9914448613738104,0.1305261922200517,0.8307970168121247,0.5565755266413303,0.10000000000000142,0.022313016014843298,1.1999999999999993,4.271428571428572,4.253250057828927,0,1.0,0.0,0.0,True,train
2025-02-27 01:00:00+00:00,42410099999,2025-02-26 06:00:00+00:00,19,15.0,25.0,15.0,15.9,0.7916666666666666,0.9914448613738104,-0.1305261922200516,0.8307970168121247,0.5565755266413303,0.10000000000000142,0.020528965757991218,-0.9000000000000004,4.171428571428573,4.253250057828927,0,1.0,0.0,0.0,True,train
2025-02-27 02:00:00+00:00,42410099999,2025-02-26 06:00:00+00:00,20,18.0,25.0,18.0,18.0,0.8333333333333334,0.9238795325112868,-0.3826834323650895,0.8307970168121247,0.5565755266413303,0.10000000000000142,0.01888756028375645,0.0,2.071428571428573,4.253250057828927,0,1.0,0.0,0.0,True,train
2025-02-27 03:00:00+00:00,42410099999,2025-02-26 06:00:00+00:00,21,21.0,25.0,20.0,20.7,0.875,0.7933533402912352,-0.6087614290087207,0.8307970168121247,0.5565755266413303,0.10000000000000142,0.01737739434504476,-0.6999999999999993,-0.6285714285714263,4.253250057828927,0,1.0,0.0,0.0,True,train
2025-02-27 04:00:00+00:00,42410099999,2025-02-26 06:00:00+00:00,22,24.0,25.0,22.0,22.9,0.9166666666666666,0.6087614290087209,-0.793353340291235,0.8307970168121247,0.5565755266413303,0.10000000000000142,0.015987974607969618,-0.8999999999999986,-2.8285714285714256,4.253250057828927,0,1.0,0.0,0.0,True,train
2025-02-27 05:00:00+00:00,42410099999,2025-02-26 06:00:00+00:00,23,25.0,25.0,24.0,24.7,0.9583333333333334,0.3826834323650899,-0.9238795325112867,0.8307970168121247,0.5565755266413303,0.10000000000000142,0.014709646739297888,-0.6999999999999993,-4.628571428571426,4.253250057828927,0,1.0,0.0,0.0,True,train
2025-02-27 06:00:00+00:00,42410099999,2025-02-26 06:00:00+00:00,24,27.0,25.0,25.0,26.2,1.0,0.130526192220052,-0.9914448613738104,0.8307970168121247,0.5565755266413303,0.10000000000000142,0.013533528323661462,-1.1999999999999993,-6.128571428571426,4.253250057828927,0,1.0,0.0,0.0,True,train
2025-02-27 07:00:00+00:00,42410099999,2025-02-26 06:00:00+00:00,25,28.0,25.0,26.0,27.3,1.0416666666666667,-0.13052619222005177,-0.9914448613738104,0.8307970168121247,0.5565755266413303,0.10000000000000142,0.012451447144412472,-1.3000000000000007,-7.228571428571428,4.253250057828927,0,1.0,0.0,0.0,True,train
2025-02-27 08:00:00+00:00,42410099999,2025-02-26 06:00:00+00:00,26,28.0,25.0,26.0,28.0,1.0833333333333333,-0.38268343236508967,-0.9238795325112868,0.8307970168121247,0.5565755266413303,0.10000000000000142,0.011455884399268935,-2.0,-7.928571428571427,4.253250057828927,0,1.0,0.0,0.0,True,train
2025-02-27 09:00:00+00:00,42410099999,2025-02-26 06:00:00+00:00,27,29.0,25.0,27.0,28.1,1.125,-0.6087614290087207,-0.7933533402912352,0.8307970168121247,0.5565755266413303,0.10000000000000142,0.010539922456186583,-1.1000000000000014,-8.028571428571428,4.253250057828927,0,1.0,0.0,0.0,True,train
2025-02-27 10:00:00+00:00,42410099999,2025-02-26 06:00:00+00:00,28,28.0,25.0,27.0,27.4,1.1666666666666667,-0.7933533402912349,-0.6087614290087209,0.8307970168121247,0.5565755266413303,0.10000000000000142,0.009697196786440643,-0.3999999999999986,-7.328571428571426,4.253250057828927,0,1.0,0.0,0.0,True,train
2025-02-27 11:00:00+00:00,42410099999,2025-02-26 06:00:00+00:00,29,27.0,25.0,27.0,25.4,1.2083333333333333,-0.9238795325112868,-0.3826834323650895,0.8307970168121247,0.5565755266413303,0.10000000000000142,0.008921851740926138,1.6000000000000014,-5.328571428571426,4.253250057828927,0,1.0,0.0,0.0,True,train
2025-02-27 12:00:00+00:00,42410099999,2025-02-26 06:00:00+00:00,30,25.0,25.0,25.0,23.3,1.25,-0.9914448613738104,-0.13052619222005163,0.8307970168121247,0.5565755266413303,0.10000000000000142,0.008208499862389997,1.6999999999999993,-3.2285714285714278,4.253250057828927,0,1.0,0.0,0.0,True,train
2025-02-27 13:00:00+00:00,42410099999,2025-02-26 06:00:00+00:00,31,23.0,25.0,22.0,22.1,1.2916666666666667,-0.9914448613738105,0.13052619222005127,0.8307970168121247,0.5565755266413303,0.10000000000000142,0.007552184450877484,-0.10000000000000142,-2.0285714285714285,4.253250057828927,0,1.0,0.0,0.0,True,train
2025-02-27 14:00:00+00:00,42410099999,2025-02-26 06:00:00+00:00,32,21.0,25.0,20.0,21.3,1.3333333333333333,-0.923879532511287,0.38268343236508917,0.8307970168121247,0.5565755266413303,0.10000000000000142,0.006948345122280253,-1.3000000000000007,-1.2285714285714278,4.253250057828927,0,1.0,0.0,0.0,True,train
2025-02-27 15:00:00+00:00,42410099999,2025-02-26 06:00:00+00:00,33,22.0,25.0,20.0,20.7,1.375,-0.7933533402912357,0.6087614290087199,0.8307970168121247,0.5565755266413303,0.10000000000000142,0.006392786120670848,-0.6999999999999993,-0.6285714285714263,4.253250057828927,0,1.0,0.0,0.0,True,train
2025-02-27 16:00:00+00:00,42410099999,2025-02-26 06:00:00+00:00,34,21.0,25.0,19.0,19.9,1.4166666666666667,-0.6087614290087209,0.7933533402912349,0.8307970168121247,0.5565755266413303,0.10000000000000142,0.005881647164243072,-0.8999999999999986,0.17142857142857437,4.253250057828927,0,1.0,0.0,0.0,True,train
2025-02-27 17:00:00+00:00,42410099999,2025-02-26 06:00:00+00:00,35,20.0,25.0,18.0,19.4,1.4583333333333333,-0.38268343236508956,0.9238795325112868,0.8307970168121247,0.5565755266413303,0.10000000000000142,0.005411376622282238,-1.3999999999999986,0.6714285714285744,4.253250057828927,0,1.0,0.0,0.0,True,train
2025-02-27 18:00:00+00:00,42410099999,2025-02-26 06:00:00+00:00,36,20.0,25.0,18.0,18.8,1.5,-0.13052619222005168,0.9914448613738104,0.8307970168121247,0.5565755266413303,0.10000000000000142,0.004978706836786465,-0.8000000000000007,1.2714285714285722,4.253250057828927,0,1.0,0.0,0.0,True,train
2025-02-27 19:00:00+00:00,42410099999,2025-02-26 06:00:00+00:00,37,19.0,25.0,16.0,18.4,1.5416666666666667,0.13052619222005157,0.9914448613738104,0.8402480696078469,0.5422021592729844,0.10000000000000142,0.004580631417262213,-2.3999999999999986,1.6714285714285744,4.253250057828927,0,1.0,0.0,0.0,True,train
2025-02-27 20:00:00+00:00,42410099999,2025-02-26 06:00:00+00:00,38,18.0,25.0,16.0,18.3,1.5833333333333333,0.3826834323650898,0.9238795325112867,0.8402480696078469,0.5422021592729844,0.10000000000000142,0.004214384350927701,-2.3000000000000007,1.7714285714285722,4.253250057828927,0,1.0,0.0,0.0,True,train
2025-02-27 21:00:00+00:00,42410099999,2025-02-26 06:00:00+00:00,39,18.0,25.0,16.0,18.2,1.625,0.6087614290087207,0.7933533402912352,0.8402480696078469,0.5422021592729844,0.10000000000000142,0.003877420783172256,-2.1999999999999993,1.8714285714285737,4.253250057828927,0,1.0,0.0,0.0,True,train
2025-02-27 22:00:00+00:00,42410099999,2025-02-26 06:00:00+00:00,40,18.0,25.0,16.0,17.8,1.6666666666666667,0.7933533402912352,0.6087614290087207,0.8402480696078469,0.5422021592729844,0.10000000000000142,0.00356739933472529,-1.8000000000000007,2.2714285714285722,4.253250057828927,0,1.0,0.0,0.0,True,train
2025-02-27 23:00:00+00:00,42410099999,2025-02-26 06:00:00+00:00,41,18.0,25.0,15.0,17.8,1.7083333333333333,0.9238795325112867,0.38268343236508984,0.8402480696078469,0.5422021592729844,0.10000000000000142,0.0032821658326663674,-2.8000000000000007,2.2714285714285722,4.253250057828927,0,1.0,0.0,0.0,True,train
2025-02-28 00:00:00+00:00,42410099999,2025-02-26 06:00:00+00:00,42,18.0,25.0,17.0,17.4,1.75,0.9914448613738104,0.1305261922200517,0.8402480696078469,0.5422021592729844,0.10000000000000142,0.003019738342231893,-0.3999999999999986,2.6714285714285744,4.253250057828927,0,1.0,0.0,0.0,True,train
2025-02-28 01:00:00+00:00,42410099999,2025-02-26 06:00:00+00:00,43,17.0,25.0,15.0,17.7,1.7916666666666667,0.9914448613738104,-0.1305261922200516,0.8402480696078469,0.5422021592729844,0.10000000000000142,0.0027782933954124647,-2.6999999999999993,2.3714285714285737,4.253250057828927,0,1.0,0.0,0.0,True,train
2025-02-28 02:00:00+00:00,42410099999,2025-02-26 06:00:00+00:00,44,19.0,25.0,18.0,19.1,1.8333333333333333,0.9238795325112868,-0.3826834323650895,0.8402480696078469,0.5422021592729844,0.10000000000000142,0.0025561533206507766,-1.1000000000000014,0.9714285714285715,4.253250057828927,0,1.0,0.0,0.0,True,train
2025-02-28 03:00:00+00:00,42410099999,2025-02-26 06:00:00+00:00,45,23.0,25.0,20.0,21.8,1.875,0.7933533402912352,-0.6087614290087207,0.8402480696078469,0.5422021592729844,0.10000000000000142,0.002351774585600944,-1.8000000000000007,-1.7285714285714278,4.253250057828927,0,1.0,0.0,0.0,True,train
2025-02-28 04:00:00+00:00,42410099999,2025-02-26 06:00:00+00:00,46,25.0,25.0,22.0,23.6,1.9166666666666667,0.6087614290087209,-0.793353340291235,0.8402480696078469,0.5422021592729844,0.10000000000000142,0.00216373707194934,-1.6000000000000014,-3.5285714285714285,4.253250057828927,0,1.0,0.0,0.0,True,train
2025-02-28 05:00:00+00:00,42410099999,2025-02-26 06:00:00+00:00,47,26.0,25.0,24.0,25.3,1.9583333333333333,0.3826834323650899,-0.9238795325112867,0.8402480696078469,0.5422021592729844,0.10000000000000142,0.0019907342077733967,-1.3000000000000007,-5.228571428571428,4.253250057828927,0,1.0,0.0,0.0,True,train
2025-02-28 06:00:00+00:00,42410099999,2025-02-26 06:00:00+00:00,48,28.0,25.0,25.0,26.0,2.0,0.130526192220052,-0.9914448613738104,0.8402480696078469,0.5422021592729844,0.10000000000000142,0.0018315638888734438,-1.0,-5.928571428571427,4.253250057828927,0,1.0,0.0,0.0,True,train
2025-02-26 07:00:00+00:00,43128599999,2025-02-26 06:00:00+00:00,1,31.0,30.0,31.0,30.9,0.041666666666666664,-0.13052619222005177,-0.9914448613738104,0.8211001178128892,0.5707841943569036,0.10000000000000142,0.09200444146293364,0.10000000000000142,-5.066666666666666,4.609341790975339,0,0.0,1.0,0.0,True,train
2025-02-26 08:00:00+00:00,43128599999,2025-02-26 06:00:00+00:00,2,31.0,30.0,32.0,31.5,0.08333333333333333,-0.38268343236508967,-0.9238795325112868,0.8211001178128892,0.5707841943569036,0.10000000000000142,0.08464817248906262,0.5,-5.666666666666668,4.609341790975339,0,0.0,1.0,0.0,True,train
2025-02-26 09:00:00+00:00,43128599999,2025-02-26 06:00:00+00:00,3,31.0,30.0,32.0,31.7,0.125,-0.6087614290087207,-0.7933533402912352,0.8211001178128892,0.5707841943569036,0.10000000000000142,0.0778800783071416,0.3000000000000007,-5.866666666666667,4.609341790975339,0,0.0,1.0,0.0,True,train
2025-02-26 10:00:00+00:00,43128599999,2025-02-26 06:00:00+00:00,4,31.0,30.0,32.0,31.4,0.16666666666666666,-0.7933533402912349,-0.6087614290087209,0.8211001178128892,0.5707841943569036,0.10000000000000142,0.07165313105737994,0.6000000000000014,-5.566666666666666,4.609341790975339,0,0.0,1.0,0.0,True,train
2025-02-26 11:00:00+00:00,43128599999,2025-02-26 06:00:00+00:00,5,30.0,30.0,31.0,30.7,0.20833333333333334,-0.9238795325112868,-0.3826834323650895,0.8211001178128892,0.5707841943569036,0.10000000000000142,0.06592406302004532,0.3000000000000007,-4.866666666666667,4.609341790975339,0,0.0,1.0,0.0,True,train
2025-02-26 12:00:00+00:00,43128599999,2025-02-26 06:00:00+00:00,6,29.0,30.0,30.0,29.5,0.25,-0.9914448613738104,-0.13052619222005163,0.8211001178128892,0.5707841943569036,0.10000000000000142,0.06065306597126421,0.5,-3.666666666666668,4.609341790975339,0,0.0,1.0,0.0,True,train
2025-02-26 13:00:00+00:00,43128599999,2025-02-26 06:00:00+00:00,7,27.0,30.0,28.0,27.5,0.2916666666666667,-0.9914448613738105,0.13052619222005127,0.8211001178128892,0.5707841943569036,0.10000000000000142,0.055803514577005504,0.5,-1.6666666666666679,4.609341790975339,0,0.0,1.0,0.0,True,train
2025-02-26 14:00:00+00:00,43128599999,2025-02-26 06:00:00+00:00,8,26.0,30.0,25.0,26.1,0.3333333333333333,-0.923879532511287,0.38268343236508917,0.8211001178128892,0.5707841943569036,0.10000000000000142,0.05134171190325993,-1.1000000000000014,-0.26666666666666927,4.609341790975339,0,0.0,1.0,0.0,True,train
2025-02-26 15:00:00+00:00,43128599999,2025-02-26 06:00:00+00:00,9,25.0,30.0,24.0,25.0,0.375,-0.7933533402912357,0.6087614290087199,0.8211001178128892,0.5707841943569036,0.10000000000000142,0.04723665527410214,-1.0,0.8333333333333321,4.609341790975339,0,0.0,1.0,0.0,True,train
2025-02-26 16:00:00+00:00,43128599999,2025-02-26 06:00:00+00:00,10,24.0,30.0,23.0,23.9,0.4166666666666667,-0.6087614290087209,0.7933533402912349,0.8211001178128892,0.5707841943569036,0.10000000000000142,0.04345982085070844,-0.8999999999999986,1.9333333333333336,4.609341790975339,0,0.0,1.0,0.0,True,train
2025-02-26 17:00:00+00:00,43128599999,2025-02-26 06:00:00+00:00,11,23.0,30.0,22.0,23.0,0.4583333333333333,-0.38268343236508956,0.9238795325112868,0.8211001178128892,0.5707841943569036,0.10000000000000142,0.039984965434485306,-1.0,2.833333333333332,4.609341790975339,0,0.0,1.0,0.0,True,train
2025-02-26 18:00:00+00:00,43128599999,2025-02-26 06:00:00+00:00,12,22.0,30.0,22.0,22.6,0.5,-0.13052619222005168,0.9914448613738104,0.8211001178128892,0.5707841943569036,0.10000000000000142,0.036787944117144755,-0.6000000000000014,3.2333333333333307,4.609341790975339,0,0.0,1.0,0.0,True,train
2025-02-26 19:00:00+00:00,43128599999,2025-02-26 06:00:00+00:00,13,21.0,30.0,22.0,22.4,0.5416666666666666,0.13052619222005157,0.9914448613738104,0.8307970168121247,0.5565755266413303,0.10000000000000142,0.033846542510674704,-0.3999999999999986,3.4333333333333336,4.609341790975339,0,0.0,1.0,0.0,True,train
2025-02-26 20:00:00+00:00,43128599999,2025-02-26 06:00:00+00:00,14,21.0,30.0,21.0,21.3,0.5833333333333334,0.3826834323650898,0.9238795325112867,0.8307970168121247,0.5565755266413303,0.10000000000000142,0.03114032239146021,-0.3000000000000007,4.533333333333331,4.609341790975339,0,0.0,1.0,0.0,True,train
2025-02-26 21:00:00+00:00,43128599999,2025-02-26 06:00:00+00:00,15,21.0,30.0,21.0,21.3,0.625,0.6087614290087207,0.7933533402912352,0.8307970168121247,0.5565755266413303,0.10000000000000142,0.028650479686019418,-0.3000000000000007,4.533333333333331,4.609341790975339,0,0.0,1.0,0.0,True,train
2025-02-26 22:00:00+00:00,43128599999,2025-02-26 06:00:00+00:00,16,21.0,30.0,21.0,21.0,0.6666666666666666,0.7933533402912352,0.6087614290087207,0.8307970168121247,0.5565755266413303,0.10000000000000142,0.02635971381157305,0.0,4.833333333333332,4.609341790975339,0,0.0,1.0,0.0,True,train
2025-02-26 23:00:00+00:00,43128599999,2025-02-26 06:00:00+00:00,17,20.0,30.0,20.0,20.7,0.7083333333333334,0.9238795325112867,0.38268343236508984,0.8307970168121247,0.5565755266413303,0.10000000000000142,0.024252107463565212,-0.6999999999999993,5.133333333333333,4.609341790975339,0,0.0,1.0,0.0,True,train
2025-02-27 00:00:00+00:00,43128599999,2025-02-26 06:00:00+00:00,18,20.0,30.0,20.0,20.1,0.75,0.9914448613738104,0.1305261922200517,0.8307970168121247,0.5565755266413303,0.10000000000000142,0.022313016014843298,-0.10000000000000142,5.733333333333331,4.609341790975339,0,0.0,1.0,0.0,True,train
2025-02-27 01:00:00+00:00,43128599999,2025-02-26 06:00:00+00:00,19,20.0,30.0,20.0,19.7,0.7916666666666666,0.9914448613738104,-0.1305261922200516,0.8307970168121247,0.5565755266413303,0.10000000000000142,0.020528965757991218,0.3000000000000007,6.133333333333333,4.609341790975339,0,0.0,1.0,0.0,True,train
2025-02-27 02:00:00+00:00,43128599999,2025-02-26 06:00:00+00:00,20,20.0,30.0,21.0,21.1,0.8333333333333334,0.9238795325112868,-0.3826834323650895,0.8307970168121247,0.5565755266413303,0.10000000000000142,0.01888756028375645,-0.10000000000000142,4.733333333333331,4.609341790975339,0,0.0,1.0,0.0,True,train
2025-02-27 03:00:00+00:00,43128599999,2025-02-26 06:00:00+00:00,21,24.0,30.0,25.0,24.1,0.875,0.7933533402912352,-0.6087614290087207,0.8307970168121247,0.5565755266413303,0.10000000000000142,0.01737739434504476,0.8999999999999986,1.7333333333333307,4.609341790975339,0,0.0,1.0,0.0,True,train
2025-02-27 04:00:00+00:00,43128599999,2025-02-26 06:00:00+00:00,22,27.0,30.0,27.0,27.2,0.9166666666666666,0.6087614290087209,-0.793353340291235,0.8307970168121247,0.5565755266413303,0.10000000000000142,0.015987974607969618,-0.1999999999999993,-1.3666666666666671,4.609341790975339,0,0.0,1.0,0.0,True,train
2025-02-27 05:00:00+00:00,43128599999,2025-02-26 06:00:00+00:00,23,29.0,30.0,29.0,29.1,0.9583333333333334,0.3826834323650899,-0.9238795325112867,0.8307970168121247,0.5565755266413303,0.10000000000000142,0.014709646739297888,-0.10000000000000142,-3.2666666666666693,4.609341790975339,0,0.0,1.0,0.0,True,train
2025-02-27 06:00:00+00:00,43128599999,2025-02-26 06:00:00+00:00,24,30.0,30.0,30.0,30.6,1.0,0.130526192220052,-0.9914448613738104,0.8307970168121247,0.5565755266413303,0.10000000000000142,0.013533528323661462,-0.6000000000000014,-4.766666666666669,4.609341790975339,0,0.0,1.0,0.0,True,train
2025-02-27 07:00:00+00:00,43128599999,2025-02-26 06:00:00+00:00,25,31.0,30.0,31.0,31.7,1.0416666666666667,-0.13052619222005177,-0.9914448613738104,0.8307970168121247,0.5565755266413303,0.10000000000000142,0.012451447144412472,-0.6999999999999993,-5.866666666666667,4.609341790975339,0,0.0,1.0,0.0,True,train
2025-02-27 08:00:00+00:00,43128599999,2025-02-26 06:00:00+00:00,26,32.0,30.0,32.0,32.5,1.0833333333333333,-0.38268343236508967,-0.9238795325112868,0.8307970168121247,0.5565755266413303,0.10000000000000142,0.011455884399268935,-0.5,-6.666666666666668,4.609341790975339,0,0.0,1.0,0.0,True,train
2025-02-27 09:00:00+00:00,43128599999,2025-02-26 06:00:00+00:00,27,32.0,30.0,32.0,32.6,1.125,-0.6087614290087207,-0.7933533402912352,0.8307970168121247,0.5565755266413303,0.10000000000000142,0.010539922456186583,-0.6000000000000014,-6.766666666666669,4.609341790975339,0,0.0,1.0,0.0,True,train
2025-02-27 10:00:00+00:00,43128599999,2025-02-26 06:00:00+00:00,28,32.0,30.0,32.0,32.1,1.1666666666666667,-0.7933533402912349,-0.6087614290087209,0.8307970168121247,0.5565755266413303,0.10000000000000142,0.009697196786440643,-0.10000000000000142,-6.266666666666669,4.609341790975339,0,0.0,1.0,0.0,True,train
2025-02-27 11:00:00+00:00,43128599999,2025-02-26 06:00:00+00:00,29,31.0,30.0,31.0,31.5,1.2083333333333333,-0.9238795325112868,-0.3826834323650895,0.8307970168121247,0.5565755266413303,0.10000000000000142,0.008921851740926138,-0.5,-5.666666666666668,4.609341790975339,0,0.0,1.0,0.0,True,train
2025-02-27 12:00:00+00:00,43128599999,2025-02-26 06:00:00+00:00,30,30.0,30.0,30.0,30.2,1.25,-0.9914448613738104,-0.13052619222005163,0.8307970168121247,0.5565755266413303,0.10000000000000142,0.008208499862389997,-0.1999999999999993,-4.366666666666667,4.609341790975339,0,0.0,1.0,0.0,True,train
2025-02-27 13:00:00+00:00,43128599999,2025-02-26 06:00:00+00:00,31,28.0,30.0,28.0,27.9,1.2916666666666667,-0.9914448613738105,0.13052619222005127,0.8307970168121247,0.5565755266413303,0.10000000000000142,0.007552184450877484,0.10000000000000142,-2.0666666666666664,4.609341790975339,0,0.0,1.0,0.0,True,train
2025-02-27 14:00:00+00:00,43128599999,2025-02-26 06:00:00+00:00,32,,30.0,25.0,26.5,1.3333333333333333,-0.923879532511287,0.38268343236508917,0.8307970168121247,0.5565755266413303,0.10000000000000142,0.006948345122280253,-1.5,-0.6666666666666679,4.609341790975339,0,0.0,1.0,0.0,False,train
2025-02-27 15:00:00+00:00,43128599999,2025-02-26 06:00:00+00:00,33,25.0,30.0,24.0,25.1,1.375,-0.7933533402912357,0.6087614290087199,0.8307970168121247,0.5565755266413303,0.10000000000000142,0.006392786120670848,-1.1000000000000014,0.7333333333333307,4.609341790975339,0,0.0,1.0,0.0,True,train
2025-02-27 16:00:00+00:00,43128599999,2025-02-26 06:00:00+00:00,34,24.0,30.0,23.0,24.1,1.4166666666666667,-0.6087614290087209,0.7933533402912349,0.8307970168121247,0.5565755266413303,0.10000000000000142,0.005881647164243072,-1.1000000000000014,1.7333333333333307,4.609341790975339,0,0.0,1.0,0.0,True,train
2025-02-27 17:00:00+00:00,43128599999,2025-02-26 06:00:00+00:00,35,22.0,30.0,22.0,23.0,1.4583333333333333,-0.38268343236508956,0.9238795325112868,0.8307970168121247,0.5565755266413303,0.10000000000000142,0.005411376622282238,-1.0,2.833333333333332,4.609341790975339,0,0.0,1.0,0.0,True,train
2025-02-27 18:00:00+00:00,43128599999,2025-02-26 06:00:00+00:00,36,21.0,30.0,22.0,22.8,1.5,-0.13052619222005168,0.9914448613738104,0.8307970168121247,0.5565755266413303,0.10000000000000142,0.004978706836786465,-0.8000000000000007,3.0333333333333314,4.609341790975339,0,0.0,1.0,0.0,True,train
2025-02-27 19:00:00+00:00,43128599999,2025-02-26 06:00:00+00:00,37,21.0,30.0,22.0,22.0,1.5416666666666667,0.13052619222005157,0.9914448613738104,0.8402480696078469,0.5422021592729844,0.10000000000000142,0.004580631417262213,0.0,3.833333333333332,4.609341790975339,0,0.0,1.0,0.0,True,train
2025-02-27 20:00:00+00:00,43128599999,2025-02-26 06:00:00+00:00,38,21.0,30.0,21.0,22.1,1.5833333333333333,0.3826834323650898,0.9238795325112867,0.8402480696078469,0.5422021592729844,0.10000000000000142,0.004214384350927701,-1.1000000000000014,3.7333333333333307,4.609341790975339,0,0.0,1.0,0.0,True,train
2025-02-27 21:00:00+00:00,43128599999,2025-02-26 06:00:00+00:00,39,20.0,30.0,21.0,21.2,1.625,0.6087614290087207,0.7933533402912352,0.8402480696078469,0.5422021592729844,0.10000000000000142,0.003877420783172256,-0.1999999999999993,4.633333333333333,4.609341790975339,0,0.0,1.0,0.0,True,train
2025-02-27 22:00:00+00:00,43128599999,2025-02-26 06:00:00+00:00,40,20.0,30.0,21.0,20.7,1.6666666666666667,0.7933533402912352,0.6087614290087207,0.8402480696078469,0.5422021592729844,0.10000000000000142,0.00356739933472529,0.3000000000000007,5.133333333333333,4.609341790975339,0,0.0,1.0,0.0,True,train
2025-02-27 23:00:00+00:00,43128599999,2025-02-26 06:00:00+00:00,41,19.0,30.0,20.0,20.2,1.7083333333333333,0.9238795325112867,0.38268343236508984,0.8402480696078469,0.5422021592729844,0.10000000000000142,0.0032821658326663674,-0.1999999999999993,5.633333333333333,4.609341790975339,0,0.0,1.0,0.0,True,train
2025-02-28 00:00:00+00:00,43128599999,2025-02-26 06:00:00+00:00,42,18.0,30.0,20.0,19.7,1.75,0.9914448613738104,0.1305261922200517,0.8402480696078469,0.5422021592729844,0.10000000000000142,0.003019738342231893,0.3000000000000007,6.133333333333333,4.609341790975339,0,0.0,1.0,0.0,True,train
2025-02-28 01:00:00+00:00,43128599999,2025-02-26 06:00:00+00:00,43,19.0,30.0,20.0,19.3,1.7916666666666667,0.9914448613738104,-0.1305261922200516,0.8402480696078469,0.5422021592729844,0.10000000000000142,0.0027782933954124647,0.6999999999999993,6.533333333333331,4.609341790975339,0,0.0,1.0,0.0,True,train
2025-02-28 02:00:00+00:00,43128599999,2025-02-26 06:00:00+00:00,44,20.0,30.0,21.0,20.8,1.8333333333333333,0.9238795325112868,-0.3826834323650895,0.8402480696078469,0.5422021592729844,0.10000000000000142,0.0025561533206507766,0.1999999999999993,5.033333333333331,4.609341790975339,0,0.0,1.0,0.0,True,train
2025-02-28 03:00:00+00:00,43128599999,2025-02-26 06:00:00+00:00,45,23.0,30.0,25.0,23.8,1.875,0.7933533402912352,-0.6087614290087207,0.8402480696078469,0.5422021592729844,0.10000000000000142,0.002351774585600944,1.1999999999999993,2.0333333333333314,4.609341790975339,0,0.0,1.0,0.0,True,train
2025-02-28 04:00:00+00:00,43128599999,2025-02-26 06:00:00+00:00,46,27.0,30.0,27.0,27.1,1.9166666666666667,0.6087614290087209,-0.793353340291235,0.8402480696078469,0.5422021592729844,0.10000000000000142,0.00216373707194934,-0.10000000000000142,-1.2666666666666693,4.609341790975339,0,0.0,1.0,0.0,True,train
2025-02-28 05:00:00+00:00,43128599999,2025-02-26 06:00:00+00:00,47,,30.0,29.0,29.3,1.9583333333333333,0.3826834323650899,-0.9238795325112867,0.8402480696078469,0.5422021592729844,0.10000000000000142,0.0019907342077733967,-0.3000000000000007,-3.4666666666666686,4.609341790975339,0,0.0,1.0,0.0,False,train
2025-02-28 06:00:00+00:00,43128599999,2025-02-26 06:00:00+00:00,48,,30.0,30.0,30.7,2.0,0.130526192220052,-0.9914448613738104,0.8402480696078469,0.5422021592729844,0.10000000000000142,0.0018315638888734438,-0.6999999999999993,-4.866666666666667,4.609341790975339,0,0.0,1.0,0.0,False,train
2025-02-26 07:00:00+00:00,43279099999,2025-02-26 06:00:00+00:00,1,32.0,32.0,32.0,32.7,0.041666666666666664,-0.13052619222005177,-0.9914448613738104,0.8211001178128892,0.5707841943569036,0.0,0.0,-0.7000000000000028,-4.87857142857143,2.3024868247682315,0,0.0,0.0,1.0,True,train
2025-02-26 08:00:00+00:00,43279099999,2025-02-26 06:00:00+00:00,2,33.0,32.0,32.0,32.7,0.08333333333333333,-0.38268343236508967,-0.9238795325112868,0.8211001178128892,0.5707841943569036,0.0,0.0,-0.7000000000000028,-4.87857142857143,2.3024868247682315,0,0.0,0.0,1.0,True,train
2025-02-26 09:00:00+00:00,43279099999,2025-02-26 06:00:00+00:00,3,32.0,32.0,33.0,32.2,0.125,-0.6087614290087207,-0.7933533402912352,0.8211001178128892,0.5707841943569036,0.0,0.0,0.7999999999999972,-4.37857142857143,2.3024868247682315,0,0.0,0.0,1.0,True,train
2025-02-26 10:00:00+00:00,43279099999,2025-02-26 06:00:00+00:00,4,32.0,32.0,32.0,31.6,0.16666666666666666,-0.7933533402912349,-0.6087614290087209,0.8211001178128892,0.5707841943569036,0.0,0.0,0.3999999999999986,-3.7785714285714285,2.3024868247682315,0,0.0,0.0,1.0,True,train
2025-02-26 11:00:00+00:00,43279099999,2025-02-26 06:00:00+00:00,5,31.0,32.0,31.0,30.3,0.20833333333333334,-0.9238795325112868,-0.3826834323650895,0.8211001178128892,0.5707841943569036,0.0,0.0,0.6999999999999993,-2.4785714285714278,2.3024868247682315,0,0.0,0.0,1.0,True,train
2025-02-26 12:00:00+00:00,43279099999,2025-02-26 06:00:00+00:00,6,30.0,32.0,30.0,28.9,0.25,-0.9914448613738104,-0.13052619222005163,0.8211001178128892,0.5707841943569036,0.0,0.0,1.1000000000000014,-1.0785714285714256,2.3024868247682315,0,0.0,0.0,1.0,True,train
2025-02-26 13:00:00+00:00,43279099999,2025-02-26 06:00:00+00:00,7,29.0,32.0,29.0,28.0,0.2916666666666667,-0.9914448613738105,0.13052619222005127,0.8211001178128892,0.5707841943569036,0.0,0.0,1.0,-0.17857142857142705,2.3024868247682315,0,0.0,0.0,1.0,True,train
2025-02-26 14:00:00+00:00,43279099999,2025-02-26 06:00:00+00:00,8,28.0,32.0,28.0,27.7,0.3333333333333333,-0.923879532511287,0.38268343236508917,0.8211001178128892,0.5707841943569036,0.0,0.0,0.3000000000000007,0.12142857142857366,2.3024868247682315,0,0.0,0.0,1.0,True,train
2025-02-26 15:00:00+00:00,43279099999,2025-02-26 06:00:00+00:00,9,28.0,32.0,28.0,27.4,0.375,-0.7933533402912357,0.6087614290087199,0.8211001178128892,0.5707841943569036,0.0,0.0,0.6000000000000014,0.4214285714285744,2.3024868247682315,0,0.0,0.0,1.0,True,train
2025-02-26 16:00:00+00:00,43279099999,2025-02-26 06:00:00+00:00,10,28.0,32.0,28.0,27.0,0.4166666666666667,-0.6087614290087209,0.7933533402912349,0.8211001178128892,0.5707841943569036,0.0,0.0,1.0,0.821428571428573,2.3024868247682315,0,0.0,0.0,1.0,True,train
2025-02-26 17:00:00+00:00,43279099999,2025-02-26 06:00:00+00:00,11,28.0,32.0,27.0,26.6,0.4583333333333333,-0.38268343236508956,0.9238795325112868,0.8211001178128892,0.5707841943569036,0.0,0.0,0.3999999999999986,1.2214285714285715,2.3024868247682315,0,0.0,0.0,1.0,True,train
2025-02-26 18:00:00+00:00,43279099999,2025-02-26 06:00:00+00:00,12,28.0,32.0,27.0,26.1,0.5,-0.13052619222005168,0.9914448613738104,0.8211001178128892,0.5707841943569036,0.0,0.0,0.8999999999999986,1.7214285714285715,2.3024868247682315,0,0.0,0.0,1.0,True,train
2025-02-26 19:00:00+00:00,43279099999,2025-02-26 06:00:00+00:00,13,28.0,32.0,27.0,25.6,0.5416666666666666,0.13052619222005157,0.9914448613738104,0.8307970168121247,0.5565755266413303,0.0,0.0,1.3999999999999986,2.2214285714285715,2.3024868247682315,0,0.0,0.0,1.0,True,train
2025-02-26 20:00:00+00:00,43279099999,2025-02-26 06:00:00+00:00,14,27.0,32.0,27.0,25.0,0.5833333333333334,0.3826834323650898,0.9238795325112867,0.8307970168121247,0.5565755266413303,0.0,0.0,2.0,2.821428571428573,2.3024868247682315,0,0.0,0.0,1.0,True,train
2025-02-26 21:00:00+00:00,43279099999,2025-02-26 06:00:00+00:00,15,27.0,32.0,27.0,24.3,0.625,0.6087614290087207,0.7933533402912352,0.8307970168121247,0.5565755266413303,0.0,0.0,2.6999999999999993,3.5214285714285722,2.3024868247682315,0,0.0,0.0,1.0,True,train
2025-02-26 22:00:00+00:00,43279099999,2025-02-26 06:00:00+00:00,16,26.0,32.0,26.0,23.7,0.6666666666666666,0.7933533402912352,0.6087614290087207,0.8307970168121247,0.5565755266413303,0.0,0.0,2.3000000000000007,4.121428571428574,2.3024868247682315,0,0.0,0.0,1.0,True,train
2025-02-26 23:00:00+00:00,43279099999,2025-02-26 06:00:00+00:00,17,26.0,32.0,26.0,23.5,0.7083333333333334,0.9238795325112867,0.38268343236508984,0.8307970168121247,0.5565755266413303,0.0,0.0,2.5,4.321428571428573,2.3024868247682315,0,0.0,0.0,1.0,True,train
2025-02-27 00:00:00+00:00,43279099999,2025-02-26 06:00:00+00:00,18,25.0,32.0,26.0,23.1,0.75,0.9914448613738104,0.1305261922200517,0.8307970168121247,0.5565755266413303,0.0,0.0,2.8999999999999986,4.7214285714285715,2.3024868247682315,0,0.0,0.0,1.0,True,train
2025-02-27 01:00:00+00:00,43279099999,2025-02-26 06:00:00+00:00,19,25.0,32.0,26.0,22.6,0.7916666666666666,0.9914448613738104,-0.1305261922200516,0.8307970168121247,0.5565755266413303,0.0,0.0,3.3999999999999986,5.2214285714285715,2.3024868247682315,0,0.0,0.0,1.0,True,train
2025-02-27 02:00:00+00:00,43279099999,2025-02-26 06:00:00+00:00,20,25.0,32.0,26.0,24.8,0.8333333333333334,0.9238795325112868,-0.3826834323650895,0.8307970168121247,0.5565755266413303,0.0,0.0,1.1999999999999993,3.0214285714285722,2.3024868247682315,0,0.0,0.0,1.0,True,train
2025-02-27 03:00:00+00:00,43279099999,2025-02-26 06:00:00+00:00,21,27.0,32.0,28.0,27.3,0.875,0.7933533402912352,-0.6087614290087207,0.8307970168121247,0.5565755266413303,0.0,0.0,0.6999999999999993,0.5214285714285722,2.3024868247682315,0,0.0,0.0,1.0,True,train
2025-02-27 04:00:00+00:00,43279099999,2025-02-26 06:00:00+00:00,22,29.0,32.0,30.0,29.7,0.9166666666666666,0.6087614290087209,-0.793353340291235,0.8307970168121247,0.5565755266413303,0.0,0.0,0.3000000000000007,-1.8785714285714263,2.3024868247682315,0,0.0,0.0,1.0,True,train
2025-02-27 05:00:00+00:00,43279099999,2025-02-26 06:00:00+00:00,23,31.0,32.0,31.0,31.0,0.9583333333333334,0.3826834323650899,-0.9238795325112867,0.8307970168121247,0.5565755266413303,0.0,0.0,0.0,-3.178571428571427,2.3024868247682315,0,0.0,0.0,1.0,True,train
2025-02-27 06:00:00+00:00,43279099999,2025-02-26 06:00:00+00:00,24,31.0,32.0,32.0,31.7,1.0,0.130526192220052,-0.9914448613738104,0.8307970168121247,0.5565755266413303,0.0,0.0,0.3000000000000007,-3.8785714285714263,2.3024868247682315,0,0.0,0.0,1.0,True,train
2025-02-27 07:00:00+00:00,43279099999,2025-02-26 06:00:00+00:00,25,32.0,32.0,32.0,32.1,1.0416666666666667,-0.13052619222005177,-0.9914448613738104,0.8307970168121247,0.5565755266413303,0.0,0.0,-0.10000000000000142,-4.2785714285714285,2.3024868247682315,0,0.0,0.0,1.0,True,train
2025-02-27 08:00:00+00:00,43279099999,2025-02-26 06:00:00+00:00,26,32.0,32.0,32.0,32.4,1.0833333333333333,-0.38268343236508967,-0.9238795325112868,0.8307970168121247,0.5565755266413303,0.0,0.0,-0.3999999999999986,-4.578571428571426,2.3024868247682315,0,0.0,0.0,1.0,True,train
2025-02-27 09:00:00+00:00,43279099999,2025-02-26 06:00:00+00:00,27,32.0,32.0,33.0,32.0,1.125,-0.6087614290087207,-0.7933533402912352,0.8307970168121247,0.5565755266413303,0.0,0.0,1.0,-4.178571428571427,2.3024868247682315,0,0.0,0.0,1.0,True,train
2025-02-27 10:00:00+00:00,43279099999,2025-02-26 06:00:00+00:00,28,32.0,32.0,32.0,31.0,1.1666666666666667,-0.7933533402912349,-0.6087614290087209,0.8307970168121247,0.5565755266413303,0.0,0.0,1.0,-3.178571428571427,2.3024868247682315,0,0.0,0.0,1.0,True,train
2025-02-27 11:00:00+00:00,43279099999,2025-02-26 06:00:00+00:00,29,31.0,32.0,31.0,30.0,1.2083333333333333,-0.9238795325112868,-0.3826834323650895,0.8307970168121247,0.5565755266413303,0.0,0.0,1.0,-2.178571428571427,2.3024868247682315,0,0.0,0.0,1.0,True,train
2025-02-27 12:00:00+00:00,43279099999,2025-02-26 06:00:00+00:00,30,29.0,32.0,30.0,28.8,1.25,-0.9914448613738104,-0.13052619222005163,0.8307970168121247,0.5565755266413303,0.0,0.0,1.1999999999999993,-0.9785714285714278,2.3024868247682315,0,0.0,0.0,1.0,True,train
2025-02-27 13:00:00+00:00,43279099999,2025-02-26 06:00:00+00:00,31,28.0,32.0,29.0,27.8,1.2916666666666667,-0.9914448613738105,0.13052619222005127,0.8307970168121247,0.5565755266413303,0.0,0.0,1.1999999999999993,0.02142857142857224,2.3024868247682315,0,0.0,0.0,1.0,True,train
2025-02-27 14:00:00+00:00,43279099999,2025-02-26 06:00:00+00:00,32,28.0,32.0,28.0,27.7,1.3333333333333333,-0.923879532511287,0.38268343236508917,0.8307970168121247,0.5565755266413303,0.0,0.0,0.3000000000000007,0.12142857142857366,2.3024868247682315,0,0.0,0.0,1.0,True,train
2025-02-27 15:00:00+00:00,43279099999,2025-02-26 06:00:00+00:00,33,28.0,32.0,28.0,27.5,1.375,-0.7933533402912357,0.6087614290087199,0.8307970168121247,0.5565755266413303,0.0,0.0,0.5,0.32142857142857295,2.3024868247682315,0,0.0,0.0,1.0,True,train
2025-02-27 16:00:00+00:00,43279099999,2025-02-26 06:00:00+00:00,34,28.0,32.0,28.0,27.2,1.4166666666666667,-0.6087614290087209,0.7933533402912349,0.8307970168121247,0.5565755266413303,0.0,0.0,0.8000000000000007,0.6214285714285737,2.3024868247682315,0,0.0,0.0,1.0,True,train
2025-02-27 17:00:00+00:00,43279099999,2025-02-26 06:00:00+00:00,35,28.0,32.0,27.0,26.9,1.4583333333333333,-0.38268343236508956,0.9238795325112868,0.8307970168121247,0.5565755266413303,0.0,0.0,0.10000000000000142,0.9214285714285744,2.3024868247682315,0,0.0,0.0,1.0,True,train
2025-02-27 18:00:00+00:00,43279099999,2025-02-26 06:00:00+00:00,36,27.0,32.0,27.0,26.5,1.5,-0.13052619222005168,0.9914448613738104,0.8307970168121247,0.5565755266413303,0.0,0.0,0.5,1.321428571428573,2.3024868247682315,0,0.0,0.0,1.0,True,train
2025-02-27 19:00:00+00:00,43279099999,2025-02-26 06:00:00+00:00,37,27.0,32.0,27.0,26.4,1.5416666666666667,0.13052619222005157,0.9914448613738104,0.8402480696078469,0.5422021592729844,0.0,0.0,0.6000000000000014,1.4214285714285744,2.3024868247682315,0,0.0,0.0,1.0,True,train
2025-02-27 20:00:00+00:00,43279099999,2025-02-26 06:00:00+00:00,38,27.0,32.0,27.0,26.0,1.5833333333333333,0.3826834323650898,0.9238795325112867,0.8402480696078469,0.5422021592729844,0.0,0.0,1.0,1.821428571428573,2.3024868247682315,0,0.0,0.0,1.0,True,train
2025-02-27 21:00:00+00:00,43279099999,2025-02-26 06:00:00+00:00,39,27.0,32.0,27.0,25.5,1.625,0.6087614290087207,0.7933533402912352,0.8402480696078469,0.5422021592729844,0.0,0.0,1.5,2.321428571428573,2.3024868247682315,0,0.0,0.0,1.0,True,train
2025-02-27 22:00:00+00:00,43279099999,2025-02-26 06:00:00+00:00,40,26.0,32.0,26.0,25.5,1.6666666666666667,0.7933533402912352,0.6087614290087207,0.8402480696078469,0.5422021592729844,0.0,0.0,0.5,2.321428571428573,2.3024868247682315,0,0.0,0.0,1.0,True,train
2025-02-27 23:00:00+00:00,43279099999,2025-02-26 06:00:00+00:00,41,26.0,32.0,26.0,24.8,1.7083333333333333,0.9238795325112867,0.38268343236508984,0.8402480696078469,0.5422021592729844,0.0,0.0,1.1999999999999993,3.0214285714285722,2.3024868247682315,0,0.0,0.0,1.0,True,train
2025-02-28 00:00:00+00:00,43279099999,2025-02-26 06:00:00+00:00,42,25.0,32.0,26.0,24.7,1.75,0.9914448613738104,0.1305261922200517,0.8402480696078469,0.5422021592729844,0.0,0.0,1.3000000000000007,3.1214285714285737,2.3024868247682315,0,0.0,0.0,1.0,True,train
2025-02-28 01:00:00+00:00,43279099999,2025-02-26 06:00:00+00:00,43,25.0,32.0,26.0,24.3,1.7916666666666667,0.9914448613738104,-0.1305261922200516,0.8402480696078469,0.5422021592729844,0.0,0.0,1.6999999999999993,3.5214285714285722,2.3024868247682315,0,0.0,0.0,1.0,True,train
2025-02-28 02:00:00+00:00,43279099999,2025-02-26 06:00:00+00:00,44,26.0,32.0,26.0,25.3,1.8333333333333333,0.9238795325112868,-0.3826834323650895,0.8402480696078469,0.5422021592729844,0.0,0.0,0.6999999999999993,2.5214285714285722,2.3024868247682315,0,0.0,0.0,1.0,True,train
2025-02-28 03:00:00+00:00,43279099999,2025-02-26 06:00:00+00:00,45,27.0,32.0,28.0,27.6,1.875,0.7933533402912352,-0.6087614290087207,0.8402480696078469,0.5422021592729844,0.0,0.0,0.3999999999999986,0.22142857142857153,2.3024868247682315,0,0.0,0.0,1.0,True,train
2025-02-28 04:00:00+00:00,43279099999,2025-02-26 06:00:00+00:00,46,29.0,32.0,30.0,28.9,1.9166666666666667,0.6087614290087209,-0.793353340291235,0.8402480696078469,0.5422021592729844,0.0,0.0,1.1000000000000014,-1.0785714285714256,2.3024868247682315,0,0.0,0.0,1.0,True,train
2025-02-28 05:00:00+00:00,43279099999,2025-02-26 06:00:00+00:00,47,29.0,32.0,31.0,30.3,1.9583333333333333,0.3826834323650899,-0.9238795325112867,0.8402480696078469,0.5422021592729844,0.0,0.0,0.6999999999999993,-2.4785714285714278,2.3024868247682315,0,0.0,0.0,1.0,True,train
2025-02-28 06:00:00+00:00,43279099999,2025-02-26 06:00:00+00:00,48,31.0,32.0,32.0,30.5,2.0,0.130526192220052,-0.9914448613738104,0.8402480696078469,0.5422021592729844,0.0,0.0,1.5,-2.678571428571427,2.3024868247682315,0,0.0,0.0,1.0,True,train
2025-02-28 07:00:00+00:00,42410099999,2025-02-28 06:00:00+00:00,1,28.0,28.0,28.0,28.2,0.041666666666666664,-0.13052619222005177,-0.9914448613738104,0.8402480696078469,0.5422021592729844,0.8000000000000007,0.7360355317034593,-0.1999999999999993,-7.711904761904762,4.262220658683764,0,1.0,0.0,0.0,True,train
2025-02-28 08:00:00+00:00,42410099999,2025-02-28 06:00:00+00:00,2,29.0,28.0,28.0,28.2,0.08333333333333333,-0.38268343236508967,-0.9238795325112868,0.8402480696078469,0.5422021592729844,0.8000000000000007,0.677185379912492,-0.1999999999999993,-7.711904761904762,4.262220658683764,0,1.0,0.0,0.0,True,train
2025-02-28 09:00:00+00:00,42410099999,2025-02-28 06:00:00+00:00,3,29.0,28.0,29.0,28.2,0.125,-0.6087614290087207,-0.7933533402912352,0.8402480696078469,0.5422021592729844,0.8000000000000007,0.6230406264571244,0.8000000000000007,-7.711904761904762,4.262220658683764,0,1.0,0.0,0.0,True,train
2025-02-28 10:00:00+00:00,42410099999,2025-02-28 06:00:00+00:00,4,28.0,28.0,28.0,28.0,0.16666666666666666,-0.7933533402912349,-0.6087614290087209,0.8402480696078469,0.5422021592729844,0.8000000000000007,0.5732250484590319,0.0,-7.511904761904763,4.262220658683764,0,1.0,0.0,0.0,True,train
2025-02-28 11:00:00+00:00,42410099999,2025-02-28 06:00:00+00:00,5,27.0,28.0,27.0,26.3,0.20833333333333334,-0.9238795325112868,-0.3826834323650895,0.8402480696078469,0.5422021592729844,0.8000000000000007,0.5273925041603554,0.6999999999999993,-5.8119047619047635,4.262220658683764,0,1.0,0.0,0.0,True,train
2025-02-28 12:00:00+00:00,42410099999,2025-02-28 06:00:00+00:00,6,,28.0,25.0,24.7,0.25,-0.9914448613738104,-0.13052619222005163,0.8402480696078469,0.5422021592729844,0.8000000000000007,0.48522452777010716,0.3000000000000007,-4.211904761904762,4.262220658683764,0,1.0,0.0,0.0,False,train
2025-02-28 13:00:00+00:00,42410099999,2025-02-28 06:00:00+00:00,7,,28.0,23.0,23.9,0.2916666666666667,-0.9914448613738105,0.13052619222005127,0.8402480696078469,0.5422021592729844,0.8000000000000007,0.4464281166160381,-0.8999999999999986,-3.4119047619047613,4.262220658683764,0,1.0,0.0,0.0,False,train
2025-02-28 14:00:00+00:00,42410099999,2025-02-28 06:00:00+00:00,8,,28.0,21.0,22.7,0.3333333333333333,-0.923879532511287,0.38268343236508917,0.8402480696078469,0.5422021592729844,0.8000000000000007,0.410733695226074,-1.6999999999999993,-2.211904761904762,4.262220658683764,0,1.0,0.0,0.0,False,train
2025-02-28 15:00:00+00:00,42410099999,2025-02-28 06:00:00+00:00,9,,28.0,22.0,21.5,0.375,-0.7933533402912357,0.6087614290087199,0.8402480696078469,0.5422021592729844,0.8000000000000007,0.37789324219281206,0.5,-1.0119047619047628,4.262220658683764,0,1.0,0.0,0.0,False,train
2025-02-28 16:00:00+00:00,42410099999,2025-02-28 06:00:00+00:00,10,,28.0,21.0,20.5,0.4166666666666667,-0.6087614290087209,0.7933533402912349,0.8402480696078469,0.5422021592729844,0.8000000000000007,0.3476785668056629,0.5,-0.01190476190476275,4.262220658683764,0,1.0,0.0,0.0,False,train
2025-02-28 17:00:00+00:00,42410099999,2025-02-28 06:00:00+00:00,11,,28.0,20.0,19.9,0.4583333333333333,-0.38268343236508956,0.9238795325112868,0.8402480696078469,0.5422021592729844,0.8000000000000007,0.3198797234758782,0.10000000000000142,0.5880952380952387,4.262220658683764,0,1.0,0.0,0.0,False,train
2025-02-28 18:00:00+00:00,42410099999,2025-02-28 06:00:00+00:00,12,,28.0,20.0,19.6,0.5,-0.13052619222005168,0.9914448613738104,0.8402480696078469,0.5422021592729844,0.8000000000000007,0.29430355293715416,0.3999999999999986,0.8880952380952358,4.262220658683764,0,1.0,0.0,0.0,False,train
2025-02-28 19:00:00+00:00,42410099999,2025-02-28 06:00:00+00:00,13,,28.0,19.0,19.5,0.5416666666666666,0.13052619222005157,0.9914448613738104,0.8494504794814806,0.527668345562516,0.8000000000000007,0.270772340085394,-0.5,0.9880952380952372,4.262220658683764,0,1.0,0.0,0.0,False,train
2025-02-28 20:00:00+00:00,42410099999,2025-02-28 06:00:00+00:00,14,20.0,28.0,18.0,19.4,0.5833333333333334,0.3826834323650898,0.9238795325112867,0.8494504794814806,0.527668345562516,0.8000000000000007,0.24912257913167837,-1.3999999999999986,1.0880952380952387,4.262220658683764,0,1.0,0.0,0.0,True,train
2025-02-28 21:00:00+00:00,42410099999,2025-02-28 06:00:00+00:00,15,20.0,28.0,18.0,19.0,0.625,0.6087614290087207,0.7933533402912352,0.8494504794814806,0.527668345562516,0.8000000000000007,0.2292038374881523,-1.0,1.4880952380952372,4.262220658683764,0,1.0,0.0,0.0,True,train
2025-02-28 22:00:00+00:00,42410099999,2025-02-28 06:00:00+00:00,16,,28.0,18.0,18.8,0.6666666666666666,0.7933533402912352,0.6087614290087207,0.8494504794814806,0.527668345562516,0.8000000000000007,0.2108777104925816,-0.8000000000000007,1.6880952380952365,4.262220658683764,0,1.0,0.0,0.0,False,train
2025-02-28 23:00:00+00:00,42410099999,2025-02-28 06:00:00+00:00,17,19.0,28.0,18.0,18.2,0.7083333333333334,0.9238795325112867,0.38268343236508984,0.8494504794814806,0.527668345562516,0.8000000000000007,0.19401685970851912,-0.1999999999999993,2.288095238095238,4.262220658683764,0,1.0,0.0,0.0,True,train
2025-03-01 00:00:00+00:00,42410099999,2025-02-28 06:00:00+00:00,18,19.0,28.0,18.0,17.7,0.75,0.9914448613738104,0.1305261922200517,0.8494504794814806,0.527668345562516,0.8000000000000007,0.17850412811874403,0.3000000000000007,2.788095238095238,4.262220658683764,0,1.0,0.0,0.0,True,train
2025-03-01 01:00:00+00:00,42410099999,2025-02-28 06:00:00+00:00,19,19.0,28.0,17.0,18.0,0.7916666666666666,0.9914448613738104,-0.1305261922200516,0.8494504794814806,0.527668345562516,0.8000000000000007,0.16423172606392755,-1.0,2.4880952380952372,4.262220658683764,0,1.0,0.0,0.0,True,train
2025-03-01 02:00:00+00:00,42410099999,2025-02-28 06:00:00+00:00,20,20.0,28.0,19.0,20.1,0.8333333333333334,0.9238795325112868,-0.3826834323650895,0.8494504794814806,0.527668345562516,0.8000000000000007,0.1511004822700496,-1.1000000000000014,0.38809523809523583,4.262220658683764,0,1.0,0.0,0.0,True,train
2025-03-01 03:00:00+00:00,42410099999,2025-02-28 06:00:00+00:00,21,22.0,28.0,23.0,22.0,0.875,0.7933533402912352,-0.6087614290087207,0.8494504794814806,0.527668345562516,0.8000000000000007,0.13901915476035623,1.0,-1.5119047619047628,4.262220658683764,0,1.0,0.0,0.0,True,train
2025-03-01 04:00:00+00:00,42410099999,2025-02-28 06:00:00+00:00,22,25.0,28.0,25.0,23.5,0.9166666666666666,0.6087614290087209,-0.793353340291235,0.8494504794814806,0.527668345562516,0.8000000000000007,0.12790379686375525,1.5,-3.0119047619047628,4.262220658683764,0,1.0,0.0,0.0,True,train
2025-03-01 05:00:00+00:00,42410099999,2025-02-28 06:00:00+00:00,23,26.0,28.0,26.0,24.6,0.9583333333333334,0.3826834323650899,-0.9238795325112867,0.8494504794814806,0.527668345562516,0.8000000000000007,0.11767717391438154,1.3999999999999986,-4.111904761904764,4.262220658683764,0,1.0,0.0,0.0,True,train
2025-03-01 06:00:00+00:00,42410099999,2025-02-28 06:00:00+00:00,24,28.0,28.0,28.0,25.8,1.0,0.130526192220052,-0.9914448613738104,0.8494504794814806,0.527668345562516,0.8000000000000007,0.10826822658929026,2.1999999999999993,-5.3119047619047635,4.262220658683764,0,1.0,0.0,0.0,True,train
2025-03-01 07:00:00+00:00,42410099999,2025-02-28 06:00:00+00:00,25,28.0,28.0,28.0,26.4,1.0416666666666667,-0.13052619222005177,-0.9914448613738104,0.8494504794814806,0.527668345562516,0.8000000000000007,0.09961157715529846,1.6000000000000014,-5.911904761904761,4.262220658683764,0,1.0,0.0,0.0,True,train
2025-03-01 08:00:00+00:00,42410099999,2025-02-28 06:00:00+00:00,26,29.0,28.0,28.0,26.9,1.0833333333333333,-0.38268343236508967,-0.9238795325112868,0.8494504794814806,0.527668345562516,0.8000000000000007,0.09164707519415026,1.1000000000000014,-6.411904761904761,4.262220658683764,0,1.0,0.0,0.0,True,train
2025-03-01 09:00:00+00:00,42410099999,2025-02-28 06:00:00+00:00,27,29.0,28.0,29.0,27.1,1.125,-0.6087614290087207,-0.7933533402912352,0.8494504794814806,0.527668345562516,0.8000000000000007,0.08431937964949154,1.8999999999999986,-6.611904761904764,4.262220658683764,0,1.0,0.0,0.0,True,train
2025-03-01 10:00:00+00:00,42410099999,2025-02-28 06:00:00+00:00,28,29.0,28.0,28.0,26.7,1.1666666666666667,-0.7933533402912349,-0.6087614290087209,0.8494504794814806,0.527668345562516,0.8000000000000007,0.0775775742915241,1.3000000000000007,-6.211904761904762,4.262220658683764,0,1.0,0.0,0.0,True,train
2025-03-01 11:00:00+00:00,42410099999,2025-02-28 06:00:00+00:00,29,29.0,28.0,27.0,25.3,1.2083333333333333,-0.9238795325112868,-0.3826834323650895,0.8494504794814806,0.527668345562516,0.8000000000000007,0.07137481392740815,1.6999999999999993,-4.8119047619047635,4.262220658683764,0,1.0,0.0,0.0,True,train
2025-03-01 12:00:00+00:00,42410099999,2025-02-28 06:00:00+00:00,30,26.0,28.0,25.0,23.0,1.25,-0.9914448613738104,-0.13052619222005163,0.8494504794814806,0.527668345562516,0.8000000000000007,0.0656679988991191,2.0,-2.5119047619047628,4.262220658683764,0,1.0,0.0,0.0,True,train
2025-03-01 13:00:00+00:00,42410099999,2025-02-28 06:00:00+00:00,31,25.0,28.0,23.0,21.1,1.2916666666666667,-0.9914448613738105,0.13052619222005127,0.8494504794814806,0.527668345562516,0.8000000000000007,0.060417475607019065,1.8999999999999986,-0.6119047619047642,4.262220658683764,0,1.0,0.0,0.0,True,train
2025-03-01 14:00:00+00:00,42410099999,2025-02-28 06:00:00+00:00,32,23.0,28.0,21.0,20.1,1.3333333333333333,-0.923879532511287,0.38268343236508917,0.8494504794814806,0.527668345562516,0.8000000000000007,0.055586760978241286,0.8999999999999986,0.38809523809523583,4.262220658683764,0,1.0,0.0,0.0,True,train
2025-03-01 15:00:00+00:00,42410099999,2025-02-28 06:00:00+00:00,33,22.0,28.0,22.0,19.4,1.375,-0.7933533402912357,0.6087614290087199,0.8494504794814806,0.527668345562516,0.8000000000000007,0.0511422889653661,2.6000000000000014,1.0880952380952387,4.262220658683764,0,1.0,0.0,0.0,True,train
2025-03-01 16:00:00+00:00,42410099999,2025-02-28 06:00:00+00:00,34,21.0,28.0,21.0,19.0,1.4166666666666667,-0.6087614290087209,0.7933533402912349,0.8494504794814806,0.527668345562516,0.8000000000000007,0.04705317731394395,2.0,1.4880952380952372,4.262220658683764,0,1.0,0.0,0.0,True,train
2025-03-01 17:00:00+00:00,42410099999,2025-02-28 06:00:00+00:00,35,20.0,28.0,20.0,18.4,1.4583333333333333,-0.38268343236508956,0.9238795325112868,0.8494504794814806,0.527668345562516,0.8000000000000007,0.043291012978257326,1.6000000000000014,2.0880952380952387,4.262220658683764,0,1.0,0.0,0.0,True,train
2025-03-01 18:00:00+00:00,42410099999,2025-02-28 06:00:00+00:00,36,20.0,28.0,20.0,18.1,1.5,-0.13052619222005168,0.9914448613738104,0.8494504794814806,0.527668345562516,0.8000000000000007,0.03982965469429119,1.8999999999999986,2.388095238095236,4.262220658683764,0,1.0,0.0,0.0,True,train
2025-03-01 19:00:00+00:00,42410099999,2025-02-28 06:00:00+00:00,37,19.0,28.0,19.0,18.0,1.5416666666666667,0.13052619222005157,0.9914448613738104,0.8584015232918917,0.512978386299228,0.8000000000000007,0.03664505133809721,1.0,2.4880952380952372,4.262220658683764,0,1.0,0.0,0.0,True,train
2025-03-01 20:00:00+00:00,42410099999,2025-02-28 06:00:00+00:00,38,19.0,28.0,18.0,17.7,1.5833333333333333,0.3826834323650898,0.9238795325112867,0.8584015232918917,0.512978386299228,0.8000000000000007,0.033715074807421155,0.3000000000000007,2.788095238095238,4.262220658683764,0,1.0,0.0,0.0,True,train
2025-03-01 21:00:00+00:00,42410099999,2025-02-28 06:00:00+00:00,39,18.0,28.0,18.0,17.3,1.625,0.6087614290087207,0.7933533402912352,0.8584015232918917,0.512978386299228,0.8000000000000007,0.031019366265377636,0.6999999999999993,3.1880952380952365,4.262220658683764,0,1.0,0.0,0.0,True,train
2025-03-01 22:00:00+00:00,42410099999,2025-02-28 06:00:00+00:00,40,17.0,28.0,18.0,16.6,1.6666666666666667,0.7933533402912352,0.6087614290087207,0.8584015232918917,0.512978386299228,0.8000000000000007,0.02853919467780194,1.3999999999999986,3.888095238095236,4.262220658683764,0,1.0,0.0,0.0,True,train
2025-03-01 23:00:00+00:00,42410099999,2025-02-28 06:00:00+00:00,41,16.0,28.0,18.0,16.4,1.7083333333333333,0.9238795325112867,0.38268343236508984,0.8584015232918917,0.512978386299228,0.8000000000000007,0.02625732666133059,1.6000000000000014,4.088095238095239,4.262220658683764,0,1.0,0.0,0.0,True,train
2025-03-02 00:00:00+00:00,42410099999,2025-02-28 06:00:00+00:00,42,16.0,28.0,18.0,16.3,1.75,0.9914448613738104,0.1305261922200517,0.8584015232918917,0.512978386299228,0.8000000000000007,0.024157906737854822,1.6999999999999993,4.1880952380952365,4.262220658683764,0,1.0,0.0,0.0,True,train
2025-03-02 01:00:00+00:00,42410099999,2025-02-28 06:00:00+00:00,43,16.0,28.0,17.0,16.4,1.7916666666666667,0.9914448613738104,-0.1305261922200516,0.8584015232918917,0.512978386299228,0.8000000000000007,0.02222634716329942,0.6000000000000014,4.088095238095239,4.262220658683764,0,1.0,0.0,0.0,True,train
2025-03-02 02:00:00+00:00,42410099999,2025-02-28 06:00:00+00:00,44,19.0,28.0,19.0,17.7,1.8333333333333333,0.9238795325112868,-0.3826834323650895,0.8584015232918917,0.512978386299228,0.8000000000000007,0.02044922656520594,1.3000000000000007,2.788095238095238,4.262220658683764,0,1.0,0.0,0.0,True,train
2025-03-02 03:00:00+00:00,42410099999,2025-02-28 06:00:00+00:00,45,21.0,28.0,23.0,19.6,1.875,0.7933533402912352,-0.6087614290087207,0.8584015232918917,0.512978386299228,0.8000000000000007,0.018814196684807303,3.3999999999999986,0.8880952380952358,4.262220658683764,0,1.0,0.0,0.0,True,train
2025-03-02 04:00:00+00:00,42410099999,2025-02-28 06:00:00+00:00,46,24.0,28.0,25.0,21.5,1.9166666666666667,0.6087614290087209,-0.793353340291235,0.8584015232918917,0.512978386299228,0.8000000000000007,0.017309896575594487,3.5,-1.0119047619047628,4.262220658683764,0,1.0,0.0,0.0,True,train
2025-03-02 05:00:00+00:00,42410099999,2025-02-28 06:00:00+00:00,47,26.0,28.0,26.0,23.4,1.9583333333333333,0.3826834323650899,-0.9238795325112867,0.8584015232918917,0.512978386299228,0.8000000000000007,0.01592587366218696,2.6000000000000014,-2.9119047619047613,4.262220658683764,0,1.0,0.0,0.0,True,train
2025-03-02 06:00:00+00:00,42410099999,2025-02-28 06:00:00+00:00,48,27.0,28.0,28.0,24.8,2.0,0.130526192220052,-0.9914448613738104,0.8584015232918917,0.512978386299228,0.8000000000000007,0.014652511110987356,3.1999999999999993,-4.3119047619047635,4.262220658683764,0,1.0,0.0,0.0,True,train
2025-02-28 07:00:00+00:00,43128599999,2025-02-28 06:00:00+00:00,1,31.0,27.0,31.0,31.2,0.041666666666666664,-0.13052619222005177,-0.9914448613738104,0.8402480696078469,0.5422021592729844,-3.3000000000000007,-3.0361465682767674,-0.1999999999999993,-5.765476190476189,4.571703705758131,2,0.0,1.0,0.0,True,train
2025-02-28 08:00:00+00:00,43128599999,2025-02-28 06:00:00+00:00,2,32.0,27.0,32.0,31.8,0.08333333333333333,-0.38268343236508967,-0.9238795325112868,0.8402480696078469,0.5422021592729844,-3.3000000000000007,-2.7933896921390273,0.1999999999999993,-6.3654761904761905,4.571703705758131,2,0.0,1.0,0.0,True,train
2025-02-28 09:00:00+00:00,43128599999,2025-02-28 06:00:00+00:00,3,32.0,27.0,32.0,32.1,0.125,-0.6087614290087207,-0.7933533402912352,0.8402480696078469,0.5422021592729844,-3.3000000000000007,-2.5700425841356367,-0.10000000000000142,-6.665476190476191,4.571703705758131,2,0.0,1.0,0.0,True,train
2025-02-28 10:00:00+00:00,43128599999,2025-02-28 06:00:00+00:00,4,32.0,27.0,32.0,31.9,0.16666666666666666,-0.7933533402912349,-0.6087614290087209,0.8402480696078469,0.5422021592729844,-3.3000000000000007,-2.364553324893505,0.10000000000000142,-6.465476190476188,4.571703705758131,2,0.0,1.0,0.0,True,train
2025-02-28 11:00:00+00:00,43128599999,2025-02-28 06:00:00+00:00,5,32.0,27.0,31.0,31.2,0.20833333333333334,-0.9238795325112868,-0.3826834323650895,0.8402480696078469,0.5422021592729844,-3.3000000000000007,-2.175494079661465,-0.1999999999999993,-5.765476190476189,4.571703705758131,2,0.0,1.0,0.0,True,train
2025-02-28 12:00:00+00:00,43128599999,2025-02-28 06:00:00+00:00,6,,27.0,30.0,29.8,0.25,-0.9914448613738104,-0.13052619222005163,0.8402480696078469,0.5422021592729844,-3.3000000000000007,-2.0015511770516907,0.1999999999999993,-4.3654761904761905,4.571703705758131,2,0.0,1.0,0.0,False,train
2025-02-28 13:00:00+00:00,43128599999,2025-02-28 06:00:00+00:00,7,,27.0,28.0,27.6,0.2916666666666667,-0.9914448613738105,0.13052619222005127,0.8402480696078469,0.5422021592729844,-3.3000000000000007,-1.8415159810411559,0.3999999999999986,-2.165476190476191,4.571703705758131,2,0.0,1.0,0.0,False,train
2025-02-28 14:00:00+00:00,43128599999,2025-02-28 06:00:00+00:00,8,,27.0,28.0,26.5,0.3333333333333333,-0.923879532511287,0.38268343236508917,0.8402480696078469,0.5422021592729844,-3.3000000000000007,-1.694276492807554,1.5,-1.0654761904761898,4.571703705758131,2,0.0,1.0,0.0,False,train
2025-02-28 15:00:00+00:00,43128599999,2025-02-28 06:00:00+00:00,9,,27.0,25.0,25.5,0.375,-0.7933533402912357,0.6087614290087199,0.8402480696078469,0.5422021592729844,-3.3000000000000007,-1.5588096240453488,-0.5,-0.0654761904761898,4.571703705758131,2,0.0,1.0,0.0,False,train
2025-02-28 16:00:00+00:00,43128599999,2025-02-28 06:00:00+00:00,10,,27.0,24.0,24.6,0.4166666666666667,-0.6087614290087209,0.7933533402912349,0.8402480696078469,0.5422021592729844,-3.3000000000000007,-1.4341740880733584,-0.6000000000000014,0.8345238095238088,4.571703705758131,2,0.0,1.0,0.0,False,train
2025-02-28 17:00:00+00:00,43128599999,2025-02-28 06:00:00+00:00,11,,27.0,22.0,23.7,0.4583333333333333,-0.38268343236508956,0.9238795325112868,0.8402480696078469,0.5422021592729844,-3.3000000000000007,-1.3195038593379966,-1.6999999999999993,1.734523809523811,4.571703705758131,2,0.0,1.0,0.0,False,train
2025-02-28 18:00:00+00:00,43128599999,2025-02-28 06:00:00+00:00,12,,27.0,21.0,22.7,0.5,-0.13052619222005168,0.9914448613738104,0.8402480696078469,0.5422021592729844,-3.3000000000000007,-1.2140021558657599,-1.6999999999999993,2.734523809523811,4.571703705758131,2,0.0,1.0,0.0,False,train
2025-02-28 19:00:00+00:00,43128599999,2025-02-28 06:00:00+00:00,13,,27.0,21.0,22.8,0.5416666666666666,0.13052619222005157,0.9914448613738104,0.8494504794814806,0.527668345562516,-3.3000000000000007,-1.1169359028522496,-1.8000000000000007,2.6345238095238095,4.571703705758131,2,0.0,1.0,0.0,False,train
2025-02-28 20:00:00+00:00,43128599999,2025-02-28 06:00:00+00:00,14,21.0,27.0,21.0,22.3,0.5833333333333334,0.3826834323650898,0.9238795325112867,0.8494504794814806,0.527668345562516,-3.3000000000000007,-1.0276306389181726,-1.3000000000000007,3.1345238095238095,4.571703705758131,2,0.0,1.0,0.0,True,train
2025-02-28 21:00:00+00:00,43128599999,2025-02-28 06:00:00+00:00,15,20.0,27.0,20.0,21.8,0.625,0.6087614290087207,0.7933533402912352,0.8494504794814806,0.527668345562516,-3.3000000000000007,-0.9454658296386275,-1.8000000000000007,3.6345238095238095,4.571703705758131,2,0.0,1.0,0.0,True,train
2025-02-28 22:00:00+00:00,43128599999,2025-02-28 06:00:00+00:00,16,20.0,27.0,20.0,21.1,0.6666666666666666,0.7933533402912352,0.6087614290087207,0.8494504794814806,0.527668345562516,-3.3000000000000007,-0.8698705557818985,-1.1000000000000014,4.334523809523809,4.571703705758131,2,0.0,1.0,0.0,True,train
2025-02-28 23:00:00+00:00,43128599999,2025-02-28 06:00:00+00:00,17,20.0,27.0,19.0,20.4,0.7083333333333334,0.9238795325112867,0.38268343236508984,0.8494504794814806,0.527668345562516,-3.3000000000000007,-0.8003195462976408,-1.3999999999999986,5.034523809523812,4.571703705758131,2,0.0,1.0,0.0,True,train
2025-03-01 00:00:00+00:00,43128599999,2025-02-28 06:00:00+00:00,18,20.0,27.0,18.0,20.0,0.75,0.9914448613738104,0.1305261922200517,0.8494504794814806,0.527668345562516,-3.3000000000000007,-0.7363295284898186,-2.0,5.43452380952381,4.571703705758131,2,0.0,1.0,0.0,True,train
2025-03-01 01:00:00+00:00,43128599999,2025-02-28 06:00:00+00:00,19,19.0,27.0,19.0,19.7,0.7916666666666666,0.9914448613738104,-0.1305261922200516,0.8494504794814806,0.527668345562516,-3.3000000000000007,-0.6774558700137008,-0.6999999999999993,5.734523809523811,4.571703705758131,2,0.0,1.0,0.0,True,train
2025-03-01 02:00:00+00:00,43128599999,2025-02-28 06:00:00+00:00,20,21.0,27.0,20.0,21.0,0.8333333333333334,0.9238795325112868,-0.3826834323650895,0.8494504794814806,0.527668345562516,-3.3000000000000007,-0.6232894893639541,-1.0,4.43452380952381,4.571703705758131,2,0.0,1.0,0.0,True,train
2025-03-01 03:00:00+00:00,43128599999,2025-02-28 06:00:00+00:00,21,25.0,27.0,23.0,24.0,0.875,0.7933533402912352,-0.6087614290087207,0.8494504794814806,0.527668345562516,-3.3000000000000007,-0.5734540133864691,-1.0,1.4345238095238102,4.571703705758131,2,0.0,1.0,0.0,True,train
2025-03-01 04:00:00+00:00,43128599999,2025-02-28 06:00:00+00:00,22,28.0,27.0,27.0,27.2,0.9166666666666666,0.6087614290087209,-0.793353340291235,0.8494504794814806,0.527668345562516,-3.3000000000000007,-0.52760316206299,-0.1999999999999993,-1.765476190476189,4.571703705758131,2,0.0,1.0,0.0,True,train
2025-03-01 05:00:00+00:00,43128599999,2025-02-28 06:00:00+00:00,23,30.0,27.0,27.0,29.8,0.9583333333333334,0.3826834323650899,-0.9238795325112867,0.8494504794814806,0.527668345562516,-3.3000000000000007,-0.4854183423968235,-2.8000000000000007,-4.3654761904761905,4.571703705758131,2,0.0,1.0,0.0,True,train
2025-03-01 06:00:00+00:00,43128599999,2025-02-28 06:00:00+00:00,24,31.0,27.0,27.0,31.2,1.0,0.130526192220052,-0.9914448613738104,0.8494504794814806,0.527668345562516,-3.3000000000000007,-0.446606434680822,-4.199999999999999,-5.765476190476189,4.571703705758131,2,0.0,1.0,0.0,True,train
2025-03-01 07:00:00+00:00,43128599999,2025-02-28 06:00:00+00:00,25,32.0,27.0,31.0,32.2,1.0416666666666667,-0.13052619222005177,-0.9914448613738104,0.8494504794814806,0.527668345562516,-3.3000000000000007,-0.4108977557656059,-1.2000000000000028,-6.765476190476193,4.571703705758131,2,0.0,1.0,0.0,True,train
2025-03-01 08:00:00+00:00,43128599999,2025-02-28 06:00:00+00:00,26,33.0,27.0,32.0,32.7,1.0833333333333333,-0.38268343236508967,-0.9238795325112868,0.8494504794814806,0.527668345562516,-3.3000000000000007,-0.3780441851758696,-0.7000000000000028,-7.265476190476193,4.571703705758131,2,0.0,1.0,0.0,True,train
2025-03-01 09:00:00+00:00,43128599999,2025-02-28 06:00:00+00:00,27,32.0,27.0,32.0,32.8,1.125,-0.6087614290087207,-0.7933533402912352,0.8494504794814806,0.527668345562516,-3.3000000000000007,-0.34781744105415235,-0.7999999999999972,-7.365476190476187,4.571703705758131,2,0.0,1.0,0.0,True,train
2025-03-01 10:00:00+00:00,43128599999,2025-02-28 06:00:00+00:00,28,33.0,27.0,32.0,32.6,1.1666666666666667,-0.7933533402912349,-0.6087614290087209,0.8494504794814806,0.527668345562516,-3.3000000000000007,-0.32000749395253675,-0.6000000000000014,-7.165476190476191,4.571703705758131,2,0.0,1.0,0.0,True,train
2025-03-01 11:00:00+00:00,43128599999,2025-02-28 06:00:00+00:00,29,32.0,27.0,31.0,31.9,1.2083333333333333,-0.9238795325112868,-0.3826834323650895,0.8494504794814806,0.527668345562516,-3.3000000000000007,-0.29442110745055844,-0.8999999999999986,-6.465476190476188,4.571703705758131,2,0.0,1.0,0.0,True,train
2025-03-01 12:00:00+00:00,43128599999,2025-02-28 06:00:00+00:00,30,31.0,27.0,30.0,30.7,1.25,-0.9914448613738104,-0.13052619222005163,0.8494504794814806,0.527668345562516,-3.3000000000000007,-0.2708804954588661,-0.6999999999999993,-5.265476190476189,4.571703705758131,2,0.0,1.0,0.0,True,train
2025-03-01 13:00:00+00:00,43128599999,2025-02-28 06:00:00+00:00,31,30.0,27.0,28.0,28.1,1.2916666666666667,-0.9914448613738105,0.13052619222005127,0.8494504794814806,0.527668345562516,-3.3000000000000007,-0.24922208687895347,-0.10000000000000142,-2.665476190476191,4.571703705758131,2,0.0,1.0,0.0,True,train
2025-03-01 14:00:00+00:00,43128599999,2025-02-28 06:00:00+00:00,32,26.0,27.0,28.0,26.7,1.3333333333333333,-0.923879532511287,0.38268343236508917,0.8494504794814806,0.527668345562516,-3.3000000000000007,-0.22929538903524513,1.3000000000000007,-1.265476190476189,4.571703705758131,2,0.0,1.0,0.0,True,train
2025-03-01 15:00:00+00:00,43128599999,2025-02-28 06:00:00+00:00,33,24.0,27.0,25.0,25.2,1.375,-0.7933533402912357,0.6087614290087199,0.8494504794814806,0.527668345562516,-3.3000000000000007,-0.21096194198213503,-0.1999999999999993,0.2345238095238109,4.571703705758131,2,0.0,1.0,0.0,True,train
2025-03-01 16:00:00+00:00,43128599999,2025-02-28 06:00:00+00:00,34,23.0,27.0,24.0,24.6,1.4166666666666667,-0.6087614290087209,0.7933533402912349,0.8494504794814806,0.527668345562516,-3.3000000000000007,-0.19409435642001865,-0.6000000000000014,0.8345238095238088,4.571703705758131,2,0.0,1.0,0.0,True,train
2025-03-01 17:00:00+00:00,43128599999,2025-02-28 06:00:00+00:00,35,23.0,27.0,22.0,23.8,1.4583333333333333,-0.38268343236508956,0.9238795325112868,0.8494504794814806,0.527668345562516,-3.3000000000000007,-0.17857542853531136,-1.8000000000000007,1.6345238095238095,4.571703705758131,2,0.0,1.0,0.0,True,train
2025-03-01 18:00:00+00:00,43128599999,2025-02-28 06:00:00+00:00,36,21.0,27.0,21.0,22.9,1.5,-0.13052619222005168,0.9914448613738104,0.8494504794814806,0.527668345562516,-3.3000000000000007,-0.16429732561395105,-1.8999999999999986,2.5345238095238116,4.571703705758131,2,0.0,1.0,0.0,True,train
2025-03-01 19:00:00+00:00,43128599999,2025-02-28 06:00:00+00:00,37,21.0,27.0,21.0,22.6,1.5416666666666667,0.13052619222005157,0.9914448613738104,0.8584015232918917,0.512978386299228,-3.3000000000000007,-0.1511608367696509,-1.6000000000000014,2.834523809523809,4.571703705758131,2,0.0,1.0,0.0,True,train
2025-03-01 20:00:00+00:00,43128599999,2025-02-28 06:00:00+00:00,38,21.0,27.0,21.0,22.8,1.5833333333333333,0.3826834323650898,0.9238795325112867,0.8584015232918917,0.512978386299228,-3.3000000000000007,-0.13907468358061217,-1.8000000000000007,2.6345238095238095,4.571703705758131,2,0.0,1.0,0.0,True,train
2025-03-01 21:00:00+00:00,43128599999,2025-02-28 06:00:00+00:00,39,,27.0,20.0,21.9,1.625,0.6087614290087207,0.7933533402912352,0.8584015232918917,0.512978386299228,-3.3000000000000007,-0.12795488584468265,-1.8999999999999986,3.5345238095238116,4.571703705758131,2,0.0,1.0,0.0,False,train
2025-03-01 22:00:00+00:00,43128599999,2025-02-28 06:00:00+00:00,40,20.0,27.0,20.0,20.9,1.6666666666666667,0.7933533402912352,0.6087614290087207,0.8584015232918917,0.512978386299228,-3.3000000000000007,-0.11772417804593292,-0.8999999999999986,4.534523809523812,4.571703705758131,2,0.0,1.0,0.0,True,train
2025-03-01 23:00:00+00:00,43128599999,2025-02-28 06:00:00+00:00,41,18.0,27.0,19.0,20.5,1.7083333333333333,0.9238795325112867,0.38268343236508984,0.8584015232918917,0.512978386299228,-3.3000000000000007,-0.10831147247798861,-1.5,4.93452380952381,4.571703705758131,2,0.0,1.0,0.0,True,train
2025-03-02 00:00:00+00:00,43128599999,2025-02-28 06:00:00+00:00,42,18.0,27.0,18.0,19.7,1.75,0.9914448613738104,0.1305261922200517,0.8584015232918917,0.512978386299228,-3.3000000000000007,-0.09965136529365107,-1.6999999999999993,5.734523809523811,4.571703705758131,2,0.0,1.0,0.0,True,train
2025-03-02 01:00:00+00:00,43128599999,2025-02-28 06:00:00+00:00,43,18.0,27.0,19.0,19.3,1.7916666666666667,0.9914448613738104,-0.1305261922200516,0.8584015232918917,0.512978386299228,-3.3000000000000007,-0.09168368204861005,-0.3000000000000007,6.1345238095238095,4.571703705758131,2,0.0,1.0,0.0,True,train
2025-03-02 02:00:00+00:00,43128599999,2025-02-28 06:00:00+00:00,44,20.0,27.0,20.0,21.1,1.8333333333333333,0.9238795325112868,-0.3826834323650895,0.8584015232918917,0.512978386299228,-3.3000000000000007,-0.08435305958147445,-1.1000000000000014,4.334523809523809,4.571703705758131,2,0.0,1.0,0.0,True,train
2025-03-02 03:00:00+00:00,43128599999,2025-02-28 06:00:00+00:00,45,23.0,27.0,23.0,25.0,1.875,0.7933533402912352,-0.6087614290087207,0.8584015232918917,0.512978386299228,-3.3000000000000007,-0.07760856132483007,-2.0,0.4345238095238102,4.571703705758131,2,0.0,1.0,0.0,True,train
2025-03-02 04:00:00+00:00,43128599999,2025-02-28 06:00:00+00:00,46,28.0,27.0,27.0,28.3,1.9166666666666667,0.6087614290087209,-0.793353340291235,0.8584015232918917,0.512978386299228,-3.3000000000000007,-0.07140332337432721,-1.3000000000000007,-2.8654761904761905,4.571703705758131,2,0.0,1.0,0.0,True,train
2025-03-02 05:00:00+00:00,43128599999,2025-02-28 06:00:00+00:00,47,31.0,27.0,27.0,30.7,1.9583333333333333,0.3826834323650899,-0.9238795325112867,0.8584015232918917,0.512978386299228,-3.3000000000000007,-0.06569422885652118,-3.6999999999999993,-5.265476190476189,4.571703705758131,2,0.0,1.0,0.0,True,train
2025-03-02 06:00:00+00:00,43128599999,2025-02-28 06:00:00+00:00,48,33.0,27.0,27.0,32.2,2.0,0.130526192220052,-0.9914448613738104,0.8584015232918917,0.512978386299228,-3.3000000000000007,-0.060441608332822805,-5.200000000000003,-6.765476190476193,4.571703705758131,2,0.0,1.0,0.0,True,train
2025-02-28 07:00:00+00:00,43279099999,2025-02-28 06:00:00+00:00,1,31.0,31.0,32.0,31.8,0.041666666666666664,-0.13052619222005177,-0.9914448613738104,0.8402480696078469,0.5422021592729844,-0.5,-0.46002220731466165,0.1999999999999993,-3.7107142857142854,2.3320498778227408,0,0.0,0.0,1.0,True,train
2025-02-28 08:00:00+00:00,43279099999,2025-02-28 06:00:00+00:00,2,32.0,31.0,32.0,31.9,0.08333333333333333,-0.38268343236508967,-0.9238795325112868,0.8402480696078469,0.5422021592729844,-0.5,-0.42324086244530706,0.10000000000000142,-3.8107142857142833,2.3320498778227408,0,0.0,0.0,1.0,True,train
2025-02-28 09:00:00+00:00,43279099999,2025-02-28 06:00:00+00:00,3,31.0,31.0,32.0,31.5,0.125,-0.6087614290087207,-0.7933533402912352,0.8402480696078469,0.5422021592729844,-0.5,-0.38940039153570244,0.5,-3.4107142857142847,2.3320498778227408,0,0.0,0.0,1.0,True,train
2025-02-28 10:00:00+00:00,43279099999,2025-02-28 06:00:00+00:00,4,31.0,31.0,32.0,30.9,0.16666666666666666,-0.7933533402912349,-0.6087614290087209,0.8402480696078469,0.5422021592729844,-0.5,-0.35826565528689464,1.1000000000000014,-2.8107142857142833,2.3320498778227408,0,0.0,0.0,1.0,True,train
2025-02-28 11:00:00+00:00,43279099999,2025-02-28 06:00:00+00:00,5,31.0,31.0,31.0,30.2,0.20833333333333334,-0.9238795325112868,-0.3826834323650895,0.8402480696078469,0.5422021592729844,-0.5,-0.3296203151002219,0.8000000000000007,-2.110714285714284,2.3320498778227408,0,0.0,0.0,1.0,True,train
2025-02-28 12:00:00+00:00,43279099999,2025-02-28 06:00:00+00:00,6,,31.0,29.0,29.5,0.25,-0.9914448613738104,-0.13052619222005163,0.8402480696078469,0.5422021592729844,-0.5,-0.3032653298563167,-0.5,-1.4107142857142847,2.3320498778227408,0,0.0,0.0,1.0,False,train
2025-02-28 13:00:00+00:00,43279099999,2025-02-28 06:00:00+00:00,7,,31.0,28.0,28.5,0.2916666666666667,-0.9914448613738105,0.13052619222005127,0.8402480696078469,0.5422021592729844,-0.5,-0.27901757288502355,-0.5,-0.4107142857142847,2.3320498778227408,0,0.0,0.0,1.0,False,train
2025-02-28 14:00:00+00:00,43279099999,2025-02-28 06:00:00+00:00,8,,31.0,28.0,28.1,0.3333333333333333,-0.923879532511287,0.38268343236508917,0.8402480696078469,0.5422021592729844,-0.5,-0.256708559516296,-0.10000000000000142,-0.01071428571428612,2.3320498778227408,0,0.0,0.0,1.0,False,train
2025-02-28 15:00:00+00:00,43279099999,2025-02-28 06:00:00+00:00,9,,31.0,28.0,28.0,0.375,-0.7933533402912357,0.6087614290087199,0.8402480696078469,0.5422021592729844,-0.5,-0.23618327637050734,0.0,0.0892857142857153,2.3320498778227408,0,0.0,0.0,1.0,False,train
2025-02-28 16:00:00+00:00,43279099999,2025-02-28 06:00:00+00:00,10,,31.0,28.0,27.9,0.4166666666666667,-0.6087614290087209,0.7933533402912349,0.8402480696078469,0.5422021592729844,-0.5,-0.2172991042535391,0.10000000000000142,0.18928571428571672,2.3320498778227408,0,0.0,0.0,1.0,False,train
2025-02-28 17:00:00+00:00,43279099999,2025-02-28 06:00:00+00:00,11,,31.0,28.0,27.6,0.4583333333333333,-0.38268343236508956,0.9238795325112868,0.8402480696078469,0.5422021592729844,-0.5,-0.19992482717242369,0.3999999999999986,0.4892857142857139,2.3320498778227408,0,0.0,0.0,1.0,False,train
2025-02-28 18:00:00+00:00,43279099999,2025-02-28 06:00:00+00:00,12,,31.0,27.0,27.4,0.5,-0.13052619222005168,0.9914448613738104,0.8402480696078469,0.5422021592729844,-0.5,-0.18393972058572117,-0.3999999999999986,0.6892857142857167,2.3320498778227408,0,0.0,0.0,1.0,False,train
2025-02-28 19:00:00+00:00,43279099999,2025-02-28 06:00:00+00:00,13,,31.0,27.0,26.9,0.5416666666666666,0.13052619222005157,0.9914448613738104,0.8494504794814806,0.527668345562516,-0.5,-0.1692327125533711,0.10000000000000142,1.1892857142857167,2.3320498778227408,0,0.0,0.0,1.0,False,train
2025-02-28 20:00:00+00:00,43279099999,2025-02-28 06:00:00+00:00,14,27.0,31.0,27.0,26.3,0.5833333333333334,0.3826834323650898,0.9238795325112867,0.8494504794814806,0.527668345562516,-0.5,-0.15570161195729884,0.6999999999999993,1.7892857142857146,2.3320498778227408,0,0.0,0.0,1.0,True,train
2025-02-28 21:00:00+00:00,43279099999,2025-02-28 06:00:00+00:00,15,27.0,31.0,27.0,25.6,0.625,0.6087614290087207,0.7933533402912352,0.8494504794814806,0.527668345562516,-0.5,-0.14325239843009505,1.3999999999999986,2.489285714285714,2.3320498778227408,0,0.0,0.0,1.0,True,train
2025-02-28 22:00:00+00:00,43279099999,2025-02-28 06:00:00+00:00,16,27.0,31.0,26.0,25.6,0.6666666666666666,0.7933533402912352,0.6087614290087207,0.8494504794814806,0.527668345562516,-0.5,-0.13179856905786339,0.3999999999999986,2.489285714285714,2.3320498778227408,0,0.0,0.0,1.0,True,train
2025-02-28 23:00:00+00:00,43279099999,2025-02-28 06:00:00+00:00,17,27.0,31.0,26.0,25.4,0.7083333333333334,0.9238795325112867,0.38268343236508984,0.8494504794814806,0.527668345562516,-0.5,-0.12126053731782434,0.6000000000000014,2.6892857142857167,2.3320498778227408,0,0.0,0.0,1.0,True,train
2025-03-01 00:00:00+00:00,43279099999,2025-02-28 06:00:00+00:00,18,27.0,31.0,25.0,25.0,0.75,0.9914448613738104,0.1305261922200517,0.8494504794814806,0.527668345562516,-0.5,-0.11156508007421491,0.0,3.0892857142857153,2.3320498778227408,0,0.0,0.0,1.0,True,train
2025-03-01 01:00:00+00:00,43279099999,2025-02-28 06:00:00+00:00,19,27.0,31.0,25.0,24.7,0.7916666666666666,0.9914448613738104,-0.1305261922200516,0.8494504794814806,0.527668345562516,-0.5,-0.10264482878995464,0.3000000000000007,3.389285714285716,2.3320498778227408,0,0.0,0.0,1.0,True,train
2025-03-01 02:00:00+00:00,43279099999,2025-02-28 06:00:00+00:00,20,27.0,31.0,26.0,25.7,0.8333333333333334,0.9238795325112868,-0.3826834323650895,0.8494504794814806,0.527668345562516,-0.5,-0.09443780141878091,0.3000000000000007,2.389285714285716,2.3320498778227408,0,0.0,0.0,1.0,True,train
2025-03-01 03:00:00+00:00,43279099999,2025-02-28 06:00:00+00:00,21,28.0,31.0,27.0,27.9,0.875,0.7933533402912352,-0.6087614290087207,0.8494504794814806,0.527668345562516,-0.5,-0.08688697172522257,-0.8999999999999986,0.18928571428571672,2.3320498778227408,0,0.0,0.0,1.0,True,train
2025-03-01 04:00:00+00:00,43279099999,2025-02-28 06:00:00+00:00,22,30.0,31.0,29.0,29.9,0.9166666666666666,0.6087614290087209,-0.793353340291235,0.8494504794814806,0.527668345562516,-0.5,-0.07993987303984695,-0.8999999999999986,-1.8107142857142833,2.3320498778227408,0,0.0,0.0,1.0,True,train
2025-03-01 05:00:00+00:00,43279099999,2025-02-28 06:00:00+00:00,23,30.0,31.0,29.0,31.3,0.9583333333333334,0.3826834323650899,-0.9238795325112867,0.8494504794814806,0.527668345562516,-0.5,-0.0735482336964884,-2.3000000000000007,-3.2107142857142854,2.3320498778227408,0,0.0,0.0,1.0,True,train
2025-03-01 06:00:00+00:00,43279099999,2025-02-28 06:00:00+00:00,24,31.0,31.0,31.0,32.0,1.0,0.130526192220052,-0.9914448613738104,0.8494504794814806,0.527668345562516,-0.5,-0.06766764161830635,-1.0,-3.9107142857142847,2.3320498778227408,0,0.0,0.0,1.0,True,train
2025-03-01 07:00:00+00:00,43279099999,2025-02-28 06:00:00+00:00,25,31.0,31.0,32.0,32.1,1.0416666666666667,-0.13052619222005177,-0.9914448613738104,0.8494504794814806,0.527668345562516,-0.5,-0.06225723572206148,-0.10000000000000142,-4.010714285714286,2.3320498778227408,0,0.0,0.0,1.0,True,train
2025-03-01 08:00:00+00:00,43279099999,2025-02-28 06:00:00+00:00,26,31.0,31.0,32.0,32.0,1.0833333333333333,-0.38268343236508967,-0.9238795325112868,0.8494504794814806,0.527668345562516,-0.5,-0.057279421996343866,0.0,-3.9107142857142847,2.3320498778227408,0,0.0,0.0,1.0,True,train
2025-03-01 09:00:00+00:00,43279099999,2025-02-28 06:00:00+00:00,27,31.0,31.0,32.0,31.4,1.125,-0.6087614290087207,-0.7933533402912352,0.8494504794814806,0.527668345562516,-0.5,-0.052699612280932166,0.6000000000000014,-3.3107142857142833,2.3320498778227408,0,0.0,0.0,1.0,True,train
2025-03-01 10:00:00+00:00,43279099999,2025-02-28 06:00:00+00:00,28,31.0,31.0,32.0,30.8,1.1666666666666667,-0.7933533402912349,-0.6087614290087209,0.8494504794814806,0.527668345562516,-0.5,-0.04848598393220253,1.1999999999999993,-2.7107142857142854,2.3320498778227408,0,0.0,0.0,1.0,True,train
2025-03-01 11:00:00+00:00,43279099999,2025-02-28 06:00:00+00:00,29,30.0,31.0,31.0,29.9,1.2083333333333333,-0.9238795325112868,-0.3826834323650895,0.8494504794814806,0.527668345562516,-0.5,-0.044609258704630055,1.1000000000000014,-1.8107142857142833,2.3320498778227408,0,0.0,0.0,1.0,True,train
2025-03-01 12:00:00+00:00,43279099999,2025-02-28 06:00:00+00:00,30,29.0,31.0,29.0,29.1,1.25,-0.9914448613738104,-0.13052619222005163,0.8494504794814806,0.527668345562516,-0.5,-0.0410424993119494,-0.10000000000000142,-1.0107142857142861,2.3320498778227408,0,0.0,0.0,1.0,True,train
2025-03-01 13:00:00+00:00,43279099999,2025-02-28 06:00:00+00:00,31,28.0,31.0,28.0,28.1,1.2916666666666667,-0.9914448613738105,0.13052619222005127,0.8494504794814806,0.527668345562516,-0.5,-0.03776092225438688,-0.10000000000000142,-0.01071428571428612,2.3320498778227408,0,0.0,0.0,1.0,True,train
2025-03-01 14:00:00+00:00,43279099999,2025-02-28 06:00:00+00:00,32,28.0,31.0,28.0,27.9,1.3333333333333333,-0.923879532511287,0.38268343236508917,0.8494504794814806,0.527668345562516,-0.5,-0.03474172561140077,0.10000000000000142,0.18928571428571672,2.3320498778227408,0,0.0,0.0,1.0,True,train
2025-03-01 15:00:00+00:00,43279099999,2025-02-28 06:00:00+00:00,33,28.0,31.0,28.0,27.7,1.375,-0.7933533402912357,0.6087614290087199,0.8494504794814806,0.527668345562516,-0.5,-0.031963930603353785,0.3000000000000007,0.389285714285716,2.3320498778227408,0,0.0,0.0,1.0,True,train
2025-03-01 16:00:00+00:00,43279099999,2025-02-28 06:00:00+00:00,34,28.0,31.0,28.0,27.5,1.4166666666666667,-0.6087614290087209,0.7933533402912349,0.8494504794814806,0.527668345562516,-0.5,-0.02940823582121494,0.5,0.5892857142857153,2.3320498778227408,0,0.0,0.0,1.0,True,train
2025-03-01 17:00:00+00:00,43279099999,2025-02-28 06:00:00+00:00,35,28.0,31.0,28.0,27.4,1.4583333333333333,-0.38268343236508956,0.9238795325112868,0.8494504794814806,0.527668345562516,-0.5,-0.027056883111410805,0.6000000000000014,0.6892857142857167,2.3320498778227408,0,0.0,0.0,1.0,True,train
2025-03-01 18:00:00+00:00,43279099999,2025-02-28 06:00:00+00:00,36,28.0,31.0,27.0,27.1,1.5,-0.13052619222005168,0.9914448613738104,0.8494504794814806,0.527668345562516,-0.5,-0.024893534183931972,-0.10000000000000142,0.9892857142857139,2.3320498778227408,0,0.0,0.0,1.0,True,train
2025-03-01 19:00:00+00:00,43279099999,2025-02-28 06:00:00+00:00,37,28.0,31.0,27.0,26.6,1.5416666666666667,0.13052619222005157,0.9914448613738104,0.8584015232918917,0.512978386299228,-0.5,-0.022903157086310737,0.3999999999999986,1.4892857142857139,2.3320498778227408,0,0.0,0.0,1.0,True,train
2025-03-01 20:00:00+00:00,43279099999,2025-02-28 06:00:00+00:00,38,28.0,31.0,27.0,26.2,1.5833333333333333,0.3826834323650898,0.9238795325112867,0.8584015232918917,0.512978386299228,-0.5,-0.021071921754638203,0.8000000000000007,1.889285714285716,2.3320498778227408,0,0.0,0.0,1.0,True,train
2025-03-01 21:00:00+00:00,43279099999,2025-02-28 06:00:00+00:00,39,27.0,31.0,27.0,25.6,1.625,0.6087614290087207,0.7933533402912352,0.8584015232918917,0.512978386299228,-0.5,-0.019387103915861004,1.3999999999999986,2.489285714285714,2.3320498778227408,0,0.0,0.0,1.0,True,train
2025-03-01 22:00:00+00:00,43279099999,2025-02-28 06:00:00+00:00,40,27.0,31.0,26.0,25.3,1.6666666666666667,0.7933533402912352,0.6087614290087207,0.8584015232918917,0.512978386299228,-0.5,-0.017836996673626197,0.6999999999999993,2.7892857142857146,2.3320498778227408,0,0.0,0.0,1.0,True,train
2025-03-01 23:00:00+00:00,43279099999,2025-02-28 06:00:00+00:00,41,27.0,31.0,26.0,24.8,1.7083333333333333,0.9238795325112867,0.38268343236508984,0.8584015232918917,0.512978386299228,-0.5,-0.016410829163331603,1.1999999999999993,3.2892857142857146,2.3320498778227408,0,0.0,0.0,1.0,True,train
2025-03-02 00:00:00+00:00,43279099999,2025-02-28 06:00:00+00:00,42,26.0,31.0,25.0,24.4,1.75,0.9914448613738104,0.1305261922200517,0.8584015232918917,0.512978386299228,-0.5,-0.01509869171115925,0.6000000000000014,3.6892857142857167,2.3320498778227408,0,0.0,0.0,1.0,True,train
2025-03-02 01:00:00+00:00,43279099999,2025-02-28 06:00:00+00:00,43,26.0,31.0,25.0,24.1,1.7916666666666667,0.9914448613738104,-0.1305261922200516,0.8584015232918917,0.512978386299228,-0.5,-0.013891466977062126,0.8999999999999986,3.989285714285714,2.3320498778227408,0,0.0,0.0,1.0,True,train
2025-03-02 02:00:00+00:00,43279099999,2025-02-28 06:00:00+00:00,44,27.0,31.0,26.0,25.1,1.8333333333333333,0.9238795325112868,-0.3826834323650895,0.8584015232918917,0.512978386299228,-0.5,-0.012780766603253701,0.8999999999999986,2.989285714285714,2.3320498778227408,0,0.0,0.0,1.0,True,train
2025-03-02 03:00:00+00:00,43279099999,2025-02-28 06:00:00+00:00,45,29.0,31.0,27.0,27.5,1.875,0.7933533402912352,-0.6087614290087207,0.8584015232918917,0.512978386299228,-0.5,-0.011758872928004553,-0.5,0.5892857142857153,2.3320498778227408,0,0.0,0.0,1.0,True,train
2025-03-02 04:00:00+00:00,43279099999,2025-02-28 06:00:00+00:00,46,31.0,31.0,29.0,29.6,1.9166666666666667,0.6087614290087209,-0.793353340291235,0.8584015232918917,0.512978386299228,-0.5,-0.010818685359746545,-0.6000000000000014,-1.5107142857142861,2.3320498778227408,0,0.0,0.0,1.0,True,train
2025-03-02 05:00:00+00:00,43279099999,2025-02-28 06:00:00+00:00,47,32.0,31.0,29.0,31.3,1.9583333333333333,0.3826834323650899,-0.9238795325112867,0.8584015232918917,0.512978386299228,-0.5,-0.009953671038866843,-2.3000000000000007,-3.2107142857142854,2.3320498778227408,0,0.0,0.0,1.0,True,train
2025-03-02 06:00:00+00:00,43279099999,2025-02-28 06:00:00+00:00,48,32.0,31.0,31.0,32.4,2.0,0.130526192220052,-0.9914448613738104,0.8584015232918917,0.512978386299228,-0.5,-0.00915781944436709,-1.3999999999999986,-4.310714285714283,2.3320498778227408,0,0.0,0.0,1.0,True,train
2025-03-08 07:00:00+00:00,42410099999,2025-03-08 06:00:00+00:00,1,28.0,27.0,28.0,26.3,0.041666666666666664,-0.13052619222005177,-0.9914448613738104,0.9066860720977985,0.4218060770826634,1.1000000000000014,1.012048856092257,1.6999999999999993,-3.948809523809526,4.856438878722395,0,1.0,0.0,0.0,True,train
2025-03-08 08:00:00+00:00,42410099999,2025-03-08 06:00:00+00:00,2,27.0,27.0,29.0,26.7,0.08333333333333333,-0.38268343236508967,-0.9238795325112868,0.9066860720977985,0.4218060770826634,1.1000000000000014,0.9311298973796768,2.3000000000000007,-4.348809523809525,4.856438878722395,0,1.0,0.0,0.0,True,train
2025-03-08 09:00:00+00:00,42410099999,2025-03-08 06:00:00+00:00,3,28.0,27.0,29.0,26.8,0.125,-0.6087614290087207,-0.7933533402912352,0.9066860720977985,0.4218060770826634,1.1000000000000014,0.8566808613785465,2.1999999999999993,-4.448809523809526,4.856438878722395,0,1.0,0.0,0.0,True,train
2025-03-08 10:00:00+00:00,42410099999,2025-03-08 06:00:00+00:00,4,27.0,27.0,28.0,26.0,0.16666666666666666,-0.7933533402912349,-0.6087614290087209,0.9066860720977985,0.4218060770826634,1.1000000000000014,0.7881844416311692,2.0,-3.6488095238095255,4.856438878722395,0,1.0,0.0,0.0,True,train
2025-03-08 11:00:00+00:00,42410099999,2025-03-08 06:00:00+00:00,5,27.0,27.0,27.0,24.3,0.20833333333333334,-0.9238795325112868,-0.3826834323650895,0.9066860720977985,0.4218060770826634,1.1000000000000014,0.725164693220489,2.6999999999999993,-1.9488095238095262,4.856438878722395,0,1.0,0.0,0.0,True,train
2025-03-08 12:00:00+00:00,42410099999,2025-03-08 06:00:00+00:00,6,26.0,27.0,26.0,22.1,0.25,-0.9914448613738104,-0.13052619222005163,0.9066860720977985,0.4218060770826634,1.1000000000000014,0.6671837256838976,3.8999999999999986,0.2511904761904731,4.856438878722395,0,1.0,0.0,0.0,True,train
2025-03-08 13:00:00+00:00,42410099999,2025-03-08 06:00:00+00:00,7,22.0,27.0,23.0,21.2,0.2916666666666667,-0.9914448613738105,0.13052619222005127,0.9066860720977985,0.4218060770826634,1.1000000000000014,0.6138386603470526,1.8000000000000007,1.1511904761904752,4.856438878722395,0,1.0,0.0,0.0,True,train
2025-03-08 14:00:00+00:00,42410099999,2025-03-08 06:00:00+00:00,8,22.0,27.0,22.0,20.6,0.3333333333333333,-0.923879532511287,0.38268343236508917,0.9066860720977985,0.4218060770826634,1.1000000000000014,0.564758830935852,1.3999999999999986,1.751190476190473,4.856438878722395,0,1.0,0.0,0.0,True,train
2025-03-08 15:00:00+00:00,42410099999,2025-03-08 06:00:00+00:00,9,21.0,27.0,21.0,20.2,0.375,-0.7933533402912357,0.6087614290087199,0.9066860720977985,0.4218060770826634,1.1000000000000014,0.5196032080151168,0.8000000000000007,2.151190476190475,4.856438878722395,0,1.0,0.0,0.0,True,train
2025-03-08 16:00:00+00:00,42410099999,2025-03-08 06:00:00+00:00,10,20.0,27.0,21.0,19.7,0.4166666666666667,-0.6087614290087209,0.7933533402912349,0.9066860720977985,0.4218060770826634,1.1000000000000014,0.47805802935778663,1.3000000000000007,2.651190476190475,4.856438878722395,0,1.0,0.0,0.0,True,train
2025-03-08 17:00:00+00:00,42410099999,2025-03-08 06:00:00+00:00,11,19.0,27.0,21.0,18.7,0.4583333333333333,-0.38268343236508956,0.9238795325112868,0.9066860720977985,0.4218060770826634,1.1000000000000014,0.4398346197793327,2.3000000000000007,3.651190476190475,4.856438878722395,0,1.0,0.0,0.0,True,train
2025-03-08 18:00:00+00:00,42410099999,2025-03-08 06:00:00+00:00,12,19.0,27.0,20.0,18.4,0.5,-0.13052619222005168,0.9914448613738104,0.9066860720977985,0.4218060770826634,1.1000000000000014,0.4046673852885871,1.6000000000000014,3.951190476190476,4.856438878722395,0,1.0,0.0,0.0,True,train
2025-03-08 19:00:00+00:00,42410099999,2025-03-08 06:00:00+00:00,13,18.0,27.0,19.0,17.0,0.5416666666666666,0.13052619222005157,0.9914448613738104,0.9138076496466615,0.4061472386305789,1.1000000000000014,0.3723119676174169,2.0,5.3511904761904745,4.856438878722395,0,1.0,0.0,0.0,True,train
2025-03-08 20:00:00+00:00,42410099999,2025-03-08 06:00:00+00:00,14,17.0,27.0,18.0,17.6,0.5833333333333334,0.3826834323650898,0.9238795325112867,0.9138076496466615,0.4061472386305789,1.1000000000000014,0.3425435463060579,0.3999999999999986,4.751190476190473,4.856438878722395,0,1.0,0.0,0.0,True,train
2025-03-08 21:00:00+00:00,42410099999,2025-03-08 06:00:00+00:00,15,17.0,27.0,18.0,17.5,0.625,0.6087614290087207,0.7933533402912352,0.9138076496466615,0.4061472386305789,1.1000000000000014,0.3151552765462095,0.5,4.8511904761904745,4.856438878722395,0,1.0,0.0,0.0,True,train
2025-03-08 22:00:00+00:00,42410099999,2025-03-08 06:00:00+00:00,16,16.0,27.0,17.0,17.1,0.6666666666666666,0.7933533402912352,0.6087614290087207,0.9138076496466615,0.4061472386305789,1.1000000000000014,0.2899568519272998,-0.10000000000000142,5.251190476190473,4.856438878722395,0,1.0,0.0,0.0,True,train
2025-03-08 23:00:00+00:00,42410099999,2025-03-08 06:00:00+00:00,17,18.0,27.0,17.0,16.6,0.7083333333333334,0.9238795325112867,0.38268343236508984,0.9138076496466615,0.4061472386305789,1.1000000000000014,0.2667731820992139,0.3999999999999986,5.751190476190473,4.856438878722395,0,1.0,0.0,0.0,True,train
2025-03-09 00:00:00+00:00,42410099999,2025-03-08 06:00:00+00:00,18,16.0,27.0,17.0,16.4,0.75,0.9914448613738104,0.1305261922200517,0.9138076496466615,0.4061472386305789,1.1000000000000014,0.24544317616327313,0.6000000000000014,5.951190476190476,4.856438878722395,0,1.0,0.0,0.0,True,train
2025-03-09 01:00:00+00:00,42410099999,2025-03-08 06:00:00+00:00,19,18.0,27.0,17.0,16.8,0.7916666666666666,0.9914448613738104,-0.1305261922200516,0.9138076496466615,0.4061472386305789,1.1000000000000014,0.22581862333790048,0.1999999999999993,5.551190476190474,4.856438878722395,0,1.0,0.0,0.0,True,train
2025-03-09 02:00:00+00:00,42410099999,2025-03-08 06:00:00+00:00,20,19.0,27.0,19.0,18.1,0.8333333333333334,0.9238795325112868,-0.3826834323650895,0.9138076496466615,0.4061472386305789,1.1000000000000014,0.2077631631213183,0.8999999999999986,4.251190476190473,4.856438878722395,0,1.0,0.0,0.0,True,train
2025-03-09 03:00:00+00:00,42410099999,2025-03-08 06:00:00+00:00,21,21.0,27.0,22.0,20.4,0.875,0.7933533402912352,-0.6087614290087207,0.9138076496466615,0.4061472386305789,1.1000000000000014,0.1911513377954899,1.6000000000000014,1.951190476190476,4.856438878722395,0,1.0,0.0,0.0,True,train
2025-03-09 04:00:00+00:00,42410099999,2025-03-08 06:00:00+00:00,22,23.0,27.0,24.0,22.6,0.9166666666666666,0.6087614290087209,-0.793353340291235,0.9138076496466615,0.4061472386305789,1.1000000000000014,0.17586772068766351,1.3999999999999986,-0.24880952380952692,4.856438878722395,0,1.0,0.0,0.0,True,train
2025-03-09 05:00:00+00:00,42410099999,2025-03-08 06:00:00+00:00,23,25.0,27.0,26.0,24.7,0.9583333333333334,0.3826834323650899,-0.9238795325112867,0.9138076496466615,0.4061472386305789,1.1000000000000014,0.1618061141322747,1.3000000000000007,-2.348809523809525,4.856438878722395,0,1.0,0.0,0.0,True,train
2025-03-09 06:00:00+00:00,42410099999,2025-03-08 06:00:00+00:00,24,26.0,27.0,27.0,26.1,1.0,0.130526192220052,-0.9914448613738104,0.9138076496466615,0.4061472386305789,1.1000000000000014,0.14886881156027418,0.8999999999999986,-3.748809523809527,4.856438878722395,0,1.0,0.0,0.0,True,train
2025-03-09 07:00:00+00:00,42410099999,2025-03-08 06:00:00+00:00,25,27.0,27.0,28.0,27.4,1.0416666666666667,-0.13052619222005177,-0.9914448613738104,0.9138076496466615,0.4061472386305789,1.1000000000000014,0.13696591858853543,0.6000000000000014,-5.048809523809524,4.856438878722395,0,1.0,0.0,0.0,True,train
2025-03-09 08:00:00+00:00,42410099999,2025-03-08 06:00:00+00:00,26,28.0,27.0,29.0,28.1,1.0833333333333333,-0.38268343236508967,-0.9238795325112868,0.9138076496466615,0.4061472386305789,1.1000000000000014,0.12601472839195665,0.8999999999999986,-5.748809523809527,4.856438878722395,0,1.0,0.0,0.0,True,train
2025-03-09 09:00:00+00:00,42410099999,2025-03-08 06:00:00+00:00,27,28.0,27.0,29.0,28.2,1.125,-0.6087614290087207,-0.7933533402912352,0.9138076496466615,0.4061472386305789,1.1000000000000014,0.11593914701805091,0.8000000000000007,-5.848809523809525,4.856438878722395,0,1.0,0.0,0.0,True,train
2025-03-09 10:00:00+00:00,42410099999,2025-03-08 06:00:00+00:00,28,28.0,27.0,28.0,27.6,1.1666666666666667,-0.7933533402912349,-0.6087614290087209,0.9138076496466615,0.4061472386305789,1.1000000000000014,0.1066691646508457,0.3999999999999986,-5.248809523809527,4.856438878722395,0,1.0,0.0,0.0,True,train
2025-03-09 11:00:00+00:00,42410099999,2025-03-08 06:00:00+00:00,29,27.0,27.0,27.0,25.5,1.2083333333333333,-0.9238795325112868,-0.3826834323650895,0.9138076496466615,0.4061472386305789,1.1000000000000014,0.09814036915018624,1.5,-3.1488095238095255,4.856438878722395,0,1.0,0.0,0.0,True,train
2025-03-09 12:00:00+00:00,42410099999,2025-03-08 06:00:00+00:00,30,26.0,27.0,26.0,22.9,1.25,-0.9914448613738104,-0.13052619222005163,0.9138076496466615,0.4061472386305789,1.1000000000000014,0.0902934984862888,3.1000000000000014,-0.5488095238095241,4.856438878722395,0,1.0,0.0,0.0,True,train
2025-03-09 13:00:00+00:00,42410099999,2025-03-08 06:00:00+00:00,31,24.0,27.0,23.0,22.0,1.2916666666666667,-0.9914448613738105,0.13052619222005127,0.9138076496466615,0.4061472386305789,1.1000000000000014,0.08307402895965124,1.0,0.3511904761904745,4.856438878722395,0,1.0,0.0,0.0,True,train
2025-03-09 14:00:00+00:00,42410099999,2025-03-08 06:00:00+00:00,32,22.0,27.0,22.0,21.3,1.3333333333333333,-0.923879532511287,0.38268343236508917,0.9138076496466615,0.4061472386305789,1.1000000000000014,0.07643179634508179,0.6999999999999993,1.0511904761904738,4.856438878722395,0,1.0,0.0,0.0,True,train
2025-03-09 15:00:00+00:00,42410099999,2025-03-08 06:00:00+00:00,33,21.0,27.0,21.0,19.9,1.375,-0.7933533402912357,0.6087614290087199,0.9138076496466615,0.4061472386305789,1.1000000000000014,0.07032064732737842,1.1000000000000014,2.451190476190476,4.856438878722395,0,1.0,0.0,0.0,True,train
2025-03-09 16:00:00+00:00,42410099999,2025-03-08 06:00:00+00:00,34,20.0,27.0,21.0,18.5,1.4166666666666667,-0.6087614290087209,0.7933533402912349,0.9138076496466615,0.4061472386305789,1.1000000000000014,0.06469811880667295,2.5,3.8511904761904745,4.856438878722395,0,1.0,0.0,0.0,True,train
2025-03-09 17:00:00+00:00,42410099999,2025-03-08 06:00:00+00:00,35,19.0,27.0,21.0,18.0,1.4583333333333333,-0.38268343236508956,0.9238795325112868,0.9138076496466615,0.4061472386305789,1.1000000000000014,0.059525142845103844,3.0,4.3511904761904745,4.856438878722395,0,1.0,0.0,0.0,True,train
2025-03-09 18:00:00+00:00,42410099999,2025-03-08 06:00:00+00:00,36,19.0,27.0,20.0,17.4,1.5,-0.13052619222005168,0.9914448613738104,0.9138076496466615,0.4061472386305789,1.1000000000000014,0.05476577520465041,2.6000000000000014,4.951190476190476,4.856438878722395,0,1.0,0.0,0.0,True,train
2025-03-09 19:00:00+00:00,42410099999,2025-03-08 06:00:00+00:00,37,18.0,27.0,19.0,17.1,1.5416666666666667,0.13052619222005157,0.9914448613738104,0.9206588168102428,0.3903682146763026,1.1000000000000014,0.050386945589883686,1.8999999999999986,5.251190476190473,4.856438878722395,0,1.0,0.0,0.0,True,train
2025-03-09 20:00:00+00:00,42410099999,2025-03-08 06:00:00+00:00,38,18.0,27.0,18.0,17.0,1.5833333333333333,0.3826834323650898,0.9238795325112867,0.9206588168102428,0.3903682146763026,1.1000000000000014,0.046358227860204104,1.0,5.3511904761904745,4.856438878722395,0,1.0,0.0,0.0,True,train
2025-03-09 21:00:00+00:00,42410099999,2025-03-08 06:00:00+00:00,39,17.0,27.0,18.0,16.6,1.625,0.6087614290087207,0.7933533402912352,0.9206588168102428,0.3903682146763026,1.1000000000000014,0.042651628614894264,1.3999999999999986,5.751190476190473,4.856438878722395,0,1.0,0.0,0.0,True,train
2025-03-09 22:00:00+00:00,42410099999,2025-03-08 06:00:00+00:00,40,16.0,27.0,17.0,16.4,1.6666666666666667,0.7933533402912352,0.6087614290087207,0.9206588168102428,0.3903682146763026,1.1000000000000014,0.03924139268197768,0.6000000000000014,5.951190476190476,4.856438878722395,0,1.0,0.0,0.0,True,train
2025-03-09 23:00:00+00:00,42410099999,2025-03-08 06:00:00+00:00,41,15.0,27.0,17.0,15.8,1.7083333333333333,0.9238795325112867,0.38268343236508984,0.9206588168102428,0.3903682146763026,1.1000000000000014,0.03610382415932958,1.1999999999999993,6.551190476190474,4.856438878722395,0,1.0,0.0,0.0,True,train
2025-03-10 00:00:00+00:00,42410099999,2025-03-08 06:00:00+00:00,42,16.0,27.0,17.0,15.3,1.75,0.9914448613738104,0.1305261922200517,0.9206588168102428,0.3903682146763026,1.1000000000000014,0.03321712176455039,1.6999999999999993,7.051190476190474,4.856438878722395,0,1.0,0.0,0.0,True,train
2025-03-10 01:00:00+00:00,42410099999,2025-03-08 06:00:00+00:00,43,17.0,27.0,17.0,16.1,1.7916666666666667,0.9914448613738104,-0.1305261922200516,0.9206588168102428,0.3903682146763026,1.1000000000000014,0.030561227349536715,0.8999999999999986,6.251190476190473,4.856438878722395,0,1.0,0.0,0.0,True,train
2025-03-10 02:00:00+00:00,42410099999,2025-03-08 06:00:00+00:00,44,19.0,27.0,19.0,18.4,1.8333333333333333,0.9238795325112868,-0.3826834323650895,0.9206588168102428,0.3903682146763026,1.1000000000000014,0.028117686527158178,0.6000000000000014,3.951190476190476,4.856438878722395,0,1.0,0.0,0.0,True,train
2025-03-10 03:00:00+00:00,42410099999,2025-03-08 06:00:00+00:00,45,22.0,27.0,22.0,21.1,1.875,0.7933533402912352,-0.6087614290087207,0.9206588168102428,0.3903682146763026,1.1000000000000014,0.02586952044161005,0.8999999999999986,1.251190476190473,4.856438878722395,0,1.0,0.0,0.0,True,train
2025-03-10 04:00:00+00:00,42410099999,2025-03-08 06:00:00+00:00,46,25.0,27.0,24.0,23.3,1.9166666666666667,0.6087614290087209,-0.793353340291235,0.9206588168102428,0.3903682146763026,1.1000000000000014,0.02380110779144243,0.6999999999999993,-0.9488095238095262,4.856438878722395,0,1.0,0.0,0.0,True,train
2025-03-10 05:00:00+00:00,42410099999,2025-03-08 06:00:00+00:00,47,26.0,27.0,26.0,25.5,1.9583333333333333,0.3826834323650899,-0.9238795325112867,0.9206588168102428,0.3903682146763026,1.1000000000000014,0.021898076285507082,0.5,-3.1488095238095255,4.856438878722395,0,1.0,0.0,0.0,True,train
2025-03-10 06:00:00+00:00,42410099999,2025-03-08 06:00:00+00:00,48,28.0,27.0,27.0,27.3,2.0,0.130526192220052,-0.9914448613738104,0.9206588168102428,0.3903682146763026,1.1000000000000014,0.020147202777607624,-0.3000000000000007,-4.948809523809526,4.856438878722395,0,1.0,0.0,0.0,True,train
2025-03-08 07:00:00+00:00,43128599999,2025-03-08 06:00:00+00:00,1,34.0,33.0,33.0,33.5,0.041666666666666664,-0.13052619222005177,-0.9914448613738104,0.9066860720977985,0.4218060770826634,0.3999999999999986,0.368017765851728,-0.5,-6.7261904761904745,5.485589759664668,0,0.0,1.0,0.0,True,train
2025-03-08 08:00:00+00:00,43128599999,2025-03-08 06:00:00+00:00,2,34.0,33.0,33.0,34.2,0.08333333333333333,-0.38268343236508967,-0.9238795325112868,0.9066860720977985,0.4218060770826634,0.3999999999999986,0.3385926899562445,-1.2000000000000028,-7.426190476190477,5.485589759664668,0,0.0,1.0,0.0,True,train
2025-03-08 09:00:00+00:00,43128599999,2025-03-08 06:00:00+00:00,3,36.0,33.0,34.0,34.6,0.125,-0.6087614290087207,-0.7933533402912352,0.9066860720977985,0.4218060770826634,0.3999999999999986,0.31152031322856083,-0.6000000000000014,-7.826190476190476,5.485589759664668,0,0.0,1.0,0.0,True,train
2025-03-08 10:00:00+00:00,43128599999,2025-03-08 06:00:00+00:00,4,35.0,33.0,35.0,34.8,0.16666666666666666,-0.7933533402912349,-0.6087614290087209,0.9066860720977985,0.4218060770826634,0.3999999999999986,0.28661252422951466,0.20000000000000284,-8.026190476190472,5.485589759664668,0,0.0,1.0,0.0,True,train
2025-03-08 11:00:00+00:00,43128599999,2025-03-08 06:00:00+00:00,5,35.0,33.0,34.0,34.5,0.20833333333333334,-0.9238795325112868,-0.3826834323650895,0.9066860720977985,0.4218060770826634,0.3999999999999986,0.26369625208017655,-0.5,-7.7261904761904745,5.485589759664668,0,0.0,1.0,0.0,True,train
2025-03-08 12:00:00+00:00,43128599999,2025-03-08 06:00:00+00:00,6,33.0,33.0,32.0,32.7,0.25,-0.9914448613738104,-0.13052619222005163,0.9066860720977985,0.4218060770826634,0.3999999999999986,0.2426122638850525,-0.7000000000000028,-5.926190476190477,5.485589759664668,0,0.0,1.0,0.0,True,train
2025-03-08 13:00:00+00:00,43128599999,2025-03-08 06:00:00+00:00,7,31.0,33.0,28.0,28.7,0.2916666666666667,-0.9914448613738105,0.13052619222005127,0.9066860720977985,0.4218060770826634,0.3999999999999986,0.22321405830801805,-0.6999999999999993,-1.9261904761904738,5.485589759664668,0,0.0,1.0,0.0,True,train
2025-03-08 14:00:00+00:00,43128599999,2025-03-08 06:00:00+00:00,8,28.0,33.0,27.0,27.0,0.3333333333333333,-0.923879532511287,0.38268343236508917,0.9066860720977985,0.4218060770826634,0.3999999999999986,0.20536684761303609,0.0,-0.2261904761904745,5.485589759664668,0,0.0,1.0,0.0,True,train
2025-03-08 15:00:00+00:00,43128599999,2025-03-08 06:00:00+00:00,9,27.0,33.0,26.0,25.5,0.375,-0.7933533402912357,0.6087614290087199,0.9066860720977985,0.4218060770826634,0.3999999999999986,0.1889466210964052,0.5,1.2738095238095255,5.485589759664668,0,0.0,1.0,0.0,True,train
2025-03-08 16:00:00+00:00,43128599999,2025-03-08 06:00:00+00:00,10,,33.0,25.0,24.1,0.4166666666666667,-0.6087614290087209,0.7933533402912349,0.9066860720977985,0.4218060770826634,0.3999999999999986,0.17383928340283067,0.8999999999999986,2.673809523809524,5.485589759664668,0,0.0,1.0,0.0,False,train
2025-03-08 17:00:00+00:00,43128599999,2025-03-08 06:00:00+00:00,11,25.0,33.0,23.0,23.3,0.4583333333333333,-0.38268343236508956,0.9238795325112868,0.9066860720977985,0.4218060770826634,0.3999999999999986,0.1599398617379384,-0.3000000000000007,3.473809523809525,5.485589759664668,0,0.0,1.0,0.0,True,train
2025-03-08 18:00:00+00:00,43128599999,2025-03-08 06:00:00+00:00,12,24.0,33.0,22.0,22.3,0.5,-0.13052619222005168,0.9914448613738104,0.9066860720977985,0.4218060770826634,0.3999999999999986,0.1471517764685764,-0.3000000000000007,4.473809523809525,5.485589759664668,0,0.0,1.0,0.0,True,train
2025-03-08 19:00:00+00:00,43128599999,2025-03-08 06:00:00+00:00,13,23.0,33.0,21.0,21.9,0.5416666666666666,0.13052619222005157,0.9914448613738104,0.9138076496466615,0.4061472386305789,0.3999999999999986,0.1353861700426964,-0.8999999999999986,4.873809523809527,5.485589759664668,0,0.0,1.0,0.0,True,train
2025-03-08 20:00:00+00:00,43128599999,2025-03-08 06:00:00+00:00,14,22.0,33.0,21.0,21.7,0.5833333333333334,0.3826834323650898,0.9238795325112867,0.9138076496466615,0.4061472386305789,0.3999999999999986,0.12456128956583863,-0.6999999999999993,5.073809523809526,5.485589759664668,0,0.0,1.0,0.0,True,train
2025-03-08 21:00:00+00:00,43128599999,2025-03-08 06:00:00+00:00,15,21.0,33.0,19.0,21.7,0.625,0.6087614290087207,0.7933533402912352,0.9138076496466615,0.4061472386305789,0.3999999999999986,0.11460191874407563,-2.6999999999999993,5.073809523809526,5.485589759664668,0,0.0,1.0,0.0,True,train
2025-03-08 22:00:00+00:00,43128599999,2025-03-08 06:00:00+00:00,16,21.0,33.0,19.0,20.8,0.6666666666666666,0.7933533402912352,0.6087614290087207,0.9138076496466615,0.4061472386305789,0.3999999999999986,0.10543885524629033,-1.8000000000000007,5.973809523809525,5.485589759664668,0,0.0,1.0,0.0,True,train
2025-03-08 23:00:00+00:00,43128599999,2025-03-08 06:00:00+00:00,17,20.0,33.0,18.0,20.3,0.7083333333333334,0.9238795325112867,0.38268343236508984,0.9138076496466615,0.4061472386305789,0.3999999999999986,0.09700842985425913,-2.3000000000000007,6.473809523809525,5.485589759664668,0,0.0,1.0,0.0,True,train
2025-03-09 00:00:00+00:00,43128599999,2025-03-08 06:00:00+00:00,18,21.0,33.0,18.0,19.9,0.75,0.9914448613738104,0.1305261922200517,0.9138076496466615,0.4061472386305789,0.3999999999999986,0.08925206405937161,-1.8999999999999986,6.873809523809527,5.485589759664668,0,0.0,1.0,0.0,True,train
2025-03-09 01:00:00+00:00,43128599999,2025-03-08 06:00:00+00:00,19,20.0,33.0,20.0,19.3,0.7916666666666666,0.9914448613738104,-0.1305261922200516,0.9138076496466615,0.4061472386305789,0.3999999999999986,0.08211586303196342,0.6999999999999993,7.473809523809525,5.485589759664668,0,0.0,1.0,0.0,True,train
2025-03-09 02:00:00+00:00,43128599999,2025-03-08 06:00:00+00:00,20,21.0,33.0,21.0,21.5,0.8333333333333334,0.9238795325112868,-0.3826834323650895,0.9138076496466615,0.4061472386305789,0.3999999999999986,0.07555024113502447,-0.5,5.2738095238095255,5.485589759664668,0,0.0,1.0,0.0,True,train
2025-03-09 03:00:00+00:00,43128599999,2025-03-08 06:00:00+00:00,21,24.0,33.0,27.0,25.2,0.875,0.7933533402912352,-0.6087614290087207,0.9138076496466615,0.4061472386305789,0.3999999999999986,0.06950957738017781,1.8000000000000007,1.5738095238095262,5.485589759664668,0,0.0,1.0,0.0,True,train
2025-03-09 04:00:00+00:00,43128599999,2025-03-08 06:00:00+00:00,22,28.0,33.0,31.0,28.7,0.9166666666666666,0.6087614290087209,-0.793353340291235,0.9138076496466615,0.4061472386305789,0.3999999999999986,0.06395189843187733,2.3000000000000007,-1.9261904761904738,5.485589759664668,0,0.0,1.0,0.0,True,train
2025-03-09 05:00:00+00:00,43128599999,2025-03-08 06:00:00+00:00,23,31.0,33.0,34.0,31.0,0.9583333333333334,0.3826834323650899,-0.9238795325112867,0.9138076496466615,0.4061472386305789,0.3999999999999986,0.05883858695719051,3.0,-4.2261904761904745,5.485589759664668,0,0.0,1.0,0.0,True,train
2025-03-09 06:00:00+00:00,43128599999,2025-03-08 06:00:00+00:00,24,32.0,33.0,33.0,32.3,1.0,0.130526192220052,-0.9914448613738104,0.9138076496466615,0.4061472386305789,0.3999999999999986,0.05413411329464489,0.7000000000000028,-5.526190476190472,5.485589759664668,0,0.0,1.0,0.0,True,train
2025-03-09 07:00:00+00:00,43128599999,2025-03-08 06:00:00+00:00,25,33.0,33.0,33.0,33.4,1.0416666666666667,-0.13052619222005177,-0.9914448613738104,0.9138076496466615,0.4061472386305789,0.3999999999999986,0.04980578857764901,-0.3999999999999986,-6.626190476190473,5.485589759664668,0,0.0,1.0,0.0,True,train
2025-03-09 08:00:00+00:00,43128599999,2025-03-08 06:00:00+00:00,26,34.0,33.0,33.0,34.2,1.0833333333333333,-0.38268343236508967,-0.9238795325112868,0.9138076496466615,0.4061472386305789,0.3999999999999986,0.04582353759707493,-1.2000000000000028,-7.426190476190477,5.485589759664668,0,0.0,1.0,0.0,True,train
2025-03-09 09:00:00+00:00,43128599999,2025-03-08 06:00:00+00:00,27,34.0,33.0,34.0,34.5,1.125,-0.6087614290087207,-0.7933533402912352,0.9138076496466615,0.4061472386305789,0.3999999999999986,0.042159689824745585,-0.5,-7.7261904761904745,5.485589759664668,0,0.0,1.0,0.0,True,train
2025-03-09 10:00:00+00:00,43128599999,2025-03-08 06:00:00+00:00,28,34.0,33.0,35.0,34.2,1.1666666666666667,-0.7933533402912349,-0.6087614290087209,0.9138076496466615,0.4061472386305789,0.3999999999999986,0.03878878714576189,0.7999999999999972,-7.426190476190477,5.485589759664668,0,0.0,1.0,0.0,True,train
2025-03-09 11:00:00+00:00,43128599999,2025-03-08 06:00:00+00:00,29,33.0,33.0,34.0,33.5,1.2083333333333333,-0.9238795325112868,-0.3826834323650895,0.9138076496466615,0.4061472386305789,0.3999999999999986,0.03568740696370392,0.5,-6.7261904761904745,5.485589759664668,0,0.0,1.0,0.0,True,train
2025-03-09 12:00:00+00:00,43128599999,2025-03-08 06:00:00+00:00,30,31.0,33.0,32.0,32.1,1.25,-0.9914448613738104,-0.13052619222005163,0.9138076496466615,0.4061472386305789,0.3999999999999986,0.032833999449559406,-0.10000000000000142,-5.326190476190476,5.485589759664668,0,0.0,1.0,0.0,True,train
2025-03-09 13:00:00+00:00,43128599999,2025-03-08 06:00:00+00:00,31,29.0,33.0,28.0,29.5,1.2916666666666667,-0.9914448613738105,0.13052619222005127,0.9138076496466615,0.4061472386305789,0.3999999999999986,0.030208737803509397,-1.5,-2.7261904761904745,5.485589759664668,0,0.0,1.0,0.0,True,train
2025-03-09 14:00:00+00:00,43128599999,2025-03-08 06:00:00+00:00,32,27.0,33.0,27.0,28.0,1.3333333333333333,-0.923879532511287,0.38268343236508917,0.9138076496466615,0.4061472386305789,0.3999999999999986,0.027793380489120518,-1.0,-1.2261904761904745,5.485589759664668,0,0.0,1.0,0.0,True,train
2025-03-09 15:00:00+00:00,43128599999,2025-03-08 06:00:00+00:00,33,26.0,33.0,26.0,27.3,1.375,-0.7933533402912357,0.6087614290087199,0.9138076496466615,0.4061472386305789,0.3999999999999986,0.025571144482682936,-1.3000000000000007,-0.5261904761904752,5.485589759664668,0,0.0,1.0,0.0,True,train
2025-03-09 16:00:00+00:00,43128599999,2025-03-08 06:00:00+00:00,34,26.0,33.0,25.0,26.4,1.4166666666666667,-0.6087614290087209,0.7933533402912349,0.9138076496466615,0.4061472386305789,0.3999999999999986,0.02352658865697187,-1.3999999999999986,0.3738095238095269,5.485589759664668,0,0.0,1.0,0.0,True,train
2025-03-09 17:00:00+00:00,43128599999,2025-03-08 06:00:00+00:00,35,25.0,33.0,23.0,25.2,1.4583333333333333,-0.38268343236508956,0.9238795325112868,0.9138076496466615,0.4061472386305789,0.3999999999999986,0.021645506489128566,-2.1999999999999993,1.5738095238095262,5.485589759664668,0,0.0,1.0,0.0,True,train
2025-03-09 18:00:00+00:00,43128599999,2025-03-08 06:00:00+00:00,36,24.0,33.0,22.0,23.8,1.5,-0.13052619222005168,0.9914448613738104,0.9138076496466615,0.4061472386305789,0.3999999999999986,0.019914827347145506,-1.8000000000000007,2.973809523809525,5.485589759664668,0,0.0,1.0,0.0,True,train
2025-03-09 19:00:00+00:00,43128599999,2025-03-08 06:00:00+00:00,37,23.0,33.0,21.0,23.3,1.5416666666666667,0.13052619222005157,0.9914448613738104,0.9206588168102428,0.3903682146763026,0.3999999999999986,0.018322525669048524,-2.3000000000000007,3.473809523809525,5.485589759664668,0,0.0,1.0,0.0,True,train
2025-03-09 20:00:00+00:00,43128599999,2025-03-08 06:00:00+00:00,38,22.0,33.0,21.0,23.0,1.5833333333333333,0.3826834323650898,0.9238795325112867,0.9206588168102428,0.3903682146763026,0.3999999999999986,0.0168575374037105,-2.0,3.7738095238095255,5.485589759664668,0,0.0,1.0,0.0,True,train
2025-03-09 21:00:00+00:00,43128599999,2025-03-08 06:00:00+00:00,39,21.0,33.0,19.0,22.1,1.625,0.6087614290087207,0.7933533402912352,0.9206588168102428,0.3903682146763026,0.3999999999999986,0.015509683132688749,-3.1000000000000014,4.673809523809524,5.485589759664668,0,0.0,1.0,0.0,True,train
2025-03-09 22:00:00+00:00,43128599999,2025-03-08 06:00:00+00:00,40,21.0,33.0,19.0,21.1,1.6666666666666667,0.7933533402912352,0.6087614290087207,0.9206588168102428,0.3903682146763026,0.3999999999999986,0.014269597338900908,-2.1000000000000014,5.673809523809524,5.485589759664668,0,0.0,1.0,0.0,True,train
2025-03-09 23:00:00+00:00,43128599999,2025-03-08 06:00:00+00:00,41,20.0,33.0,18.0,20.5,1.7083333333333333,0.9238795325112867,0.38268343236508984,0.9206588168102428,0.3903682146763026,0.3999999999999986,0.013128663330665237,-2.5,6.2738095238095255,5.485589759664668,0,0.0,1.0,0.0,True,train
2025-03-10 00:00:00+00:00,43128599999,2025-03-08 06:00:00+00:00,42,20.0,33.0,18.0,20.0,1.75,0.9914448613738104,0.1305261922200517,0.9206588168102428,0.3903682146763026,0.3999999999999986,0.012078953368927357,-2.0,6.7738095238095255,5.485589759664668,0,0.0,1.0,0.0,True,train
2025-03-10 01:00:00+00:00,43128599999,2025-03-08 06:00:00+00:00,43,20.0,33.0,20.0,19.4,1.7916666666666667,0.9914448613738104,-0.1305261922200516,0.9206588168102428,0.3903682146763026,0.3999999999999986,0.011113173581649661,0.6000000000000014,7.373809523809527,5.485589759664668,0,0.0,1.0,0.0,True,train
2025-03-10 02:00:00+00:00,43128599999,2025-03-08 06:00:00+00:00,44,20.0,33.0,21.0,20.4,1.8333333333333333,0.9238795325112868,-0.3826834323650895,0.9206588168102428,0.3903682146763026,0.3999999999999986,0.010224613282602924,0.6000000000000014,6.373809523809527,5.485589759664668,0,0.0,1.0,0.0,True,train
2025-03-10 03:00:00+00:00,43128599999,2025-03-08 06:00:00+00:00,45,22.0,33.0,27.0,23.1,1.875,0.7933533402912352,-0.6087614290087207,0.9206588168102428,0.3903682146763026,0.3999999999999986,0.00940709834240361,3.8999999999999986,3.673809523809524,5.485589759664668,0,0.0,1.0,0.0,True,train
2025-03-10 04:00:00+00:00,43128599999,2025-03-08 06:00:00+00:00,46,25.0,33.0,31.0,25.9,1.9166666666666667,0.6087614290087209,-0.793353340291235,0.9206588168102428,0.3903682146763026,0.3999999999999986,0.008654948287797205,5.100000000000001,0.8738095238095269,5.485589759664668,0,0.0,1.0,0.0,True,train
2025-03-10 05:00:00+00:00,43128599999,2025-03-08 06:00:00+00:00,47,27.0,33.0,34.0,28.6,1.9583333333333333,0.3826834323650899,-0.9238795325112867,0.9206588168102428,0.3903682146763026,0.3999999999999986,0.007962936831093446,5.399999999999999,-1.826190476190476,5.485589759664668,0,0.0,1.0,0.0,True,train
2025-03-10 06:00:00+00:00,43128599999,2025-03-08 06:00:00+00:00,48,29.0,33.0,33.0,30.9,2.0,0.130526192220052,-0.9914448613738104,0.9206588168102428,0.3903682146763026,0.3999999999999986,0.007326255555493645,2.1000000000000014,-4.126190476190473,5.485589759664668,0,0.0,1.0,0.0,True,train
2025-03-08 07:00:00+00:00,43279099999,2025-03-08 06:00:00+00:00,1,33.0,32.0,33.0,33.8,0.041666666666666664,-0.13052619222005177,-0.9914448613738104,0.9066860720977985,0.4218060770826634,-1.2999999999999972,-1.1960577390181177,-0.7999999999999972,-4.835714285714282,2.790060711796466,0,0.0,0.0,1.0,True,train
2025-03-08 08:00:00+00:00,43279099999,2025-03-08 06:00:00+00:00,2,33.0,32.0,34.0,33.0,0.08333333333333333,-0.38268343236508967,-0.9238795325112868,0.9066860720977985,0.4218060770826634,-1.2999999999999972,-1.100426242357796,1.0,-4.035714285714285,2.790060711796466,0,0.0,0.0,1.0,True,train
2025-03-08 09:00:00+00:00,43279099999,2025-03-08 06:00:00+00:00,3,32.0,32.0,33.0,32.6,0.125,-0.6087614290087207,-0.7933533402912352,0.9066860720977985,0.4218060770826634,-1.2999999999999972,-1.012441017992824,0.3999999999999986,-3.635714285714286,2.790060711796466,0,0.0,0.0,1.0,True,train
2025-03-08 10:00:00+00:00,43279099999,2025-03-08 06:00:00+00:00,4,33.0,32.0,32.0,32.1,0.16666666666666666,-0.7933533402912349,-0.6087614290087209,0.9066860720977985,0.4218060770826634,-1.2999999999999972,-0.931490703745924,-0.10000000000000142,-3.135714285714286,2.790060711796466,0,0.0,0.0,1.0,True,train
2025-03-08 11:00:00+00:00,43279099999,2025-03-08 06:00:00+00:00,5,32.0,32.0,31.0,30.7,0.20833333333333334,-0.9238795325112868,-0.3826834323650895,0.9066860720977985,0.4218060770826634,-1.2999999999999972,-0.857012819260575,0.3000000000000007,-1.735714285714284,2.790060711796466,0,0.0,0.0,1.0,True,train
2025-03-08 12:00:00+00:00,43279099999,2025-03-08 06:00:00+00:00,6,31.0,32.0,31.0,29.2,0.25,-0.9914448613738104,-0.13052619222005163,0.9066860720977985,0.4218060770826634,-1.2999999999999972,-0.7884898576264218,1.8000000000000007,-0.235714285714284,2.790060711796466,0,0.0,0.0,1.0,True,train
2025-03-08 13:00:00+00:00,43279099999,2025-03-08 06:00:00+00:00,7,30.0,32.0,29.0,27.8,0.2916666666666667,-0.9914448613738105,0.13052619222005127,0.9066860720977985,0.4218060770826634,-1.2999999999999972,-0.7254456895010596,1.1999999999999993,1.1642857142857146,2.790060711796466,0,0.0,0.0,1.0,True,train
2025-03-08 14:00:00+00:00,43279099999,2025-03-08 06:00:00+00:00,8,29.0,32.0,29.0,27.3,0.3333333333333333,-0.923879532511287,0.38268343236508917,0.9066860720977985,0.4218060770826634,-1.2999999999999972,-0.6674422547423682,1.6999999999999993,1.6642857142857146,2.790060711796466,0,0.0,0.0,1.0,True,train
2025-03-08 15:00:00+00:00,43279099999,2025-03-08 06:00:00+00:00,9,28.0,32.0,28.0,26.9,0.375,-0.7933533402912357,0.6087614290087199,0.9066860720977985,0.4218060770826634,-1.2999999999999972,-0.6140765185633178,1.1000000000000014,2.0642857142857167,2.790060711796466,0,0.0,0.0,1.0,True,train
2025-03-08 16:00:00+00:00,43279099999,2025-03-08 06:00:00+00:00,10,28.0,32.0,28.0,26.4,0.4166666666666667,-0.6087614290087209,0.7933533402912349,0.9066860720977985,0.4218060770826634,-1.2999999999999972,-0.5649776710592004,1.6000000000000014,2.5642857142857167,2.790060711796466,0,0.0,0.0,1.0,True,train
2025-03-08 17:00:00+00:00,43279099999,2025-03-08 06:00:00+00:00,11,28.0,32.0,28.0,26.0,0.4583333333333333,-0.38268343236508956,0.9238795325112868,0.9066860720977985,0.4218060770826634,-1.2999999999999972,-0.5198045506483004,2.0,2.9642857142857153,2.790060711796466,0,0.0,0.0,1.0,True,train
2025-03-08 18:00:00+00:00,43279099999,2025-03-08 06:00:00+00:00,12,28.0,32.0,28.0,25.6,0.5,-0.13052619222005168,0.9914448613738104,0.9066860720977985,0.4218060770826634,-1.2999999999999972,-0.478243273522874,2.3999999999999986,3.364285714285714,2.790060711796466,0,0.0,0.0,1.0,True,train
2025-03-08 19:00:00+00:00,43279099999,2025-03-08 06:00:00+00:00,13,27.0,32.0,27.0,25.1,0.5416666666666666,0.13052619222005157,0.9914448613738104,0.9138076496466615,0.4061472386305789,-1.2999999999999972,-0.44000505263876394,1.8999999999999986,3.864285714285714,2.790060711796466,0,0.0,0.0,1.0,True,train
2025-03-08 20:00:00+00:00,43279099999,2025-03-08 06:00:00+00:00,14,27.0,32.0,26.0,24.3,0.5833333333333334,0.3826834323650898,0.9238795325112867,0.9138076496466615,0.4061472386305789,-1.2999999999999972,-0.4048241910889761,1.6999999999999993,4.664285714285715,2.790060711796466,0,0.0,0.0,1.0,True,train
2025-03-08 21:00:00+00:00,43279099999,2025-03-08 06:00:00+00:00,15,26.0,32.0,25.0,23.7,0.625,0.6087614290087207,0.7933533402912352,0.9138076496466615,0.4061472386305789,-1.2999999999999972,-0.3724562359182463,1.3000000000000007,5.264285714285716,2.790060711796466,0,0.0,0.0,1.0,True,train
2025-03-08 22:00:00+00:00,43279099999,2025-03-08 06:00:00+00:00,16,25.0,32.0,25.0,23.2,0.6666666666666666,0.7933533402912352,0.6087614290087207,0.9138076496466615,0.4061472386305789,-1.2999999999999972,-0.34267627955044405,1.8000000000000007,5.764285714285716,2.790060711796466,0,0.0,0.0,1.0,True,train
2025-03-08 23:00:00+00:00,43279099999,2025-03-08 06:00:00+00:00,17,25.0,32.0,25.0,22.5,0.7083333333333334,0.9238795325112867,0.38268343236508984,0.9138076496466615,0.4061472386305789,-1.2999999999999972,-0.3152773970263426,2.5,6.464285714285715,2.790060711796466,0,0.0,0.0,1.0,True,train
2025-03-09 00:00:00+00:00,43279099999,2025-03-08 06:00:00+00:00,18,24.0,32.0,24.0,21.9,0.75,0.9914448613738104,0.1305261922200517,0.9138076496466615,0.4061472386305789,-1.2999999999999972,-0.2900692081929581,2.1000000000000014,7.064285714285717,2.790060711796466,0,0.0,0.0,1.0,True,train
2025-03-09 01:00:00+00:00,43279099999,2025-03-08 06:00:00+00:00,19,24.0,32.0,24.0,21.5,0.7916666666666666,0.9914448613738104,-0.1305261922200516,0.9138076496466615,0.4061472386305789,-1.2999999999999972,-0.26687655485388145,2.5,7.464285714285715,2.790060711796466,0,0.0,0.0,1.0,True,train
2025-03-09 02:00:00+00:00,43279099999,2025-03-08 06:00:00+00:00,20,25.0,32.0,25.0,23.1,0.8333333333333334,0.9238795325112868,-0.3826834323650895,0.9138076496466615,0.4061472386305789,-1.2999999999999972,-0.24553828368882985,1.8999999999999986,5.864285714285714,2.790060711796466,0,0.0,0.0,1.0,True,train
2025-03-09 03:00:00+00:00,43279099999,2025-03-08 06:00:00+00:00,21,27.0,32.0,26.0,26.6,0.875,0.7933533402912352,-0.6087614290087207,0.9138076496466615,0.4061472386305789,-1.2999999999999972,-0.2259061264855782,-0.6000000000000014,2.364285714285714,2.790060711796466,0,0.0,0.0,1.0,True,train
2025-03-09 04:00:00+00:00,43279099999,2025-03-08 06:00:00+00:00,22,29.0,32.0,28.0,29.2,0.9166666666666666,0.6087614290087209,-0.793353340291235,0.9138076496466615,0.4061472386305789,-1.2999999999999972,-0.20784366990360162,-1.1999999999999993,-0.235714285714284,2.790060711796466,0,0.0,0.0,1.0,True,train
2025-03-09 05:00:00+00:00,43279099999,2025-03-08 06:00:00+00:00,23,30.0,32.0,30.0,30.7,0.9583333333333334,0.3826834323650899,-0.9238795325112867,0.9138076496466615,0.4061472386305789,-1.2999999999999972,-0.19122540761086942,-0.6999999999999993,-1.735714285714284,2.790060711796466,0,0.0,0.0,1.0,True,train
2025-03-09 06:00:00+00:00,43279099999,2025-03-08 06:00:00+00:00,24,31.0,32.0,32.0,31.8,1.0,0.130526192220052,-0.9914448613738104,0.9138076496466615,0.4061472386305789,-1.2999999999999972,-0.17593586820759613,0.1999999999999993,-2.8357142857142854,2.790060711796466,0,0.0,0.0,1.0,True,train
2025-03-09 07:00:00+00:00,43279099999,2025-03-08 06:00:00+00:00,25,31.0,32.0,33.0,32.1,1.0416666666666667,-0.13052619222005177,-0.9914448613738104,0.9138076496466615,0.4061472386305789,-1.2999999999999972,-0.1618688128773595,0.8999999999999986,-3.135714285714286,2.790060711796466,0,0.0,0.0,1.0,True,train
2025-03-09 08:00:00+00:00,43279099999,2025-03-08 06:00:00+00:00,26,31.0,32.0,34.0,32.0,1.0833333333333333,-0.38268343236508967,-0.9238795325112868,0.9138076496466615,0.4061472386305789,-1.2999999999999972,-0.14892649719049372,2.0,-3.0357142857142847,2.790060711796466,0,0.0,0.0,1.0,True,train
2025-03-09 09:00:00+00:00,43279099999,2025-03-08 06:00:00+00:00,27,31.0,32.0,33.0,31.7,1.125,-0.6087614290087207,-0.7933533402912352,0.9138076496466615,0.4061472386305789,-1.2999999999999972,-0.13701899193042333,1.3000000000000007,-2.735714285714284,2.790060711796466,0,0.0,0.0,1.0,True,train
2025-03-09 10:00:00+00:00,43279099999,2025-03-08 06:00:00+00:00,28,31.0,32.0,32.0,31.0,1.1666666666666667,-0.7933533402912349,-0.6087614290087209,0.9138076496466615,0.4061472386305789,-1.2999999999999972,-0.1260635582237263,1.0,-2.0357142857142847,2.790060711796466,0,0.0,0.0,1.0,True,train
2025-03-09 11:00:00+00:00,43279099999,2025-03-08 06:00:00+00:00,29,30.0,32.0,31.0,29.8,1.2083333333333333,-0.9238795325112868,-0.3826834323650895,0.9138076496466615,0.4061472386305789,-1.2999999999999972,-0.11598407263203789,1.1999999999999993,-0.8357142857142854,2.790060711796466,0,0.0,0.0,1.0,True,train
2025-03-09 12:00:00+00:00,43279099999,2025-03-08 06:00:00+00:00,30,29.0,32.0,31.0,28.3,1.25,-0.9914448613738104,-0.13052619222005163,0.9138076496466615,0.4061472386305789,-1.2999999999999972,-0.1067104982110682,2.6999999999999993,0.6642857142857146,2.790060711796466,0,0.0,0.0,1.0,True,train
2025-03-09 13:00:00+00:00,43279099999,2025-03-08 06:00:00+00:00,31,29.0,32.0,29.0,27.3,1.2916666666666667,-0.9914448613738105,0.13052619222005127,0.9138076496466615,0.4061472386305789,-1.2999999999999972,-0.09817839786140568,1.6999999999999993,1.6642857142857146,2.790060711796466,0,0.0,0.0,1.0,True,train
2025-03-09 14:00:00+00:00,43279099999,2025-03-08 06:00:00+00:00,32,28.0,32.0,29.0,27.0,1.3333333333333333,-0.923879532511287,0.38268343236508917,0.9138076496466615,0.4061472386305789,-1.2999999999999972,-0.09032848658964181,2.0,1.9642857142857153,2.790060711796466,0,0.0,0.0,1.0,True,train
2025-03-09 15:00:00+00:00,43279099999,2025-03-08 06:00:00+00:00,33,28.0,32.0,28.0,26.8,1.375,-0.7933533402912357,0.6087614290087199,0.9138076496466615,0.4061472386305789,-1.2999999999999972,-0.08310621956871966,1.1999999999999993,2.1642857142857146,2.790060711796466,0,0.0,0.0,1.0,True,train
2025-03-09 16:00:00+00:00,43279099999,2025-03-08 06:00:00+00:00,34,27.0,32.0,28.0,26.4,1.4166666666666667,-0.6087614290087209,0.7933533402912349,0.9138076496466615,0.4061472386305789,-1.2999999999999972,-0.07646141313515868,1.6000000000000014,2.5642857142857167,2.790060711796466,0,0.0,0.0,1.0,True,train
2025-03-09 17:00:00+00:00,43279099999,2025-03-08 06:00:00+00:00,35,27.0,32.0,28.0,26.0,1.4583333333333333,-0.38268343236508956,0.9238795325112868,0.9138076496466615,0.4061472386305789,-1.2999999999999972,-0.07034789608966793,2.0,2.9642857142857153,2.790060711796466,0,0.0,0.0,1.0,True,train
2025-03-09 18:00:00+00:00,43279099999,2025-03-08 06:00:00+00:00,36,27.0,32.0,28.0,25.7,1.5,-0.13052619222005168,0.9914448613738104,0.9138076496466615,0.4061472386305789,-1.2999999999999972,-0.06472318887822298,2.3000000000000007,3.264285714285716,2.790060711796466,0,0.0,0.0,1.0,True,train
2025-03-09 19:00:00+00:00,43279099999,2025-03-08 06:00:00+00:00,37,27.0,32.0,27.0,25.2,1.5416666666666667,0.13052619222005157,0.9914448613738104,0.9206588168102428,0.3903682146763026,-1.2999999999999972,-0.059548208424407785,1.8000000000000007,3.764285714285716,2.790060711796466,0,0.0,0.0,1.0,True,train
2025-03-09 20:00:00+00:00,43279099999,2025-03-08 06:00:00+00:00,38,26.0,32.0,26.0,24.7,1.5833333333333333,0.3826834323650898,0.9238795325112867,0.9206588168102428,0.3903682146763026,-1.2999999999999972,-0.05478699656205921,1.3000000000000007,4.264285714285716,2.790060711796466,0,0.0,0.0,1.0,True,train
2025-03-09 21:00:00+00:00,43279099999,2025-03-08 06:00:00+00:00,39,26.0,32.0,25.0,24.5,1.625,0.6087614290087207,0.7933533402912352,0.9206588168102428,0.3903682146763026,-1.2999999999999972,-0.0504064701812385,0.5,4.464285714285715,2.790060711796466,0,0.0,0.0,1.0,True,train
2025-03-09 22:00:00+00:00,43279099999,2025-03-08 06:00:00+00:00,40,26.0,32.0,25.0,23.3,1.6666666666666667,0.7933533402912352,0.6087614290087207,0.9206588168102428,0.3903682146763026,-1.2999999999999972,-0.04637619135142801,1.6999999999999993,5.664285714285715,2.790060711796466,0,0.0,0.0,1.0,True,train
2025-03-09 23:00:00+00:00,43279099999,2025-03-08 06:00:00+00:00,41,26.0,32.0,25.0,22.5,1.7083333333333333,0.9238795325112867,0.38268343236508984,0.9206588168102428,0.3903682146763026,-1.2999999999999972,-0.042668155824662074,2.5,6.464285714285715,2.790060711796466,0,0.0,0.0,1.0,True,train
2025-03-10 00:00:00+00:00,43279099999,2025-03-08 06:00:00+00:00,42,26.0,32.0,24.0,22.2,1.75,0.9914448613738104,0.1305261922200517,0.9206588168102428,0.3903682146763026,-1.2999999999999972,-0.03925659844901397,1.8000000000000007,6.764285714285716,2.790060711796466,0,0.0,0.0,1.0,True,train
2025-03-10 01:00:00+00:00,43279099999,2025-03-08 06:00:00+00:00,43,26.0,32.0,24.0,21.5,1.7916666666666667,0.9914448613738104,-0.1305261922200516,0.9206588168102428,0.3903682146763026,-1.2999999999999972,-0.03611781414036145,2.5,7.464285714285715,2.790060711796466,0,0.0,0.0,1.0,True,train
2025-03-10 02:00:00+00:00,43279099999,2025-03-08 06:00:00+00:00,44,27.0,32.0,25.0,23.2,1.8333333333333333,0.9238795325112868,-0.3826834323650895,0.9206588168102428,0.3903682146763026,-1.2999999999999972,-0.03322999316845955,1.8000000000000007,5.764285714285716,2.790060711796466,0,0.0,0.0,1.0,True,train
2025-03-10 03:00:00+00:00,43279099999,2025-03-08 06:00:00+00:00,45,30.0,32.0,26.0,26.6,1.875,0.7933533402912352,-0.6087614290087207,0.9206588168102428,0.3903682146763026,-1.2999999999999972,-0.03057306961281177,-0.6000000000000014,2.364285714285714,2.790060711796466,0,0.0,0.0,1.0,True,train
2025-03-10 04:00:00+00:00,43279099999,2025-03-08 06:00:00+00:00,46,30.0,32.0,28.0,29.1,1.9166666666666667,0.6087614290087209,-0.793353340291235,0.9206588168102428,0.3903682146763026,-1.2999999999999972,-0.028128581935340954,-1.1000000000000014,-0.13571428571428612,2.790060711796466,0,0.0,0.0,1.0,True,train
2025-03-10 05:00:00+00:00,43279099999,2025-03-08 06:00:00+00:00,47,31.0,32.0,30.0,30.5,1.9583333333333333,0.3826834323650899,-0.9238795325112867,0.9206588168102428,0.3903682146763026,-1.2999999999999972,-0.025879544701053733,-0.5,-1.5357142857142847,2.790060711796466,0,0.0,0.0,1.0,True,train
2025-03-10 06:00:00+00:00,43279099999,2025-03-08 06:00:00+00:00,48,32.0,32.0,32.0,31.4,2.0,0.130526192220052,-0.9914448613738104,0.9206588168102428,0.3903682146763026,-1.2999999999999972,-0.02381033055535438,0.6000000000000014,-2.4357142857142833,2.790060711796466,0,0.0,0.0,1.0,True,train
2025-03-10 07:00:00+00:00,42410099999,2025-03-10 06:00:00+00:00,1,29.0,28.0,27.0,29.0,0.041666666666666664,-0.13052619222005177,-0.9914448613738104,0.9206588168102428,0.3903682146763026,0.3000000000000007,0.27601332438879767,-2.0,-7.06547619047619,4.624134257391916,0,1.0,0.0,0.0,True,train
2025-03-10 08:00:00+00:00,42410099999,2025-03-10 06:00:00+00:00,2,30.0,28.0,28.0,29.5,0.08333333333333333,-0.38268343236508967,-0.9238795325112868,0.9206588168102428,0.3903682146763026,0.3000000000000007,0.2539445174671848,-1.5,-7.56547619047619,4.624134257391916,0,1.0,0.0,0.0,True,train
2025-03-10 09:00:00+00:00,42410099999,2025-03-10 06:00:00+00:00,3,30.0,28.0,28.0,29.6,0.125,-0.6087614290087207,-0.7933533402912352,0.9206588168102428,0.3903682146763026,0.3000000000000007,0.23364023492142202,-1.6000000000000014,-7.665476190476191,4.624134257391916,0,1.0,0.0,0.0,True,train
2025-03-10 10:00:00+00:00,42410099999,2025-03-10 06:00:00+00:00,4,30.0,28.0,28.0,29.1,0.16666666666666666,-0.7933533402912349,-0.6087614290087209,0.9206588168102428,0.3903682146763026,0.3000000000000007,0.2149593931721373,-1.1000000000000014,-7.165476190476191,4.624134257391916,0,1.0,0.0,0.0,True,train
2025-03-10 11:00:00+00:00,42410099999,2025-03-10 06:00:00+00:00,5,29.0,28.0,27.0,26.9,0.20833333333333334,-0.9238795325112868,-0.3826834323650895,0.9206588168102428,0.3903682146763026,0.3000000000000007,0.1977721890601336,0.10000000000000142,-4.965476190476188,4.624134257391916,0,1.0,0.0,0.0,True,train
2025-03-10 12:00:00+00:00,42410099999,2025-03-10 06:00:00+00:00,6,27.0,28.0,26.0,24.8,0.25,-0.9914448613738104,-0.13052619222005163,0.9206588168102428,0.3903682146763026,0.3000000000000007,0.18195919791379045,1.1999999999999993,-2.8654761904761905,4.624134257391916,0,1.0,0.0,0.0,True,train
2025-03-10 13:00:00+00:00,42410099999,2025-03-10 06:00:00+00:00,7,25.0,28.0,24.0,23.8,0.2916666666666667,-0.9914448613738105,0.13052619222005127,0.9206588168102428,0.3903682146763026,0.3000000000000007,0.16741054373101452,0.1999999999999993,-1.8654761904761905,4.624134257391916,0,1.0,0.0,0.0,True,train
2025-03-10 14:00:00+00:00,42410099999,2025-03-10 06:00:00+00:00,8,23.0,28.0,22.0,22.6,0.3333333333333333,-0.923879532511287,0.38268343236508917,0.9206588168102428,0.3903682146763026,0.3000000000000007,0.15402513570977797,-0.6000000000000014,-0.6654761904761912,4.624134257391916,0,1.0,0.0,0.0,True,train
2025-03-10 15:00:00+00:00,42410099999,2025-03-10 06:00:00+00:00,9,23.0,28.0,21.0,21.4,0.375,-0.7933533402912357,0.6087614290087199,0.9206588168102428,0.3903682146763026,0.3000000000000007,0.14170996582230475,-0.3999999999999986,0.5345238095238116,4.624134257391916,0,1.0,0.0,0.0,True,train
2025-03-10 16:00:00+00:00,42410099999,2025-03-10 06:00:00+00:00,10,22.0,28.0,20.0,20.5,0.4166666666666667,-0.6087614290087209,0.7933533402912349,0.9206588168102428,0.3903682146763026,0.3000000000000007,0.13037946255212376,-0.5,1.4345238095238102,4.624134257391916,0,1.0,0.0,0.0,True,train
2025-03-10 17:00:00+00:00,42410099999,2025-03-10 06:00:00+00:00,11,21.0,28.0,19.0,19.7,0.4583333333333333,-0.38268343236508956,0.9238795325112868,0.9206588168102428,0.3903682146763026,0.3000000000000007,0.11995489630345449,-0.6999999999999993,2.234523809523811,4.624134257391916,0,1.0,0.0,0.0,True,train
2025-03-10 18:00:00+00:00,42410099999,2025-03-10 06:00:00+00:00,12,20.0,28.0,19.0,18.4,0.5,-0.13052619222005168,0.9914448613738104,0.9206588168102428,0.3903682146763026,0.3000000000000007,0.11036383235143296,0.6000000000000014,3.5345238095238116,4.624134257391916,0,1.0,0.0,0.0,True,train
2025-03-10 19:00:00+00:00,42410099999,2025-03-10 06:00:00+00:00,13,19.0,28.0,18.0,17.6,0.5416666666666666,0.13052619222005157,0.9914448613738104,0.9272375462179537,0.374473674486883,0.3000000000000007,0.1015396275320229,0.3999999999999986,4.334523809523809,4.624134257391916,0,1.0,0.0,0.0,True,train
2025-03-10 20:00:00+00:00,42410099999,2025-03-10 06:00:00+00:00,14,19.0,28.0,18.0,17.0,0.5833333333333334,0.3826834323650898,0.9238795325112867,0.9272375462179537,0.374473674486883,0.3000000000000007,0.09342096717437953,1.0,4.93452380952381,4.624134257391916,0,1.0,0.0,0.0,True,train
2025-03-10 21:00:00+00:00,42410099999,2025-03-10 06:00:00+00:00,15,18.0,28.0,17.0,16.8,0.625,0.6087614290087207,0.7933533402912352,0.9272375462179537,0.374473674486883,0.3000000000000007,0.08595143905805723,0.1999999999999993,5.1345238095238095,4.624134257391916,0,1.0,0.0,0.0,True,train
2025-03-10 22:00:00+00:00,42410099999,2025-03-10 06:00:00+00:00,16,17.0,28.0,16.0,17.3,0.6666666666666666,0.7933533402912352,0.6087614290087207,0.9272375462179537,0.374473674486883,0.3000000000000007,0.07907914143471821,-1.3000000000000007,4.6345238095238095,4.624134257391916,0,1.0,0.0,0.0,True,train
2025-03-10 23:00:00+00:00,42410099999,2025-03-10 06:00:00+00:00,17,18.0,28.0,15.0,17.0,0.7083333333333334,0.9238795325112867,0.38268343236508984,0.9272375462179537,0.374473674486883,0.3000000000000007,0.07275632239069478,-2.0,4.93452380952381,4.624134257391916,0,1.0,0.0,0.0,True,train
2025-03-11 00:00:00+00:00,42410099999,2025-03-10 06:00:00+00:00,18,17.0,28.0,16.0,16.4,0.75,0.9914448613738104,0.1305261922200517,0.9272375462179537,0.374473674486883,0.3000000000000007,0.0669390480445291,-0.3999999999999986,5.534523809523812,4.624134257391916,0,1.0,0.0,0.0,True,train
2025-03-11 01:00:00+00:00,42410099999,2025-03-10 06:00:00+00:00,19,17.0,28.0,17.0,17.1,0.7916666666666666,0.9914448613738104,-0.1305261922200516,0.9272375462179537,0.374473674486883,0.3000000000000007,0.06158689727397293,-0.10000000000000142,4.834523809523809,4.624134257391916,0,1.0,0.0,0.0,True,train
2025-03-11 02:00:00+00:00,42410099999,2025-03-10 06:00:00+00:00,20,20.0,28.0,19.0,19.3,0.8333333333333334,0.9238795325112868,-0.3826834323650895,0.9272375462179537,0.374473674486883,0.3000000000000007,0.05666268085126868,-0.3000000000000007,2.6345238095238095,4.624134257391916,0,1.0,0.0,0.0,True,train
2025-03-11 03:00:00+00:00,42410099999,2025-03-10 06:00:00+00:00,21,21.0,28.0,22.0,21.8,0.875,0.7933533402912352,-0.6087614290087207,0.9272375462179537,0.374473674486883,0.3000000000000007,0.052132183035133665,0.1999999999999993,0.1345238095238095,4.624134257391916,0,1.0,0.0,0.0,True,train
2025-03-11 04:00:00+00:00,42410099999,2025-03-10 06:00:00+00:00,22,24.0,28.0,25.0,23.7,0.9166666666666666,0.6087614290087209,-0.793353340291235,0.9272375462179537,0.374473674486883,0.3000000000000007,0.04796392382390829,1.3000000000000007,-1.765476190476189,4.624134257391916,0,1.0,0.0,0.0,True,train
2025-03-11 05:00:00+00:00,42410099999,2025-03-10 06:00:00+00:00,23,25.0,28.0,26.0,25.7,0.9583333333333334,0.3826834323650899,-0.9238795325112867,0.9272375462179537,0.374473674486883,0.3000000000000007,0.044128940217893146,0.3000000000000007,-3.765476190476189,4.624134257391916,0,1.0,0.0,0.0,True,train
2025-03-11 06:00:00+00:00,42410099999,2025-03-10 06:00:00+00:00,24,28.0,28.0,28.0,27.9,1.0,0.130526192220052,-0.9914448613738104,0.9272375462179537,0.374473674486883,0.3000000000000007,0.040600584970983906,0.10000000000000142,-5.965476190476188,4.624134257391916,0,1.0,0.0,0.0,True,train
2025-03-11 07:00:00+00:00,42410099999,2025-03-10 06:00:00+00:00,25,30.0,28.0,27.0,29.1,1.0416666666666667,-0.13052619222005177,-0.9914448613738104,0.9272375462179537,0.374473674486883,0.3000000000000007,0.03735434143323698,-2.1000000000000014,-7.165476190476191,4.624134257391916,0,1.0,0.0,0.0,True,train
2025-03-11 08:00:00+00:00,42410099999,2025-03-10 06:00:00+00:00,26,31.0,28.0,28.0,29.6,1.0833333333333333,-0.38268343236508967,-0.9238795325112868,0.9272375462179537,0.374473674486883,0.3000000000000007,0.0343676531978064,-1.6000000000000014,-7.665476190476191,4.624134257391916,0,1.0,0.0,0.0,True,train
2025-03-11 09:00:00+00:00,42410099999,2025-03-10 06:00:00+00:00,27,31.0,28.0,28.0,29.6,1.125,-0.6087614290087207,-0.7933533402912352,0.9272375462179537,0.374473674486883,0.3000000000000007,0.03161976736855938,-1.6000000000000014,-7.665476190476191,4.624134257391916,0,1.0,0.0,0.0,True,train
2025-03-11 10:00:00+00:00,42410099999,2025-03-10 06:00:00+00:00,28,31.0,28.0,28.0,28.5,1.1666666666666667,-0.7933533402912349,-0.6087614290087209,0.9272375462179537,0.374473674486883,0.3000000000000007,0.029091590359321583,-0.5,-6.56547619047619,4.624134257391916,0,1.0,0.0,0.0,True,train
2025-03-11 11:00:00+00:00,42410099999,2025-03-10 06:00:00+00:00,29,30.0,28.0,27.0,26.8,1.2083333333333333,-0.9238795325112868,-0.3826834323650895,0.9272375462179537,0.374473674486883,0.3000000000000007,0.026765555222778094,0.1999999999999993,-4.8654761904761905,4.624134257391916,0,1.0,0.0,0.0,True,train
2025-03-11 12:00:00+00:00,42410099999,2025-03-10 06:00:00+00:00,30,28.0,28.0,26.0,24.7,1.25,-0.9914448613738104,-0.13052619222005163,0.9272375462179537,0.374473674486883,0.3000000000000007,0.024625499587169697,1.3000000000000007,-2.765476190476189,4.624134257391916,0,1.0,0.0,0.0,True,train
2025-03-11 13:00:00+00:00,42410099999,2025-03-10 06:00:00+00:00,31,26.0,28.0,24.0,23.0,1.2916666666666667,-0.9914448613738105,0.13052619222005127,0.9272375462179537,0.374473674486883,0.3000000000000007,0.022656553352632183,1.0,-1.0654761904761898,4.624134257391916,0,1.0,0.0,0.0,True,train
2025-03-11 14:00:00+00:00,42410099999,2025-03-10 06:00:00+00:00,32,24.0,28.0,22.0,22.4,1.3333333333333333,-0.923879532511287,0.38268343236508917,0.9272375462179537,0.374473674486883,0.3000000000000007,0.02084503536684051,-0.3999999999999986,-0.4654761904761884,4.624134257391916,0,1.0,0.0,0.0,True,train
2025-03-11 15:00:00+00:00,42410099999,2025-03-10 06:00:00+00:00,33,24.0,28.0,21.0,21.8,1.375,-0.7933533402912357,0.6087614290087199,0.9272375462179537,0.374473674486883,0.3000000000000007,0.019178358362012315,-0.8000000000000007,0.1345238095238095,4.624134257391916,0,1.0,0.0,0.0,True,train
2025-03-11 16:00:00+00:00,42410099999,2025-03-10 06:00:00+00:00,34,22.0,28.0,20.0,21.0,1.4166666666666667,-0.6087614290087209,0.7933533402912349,0.9272375462179537,0.374473674486883,0.3000000000000007,0.017644941492729008,-1.0,0.9345238095238102,4.624134257391916,0,1.0,0.0,0.0,True,train
2025-03-11 17:00:00+00:00,42410099999,2025-03-10 06:00:00+00:00,35,22.0,28.0,19.0,20.5,1.4583333333333333,-0.38268343236508956,0.9238795325112868,0.9272375462179537,0.374473674486883,0.3000000000000007,0.01623412986684652,-1.5,1.4345238095238102,4.624134257391916,0,1.0,0.0,0.0,True,train
2025-03-11 18:00:00+00:00,42410099999,2025-03-10 06:00:00+00:00,36,23.0,28.0,19.0,19.8,1.5,-0.13052619222005168,0.9914448613738104,0.9272375462179537,0.374473674486883,0.3000000000000007,0.014936120510359219,-0.8000000000000007,2.1345238095238095,4.624134257391916,0,1.0,0.0,0.0,True,train
2025-03-11 19:00:00+00:00,42410099999,2025-03-10 06:00:00+00:00,37,23.0,28.0,18.0,20.0,1.5416666666666667,0.13052619222005157,0.9914448613738104,0.9335418911179212,0.35846832151248087,0.3000000000000007,0.013741894251786475,-2.0,1.9345238095238102,4.624134257391916,0,1.0,0.0,0.0,True,train
2025-03-11 20:00:00+00:00,42410099999,2025-03-10 06:00:00+00:00,38,21.0,28.0,18.0,20.1,1.5833333333333333,0.3826834323650898,0.9238795325112867,0.9335418911179212,0.35846832151248087,0.3000000000000007,0.012643153052782952,-2.1000000000000014,1.8345238095238088,4.624134257391916,0,1.0,0.0,0.0,True,train
2025-03-11 21:00:00+00:00,42410099999,2025-03-10 06:00:00+00:00,39,21.0,28.0,17.0,19.8,1.625,0.6087614290087207,0.7933533402912352,0.9335418911179212,0.35846832151248087,0.3000000000000007,0.01163226234951663,-2.8000000000000007,2.1345238095238095,4.624134257391916,0,1.0,0.0,0.0,True,train
2025-03-11 22:00:00+00:00,42410099999,2025-03-10 06:00:00+00:00,40,20.0,28.0,16.0,18.7,1.6666666666666667,0.7933533402912352,0.6087614290087207,0.9335418911179212,0.35846832151248087,0.3000000000000007,0.010702198004175744,-2.6999999999999993,3.234523809523811,4.624134257391916,0,1.0,0.0,0.0,True,train
2025-03-11 23:00:00+00:00,42410099999,2025-03-10 06:00:00+00:00,41,20.0,28.0,15.0,18.8,1.7083333333333333,0.9238795325112867,0.38268343236508984,0.9335418911179212,0.35846832151248087,0.3000000000000007,0.009846497497998985,-3.8000000000000007,3.1345238095238095,4.624134257391916,0,1.0,0.0,0.0,True,train
2025-03-12 00:00:00+00:00,42410099999,2025-03-10 06:00:00+00:00,42,20.0,28.0,16.0,18.2,1.75,0.9914448613738104,0.1305261922200517,0.9335418911179212,0.35846832151248087,0.3000000000000007,0.009059215026695572,-2.1999999999999993,3.734523809523811,4.624134257391916,0,1.0,0.0,0.0,True,train
2025-03-12 01:00:00+00:00,42410099999,2025-03-10 06:00:00+00:00,43,20.0,28.0,17.0,18.7,1.7916666666666667,0.9914448613738104,-0.1305261922200516,0.9335418911179212,0.35846832151248087,0.3000000000000007,0.008334880186237296,-1.6999999999999993,3.234523809523811,4.624134257391916,0,1.0,0.0,0.0,True,train
2025-03-12 02:00:00+00:00,42410099999,2025-03-10 06:00:00+00:00,44,22.0,28.0,19.0,20.3,1.8333333333333333,0.9238795325112868,-0.3826834323650895,0.9335418911179212,0.35846832151248087,0.3000000000000007,0.007668459961952239,-1.3000000000000007,1.6345238095238095,4.624134257391916,0,1.0,0.0,0.0,True,train
2025-03-12 03:00:00+00:00,42410099999,2025-03-10 06:00:00+00:00,45,23.0,28.0,22.0,21.9,1.875,0.7933533402912352,-0.6087614290087207,0.9335418911179212,0.35846832151248087,0.3000000000000007,0.007055323756802749,0.10000000000000142,0.03452380952381162,4.624134257391916,0,1.0,0.0,0.0,True,train
2025-03-12 04:00:00+00:00,42410099999,2025-03-10 06:00:00+00:00,46,25.0,28.0,25.0,23.1,1.9166666666666667,0.6087614290087209,-0.793353340291235,0.9335418911179212,0.35846832151248087,0.3000000000000007,0.006491211215847942,1.8999999999999986,-1.1654761904761912,4.624134257391916,0,1.0,0.0,0.0,True,train
2025-03-12 05:00:00+00:00,42410099999,2025-03-10 06:00:00+00:00,47,25.0,28.0,26.0,23.8,1.9583333333333333,0.3826834323650899,-0.9238795325112867,0.9335418911179212,0.35846832151248087,0.3000000000000007,0.00597220262332012,2.1999999999999993,-1.8654761904761905,4.624134257391916,0,1.0,0.0,0.0,True,train
2025-03-12 06:00:00+00:00,42410099999,2025-03-10 06:00:00+00:00,48,26.0,28.0,28.0,24.5,2.0,0.130526192220052,-0.9914448613738104,0.9335418911179212,0.35846832151248087,0.3000000000000007,0.005494691666620266,3.5,-2.56547619047619,4.624134257391916,0,1.0,0.0,0.0,True,train
2025-03-10 07:00:00+00:00,43128599999,2025-03-10 06:00:00+00:00,1,30.0,29.0,33.0,31.5,0.041666666666666664,-0.13052619222005177,-0.9914448613738104,0.9206588168102428,0.3903682146763026,-0.8999999999999986,-0.8280399731663897,1.5,-4.738095238095237,5.463338957300588,0,0.0,1.0,0.0,True,train
2025-03-10 08:00:00+00:00,43128599999,2025-03-10 06:00:00+00:00,2,31.0,29.0,34.0,32.1,0.08333333333333333,-0.38268343236508967,-0.9238795325112868,0.9206588168102428,0.3903682146763026,-0.8999999999999986,-0.7618335524015515,1.8999999999999986,-5.338095238095239,5.463338957300588,0,0.0,1.0,0.0,True,train
2025-03-10 09:00:00+00:00,43128599999,2025-03-10 06:00:00+00:00,3,32.0,29.0,34.0,32.4,0.125,-0.6087614290087207,-0.7933533402912352,0.9206588168102428,0.3903682146763026,-0.8999999999999986,-0.7009207047642633,1.6000000000000014,-5.638095238095236,5.463338957300588,0,0.0,1.0,0.0,True,train
2025-03-10 10:00:00+00:00,43128599999,2025-03-10 06:00:00+00:00,4,32.0,29.0,34.0,32.3,0.16666666666666666,-0.7933533402912349,-0.6087614290087209,0.9206588168102428,0.3903682146763026,-0.8999999999999986,-0.6448781795164094,1.7000000000000028,-5.538095238095234,5.463338957300588,0,0.0,1.0,0.0,True,train
2025-03-10 11:00:00+00:00,43128599999,2025-03-10 06:00:00+00:00,5,31.0,29.0,33.0,31.6,0.20833333333333334,-0.9238795325112868,-0.3826834323650895,0.9206588168102428,0.3903682146763026,-0.8999999999999986,-0.5933165671803985,1.3999999999999986,-4.838095238095239,5.463338957300588,0,0.0,1.0,0.0,True,train
2025-03-10 12:00:00+00:00,43128599999,2025-03-10 06:00:00+00:00,6,29.0,29.0,31.0,30.7,0.25,-0.9914448613738104,-0.13052619222005163,0.9206588168102428,0.3903682146763026,-0.8999999999999986,-0.5458775937413692,0.3000000000000007,-3.9380952380952365,5.463338957300588,0,0.0,1.0,0.0,True,train
2025-03-10 13:00:00+00:00,43128599999,2025-03-10 06:00:00+00:00,7,28.0,29.0,29.0,28.4,0.2916666666666667,-0.9914448613738105,0.13052619222005127,0.9206588168102428,0.3903682146763026,-0.8999999999999986,-0.5022316311930416,0.6000000000000014,-1.6380952380952358,5.463338957300588,0,0.0,1.0,0.0,True,train
2025-03-10 14:00:00+00:00,43128599999,2025-03-10 06:00:00+00:00,8,26.0,29.0,27.0,26.9,0.3333333333333333,-0.923879532511287,0.38268343236508917,0.9206588168102428,0.3903682146763026,-0.8999999999999986,-0.4620754071293321,0.10000000000000142,-0.13809523809523583,5.463338957300588,0,0.0,1.0,0.0,True,train
2025-03-10 15:00:00+00:00,43128599999,2025-03-10 06:00:00+00:00,9,25.0,29.0,26.0,26.1,0.375,-0.7933533402912357,0.6087614290087199,0.9206588168102428,0.3903682146763026,-0.8999999999999986,-0.42512989746691254,-0.10000000000000142,0.6619047619047613,5.463338957300588,0,0.0,1.0,0.0,True,train
2025-03-10 16:00:00+00:00,43128599999,2025-03-10 06:00:00+00:00,10,25.0,29.0,26.0,25.1,0.4166666666666667,-0.6087614290087209,0.7933533402912349,0.9206588168102428,0.3903682146763026,-0.8999999999999986,-0.39113838765636977,0.8999999999999986,1.6619047619047613,5.463338957300588,0,0.0,1.0,0.0,True,train
2025-03-10 17:00:00+00:00,43128599999,2025-03-10 06:00:00+00:00,11,23.0,29.0,25.0,24.2,0.4583333333333333,-0.38268343236508956,0.9238795325112868,0.9206588168102428,0.3903682146763026,-0.8999999999999986,-0.35986468891036205,0.8000000000000007,2.5619047619047635,5.463338957300588,0,0.0,1.0,0.0,True,train
2025-03-10 18:00:00+00:00,43128599999,2025-03-10 06:00:00+00:00,12,23.0,29.0,24.0,23.3,0.5,-0.13052619222005168,0.9914448613738104,0.9206588168102428,0.3903682146763026,-0.8999999999999986,-0.3310914970542976,0.6999999999999993,3.461904761904762,5.463338957300588,0,0.0,1.0,0.0,True,train
2025-03-10 19:00:00+00:00,43128599999,2025-03-10 06:00:00+00:00,13,22.0,29.0,23.0,23.3,0.5416666666666666,0.13052619222005157,0.9914448613738104,0.9272375462179537,0.374473674486883,-0.8999999999999986,-0.3046188825960675,-0.3000000000000007,3.461904761904762,5.463338957300588,0,0.0,1.0,0.0,True,train
2025-03-10 20:00:00+00:00,43128599999,2025-03-10 06:00:00+00:00,14,21.0,29.0,22.0,22.5,0.5833333333333334,0.3826834323650898,0.9238795325112867,0.9272375462179537,0.374473674486883,-0.8999999999999986,-0.2802629015231375,-0.5,4.261904761904763,5.463338957300588,0,0.0,1.0,0.0,True,train
2025-03-10 21:00:00+00:00,43128599999,2025-03-10 06:00:00+00:00,15,22.0,29.0,21.0,22.0,0.625,0.6087614290087207,0.7933533402912352,0.9272375462179537,0.374473674486883,-0.8999999999999986,-0.2578543171741707,-1.0,4.761904761904763,5.463338957300588,0,0.0,1.0,0.0,True,train
2025-03-10 22:00:00+00:00,43128599999,2025-03-10 06:00:00+00:00,16,21.0,29.0,21.0,21.4,0.6666666666666666,0.7933533402912352,0.6087614290087207,0.9272375462179537,0.374473674486883,-0.8999999999999986,-0.23723742430415373,-0.3999999999999986,5.361904761904764,5.463338957300588,0,0.0,1.0,0.0,True,train
2025-03-10 23:00:00+00:00,43128599999,2025-03-10 06:00:00+00:00,17,21.0,29.0,20.0,20.6,0.7083333333333334,0.9238795325112867,0.38268343236508984,0.9272375462179537,0.374473674486883,-0.8999999999999986,-0.21826896717208347,-0.6000000000000014,6.161904761904761,5.463338957300588,0,0.0,1.0,0.0,True,train
2025-03-11 00:00:00+00:00,43128599999,2025-03-10 06:00:00+00:00,18,20.0,29.0,20.0,19.8,0.75,0.9914448613738104,0.1305261922200517,0.9272375462179537,0.374473674486883,-0.8999999999999986,-0.2008171441335865,0.1999999999999993,6.961904761904762,5.463338957300588,0,0.0,1.0,0.0,True,train
2025-03-11 01:00:00+00:00,43128599999,2025-03-10 06:00:00+00:00,19,20.0,29.0,20.0,18.9,0.7916666666666666,0.9914448613738104,-0.1305261922200516,0.9272375462179537,0.374473674486883,-0.8999999999999986,-0.18476069182191807,1.1000000000000014,7.861904761904764,5.463338957300588,0,0.0,1.0,0.0,True,train
2025-03-11 02:00:00+00:00,43128599999,2025-03-10 06:00:00+00:00,20,21.0,29.0,20.0,20.7,0.8333333333333334,0.9238795325112868,-0.3826834323650895,0.9272375462179537,0.374473674486883,-0.8999999999999986,-0.16998804255380537,-0.6999999999999993,6.0619047619047635,5.463338957300588,0,0.0,1.0,0.0,True,train
2025-03-11 03:00:00+00:00,43128599999,2025-03-10 06:00:00+00:00,21,23.0,29.0,22.0,24.0,0.875,0.7933533402912352,-0.6087614290087207,0.9272375462179537,0.374473674486883,-0.8999999999999986,-0.15639654910540038,-2.0,2.7619047619047628,5.463338957300588,0,0.0,1.0,0.0,True,train
2025-03-11 04:00:00+00:00,43128599999,2025-03-10 06:00:00+00:00,22,25.0,29.0,25.0,27.7,0.9166666666666666,0.6087614290087209,-0.793353340291235,0.9272375462179537,0.374473674486883,-0.8999999999999986,-0.1438917714717243,-2.6999999999999993,-0.9380952380952365,5.463338957300588,0,0.0,1.0,0.0,True,train
2025-03-11 05:00:00+00:00,43128599999,2025-03-10 06:00:00+00:00,23,29.0,29.0,27.0,30.4,0.9583333333333334,0.3826834323650899,-0.9238795325112867,0.9272375462179537,0.374473674486883,-0.8999999999999986,-0.1323868206536789,-3.3999999999999986,-3.638095238095236,5.463338957300588,0,0.0,1.0,0.0,True,train
2025-03-11 06:00:00+00:00,43128599999,2025-03-10 06:00:00+00:00,24,31.0,29.0,29.0,32.0,1.0,0.130526192220052,-0.9914448613738104,0.9272375462179537,0.374473674486883,-0.8999999999999986,-0.12180175491295124,-3.0,-5.238095238095237,5.463338957300588,0,0.0,1.0,0.0,True,train
2025-03-11 07:00:00+00:00,43128599999,2025-03-10 06:00:00+00:00,25,32.0,29.0,33.0,32.8,1.0416666666666667,-0.13052619222005177,-0.9914448613738104,0.9272375462179537,0.374473674486883,-0.8999999999999986,-0.11206302429971049,0.20000000000000284,-6.038095238095234,5.463338957300588,0,0.0,1.0,0.0,True,train
2025-03-11 08:00:00+00:00,43128599999,2025-03-10 06:00:00+00:00,26,33.0,29.0,34.0,33.3,1.0833333333333333,-0.38268343236508967,-0.9238795325112868,0.9272375462179537,0.374473674486883,-0.8999999999999986,-0.1031029595934188,0.7000000000000028,-6.538095238095234,5.463338957300588,0,0.0,1.0,0.0,True,train
2025-03-11 09:00:00+00:00,43128599999,2025-03-10 06:00:00+00:00,27,33.0,29.0,34.0,33.4,1.125,-0.6087614290087207,-0.7933533402912352,0.9272375462179537,0.374473674486883,-0.8999999999999986,-0.09485930210567775,0.6000000000000014,-6.638095238095236,5.463338957300588,0,0.0,1.0,0.0,True,train
2025-03-11 10:00:00+00:00,43128599999,2025-03-10 06:00:00+00:00,28,32.0,29.0,34.0,33.0,1.1666666666666667,-0.7933533402912349,-0.6087614290087209,0.9272375462179537,0.374473674486883,-0.8999999999999986,-0.08727477107796441,1.0,-6.238095238095237,5.463338957300588,0,0.0,1.0,0.0,True,train
2025-03-11 11:00:00+00:00,43128599999,2025-03-10 06:00:00+00:00,29,32.0,29.0,33.0,32.2,1.2083333333333333,-0.9238795325112868,-0.3826834323650895,0.9272375462179537,0.374473674486883,-0.8999999999999986,-0.08029666566833397,0.7999999999999972,-5.43809523809524,5.463338957300588,0,0.0,1.0,0.0,True,train
2025-03-11 12:00:00+00:00,43128599999,2025-03-10 06:00:00+00:00,30,31.0,29.0,31.0,31.0,1.25,-0.9914448613738104,-0.13052619222005163,0.9272375462179537,0.374473674486883,-0.8999999999999986,-0.0738764987615088,0.0,-4.238095238095237,5.463338957300588,0,0.0,1.0,0.0,True,train
2025-03-11 13:00:00+00:00,43128599999,2025-03-10 06:00:00+00:00,31,29.0,29.0,29.0,28.9,1.2916666666666667,-0.9914448613738105,0.13052619222005127,0.9272375462179537,0.374473674486883,-0.8999999999999986,-0.06796966005789629,0.10000000000000142,-2.138095238095236,5.463338957300588,0,0.0,1.0,0.0,True,train
2025-03-11 14:00:00+00:00,43128599999,2025-03-10 06:00:00+00:00,32,27.0,29.0,27.0,27.2,1.3333333333333333,-0.923879532511287,0.38268343236508917,0.9272375462179537,0.374473674486883,-0.8999999999999986,-0.06253510610052129,-0.1999999999999993,-0.43809523809523654,5.463338957300588,0,0.0,1.0,0.0,True,train
2025-03-11 15:00:00+00:00,43128599999,2025-03-10 06:00:00+00:00,33,26.0,29.0,26.0,26.2,1.375,-0.7933533402912357,0.6087614290087199,0.9272375462179537,0.374473674486883,-0.8999999999999986,-0.057535075086036724,-0.1999999999999993,0.5619047619047635,5.463338957300588,0,0.0,1.0,0.0,True,train
2025-03-11 16:00:00+00:00,43128599999,2025-03-10 06:00:00+00:00,34,25.0,29.0,26.0,25.5,1.4166666666666667,-0.6087614290087209,0.7933533402912349,0.9272375462179537,0.374473674486883,-0.8999999999999986,-0.05293482447818681,0.5,1.2619047619047628,5.463338957300588,0,0.0,1.0,0.0,True,train
2025-03-11 17:00:00+00:00,43128599999,2025-03-10 06:00:00+00:00,35,24.0,29.0,25.0,25.1,1.4583333333333333,-0.38268343236508956,0.9238795325112868,0.9272375462179537,0.374473674486883,-0.8999999999999986,-0.048702389600539374,-0.10000000000000142,1.6619047619047613,5.463338957300588,0,0.0,1.0,0.0,True,train
2025-03-11 18:00:00+00:00,43128599999,2025-03-10 06:00:00+00:00,36,23.0,29.0,24.0,24.2,1.5,-0.13052619222005168,0.9914448613738104,0.9272375462179537,0.374473674486883,-0.8999999999999986,-0.04480836153107748,-0.1999999999999993,2.5619047619047635,5.463338957300588,0,0.0,1.0,0.0,True,train
2025-03-11 19:00:00+00:00,43128599999,2025-03-10 06:00:00+00:00,37,23.0,29.0,23.0,23.0,1.5416666666666667,0.13052619222005157,0.9914448613738104,0.9335418911179212,0.35846832151248087,-0.8999999999999986,-0.04122568275535926,0.0,3.7619047619047628,5.463338957300588,0,0.0,1.0,0.0,True,train
2025-03-11 20:00:00+00:00,43128599999,2025-03-10 06:00:00+00:00,38,22.0,29.0,22.0,22.0,1.5833333333333333,0.3826834323650898,0.9238795325112867,0.9335418911179212,0.35846832151248087,-0.8999999999999986,-0.03792945915834871,0.0,4.761904761904763,5.463338957300588,0,0.0,1.0,0.0,True,train
2025-03-11 21:00:00+00:00,43128599999,2025-03-10 06:00:00+00:00,39,20.0,29.0,21.0,21.0,1.625,0.6087614290087207,0.7933533402912352,0.9335418911179212,0.35846832151248087,-0.8999999999999986,-0.03489678704854975,0.0,5.761904761904763,5.463338957300588,0,0.0,1.0,0.0,True,train
2025-03-11 22:00:00+00:00,43128599999,2025-03-10 06:00:00+00:00,40,21.0,29.0,21.0,20.6,1.6666666666666667,0.7933533402912352,0.6087614290087207,0.9335418911179212,0.35846832151248087,-0.8999999999999986,-0.03210659401252711,0.3999999999999986,6.161904761904761,5.463338957300588,0,0.0,1.0,0.0,True,train
2025-03-11 23:00:00+00:00,43128599999,2025-03-10 06:00:00+00:00,41,22.0,29.0,20.0,21.0,1.7083333333333333,0.9238795325112867,0.38268343236508984,0.9335418911179212,0.35846832151248087,-0.8999999999999986,-0.02953949249399684,-1.0,5.761904761904763,5.463338957300588,0,0.0,1.0,0.0,True,train
2025-03-12 00:00:00+00:00,43128599999,2025-03-10 06:00:00+00:00,42,21.0,29.0,20.0,20.5,1.75,0.9914448613738104,0.1305261922200517,0.9335418911179212,0.35846832151248087,-0.8999999999999986,-0.027177645080086608,-0.5,6.261904761904763,5.463338957300588,0,0.0,1.0,0.0,True,train
2025-03-12 01:00:00+00:00,43128599999,2025-03-10 06:00:00+00:00,43,20.0,29.0,20.0,19.7,1.7916666666666667,0.9914448613738104,-0.1305261922200516,0.9335418911179212,0.35846832151248087,-0.8999999999999986,-0.025004640558711787,0.3000000000000007,7.0619047619047635,5.463338957300588,0,0.0,1.0,0.0,True,train
2025-03-12 02:00:00+00:00,43128599999,2025-03-10 06:00:00+00:00,44,21.0,29.0,20.0,21.9,1.8333333333333333,0.9238795325112868,-0.3826834323650895,0.9335418911179212,0.35846832151248087,-0.8999999999999986,-0.023005379885856627,-1.8999999999999986,4.861904761904764,5.463338957300588,0,0.0,1.0,0.0,True,train
2025-03-12 03:00:00+00:00,43128599999,2025-03-10 06:00:00+00:00,45,26.0,29.0,22.0,25.9,1.875,0.7933533402912352,-0.6087614290087207,0.9335418911179212,0.35846832151248087,-0.8999999999999986,-0.021165971270408163,-3.8999999999999986,0.8619047619047642,5.463338957300588,0,0.0,1.0,0.0,True,train
2025-03-12 04:00:00+00:00,43128599999,2025-03-10 06:00:00+00:00,46,29.0,29.0,25.0,29.7,1.9166666666666667,0.6087614290087209,-0.793353340291235,0.9335418911179212,0.35846832151248087,-0.8999999999999986,-0.01947363364754375,-4.699999999999999,-2.9380952380952365,5.463338957300588,0,0.0,1.0,0.0,True,train
2025-03-12 05:00:00+00:00,43128599999,2025-03-10 06:00:00+00:00,47,33.0,29.0,27.0,31.9,1.9583333333333333,0.3826834323650899,-0.9238795325112867,0.9335418911179212,0.35846832151248087,-0.8999999999999986,-0.01791660786996029,-4.899999999999999,-5.138095238095236,5.463338957300588,0,0.0,1.0,0.0,True,train
2025-03-12 06:00:00+00:00,43128599999,2025-03-10 06:00:00+00:00,48,34.0,29.0,29.0,33.3,2.0,0.130526192220052,-0.9914448613738104,0.9335418911179212,0.35846832151248087,-0.8999999999999986,-0.016484074999860734,-4.299999999999997,-6.538095238095234,5.463338957300588,0,0.0,1.0,0.0,True,train
2025-03-10 07:00:00+00:00,43279099999,2025-03-10 06:00:00+00:00,1,32.0,32.0,31.0,32.0,0.041666666666666664,-0.13052619222005177,-0.9914448613738104,0.9206588168102428,0.3903682146763026,0.1999999999999993,0.184008882925864,-1.0,-3.178571428571427,2.9059082437490065,0,0.0,0.0,1.0,True,train
2025-03-10 08:00:00+00:00,43279099999,2025-03-10 06:00:00+00:00,2,32.0,32.0,31.0,32.1,0.08333333333333333,-0.38268343236508967,-0.9238795325112868,0.9206588168102428,0.3903682146763026,0.1999999999999993,0.16929634497812224,-1.1000000000000014,-3.2785714285714285,2.9059082437490065,0,0.0,0.0,1.0,True,train
2025-03-10 09:00:00+00:00,43279099999,2025-03-10 06:00:00+00:00,3,32.0,32.0,31.0,32.3,0.125,-0.6087614290087207,-0.7933533402912352,0.9206588168102428,0.3903682146763026,0.1999999999999993,0.15576015661428042,-1.2999999999999972,-3.478571428571424,2.9059082437490065,0,0.0,0.0,1.0,True,train
2025-03-10 10:00:00+00:00,43279099999,2025-03-10 06:00:00+00:00,4,31.0,32.0,31.0,31.6,0.16666666666666666,-0.7933533402912349,-0.6087614290087209,0.9206588168102428,0.3903682146763026,0.1999999999999993,0.14330626211475733,-0.6000000000000014,-2.7785714285714285,2.9059082437490065,0,0.0,0.0,1.0,True,train
2025-03-10 11:00:00+00:00,43279099999,2025-03-10 06:00:00+00:00,5,31.0,32.0,30.0,30.3,0.20833333333333334,-0.9238795325112868,-0.3826834323650895,0.9206588168102428,0.3903682146763026,0.1999999999999993,0.13184812604008828,-0.3000000000000007,-1.4785714285714278,2.9059082437490065,0,0.0,0.0,1.0,True,train
2025-03-10 12:00:00+00:00,43279099999,2025-03-10 06:00:00+00:00,6,30.0,32.0,29.0,28.9,0.25,-0.9914448613738104,-0.13052619222005163,0.9206588168102428,0.3903682146763026,0.1999999999999993,0.12130613194252625,0.10000000000000142,-0.07857142857142563,2.9059082437490065,0,0.0,0.0,1.0,True,train
2025-03-10 13:00:00+00:00,43279099999,2025-03-10 06:00:00+00:00,7,29.0,32.0,29.0,28.4,0.2916666666666667,-0.9914448613738105,0.13052619222005127,0.9206588168102428,0.3903682146763026,0.1999999999999993,0.11160702915400902,0.6000000000000014,0.4214285714285744,2.9059082437490065,0,0.0,0.0,1.0,True,train
2025-03-10 14:00:00+00:00,43279099999,2025-03-10 06:00:00+00:00,8,29.0,32.0,28.0,28.7,0.3333333333333333,-0.923879532511287,0.38268343236508917,0.9206588168102428,0.3903682146763026,0.1999999999999993,0.10268342380651804,-0.6999999999999993,0.12142857142857366,2.9059082437490065,0,0.0,0.0,1.0,True,train
2025-03-10 15:00:00+00:00,43279099999,2025-03-10 06:00:00+00:00,9,28.0,32.0,28.0,28.3,0.375,-0.7933533402912357,0.6087614290087199,0.9206588168102428,0.3903682146763026,0.1999999999999993,0.0944733105482026,-0.3000000000000007,0.5214285714285722,2.9059082437490065,0,0.0,0.0,1.0,True,train
2025-03-10 16:00:00+00:00,43279099999,2025-03-10 06:00:00+00:00,10,28.0,32.0,27.0,28.1,0.4166666666666667,-0.6087614290087209,0.7933533402912349,0.9206588168102428,0.3903682146763026,0.1999999999999993,0.08691964170141533,-1.1000000000000014,0.7214285714285715,2.9059082437490065,0,0.0,0.0,1.0,True,train
2025-03-10 17:00:00+00:00,43279099999,2025-03-10 06:00:00+00:00,11,28.0,32.0,27.0,28.0,0.4583333333333333,-0.38268343236508956,0.9238795325112868,0.9206588168102428,0.3903682146763026,0.1999999999999993,0.0799699308689692,-1.0,0.821428571428573,2.9059082437490065,0,0.0,0.0,1.0,True,train
2025-03-10 18:00:00+00:00,43279099999,2025-03-10 06:00:00+00:00,12,28.0,32.0,27.0,27.8,0.5,-0.13052619222005168,0.9914448613738104,0.9206588168102428,0.3903682146763026,0.1999999999999993,0.0735758882342882,-0.8000000000000007,1.0214285714285722,2.9059082437490065,0,0.0,0.0,1.0,True,train
2025-03-10 19:00:00+00:00,43279099999,2025-03-10 06:00:00+00:00,13,28.0,32.0,27.0,27.7,0.5416666666666666,0.13052619222005157,0.9914448613738104,0.9272375462179537,0.374473674486883,0.1999999999999993,0.0676930850213482,-0.6999999999999993,1.1214285714285737,2.9059082437490065,0,0.0,0.0,1.0,True,train
2025-03-10 20:00:00+00:00,43279099999,2025-03-10 06:00:00+00:00,14,28.0,32.0,26.0,27.5,0.5833333333333334,0.3826834323650898,0.9238795325112867,0.9272375462179537,0.374473674486883,0.1999999999999993,0.062280644782919316,-1.5,1.321428571428573,2.9059082437490065,0,0.0,0.0,1.0,True,train
2025-03-10 21:00:00+00:00,43279099999,2025-03-10 06:00:00+00:00,15,28.0,32.0,26.0,27.4,0.625,0.6087614290087207,0.7933533402912352,0.9272375462179537,0.374473674486883,0.1999999999999993,0.057300959372037816,-1.3999999999999986,1.4214285714285744,2.9059082437490065,0,0.0,0.0,1.0,True,train
2025-03-10 22:00:00+00:00,43279099999,2025-03-10 06:00:00+00:00,16,27.0,32.0,26.0,27.3,0.6666666666666666,0.7933533402912352,0.6087614290087207,0.9272375462179537,0.374473674486883,0.1999999999999993,0.05271942762314517,-1.3000000000000007,1.5214285714285722,2.9059082437490065,0,0.0,0.0,1.0,True,train
2025-03-10 23:00:00+00:00,43279099999,2025-03-10 06:00:00+00:00,17,27.0,32.0,26.0,27.3,0.7083333333333334,0.9238795325112867,0.38268343236508984,0.9272375462179537,0.374473674486883,0.1999999999999993,0.048504214927129564,-1.3000000000000007,1.5214285714285722,2.9059082437490065,0,0.0,0.0,1.0,True,train
2025-03-11 00:00:00+00:00,43279099999,2025-03-10 06:00:00+00:00,18,27.0,32.0,26.0,27.4,0.75,0.9914448613738104,0.1305261922200517,0.9272375462179537,0.374473674486883,0.1999999999999993,0.044626032029685805,-1.3999999999999986,1.4214285714285744,2.9059082437490065,0,0.0,0.0,1.0,True,train
2025-03-11 01:00:00+00:00,43279099999,2025-03-10 06:00:00+00:00,19,27.0,32.0,26.0,27.7,0.7916666666666666,0.9914448613738104,-0.1305261922200516,0.9272375462179537,0.374473674486883,0.1999999999999993,0.04105793151598171,-1.6999999999999993,1.1214285714285737,2.9059082437490065,0,0.0,0.0,1.0,True,train
2025-03-11 02:00:00+00:00,43279099999,2025-03-10 06:00:00+00:00,20,27.0,32.0,27.0,28.8,0.8333333333333334,0.9238795325112868,-0.3826834323650895,0.9272375462179537,0.374473674486883,0.1999999999999993,0.037775120567512234,-1.8000000000000007,0.02142857142857224,2.9059082437490065,0,0.0,0.0,1.0,True,train
2025-03-11 03:00:00+00:00,43279099999,2025-03-10 06:00:00+00:00,21,28.0,32.0,30.0,30.2,0.875,0.7933533402912352,-0.6087614290087207,0.9272375462179537,0.374473674486883,0.1999999999999993,0.034754788690088904,-0.1999999999999993,-1.3785714285714263,2.9059082437490065,0,0.0,0.0,1.0,True,train
2025-03-11 04:00:00+00:00,43279099999,2025-03-10 06:00:00+00:00,22,29.0,32.0,30.0,29.4,0.9166666666666666,0.6087614290087209,-0.793353340291235,0.9272375462179537,0.374473674486883,0.1999999999999993,0.031975949215938666,0.6000000000000014,-0.5785714285714256,2.9059082437490065,0,0.0,0.0,1.0,True,train
2025-03-11 05:00:00+00:00,43279099999,2025-03-10 06:00:00+00:00,23,31.0,32.0,31.0,28.1,0.9583333333333334,0.3826834323650899,-0.9238795325112867,0.9272375462179537,0.374473674486883,0.1999999999999993,0.029419293478595256,2.8999999999999986,0.7214285714285715,2.9059082437490065,0,0.0,0.0,1.0,True,train
2025-03-11 06:00:00+00:00,43279099999,2025-03-10 06:00:00+00:00,24,31.0,32.0,32.0,29.2,1.0,0.130526192220052,-0.9914448613738104,0.9272375462179537,0.374473674486883,0.1999999999999993,0.027067056647322445,2.8000000000000007,-0.37857142857142634,2.9059082437490065,0,0.0,0.0,1.0,True,train
2025-03-11 07:00:00+00:00,43279099999,2025-03-10 06:00:00+00:00,25,27.0,32.0,31.0,29.0,1.0416666666666667,-0.13052619222005177,-0.9914448613738104,0.9272375462179537,0.374473674486883,0.1999999999999993,0.024902894288824504,2.0,-0.17857142857142705,2.9059082437490065,0,0.0,0.0,1.0,True,train
2025-03-11 08:00:00+00:00,43279099999,2025-03-10 06:00:00+00:00,26,25.0,32.0,31.0,27.1,1.0833333333333333,-0.38268343236508967,-0.9238795325112868,0.9272375462179537,0.374473674486883,0.1999999999999993,0.022911768798537464,3.8999999999999986,1.7214285714285715,2.9059082437490065,0,0.0,0.0,1.0,True,train
2025-03-11 09:00:00+00:00,43279099999,2025-03-10 06:00:00+00:00,27,27.0,32.0,31.0,27.3,1.125,-0.6087614290087207,-0.7933533402912352,0.9272375462179537,0.374473674486883,0.1999999999999993,0.021079844912372792,3.6999999999999993,1.5214285714285722,2.9059082437490065,0,0.0,0.0,1.0,True,train
2025-03-11 10:00:00+00:00,43279099999,2025-03-10 06:00:00+00:00,28,26.0,32.0,31.0,28.1,1.1666666666666667,-0.7933533402912349,-0.6087614290087209,0.9272375462179537,0.374473674486883,0.1999999999999993,0.019394393572880943,2.8999999999999986,0.7214285714285715,2.9059082437490065,0,0.0,0.0,1.0,True,train
2025-03-11 11:00:00+00:00,43279099999,2025-03-10 06:00:00+00:00,29,27.0,32.0,30.0,28.0,1.2083333333333333,-0.9238795325112868,-0.3826834323650895,0.9272375462179537,0.374473674486883,0.1999999999999993,0.01784370348185196,2.0,0.821428571428573,2.9059082437490065,0,0.0,0.0,1.0,True,train
2025-03-11 12:00:00+00:00,43279099999,2025-03-10 06:00:00+00:00,30,27.0,32.0,29.0,27.1,1.25,-0.9914448613738104,-0.13052619222005163,0.9272375462179537,0.374473674486883,0.1999999999999993,0.016416999724779703,1.8999999999999986,1.7214285714285715,2.9059082437490065,0,0.0,0.0,1.0,True,train
2025-03-11 13:00:00+00:00,43279099999,2025-03-10 06:00:00+00:00,31,27.0,32.0,29.0,26.8,1.2916666666666667,-0.9914448613738105,0.13052619222005127,0.9272375462179537,0.374473674486883,0.1999999999999993,0.015104368901754699,2.1999999999999993,2.0214285714285722,2.9059082437490065,0,0.0,0.0,1.0,True,train
2025-03-11 14:00:00+00:00,43279099999,2025-03-10 06:00:00+00:00,32,26.0,32.0,28.0,26.7,1.3333333333333333,-0.923879532511287,0.38268343236508917,0.9272375462179537,0.374473674486883,0.1999999999999993,0.013896690244560259,1.3000000000000007,2.1214285714285737,2.9059082437490065,0,0.0,0.0,1.0,True,train
2025-03-11 15:00:00+00:00,43279099999,2025-03-10 06:00:00+00:00,33,26.0,32.0,28.0,26.8,1.375,-0.7933533402912357,0.6087614290087199,0.9272375462179537,0.374473674486883,0.1999999999999993,0.012785572241341468,1.1999999999999993,2.0214285714285722,2.9059082437490065,0,0.0,0.0,1.0,True,train
2025-03-11 16:00:00+00:00,43279099999,2025-03-10 06:00:00+00:00,34,26.0,32.0,27.0,26.2,1.4166666666666667,-0.6087614290087209,0.7933533402912349,0.9272375462179537,0.374473674486883,0.1999999999999993,0.011763294328485935,0.8000000000000007,2.6214285714285737,2.9059082437490065,0,0.0,0.0,1.0,True,train
2025-03-11 17:00:00+00:00,43279099999,2025-03-10 06:00:00+00:00,35,26.0,32.0,27.0,26.1,1.4583333333333333,-0.38268343236508956,0.9238795325112868,0.9272375462179537,0.374473674486883,0.1999999999999993,0.010822753244564283,0.8999999999999986,2.7214285714285715,2.9059082437490065,0,0.0,0.0,1.0,True,train
2025-03-11 18:00:00+00:00,43279099999,2025-03-10 06:00:00+00:00,36,26.0,32.0,27.0,25.8,1.5,-0.13052619222005168,0.9914448613738104,0.9272375462179537,0.374473674486883,0.1999999999999993,0.009957413673572753,1.1999999999999993,3.0214285714285722,2.9059082437490065,0,0.0,0.0,1.0,True,train
2025-03-11 19:00:00+00:00,43279099999,2025-03-10 06:00:00+00:00,37,26.0,32.0,27.0,25.6,1.5416666666666667,0.13052619222005157,0.9914448613738104,0.9335418911179212,0.35846832151248087,0.1999999999999993,0.009161262834524262,1.3999999999999986,3.2214285714285715,2.9059082437490065,0,0.0,0.0,1.0,True,train
2025-03-11 20:00:00+00:00,43279099999,2025-03-10 06:00:00+00:00,38,26.0,32.0,26.0,25.1,1.5833333333333333,0.3826834323650898,0.9238795325112867,0.9335418911179212,0.35846832151248087,0.1999999999999993,0.00842876870185525,0.8999999999999986,3.7214285714285715,2.9059082437490065,0,0.0,0.0,1.0,True,train
2025-03-11 21:00:00+00:00,43279099999,2025-03-10 06:00:00+00:00,39,26.0,32.0,26.0,24.8,1.625,0.6087614290087207,0.7933533402912352,0.9335418911179212,0.35846832151248087,0.1999999999999993,0.007754841566344374,1.1999999999999993,4.021428571428572,2.9059082437490065,0,0.0,0.0,1.0,True,train
2025-03-11 22:00:00+00:00,43279099999,2025-03-10 06:00:00+00:00,40,26.0,32.0,26.0,24.5,1.6666666666666667,0.7933533402912352,0.6087614290087207,0.9335418911179212,0.35846832151248087,0.1999999999999993,0.007134798669450454,1.5,4.321428571428573,2.9059082437490065,0,0.0,0.0,1.0,True,train
2025-03-11 23:00:00+00:00,43279099999,2025-03-10 06:00:00+00:00,41,26.0,32.0,26.0,24.4,1.7083333333333333,0.9238795325112867,0.38268343236508984,0.9335418911179212,0.35846832151248087,0.1999999999999993,0.0065643316653326185,1.6000000000000014,4.421428571428574,2.9059082437490065,0,0.0,0.0,1.0,True,train
2025-03-12 00:00:00+00:00,43279099999,2025-03-10 06:00:00+00:00,42,26.0,32.0,26.0,24.5,1.75,0.9914448613738104,0.1305261922200517,0.9335418911179212,0.35846832151248087,0.1999999999999993,0.006039476684463679,1.5,4.321428571428573,2.9059082437490065,0,0.0,0.0,1.0,True,train
2025-03-12 01:00:00+00:00,43279099999,2025-03-10 06:00:00+00:00,43,26.0,32.0,26.0,24.6,1.7916666666666667,0.9914448613738104,-0.1305261922200516,0.9335418911179212,0.35846832151248087,0.1999999999999993,0.005556586790824831,1.3999999999999986,4.2214285714285715,2.9059082437490065,0,0.0,0.0,1.0,True,train
2025-03-12 02:00:00+00:00,43279099999,2025-03-10 06:00:00+00:00,44,26.0,32.0,27.0,25.5,1.8333333333333333,0.9238795325112868,-0.3826834323650895,0.9335418911179212,0.35846832151248087,0.1999999999999993,0.005112306641301462,1.5,3.321428571428573,2.9059082437490065,0,0.0,0.0,1.0,True,train
2025-03-12 03:00:00+00:00,43279099999,2025-03-10 06:00:00+00:00,45,28.0,32.0,30.0,26.8,1.875,0.7933533402912352,-0.6087614290087207,0.9335418911179212,0.35846832151248087,0.1999999999999993,0.004703549171201805,3.1999999999999993,2.0214285714285722,2.9059082437490065,0,0.0,0.0,1.0,True,train
2025-03-12 04:00:00+00:00,43279099999,2025-03-10 06:00:00+00:00,46,29.0,32.0,30.0,28.1,1.9166666666666667,0.6087614290087209,-0.793353340291235,0.9335418911179212,0.35846832151248087,0.1999999999999993,0.004327474143898603,1.8999999999999986,0.7214285714285715,2.9059082437490065,0,0.0,0.0,1.0,True,train
2025-03-12 05:00:00+00:00,43279099999,2025-03-10 06:00:00+00:00,47,31.0,32.0,31.0,29.9,1.9583333333333333,0.3826834323650899,-0.9238795325112867,0.9335418911179212,0.35846832151248087,0.1999999999999993,0.003981468415546723,1.1000000000000014,-1.0785714285714256,2.9059082437490065,0,0.0,0.0,1.0,True,train
2025-03-12 06:00:00+00:00,43279099999,2025-03-10 06:00:00+00:00,48,32.0,32.0,32.0,30.8,2.0,0.130526192220052,-0.9914448613738104,0.9335418911179212,0.35846832151248087,0.1999999999999993,0.0036631277777468226,1.1999999999999993,-1.9785714285714278,2.9059082437490065,0,0.0,0.0,1.0,True,train
2025-03-12 07:00:00+00:00,42410099999,2025-03-12 06:00:00+00:00,1,27.0,26.0,30.0,24.1,0.041666666666666664,-0.13052619222005177,-0.9914448613738104,0.9335418911179212,0.35846832151248087,3.3999999999999986,3.128151009739698,5.899999999999999,-1.7904761904761912,4.499937011400934,0,1.0,0.0,0.0,True,train
2025-03-12 08:00:00+00:00,42410099999,2025-03-12 06:00:00+00:00,2,27.0,26.0,31.0,26.0,0.08333333333333333,-0.38268343236508967,-0.9238795325112868,0.9335418911179212,0.35846832151248087,3.3999999999999986,2.878037864628087,5.0,-3.69047619047619,4.499937011400934,0,1.0,0.0,0.0,True,train
2025-03-12 09:00:00+00:00,42410099999,2025-03-12 06:00:00+00:00,3,26.0,26.0,31.0,26.3,0.125,-0.6087614290087207,-0.7933533402912352,0.9335418911179212,0.35846832151248087,3.3999999999999986,2.6479226624427756,4.699999999999999,-3.9904761904761905,4.499937011400934,0,1.0,0.0,0.0,True,train
2025-03-12 10:00:00+00:00,42410099999,2025-03-12 06:00:00+00:00,4,25.0,26.0,31.0,26.0,0.16666666666666666,-0.7933533402912349,-0.6087614290087209,0.9335418911179212,0.35846832151248087,3.3999999999999986,2.4362064559508827,5.0,-3.69047619047619,4.499937011400934,0,1.0,0.0,0.0,True,train
2025-03-12 11:00:00+00:00,42410099999,2025-03-12 06:00:00+00:00,5,24.0,26.0,30.0,24.6,0.20833333333333334,-0.9238795325112868,-0.3826834323650895,0.9335418911179212,0.35846832151248087,3.3999999999999986,2.241418142681508,5.399999999999999,-2.290476190476191,4.499937011400934,0,1.0,0.0,0.0,True,train
2025-03-12 12:00:00+00:00,42410099999,2025-03-12 06:00:00+00:00,6,23.0,26.0,28.0,22.8,0.25,-0.9914448613738104,-0.13052619222005163,0.9335418911179212,0.35846832151248087,3.3999999999999986,2.062204243022953,5.199999999999999,-0.4904761904761905,4.499937011400934,0,1.0,0.0,0.0,True,train
2025-03-12 13:00:00+00:00,42410099999,2025-03-12 06:00:00+00:00,7,23.0,26.0,26.0,21.4,0.2916666666666667,-0.9914448613738105,0.13052619222005127,0.9335418911179212,0.35846832151248087,3.3999999999999986,1.8973194956181594,4.600000000000001,0.9095238095238116,4.499937011400934,0,1.0,0.0,0.0,True,train
2025-03-12 14:00:00+00:00,42410099999,2025-03-12 06:00:00+00:00,8,22.0,26.0,24.0,20.3,0.3333333333333333,-0.923879532511287,0.38268343236508917,0.9335418911179212,0.35846832151248087,3.3999999999999986,1.7456182047108122,3.6999999999999993,2.0095238095238095,4.499937011400934,0,1.0,0.0,0.0,True,train
2025-03-12 15:00:00+00:00,42410099999,2025-03-12 06:00:00+00:00,9,21.0,26.0,24.0,19.9,0.375,-0.7933533402912357,0.6087614290087199,0.9335418911179212,0.35846832151248087,3.3999999999999986,1.6060462793194492,4.100000000000001,2.4095238095238116,4.499937011400934,0,1.0,0.0,0.0,True,train
2025-03-12 16:00:00+00:00,42410099999,2025-03-12 06:00:00+00:00,10,20.0,26.0,22.0,19.7,0.4166666666666667,-0.6087614290087209,0.7933533402912349,0.9335418911179212,0.35846832151248087,3.3999999999999986,1.4776339089240653,2.3000000000000007,2.609523809523811,4.499937011400934,0,1.0,0.0,0.0,True,train
2025-03-12 17:00:00+00:00,42410099999,2025-03-12 06:00:00+00:00,11,19.0,26.0,22.0,19.5,0.4583333333333333,-0.38268343236508956,0.9238795325112868,0.9335418911179212,0.35846832151248087,3.3999999999999986,1.3594888247724806,2.5,2.80952380952381,4.499937011400934,0,1.0,0.0,0.0,True,train
2025-03-12 18:00:00+00:00,42410099999,2025-03-12 06:00:00+00:00,12,19.0,26.0,23.0,19.1,0.5,-0.13052619222005168,0.9914448613738104,0.9335418911179212,0.35846832151248087,3.3999999999999986,1.2507900999829034,3.8999999999999986,3.209523809523809,4.499937011400934,0,1.0,0.0,0.0,True,train
2025-03-12 19:00:00+00:00,42410099999,2025-03-12 06:00:00+00:00,13,19.0,26.0,23.0,18.8,0.5416666666666666,0.13052619222005157,0.9914448613738104,0.9395699859530622,0.342356891994542,3.3999999999999986,1.150782445362923,4.199999999999999,3.5095238095238095,4.499937011400934,0,1.0,0.0,0.0,True,train
2025-03-12 20:00:00+00:00,42410099999,2025-03-12 06:00:00+00:00,14,18.0,26.0,21.0,18.5,0.5833333333333334,0.3826834323650898,0.9238795325112867,0.9395699859530622,0.342356891994542,3.3999999999999986,1.0587709613096317,2.5,3.80952380952381,4.499937011400934,0,1.0,0.0,0.0,True,train
2025-03-12 21:00:00+00:00,42410099999,2025-03-12 06:00:00+00:00,15,,26.0,21.0,18.3,0.625,0.6087614290087207,0.7933533402912352,0.9395699859530622,0.342356891994542,3.3999999999999986,0.9741163093246459,2.6999999999999993,4.0095238095238095,4.499937011400934,0,1.0,0.0,0.0,False,train
2025-03-12 22:00:00+00:00,42410099999,2025-03-12 06:00:00+00:00,16,19.0,26.0,20.0,18.2,0.6666666666666666,0.7933533402912352,0.6087614290087207,0.9395699859530622,0.342356891994542,3.3999999999999986,0.8962302695934706,1.8000000000000007,4.109523809523811,4.499937011400934,0,1.0,0.0,0.0,True,train
2025-03-12 23:00:00+00:00,42410099999,2025-03-12 06:00:00+00:00,17,18.0,26.0,20.0,18.2,0.7083333333333334,0.9238795325112867,0.38268343236508984,0.9395699859530622,0.342356891994542,3.3999999999999986,0.8245716537612051,1.8000000000000007,4.109523809523811,4.499937011400934,0,1.0,0.0,0.0,True,train
2025-03-13 00:00:00+00:00,42410099999,2025-03-12 06:00:00+00:00,18,19.0,26.0,20.0,18.3,0.75,0.9914448613738104,0.1305261922200517,0.9395699859530622,0.342356891994542,3.3999999999999986,0.7586425445046611,1.6999999999999993,4.0095238095238095,4.499937011400934,0,1.0,0.0,0.0,True,train
2025-03-13 01:00:00+00:00,42410099999,2025-03-12 06:00:00+00:00,19,19.0,26.0,20.0,18.2,0.7916666666666666,0.9914448613738104,-0.1305261922200516,0.9395699859530622,0.342356891994542,3.3999999999999986,0.6979848357716912,1.8000000000000007,4.109523809523811,4.499937011400934,0,1.0,0.0,0.0,True,train
2025-03-13 02:00:00+00:00,42410099999,2025-03-12 06:00:00+00:00,20,19.0,26.0,22.0,18.6,0.8333333333333334,0.9238795325112868,-0.3826834323650895,0.9395699859530622,0.342356891994542,3.3999999999999986,0.6421770496477099,3.3999999999999986,3.709523809523809,4.499937011400934,0,1.0,0.0,0.0,True,train
2025-03-13 03:00:00+00:00,42410099999,2025-03-12 06:00:00+00:00,21,20.0,26.0,23.0,19.9,0.875,0.7933533402912352,-0.6087614290087207,0.9395699859530622,0.342356891994542,3.3999999999999986,0.5908314077315132,3.1000000000000014,2.4095238095238116,4.499937011400934,0,1.0,0.0,0.0,True,train
2025-03-13 04:00:00+00:00,42410099999,2025-03-12 06:00:00+00:00,22,21.0,26.0,25.0,21.0,0.9166666666666666,0.6087614290087209,-0.793353340291235,0.9395699859530622,0.342356891994542,3.3999999999999986,0.543591136670959,4.0,1.3095238095238102,4.499937011400934,0,1.0,0.0,0.0,True,train
2025-03-13 05:00:00+00:00,42410099999,2025-03-12 06:00:00+00:00,23,22.0,26.0,25.0,23.0,0.9583333333333334,0.3826834323650899,-0.9238795325112867,0.9395699859530622,0.342356891994542,3.3999999999999986,0.5001279891361209,2.0,-0.6904761904761898,4.499937011400934,0,1.0,0.0,0.0,True,train
2025-03-13 06:00:00+00:00,42410099999,2025-03-12 06:00:00+00:00,24,23.0,26.0,26.0,24.0,1.0,0.130526192220052,-0.9914448613738104,0.9395699859530622,0.342356891994542,3.3999999999999986,0.460139963004483,2.0,-1.6904761904761898,4.499937011400934,0,1.0,0.0,0.0,True,train
2025-03-13 07:00:00+00:00,42410099999,2025-03-12 06:00:00+00:00,25,23.0,26.0,30.0,25.0,1.0416666666666667,-0.13052619222005177,-0.9914448613738104,0.9395699859530622,0.342356891994542,3.3999999999999986,0.4233492029100179,5.0,-2.69047619047619,4.499937011400934,0,1.0,0.0,0.0,True,train
2025-03-13 08:00:00+00:00,42410099999,2025-03-12 06:00:00+00:00,26,23.0,26.0,31.0,25.6,1.0833333333333333,-0.38268343236508967,-0.9238795325112868,0.9395699859530622,0.342356891994542,3.3999999999999986,0.3895000695751381,5.399999999999999,-3.290476190476191,4.499937011400934,0,1.0,0.0,0.0,True,train
2025-03-13 09:00:00+00:00,42410099999,2025-03-12 06:00:00+00:00,27,24.0,26.0,31.0,25.6,1.125,-0.6087614290087207,-0.7933533402912352,0.9395699859530622,0.342356891994542,3.3999999999999986,0.3583573635103386,5.399999999999999,-3.290476190476191,4.499937011400934,0,1.0,0.0,0.0,True,train
2025-03-13 10:00:00+00:00,42410099999,2025-03-12 06:00:00+00:00,28,24.0,26.0,31.0,24.9,1.1666666666666667,-0.7933533402912349,-0.6087614290087209,0.9395699859530622,0.342356891994542,3.3999999999999986,0.32970469073897707,6.100000000000001,-2.5904761904761884,4.499937011400934,0,1.0,0.0,0.0,True,train
2025-03-13 11:00:00+00:00,42410099999,2025-03-12 06:00:00+00:00,29,23.0,26.0,30.0,23.7,1.2083333333333333,-0.9238795325112868,-0.3826834323650895,0.9395699859530622,0.342356891994542,3.3999999999999986,0.30334295919148424,6.300000000000001,-1.390476190476189,4.499937011400934,0,1.0,0.0,0.0,True,train
2025-03-13 12:00:00+00:00,42410099999,2025-03-12 06:00:00+00:00,30,22.0,26.0,28.0,22.3,1.25,-0.9914448613738104,-0.13052619222005163,0.9395699859530622,0.342356891994542,3.3999999999999986,0.2790889953212558,5.699999999999999,0.00952380952380949,4.499937011400934,0,1.0,0.0,0.0,True,train
2025-03-13 13:00:00+00:00,42410099999,2025-03-12 06:00:00+00:00,31,21.0,26.0,26.0,21.5,1.2916666666666667,-0.9914448613738105,0.13052619222005127,0.9395699859530622,0.342356891994542,3.3999999999999986,0.2567742713298307,4.5,0.8095238095238102,4.499937011400934,0,1.0,0.0,0.0,True,train
2025-03-13 14:00:00+00:00,42410099999,2025-03-12 06:00:00+00:00,32,21.0,26.0,24.0,20.8,1.3333333333333333,-0.923879532511287,0.38268343236508917,0.9395699859530622,0.342356891994542,3.3999999999999986,0.23624373415752514,3.1999999999999993,1.5095238095238095,4.499937011400934,0,1.0,0.0,0.0,True,train
2025-03-13 15:00:00+00:00,42410099999,2025-03-12 06:00:00+00:00,33,20.0,26.0,24.0,20.4,1.375,-0.7933533402912357,0.6087614290087199,0.9395699859530622,0.342356891994542,3.3999999999999986,0.21735472810280565,3.6000000000000014,1.9095238095238116,4.499937011400934,0,1.0,0.0,0.0,True,train
2025-03-13 16:00:00+00:00,42410099999,2025-03-12 06:00:00+00:00,34,20.0,26.0,22.0,19.9,1.4166666666666667,-0.6087614290087209,0.7933533402912349,0.9395699859530622,0.342356891994542,3.3999999999999986,0.1999760035842615,2.1000000000000014,2.4095238095238116,4.499937011400934,0,1.0,0.0,0.0,True,train
2025-03-13 17:00:00+00:00,42410099999,2025-03-12 06:00:00+00:00,35,19.0,26.0,22.0,19.6,1.4583333333333333,-0.38268343236508956,0.9238795325112868,0.9395699859530622,0.342356891994542,3.3999999999999986,0.18398680515759339,2.3999999999999986,2.709523809523809,4.499937011400934,0,1.0,0.0,0.0,True,train
2025-03-13 18:00:00+00:00,42410099999,2025-03-12 06:00:00+00:00,36,19.0,26.0,23.0,19.3,1.5,-0.13052619222005168,0.9914448613738104,0.9395699859530622,0.342356891994542,3.3999999999999986,0.16927603245073733,3.6999999999999993,3.0095238095238095,4.499937011400934,0,1.0,0.0,0.0,True,train
2025-03-13 19:00:00+00:00,42410099999,2025-03-12 06:00:00+00:00,37,19.0,26.0,23.0,18.6,1.5416666666666667,0.13052619222005157,0.9914448613738104,0.945320046913132,0.3261441535642696,3.3999999999999986,0.15574146818691295,4.399999999999999,3.709523809523809,4.499937011400934,0,1.0,0.0,0.0,True,train
2025-03-13 20:00:00+00:00,42410099999,2025-03-12 06:00:00+00:00,38,19.0,26.0,21.0,18.3,1.5833333333333333,0.3826834323650898,0.9238795325112867,0.945320046913132,0.3261441535642696,3.3999999999999986,0.14328906793153973,2.6999999999999993,4.0095238095238095,4.499937011400934,0,1.0,0.0,0.0,True,train
2025-03-13 21:00:00+00:00,42410099999,2025-03-12 06:00:00+00:00,39,19.0,26.0,21.0,18.1,1.625,0.6087614290087207,0.7933533402912352,0.945320046913132,0.3261441535642696,3.3999999999999986,0.13183230662785478,2.8999999999999986,4.209523809523809,4.499937011400934,0,1.0,0.0,0.0,True,train
2025-03-13 22:00:00+00:00,42410099999,2025-03-12 06:00:00+00:00,40,19.0,26.0,20.0,17.7,1.6666666666666667,0.7933533402912352,0.6087614290087207,0.945320046913132,0.3261441535642696,3.3999999999999986,0.12129157738065809,2.3000000000000007,4.609523809523811,4.499937011400934,0,1.0,0.0,0.0,True,train
2025-03-13 23:00:00+00:00,42410099999,2025-03-12 06:00:00+00:00,41,19.0,26.0,20.0,17.6,1.7083333333333333,0.9238795325112867,0.38268343236508984,0.945320046913132,0.3261441535642696,3.3999999999999986,0.11159363831065486,2.3999999999999986,4.709523809523809,4.499937011400934,0,1.0,0.0,0.0,True,train
2025-03-14 00:00:00+00:00,42410099999,2025-03-12 06:00:00+00:00,42,19.0,26.0,20.0,17.7,1.75,0.9914448613738104,0.1305261922200517,0.945320046913132,0.3261441535642696,3.3999999999999986,0.10267110363588286,2.3000000000000007,4.609523809523811,4.499937011400934,0,1.0,0.0,0.0,True,train
2025-03-14 01:00:00+00:00,42410099999,2025-03-12 06:00:00+00:00,43,19.0,26.0,20.0,18.0,1.7916666666666667,0.9914448613738104,-0.1305261922200516,0.945320046913132,0.3261441535642696,3.3999999999999986,0.09446197544402242,2.0,4.30952380952381,4.499937011400934,0,1.0,0.0,0.0,True,train
2025-03-14 02:00:00+00:00,42410099999,2025-03-12 06:00:00+00:00,44,19.0,26.0,22.0,19.2,1.8333333333333333,0.9238795325112868,-0.3826834323650895,0.945320046913132,0.3261441535642696,3.3999999999999986,0.08690921290212514,2.8000000000000007,3.109523809523811,4.499937011400934,0,1.0,0.0,0.0,True,train
2025-03-14 03:00:00+00:00,42410099999,2025-03-12 06:00:00+00:00,45,20.0,26.0,23.0,20.7,1.875,0.7933533402912352,-0.6087614290087207,0.945320046913132,0.3261441535642696,3.3999999999999986,0.07996033591043093,2.3000000000000007,1.609523809523811,4.499937011400934,0,1.0,0.0,0.0,True,train
2025-03-14 04:00:00+00:00,42410099999,2025-03-12 06:00:00+00:00,46,21.0,26.0,25.0,22.2,1.9166666666666667,0.6087614290087209,-0.793353340291235,0.945320046913132,0.3261441535642696,3.3999999999999986,0.07356706044627648,2.8000000000000007,0.10952380952381091,4.499937011400934,0,1.0,0.0,0.0,True,train
2025-03-14 05:00:00+00:00,42410099999,2025-03-12 06:00:00+00:00,47,22.0,26.0,25.0,23.5,1.9583333333333333,0.3826834323650899,-0.9238795325112867,0.945320046913132,0.3261441535642696,3.3999999999999986,0.0676849630642945,1.5,-1.1904761904761898,4.499937011400934,0,1.0,0.0,0.0,True,train
2025-03-14 06:00:00+00:00,42410099999,2025-03-12 06:00:00+00:00,48,23.0,26.0,26.0,24.9,2.0,0.130526192220052,-0.9914448613738104,0.945320046913132,0.3261441535642696,3.3999999999999986,0.062273172221696184,1.1000000000000014,-2.5904761904761884,4.499937011400934,0,1.0,0.0,0.0,True,train
2025-03-12 07:00:00+00:00,43128599999,2025-03-12 06:00:00+00:00,1,35.0,34.0,32.0,33.8,0.041666666666666664,-0.13052619222005177,-0.9914448613738104,0.9335418911179212,0.35846832151248087,1.2000000000000028,1.1040532975551907,-1.7999999999999972,-7.353571428571424,5.083538944207953,0,0.0,1.0,0.0,True,train
2025-03-12 08:00:00+00:00,43128599999,2025-03-12 06:00:00+00:00,2,35.0,34.0,33.0,34.6,0.08333333333333333,-0.38268343236508967,-0.9238795325112868,0.9335418911179212,0.35846832151248087,1.2000000000000028,1.0157780698687393,-1.6000000000000014,-8.153571428571428,5.083538944207953,0,0.0,1.0,0.0,True,train
2025-03-12 09:00:00+00:00,43128599999,2025-03-12 06:00:00+00:00,3,35.0,34.0,33.0,34.9,0.125,-0.6087614290087207,-0.7933533402912352,0.9335418911179212,0.35846832151248087,1.2000000000000028,0.9345609396856881,-1.8999999999999986,-8.453571428571426,5.083538944207953,0,0.0,1.0,0.0,True,train
2025-03-12 10:00:00+00:00,43128599999,2025-03-12 06:00:00+00:00,4,35.0,34.0,32.0,34.8,0.16666666666666666,-0.7933533402912349,-0.6087614290087209,0.9335418911179212,0.35846832151248087,1.2000000000000028,0.8598375726885492,-2.799999999999997,-8.353571428571424,5.083538944207953,0,0.0,1.0,0.0,True,train
2025-03-12 11:00:00+00:00,43128599999,2025-03-12 06:00:00+00:00,5,35.0,34.0,32.0,34.1,0.20833333333333334,-0.9238795325112868,-0.3826834323650895,0.9335418911179212,0.35846832151248087,1.2000000000000028,0.7910887562405344,-2.1000000000000014,-7.6535714285714285,5.083538944207953,0,0.0,1.0,0.0,True,train
2025-03-12 12:00:00+00:00,43128599999,2025-03-12 06:00:00+00:00,6,34.0,34.0,31.0,32.7,0.25,-0.9914448613738104,-0.13052619222005163,0.9335418911179212,0.35846832151248087,1.2000000000000028,0.7278367916551618,-1.7000000000000028,-6.25357142857143,5.083538944207953,0,0.0,1.0,0.0,True,train
2025-03-12 13:00:00+00:00,43128599999,2025-03-12 06:00:00+00:00,7,32.0,34.0,29.0,30.0,0.2916666666666667,-0.9914448613738105,0.13052619222005127,0.9335418911179212,0.35846832151248087,1.2000000000000028,0.6696421749240581,-1.0,-3.553571428571427,5.083538944207953,0,0.0,1.0,0.0,True,train
2025-03-12 14:00:00+00:00,43128599999,2025-03-12 06:00:00+00:00,8,29.0,34.0,27.0,27.9,0.3333333333333333,-0.923879532511287,0.38268343236508917,0.9335418911179212,0.35846832151248087,1.2000000000000028,0.6161005428391119,-0.8999999999999986,-1.4535714285714256,5.083538944207953,0,0.0,1.0,0.0,True,train
2025-03-12 15:00:00+00:00,43128599999,2025-03-12 06:00:00+00:00,9,27.0,34.0,26.0,26.5,0.375,-0.7933533402912357,0.6087614290087199,0.9335418911179212,0.35846832151248087,1.2000000000000028,0.566839863289219,-0.5,-0.05357142857142705,5.083538944207953,0,0.0,1.0,0.0,True,train
2025-03-12 16:00:00+00:00,43128599999,2025-03-12 06:00:00+00:00,10,26.0,34.0,25.0,25.7,0.4166666666666667,-0.6087614290087209,0.7933533402912349,0.9335418911179212,0.35846832151248087,1.2000000000000028,0.5215178502084951,-0.6999999999999993,0.7464285714285737,5.083538944207953,0,0.0,1.0,0.0,True,train
2025-03-12 17:00:00+00:00,43128599999,2025-03-12 06:00:00+00:00,11,26.0,34.0,24.0,24.5,0.4583333333333333,-0.38268343236508956,0.9238795325112868,0.9335418911179212,0.35846832151248087,1.2000000000000028,0.47981958521381796,-0.5,1.946428571428573,5.083538944207953,0,0.0,1.0,0.0,True,train
2025-03-12 18:00:00+00:00,43128599999,2025-03-12 06:00:00+00:00,12,26.0,34.0,23.0,23.5,0.5,-0.13052619222005168,0.9914448613738104,0.9335418911179212,0.35846832151248087,1.2000000000000028,0.44145532940573184,-0.5,2.946428571428573,5.083538944207953,0,0.0,1.0,0.0,True,train
2025-03-12 19:00:00+00:00,43128599999,2025-03-12 06:00:00+00:00,13,25.0,34.0,23.0,23.0,0.5416666666666666,0.13052619222005157,0.9914448613738104,0.9395699859530622,0.342356891994542,1.2000000000000028,0.4061585101280916,0.0,3.446428571428573,5.083538944207953,0,0.0,1.0,0.0,True,train
2025-03-12 20:00:00+00:00,43128599999,2025-03-12 06:00:00+00:00,14,24.0,34.0,22.0,23.5,0.5833333333333334,0.3826834323650898,0.9238795325112867,0.9395699859530622,0.342356891994542,1.2000000000000028,0.37368386869751813,-1.5,2.946428571428573,5.083538944207953,0,0.0,1.0,0.0,True,train
2025-03-12 21:00:00+00:00,43128599999,2025-03-12 06:00:00+00:00,15,,34.0,20.0,22.9,0.625,0.6087614290087207,0.7933533402912352,0.9395699859530622,0.342356891994542,1.2000000000000028,0.3438057562322289,-2.8999999999999986,3.5464285714285744,5.083538944207953,0,0.0,1.0,0.0,False,train
2025-03-12 22:00:00+00:00,43128599999,2025-03-12 06:00:00+00:00,16,,34.0,21.0,22.3,0.6666666666666666,0.7933533402912352,0.6087614290087207,0.9395699859530622,0.342356891994542,1.2000000000000028,0.31631656573887285,-1.3000000000000007,4.146428571428572,5.083538944207953,0,0.0,1.0,0.0,False,train
2025-03-12 23:00:00+00:00,43128599999,2025-03-12 06:00:00+00:00,17,22.0,34.0,22.0,22.2,0.7083333333333334,0.9238795325112867,0.38268343236508984,0.9395699859530622,0.342356891994542,1.2000000000000028,0.2910252895627791,-0.1999999999999993,4.246428571428574,5.083538944207953,0,0.0,1.0,0.0,True,train
2025-03-13 00:00:00+00:00,43128599999,2025-03-12 06:00:00+00:00,18,23.0,34.0,21.0,22.1,0.75,0.9914448613738104,0.1305261922200517,0.9395699859530622,0.342356891994542,1.2000000000000028,0.2677561921781164,-1.1000000000000014,4.3464285714285715,5.083538944207953,0,0.0,1.0,0.0,True,train
2025-03-13 01:00:00+00:00,43128599999,2025-03-12 06:00:00+00:00,19,22.0,34.0,20.0,21.6,0.7916666666666666,0.9914448613738104,-0.1305261922200516,0.9395699859530622,0.342356891994542,1.2000000000000028,0.24634758909589172,-1.6000000000000014,4.8464285714285715,5.083538944207953,0,0.0,1.0,0.0,True,train
2025-03-13 02:00:00+00:00,43128599999,2025-03-12 06:00:00+00:00,20,24.0,34.0,21.0,22.9,0.8333333333333334,0.9238795325112868,-0.3826834323650895,0.9395699859530622,0.342356891994542,1.2000000000000028,0.22665072340507472,-1.8999999999999986,3.5464285714285744,5.083538944207953,0,0.0,1.0,0.0,True,train
2025-03-13 03:00:00+00:00,43128599999,2025-03-12 06:00:00+00:00,21,26.0,34.0,26.0,25.9,0.875,0.7933533402912352,-0.6087614290087207,0.9395699859530622,0.342356891994542,1.2000000000000028,0.20852873214053466,0.10000000000000142,0.5464285714285744,5.083538944207953,0,0.0,1.0,0.0,True,train
2025-03-13 04:00:00+00:00,43128599999,2025-03-12 06:00:00+00:00,22,,34.0,29.0,29.0,0.9166666666666666,0.6087614290087209,-0.793353340291235,0.9395699859530622,0.342356891994542,1.2000000000000028,0.19185569529563315,0.0,-2.553571428571427,5.083538944207953,0,0.0,1.0,0.0,False,train
2025-03-13 05:00:00+00:00,43128599999,2025-03-12 06:00:00+00:00,23,31.0,34.0,33.0,31.7,0.9583333333333334,0.3826834323650899,-0.9238795325112867,0.9395699859530622,0.342356891994542,1.2000000000000028,0.17651576087157259,1.3000000000000007,-5.253571428571426,5.083538944207953,0,0.0,1.0,0.0,True,train
2025-03-13 06:00:00+00:00,43128599999,2025-03-12 06:00:00+00:00,24,,34.0,34.0,33.6,1.0,0.130526192220052,-0.9914448613738104,0.9395699859530622,0.342356891994542,1.2000000000000028,0.16240233988393563,0.3999999999999986,-7.1535714285714285,5.083538944207953,0,0.0,1.0,0.0,False,train
2025-03-13 07:00:00+00:00,43128599999,2025-03-12 06:00:00+00:00,25,35.0,34.0,32.0,34.7,1.0416666666666667,-0.13052619222005177,-0.9914448613738104,0.9395699859530622,0.342356891994542,1.2000000000000028,0.14941736573294792,-2.700000000000003,-8.25357142857143,5.083538944207953,0,0.0,1.0,0.0,True,train
2025-03-13 08:00:00+00:00,43128599999,2025-03-12 06:00:00+00:00,26,36.0,34.0,33.0,35.5,1.0833333333333333,-0.38268343236508967,-0.9238795325112868,0.9395699859530622,0.342356891994542,1.2000000000000028,0.1374706127912256,-2.5,-9.053571428571427,5.083538944207953,0,0.0,1.0,0.0,True,train
2025-03-13 09:00:00+00:00,43128599999,2025-03-12 06:00:00+00:00,27,36.0,34.0,33.0,35.7,1.125,-0.6087614290087207,-0.7933533402912352,0.9395699859530622,0.342356891994542,1.2000000000000028,0.1264790694742375,-2.700000000000003,-9.25357142857143,5.083538944207953,0,0.0,1.0,0.0,True,train
2025-03-13 10:00:00+00:00,43128599999,2025-03-12 06:00:00+00:00,28,37.0,34.0,32.0,35.7,1.1666666666666667,-0.7933533402912349,-0.6087614290087209,0.9395699859530622,0.342356891994542,1.2000000000000028,0.11636636143728633,-3.700000000000003,-9.25357142857143,5.083538944207953,0,0.0,1.0,0.0,True,train
2025-03-13 11:00:00+00:00,43128599999,2025-03-12 06:00:00+00:00,29,36.0,34.0,32.0,35.3,1.2083333333333333,-0.9238795325112868,-0.3826834323650895,0.9395699859530622,0.342356891994542,1.2000000000000028,0.10706222089111238,-3.299999999999997,-8.853571428571424,5.083538944207953,0,0.0,1.0,0.0,True,train
2025-03-13 12:00:00+00:00,43128599999,2025-03-12 06:00:00+00:00,30,35.0,34.0,31.0,34.4,1.25,-0.9914448613738104,-0.13052619222005163,0.9395699859530622,0.342356891994542,1.2000000000000028,0.09850199834867879,-3.3999999999999986,-7.953571428571426,5.083538944207953,0,0.0,1.0,0.0,True,train
2025-03-13 13:00:00+00:00,43128599999,2025-03-12 06:00:00+00:00,31,,34.0,29.0,31.4,1.2916666666666667,-0.9914448613738105,0.13052619222005127,0.9395699859530622,0.342356891994542,1.2000000000000028,0.09062621341052873,-2.3999999999999986,-4.953571428571426,5.083538944207953,0,0.0,1.0,0.0,False,train
2025-03-13 14:00:00+00:00,43128599999,2025-03-12 06:00:00+00:00,32,31.0,34.0,27.0,29.6,1.3333333333333333,-0.923879532511287,0.38268343236508917,0.9395699859530622,0.342356891994542,1.2000000000000028,0.08338014146736204,-2.6000000000000014,-3.1535714285714285,5.083538944207953,0,0.0,1.0,0.0,True,train
2025-03-13 15:00:00+00:00,43128599999,2025-03-12 06:00:00+00:00,33,29.0,34.0,26.0,28.4,1.375,-0.7933533402912357,0.6087614290087199,0.9395699859530622,0.342356891994542,1.2000000000000028,0.07671343344804926,-2.3999999999999986,-1.9535714285714256,5.083538944207953,0,0.0,1.0,0.0,True,train
2025-03-13 16:00:00+00:00,43128599999,2025-03-12 06:00:00+00:00,34,28.0,34.0,25.0,28.0,1.4166666666666667,-0.6087614290087209,0.7933533402912349,0.9395699859530622,0.342356891994542,1.2000000000000028,0.07057976597091603,-3.0,-1.553571428571427,5.083538944207953,0,0.0,1.0,0.0,True,train
2025-03-13 17:00:00+00:00,43128599999,2025-03-12 06:00:00+00:00,35,27.0,34.0,24.0,27.0,1.4583333333333333,-0.38268343236508956,0.9238795325112868,0.9395699859530622,0.342356891994542,1.2000000000000028,0.06493651946738609,-3.0,-0.553571428571427,5.083538944207953,0,0.0,1.0,0.0,True,train
2025-03-13 18:00:00+00:00,43128599999,2025-03-12 06:00:00+00:00,36,27.0,34.0,23.0,26.0,1.5,-0.13052619222005168,0.9914448613738104,0.9395699859530622,0.342356891994542,1.2000000000000028,0.059744482041436876,-3.0,0.44642857142857295,5.083538944207953,0,0.0,1.0,0.0,True,train
2025-03-13 19:00:00+00:00,43128599999,2025-03-12 06:00:00+00:00,37,27.0,34.0,23.0,25.1,1.5416666666666667,0.13052619222005157,0.9914448613738104,0.945320046913132,0.3261441535642696,1.2000000000000028,0.0549675770071459,-2.1000000000000014,1.3464285714285715,5.083538944207953,0,0.0,1.0,0.0,True,train
2025-03-13 20:00:00+00:00,43128599999,2025-03-12 06:00:00+00:00,38,26.0,34.0,22.0,25.4,1.5833333333333333,0.3826834323650898,0.9238795325112867,0.945320046913132,0.3261441535642696,1.2000000000000028,0.05057261221113181,-3.3999999999999986,1.0464285714285744,5.083538944207953,0,0.0,1.0,0.0,True,train
2025-03-13 21:00:00+00:00,43128599999,2025-03-12 06:00:00+00:00,39,25.0,34.0,20.0,25.0,1.625,0.6087614290087207,0.7933533402912352,0.945320046913132,0.3261441535642696,1.2000000000000028,0.04652904939806652,-5.0,1.446428571428573,5.083538944207953,0,0.0,1.0,0.0,True,train
2025-03-13 22:00:00+00:00,43128599999,2025-03-12 06:00:00+00:00,40,25.0,34.0,21.0,24.7,1.6666666666666667,0.7933533402912352,0.6087614290087207,0.945320046913132,0.3261441535642696,1.2000000000000028,0.04280879201670298,-3.6999999999999993,1.7464285714285737,5.083538944207953,0,0.0,1.0,0.0,True,train
2025-03-13 23:00:00+00:00,43128599999,2025-03-12 06:00:00+00:00,41,,34.0,22.0,24.5,1.7083333333333333,0.9238795325112867,0.38268343236508984,0.945320046913132,0.3261441535642696,1.2000000000000028,0.03938598999199594,-2.5,1.946428571428573,5.083538944207953,0,0.0,1.0,0.0,False,train
2025-03-14 00:00:00+00:00,43128599999,2025-03-12 06:00:00+00:00,42,24.0,34.0,21.0,24.3,1.75,0.9914448613738104,0.1305261922200517,0.945320046913132,0.3261441535642696,1.2000000000000028,0.03623686010678229,-3.3000000000000007,2.1464285714285722,5.083538944207953,0,0.0,1.0,0.0,True,train
2025-03-14 01:00:00+00:00,43128599999,2025-03-12 06:00:00+00:00,43,23.0,34.0,20.0,24.2,1.7916666666666667,0.9914448613738104,-0.1305261922200516,0.945320046913132,0.3261441535642696,1.2000000000000028,0.03333952074494918,-4.199999999999999,2.2464285714285737,5.083538944207953,0,0.0,1.0,0.0,True,train
2025-03-14 02:00:00+00:00,43128599999,2025-03-12 06:00:00+00:00,44,25.0,34.0,21.0,25.7,1.8333333333333333,0.9238795325112868,-0.3826834323650895,0.945320046913132,0.3261441535642696,1.2000000000000028,0.030673839847808956,-4.699999999999999,0.7464285714285737,5.083538944207953,0,0.0,1.0,0.0,True,train
2025-03-14 03:00:00+00:00,43128599999,2025-03-12 06:00:00+00:00,45,28.0,34.0,26.0,28.6,1.875,0.7933533402912352,-0.6087614290087207,0.945320046913132,0.3261441535642696,1.2000000000000028,0.028221295027210994,-2.6000000000000014,-2.1535714285714285,5.083538944207953,0,0.0,1.0,0.0,True,train
2025-03-14 04:00:00+00:00,43128599999,2025-03-12 06:00:00+00:00,46,32.0,34.0,29.0,31.4,1.9166666666666667,0.6087614290087209,-0.793353340291235,0.945320046913132,0.3261441535642696,1.2000000000000028,0.02596484486339177,-2.3999999999999986,-4.953571428571426,5.083538944207953,0,0.0,1.0,0.0,True,train
2025-03-14 05:00:00+00:00,43128599999,2025-03-12 06:00:00+00:00,47,34.0,34.0,33.0,33.3,1.9583333333333333,0.3826834323650899,-0.9238795325112867,0.945320046913132,0.3261441535642696,1.2000000000000028,0.02388881049328048,-0.29999999999999716,-6.853571428571424,5.083538944207953,0,0.0,1.0,0.0,True,train
2025-03-14 06:00:00+00:00,43128599999,2025-03-12 06:00:00+00:00,48,35.0,34.0,34.0,34.9,2.0,0.130526192220052,-0.9914448613738104,0.945320046913132,0.3261441535642696,1.2000000000000028,0.021978766666481065,-0.8999999999999986,-8.453571428571426,5.083538944207953,0,0.0,1.0,0.0,True,train
2025-03-12 07:00:00+00:00,43279099999,2025-03-12 06:00:00+00:00,1,32.0,32.0,27.0,30.2,0.041666666666666664,-0.13052619222005177,-0.9914448613738104,0.9335418911179212,0.35846832151248087,2.3000000000000007,2.1161021536474443,-3.1999999999999993,-1.7059523809523789,2.8199903406823843,0,0.0,0.0,1.0,True,train
2025-03-12 08:00:00+00:00,43279099999,2025-03-12 06:00:00+00:00,2,32.0,32.0,25.0,30.2,0.08333333333333333,-0.38268343236508967,-0.9238795325112868,0.9335418911179212,0.35846832151248087,2.3000000000000007,1.946907967248413,-5.199999999999999,-1.7059523809523789,2.8199903406823843,0,0.0,0.0,1.0,True,train
2025-03-12 09:00:00+00:00,43279099999,2025-03-12 06:00:00+00:00,3,31.0,32.0,27.0,30.1,0.125,-0.6087614290087207,-0.7933533402912352,0.9335418911179212,0.35846832151248087,2.3000000000000007,1.7912418010642317,-3.1000000000000014,-1.605952380952381,2.8199903406823843,0,0.0,0.0,1.0,True,train
2025-03-12 10:00:00+00:00,43279099999,2025-03-12 06:00:00+00:00,4,31.0,32.0,26.0,29.8,0.16666666666666666,-0.7933533402912349,-0.6087614290087209,0.9335418911179212,0.35846832151248087,2.3000000000000007,1.6480220143197157,-3.8000000000000007,-1.3059523809523803,2.8199903406823843,0,0.0,0.0,1.0,True,train
2025-03-12 11:00:00+00:00,43279099999,2025-03-12 06:00:00+00:00,5,31.0,32.0,27.0,28.9,0.20833333333333334,-0.9238795325112868,-0.3826834323650895,0.9335418911179212,0.35846832151248087,2.3000000000000007,1.5162534494610211,-1.8999999999999986,-0.4059523809523782,2.8199903406823843,0,0.0,0.0,1.0,True,train
2025-03-12 12:00:00+00:00,43279099999,2025-03-12 06:00:00+00:00,6,30.0,32.0,27.0,27.9,0.25,-0.9914448613738104,-0.13052619222005163,0.9335418911179212,0.35846832151248087,2.3000000000000007,1.3950205173390573,-0.8999999999999986,0.5940476190476218,2.8199903406823843,0,0.0,0.0,1.0,True,train
2025-03-12 13:00:00+00:00,43279099999,2025-03-12 06:00:00+00:00,7,29.0,32.0,27.0,27.2,0.2916666666666667,-0.9914448613738105,0.13052619222005127,0.9335418911179212,0.35846832151248087,2.3000000000000007,1.2834808352711087,-0.1999999999999993,1.2940476190476211,2.8199903406823843,0,0.0,0.0,1.0,True,train
2025-03-12 14:00:00+00:00,43279099999,2025-03-12 06:00:00+00:00,8,29.0,32.0,26.0,27.1,0.3333333333333333,-0.923879532511287,0.38268343236508917,0.9335418911179212,0.35846832151248087,2.3000000000000007,1.180859373774962,-1.1000000000000014,1.394047619047619,2.8199903406823843,0,0.0,0.0,1.0,True,train
2025-03-12 15:00:00+00:00,43279099999,2025-03-12 06:00:00+00:00,9,29.0,32.0,26.0,26.9,0.375,-0.7933533402912357,0.6087614290087199,0.9335418911179212,0.35846832151248087,2.3000000000000007,1.086443071304334,-0.8999999999999986,1.5940476190476218,2.8199903406823843,0,0.0,0.0,1.0,True,train
2025-03-12 16:00:00+00:00,43279099999,2025-03-12 06:00:00+00:00,10,29.0,32.0,26.0,26.4,0.4166666666666667,-0.6087614290087209,0.7933533402912349,0.9335418911179212,0.35846832151248087,2.3000000000000007,0.9995758795662801,-0.3999999999999986,2.094047619047622,2.8199903406823843,0,0.0,0.0,1.0,True,train
2025-03-12 17:00:00+00:00,43279099999,2025-03-12 06:00:00+00:00,11,28.0,32.0,26.0,26.0,0.4583333333333333,-0.38268343236508956,0.9238795325112868,0.9335418911179212,0.35846832151248087,2.3000000000000007,0.9196542049931492,0.0,2.4940476190476204,2.8199903406823843,0,0.0,0.0,1.0,True,train
2025-03-12 18:00:00+00:00,43279099999,2025-03-12 06:00:00+00:00,12,28.0,32.0,26.0,25.7,0.5,-0.13052619222005168,0.9914448613738104,0.9335418911179212,0.35846832151248087,2.3000000000000007,0.8461227146943177,0.3000000000000007,2.794047619047621,2.8199903406823843,0,0.0,0.0,1.0,True,train
2025-03-12 19:00:00+00:00,43279099999,2025-03-12 06:00:00+00:00,13,28.0,32.0,26.0,25.2,0.5416666666666666,0.13052619222005157,0.9914448613738104,0.9395699859530622,0.342356891994542,2.3000000000000007,0.7784704777455074,0.8000000000000007,3.294047619047621,2.8199903406823843,0,0.0,0.0,1.0,True,train
2025-03-12 20:00:00+00:00,43279099999,2025-03-12 06:00:00+00:00,14,27.0,32.0,26.0,24.7,0.5833333333333334,0.3826834323650898,0.9238795325112867,0.9395699859530622,0.342356891994542,2.3000000000000007,0.7162274150035749,1.3000000000000007,3.794047619047621,2.8199903406823843,0,0.0,0.0,1.0,True,train
2025-03-12 21:00:00+00:00,43279099999,2025-03-12 06:00:00+00:00,15,,32.0,26.0,24.5,0.625,0.6087614290087207,0.7933533402912352,0.9395699859530622,0.342356891994542,2.3000000000000007,0.6589610327784374,1.5,3.9940476190476204,2.8199903406823843,0,0.0,0.0,1.0,False,train
2025-03-12 22:00:00+00:00,43279099999,2025-03-12 06:00:00+00:00,16,27.0,32.0,26.0,24.3,0.6666666666666666,0.7933533402912352,0.6087614290087207,0.9395699859530622,0.342356891994542,2.3000000000000007,0.6062734176661717,1.6999999999999993,4.19404761904762,2.8199903406823843,0,0.0,0.0,1.0,True,train
2025-03-12 23:00:00+00:00,43279099999,2025-03-12 06:00:00+00:00,17,27.0,32.0,26.0,24.0,0.7083333333333334,0.9238795325112867,0.38268343236508984,0.9395699859530622,0.342356891994542,2.3000000000000007,0.5577984716619921,2.0,4.49404761904762,2.8199903406823843,0,0.0,0.0,1.0,True,train
2025-03-13 00:00:00+00:00,43279099999,2025-03-12 06:00:00+00:00,18,26.0,32.0,26.0,23.8,0.75,0.9914448613738104,0.1305261922200517,0.9395699859530622,0.342356891994542,2.3000000000000007,0.5131993683413888,2.1999999999999993,4.69404761904762,2.8199903406823843,0,0.0,0.0,1.0,True,train
2025-03-13 01:00:00+00:00,43279099999,2025-03-12 06:00:00+00:00,19,26.0,32.0,26.0,23.7,0.7916666666666666,0.9914448613738104,-0.1305261922200516,0.9395699859530622,0.342356891994542,2.3000000000000007,0.4721662124337915,2.3000000000000007,4.794047619047621,2.8199903406823843,0,0.0,0.0,1.0,True,train
2025-03-13 02:00:00+00:00,43279099999,2025-03-12 06:00:00+00:00,20,27.0,32.0,26.0,25.1,0.8333333333333334,0.9238795325112868,-0.3826834323650895,0.9395699859530622,0.342356891994542,2.3000000000000007,0.43441388652639235,0.8999999999999986,3.394047619047619,2.8199903406823843,0,0.0,0.0,1.0,True,train
2025-03-13 03:00:00+00:00,43279099999,2025-03-12 06:00:00+00:00,21,29.0,32.0,28.0,27.6,0.875,0.7933533402912352,-0.6087614290087207,0.9395699859530622,0.342356891994542,2.3000000000000007,0.39968006993602395,0.3999999999999986,0.894047619047619,2.8199903406823843,0,0.0,0.0,1.0,True,train
2025-03-13 04:00:00+00:00,43279099999,2025-03-12 06:00:00+00:00,22,30.0,32.0,29.0,29.7,0.9166666666666666,0.6087614290087209,-0.793353340291235,0.9395699859530622,0.342356891994542,2.3000000000000007,0.3677234159832961,-0.6999999999999993,-1.2059523809523789,2.8199903406823843,0,0.0,0.0,1.0,True,train
2025-03-13 05:00:00+00:00,43279099999,2025-03-12 06:00:00+00:00,23,32.0,32.0,31.0,31.5,0.9583333333333334,0.3826834323650899,-0.9238795325112867,0.9395699859530622,0.342356891994542,2.3000000000000007,0.33832187500384675,-0.5,-3.0059523809523796,2.8199903406823843,0,0.0,0.0,1.0,True,train
2025-03-13 06:00:00+00:00,43279099999,2025-03-12 06:00:00+00:00,24,33.0,32.0,32.0,32.8,1.0,0.130526192220052,-0.9914448613738104,0.9395699859530622,0.342356891994542,2.3000000000000007,0.3112711514442093,-0.7999999999999972,-4.305952380952377,2.8199903406823843,0,0.0,0.0,1.0,True,train
2025-03-13 07:00:00+00:00,43279099999,2025-03-12 06:00:00+00:00,25,34.0,32.0,27.0,33.4,1.0416666666666667,-0.13052619222005177,-0.9914448613738104,0.9395699859530622,0.342356891994542,2.3000000000000007,0.2863832843214829,-6.399999999999999,-4.905952380952378,2.8199903406823843,0,0.0,0.0,1.0,True,train
2025-03-13 08:00:00+00:00,43279099999,2025-03-12 06:00:00+00:00,26,33.0,32.0,25.0,33.1,1.0833333333333333,-0.38268343236508967,-0.9238795325112868,0.9395699859530622,0.342356891994542,2.3000000000000007,0.26348534118318184,-8.100000000000001,-4.605952380952381,2.8199903406823843,0,0.0,0.0,1.0,True,train
2025-03-13 09:00:00+00:00,43279099999,2025-03-12 06:00:00+00:00,27,33.0,32.0,27.0,32.5,1.125,-0.6087614290087207,-0.7933533402912352,0.9395699859530622,0.342356891994542,2.3000000000000007,0.24241821649228804,-5.5,-4.00595238095238,2.8199903406823843,0,0.0,0.0,1.0,True,train
2025-03-13 10:00:00+00:00,43279099999,2025-03-12 06:00:00+00:00,28,32.0,32.0,26.0,31.9,1.1666666666666667,-0.7933533402912349,-0.6087614290087209,0.9395699859530622,0.342356891994542,2.3000000000000007,0.22303552608813168,-5.899999999999999,-3.405952380952378,2.8199903406823843,0,0.0,0.0,1.0,True,train
2025-03-13 11:00:00+00:00,43279099999,2025-03-12 06:00:00+00:00,29,31.0,32.0,27.0,30.8,1.2083333333333333,-0.9238795325112868,-0.3826834323650895,0.9395699859530622,0.342356891994542,2.3000000000000007,0.20520259004129832,-3.8000000000000007,-2.3059523809523803,2.8199903406823843,0,0.0,0.0,1.0,True,train
2025-03-13 12:00:00+00:00,43279099999,2025-03-12 06:00:00+00:00,30,31.0,32.0,27.0,29.4,1.25,-0.9914448613738104,-0.13052619222005163,0.9395699859530622,0.342356891994542,2.3000000000000007,0.1887954968349673,-2.3999999999999986,-0.9059523809523782,2.8199903406823843,0,0.0,0.0,1.0,True,train
2025-03-13 13:00:00+00:00,43279099999,2025-03-12 06:00:00+00:00,31,30.0,32.0,27.0,28.2,1.2916666666666667,-0.9914448613738105,0.13052619222005127,0.9395699859530622,0.342356891994542,2.3000000000000007,0.1737002423701797,-1.1999999999999993,0.2940476190476211,2.8199903406823843,0,0.0,0.0,1.0,True,train
2025-03-13 14:00:00+00:00,43279099999,2025-03-12 06:00:00+00:00,32,29.0,32.0,26.0,27.4,1.3333333333333333,-0.923879532511287,0.38268343236508917,0.9395699859530622,0.342356891994542,2.3000000000000007,0.1598119378124436,-1.3999999999999986,1.0940476190476218,2.8199903406823843,0,0.0,0.0,1.0,True,train
2025-03-13 15:00:00+00:00,43279099999,2025-03-12 06:00:00+00:00,33,29.0,32.0,26.0,27.0,1.375,-0.7933533402912357,0.6087614290087199,0.9395699859530622,0.342356891994542,2.3000000000000007,0.14703408077542746,-1.0,1.4940476190476204,2.8199903406823843,0,0.0,0.0,1.0,True,train
2025-03-13 16:00:00+00:00,43279099999,2025-03-12 06:00:00+00:00,34,29.0,32.0,26.0,26.5,1.4166666666666667,-0.6087614290087209,0.7933533402912349,0.9395699859530622,0.342356891994542,2.3000000000000007,0.13527788477758876,-0.5,1.9940476190476204,2.8199903406823843,0,0.0,0.0,1.0,True,train
2025-03-13 17:00:00+00:00,43279099999,2025-03-12 06:00:00+00:00,35,28.0,32.0,26.0,26.0,1.4583333333333333,-0.38268343236508956,0.9238795325112868,0.9395699859530622,0.342356891994542,2.3000000000000007,0.12446166231248974,0.0,2.4940476190476204,2.8199903406823843,0,0.0,0.0,1.0,True,train
2025-03-13 18:00:00+00:00,43279099999,2025-03-12 06:00:00+00:00,36,28.0,32.0,26.0,25.2,1.5,-0.13052619222005168,0.9914448613738104,0.9395699859530622,0.342356891994542,2.3000000000000007,0.11451025724608711,0.8000000000000007,3.294047619047621,2.8199903406823843,0,0.0,0.0,1.0,True,train
2025-03-13 19:00:00+00:00,43279099999,2025-03-12 06:00:00+00:00,37,27.0,32.0,26.0,24.7,1.5416666666666667,0.13052619222005157,0.9914448613738104,0.945320046913132,0.3261441535642696,2.3000000000000007,0.10535452259702942,1.3000000000000007,3.794047619047621,2.8199903406823843,0,0.0,0.0,1.0,True,train
2025-03-13 20:00:00+00:00,43279099999,2025-03-12 06:00:00+00:00,38,27.0,32.0,26.0,23.9,1.5833333333333333,0.3826834323650898,0.9238795325112867,0.945320046913132,0.3261441535642696,2.3000000000000007,0.09693084007133576,2.1000000000000014,4.594047619047622,2.8199903406823843,0,0.0,0.0,1.0,True,train
2025-03-13 21:00:00+00:00,43279099999,2025-03-12 06:00:00+00:00,39,27.0,32.0,26.0,23.3,1.625,0.6087614290087207,0.7933533402912352,0.945320046913132,0.3261441535642696,2.3000000000000007,0.08918067801296065,2.6999999999999993,5.19404761904762,2.8199903406823843,0,0.0,0.0,1.0,True,train
2025-03-13 22:00:00+00:00,43279099999,2025-03-12 06:00:00+00:00,40,26.0,32.0,26.0,22.9,1.6666666666666667,0.7933533402912352,0.6087614290087207,0.945320046913132,0.3261441535642696,2.3000000000000007,0.08205018469868053,3.1000000000000014,5.594047619047622,2.8199903406823843,0,0.0,0.0,1.0,True,train
2025-03-13 23:00:00+00:00,43279099999,2025-03-12 06:00:00+00:00,41,26.0,32.0,26.0,22.7,1.7083333333333333,0.9238795325112867,0.38268343236508984,0.945320046913132,0.3261441535642696,2.3000000000000007,0.0754898141513254,3.3000000000000007,5.794047619047621,2.8199903406823843,0,0.0,0.0,1.0,True,train
2025-03-14 00:00:00+00:00,43279099999,2025-03-12 06:00:00+00:00,42,26.0,32.0,26.0,22.5,1.75,0.9914448613738104,0.1305261922200517,0.945320046913132,0.3261441535642696,2.3000000000000007,0.06945398187133257,3.5,5.99404761904762,2.8199903406823843,0,0.0,0.0,1.0,True,train
2025-03-14 01:00:00+00:00,43279099999,2025-03-12 06:00:00+00:00,43,26.0,32.0,26.0,22.3,1.7916666666666667,0.9914448613738104,-0.1305261922200516,0.945320046913132,0.3261441535642696,2.3000000000000007,0.0639007480944858,3.6999999999999993,6.19404761904762,2.8199903406823843,0,0.0,0.0,1.0,True,train
2025-03-14 02:00:00+00:00,43279099999,2025-03-12 06:00:00+00:00,44,27.0,32.0,26.0,24.1,1.8333333333333333,0.9238795325112868,-0.3826834323650895,0.945320046913132,0.3261441535642696,2.3000000000000007,0.05879152637496704,1.8999999999999986,4.394047619047619,2.8199903406823843,0,0.0,0.0,1.0,True,train
2025-03-14 03:00:00+00:00,43279099999,2025-03-12 06:00:00+00:00,45,28.0,32.0,28.0,27.1,1.875,0.7933533402912352,-0.6087614290087207,0.945320046913132,0.3261441535642696,2.3000000000000007,0.05409081546882096,0.8999999999999986,1.394047619047619,2.8199903406823843,0,0.0,0.0,1.0,True,train
2025-03-14 04:00:00+00:00,43279099999,2025-03-12 06:00:00+00:00,46,29.0,32.0,29.0,29.8,1.9166666666666667,0.6087614290087209,-0.793353340291235,0.945320046913132,0.3261441535642696,2.3000000000000007,0.04976595265483412,-0.8000000000000007,-1.3059523809523803,2.8199903406823843,0,0.0,0.0,1.0,True,train
2025-03-14 05:00:00+00:00,43279099999,2025-03-12 06:00:00+00:00,47,30.0,32.0,31.0,32.2,1.9583333333333333,0.3826834323650899,-0.9238795325112867,0.945320046913132,0.3261441535642696,2.3000000000000007,0.04578688677878749,-1.2000000000000028,-3.7059523809523824,2.8199903406823843,0,0.0,0.0,1.0,True,train
2025-03-14 06:00:00+00:00,43279099999,2025-03-12 06:00:00+00:00,48,32.0,32.0,32.0,34.1,2.0,0.130526192220052,-0.9914448613738104,0.945320046913132,0.3261441535642696,2.3000000000000007,0.042125969444088626,-2.1000000000000014,-5.605952380952381,2.8199903406823843,0,0.0,0.0,1.0,True,train
2025-03-14 07:00:00+00:00,42410099999,2025-03-14 06:00:00+00:00,1,24.0,23.0,23.0,25.7,0.041666666666666664,-0.13052619222005177,-0.9914448613738104,0.945320046913132,0.3261441535642696,-1.3000000000000007,-1.1960577390181208,-2.6999999999999993,-3.4976190476190467,3.9257385168263985,0,1.0,0.0,0.0,True,train
2025-03-14 08:00:00+00:00,42410099999,2025-03-14 06:00:00+00:00,2,24.0,23.0,23.0,26.4,0.08333333333333333,-0.38268343236508967,-0.9238795325112868,0.945320046913132,0.3261441535642696,-1.3000000000000007,-1.100426242357799,-3.3999999999999986,-4.197619047619046,3.9257385168263985,0,1.0,0.0,0.0,True,train
2025-03-14 09:00:00+00:00,42410099999,2025-03-14 06:00:00+00:00,3,25.0,23.0,24.0,26.3,0.125,-0.6087614290087207,-0.7933533402912352,0.945320046913132,0.3261441535642696,-1.3000000000000007,-1.012441017992827,-2.3000000000000007,-4.097619047619048,3.9257385168263985,0,1.0,0.0,0.0,True,train
2025-03-14 10:00:00+00:00,42410099999,2025-03-14 06:00:00+00:00,4,26.0,23.0,24.0,26.2,0.16666666666666666,-0.7933533402912349,-0.6087614290087209,0.945320046913132,0.3261441535642696,-1.3000000000000007,-0.9314907037459266,-2.1999999999999993,-3.9976190476190467,3.9257385168263985,0,1.0,0.0,0.0,True,train
2025-03-14 11:00:00+00:00,42410099999,2025-03-14 06:00:00+00:00,5,25.0,23.0,23.0,24.8,0.20833333333333334,-0.9238795325112868,-0.3826834323650895,0.945320046913132,0.3261441535642696,-1.3000000000000007,-0.8570128192605774,-1.8000000000000007,-2.597619047619048,3.9257385168263985,0,1.0,0.0,0.0,True,train
2025-03-14 12:00:00+00:00,42410099999,2025-03-14 06:00:00+00:00,6,24.0,23.0,22.0,22.8,0.25,-0.9914448613738104,-0.13052619222005163,0.945320046913132,0.3261441535642696,-1.3000000000000007,-0.7884898576264239,-0.8000000000000007,-0.5976190476190482,3.9257385168263985,0,1.0,0.0,0.0,True,train
2025-03-14 13:00:00+00:00,42410099999,2025-03-14 06:00:00+00:00,7,23.0,23.0,21.0,21.7,0.2916666666666667,-0.9914448613738105,0.13052619222005127,0.945320046913132,0.3261441535642696,-1.3000000000000007,-0.7254456895010616,-0.6999999999999993,0.5023809523809533,3.9257385168263985,0,1.0,0.0,0.0,True,train
2025-03-14 14:00:00+00:00,42410099999,2025-03-14 06:00:00+00:00,8,22.0,23.0,21.0,20.9,0.3333333333333333,-0.923879532511287,0.38268343236508917,0.945320046913132,0.3261441535642696,-1.3000000000000007,-0.66744225474237,0.10000000000000142,1.302380952380954,3.9257385168263985,0,1.0,0.0,0.0,True,train
2025-03-14 15:00:00+00:00,42410099999,2025-03-14 06:00:00+00:00,9,22.0,23.0,20.0,20.8,0.375,-0.7933533402912357,0.6087614290087199,0.945320046913132,0.3261441535642696,-1.3000000000000007,-0.6140765185633195,-0.8000000000000007,1.4023809523809518,3.9257385168263985,0,1.0,0.0,0.0,True,train
2025-03-14 16:00:00+00:00,42410099999,2025-03-14 06:00:00+00:00,10,21.0,23.0,20.0,20.5,0.4166666666666667,-0.6087614290087209,0.7933533402912349,0.945320046913132,0.3261441535642696,-1.3000000000000007,-0.5649776710592019,-0.5,1.7023809523809526,3.9257385168263985,0,1.0,0.0,0.0,True,train
2025-03-14 17:00:00+00:00,42410099999,2025-03-14 06:00:00+00:00,11,20.0,23.0,19.0,19.9,0.4583333333333333,-0.38268343236508956,0.9238795325112868,0.945320046913132,0.3261441535642696,-1.3000000000000007,-0.5198045506483019,-0.8999999999999986,2.302380952380954,3.9257385168263985,0,1.0,0.0,0.0,True,train
2025-03-14 18:00:00+00:00,42410099999,2025-03-14 06:00:00+00:00,12,20.0,23.0,19.0,19.2,0.5,-0.13052619222005168,0.9914448613738104,0.945320046913132,0.3261441535642696,-1.3000000000000007,-0.4782432735228753,-0.1999999999999993,3.0023809523809533,3.9257385168263985,0,1.0,0.0,0.0,True,train
2025-03-14 19:00:00+00:00,42410099999,2025-03-14 06:00:00+00:00,13,20.0,23.0,19.0,18.6,0.5416666666666666,0.13052619222005157,0.9914448613738104,0.9507903724625832,0.3098349038318025,-1.3000000000000007,-0.4400050526387651,0.3999999999999986,3.602380952380951,3.9257385168263985,0,1.0,0.0,0.0,True,train
2025-03-14 20:00:00+00:00,42410099999,2025-03-14 06:00:00+00:00,14,20.0,23.0,19.0,18.0,0.5833333333333334,0.3826834323650898,0.9238795325112867,0.9507903724625832,0.3098349038318025,-1.3000000000000007,-0.4048241910889772,1.0,4.2023809523809526,3.9257385168263985,0,1.0,0.0,0.0,True,train
2025-03-14 21:00:00+00:00,42410099999,2025-03-14 06:00:00+00:00,15,19.0,23.0,19.0,17.7,0.625,0.6087614290087207,0.7933533402912352,0.9507903724625832,0.3098349038318025,-1.3000000000000007,-0.37245623591824734,1.3000000000000007,4.502380952380953,3.9257385168263985,0,1.0,0.0,0.0,True,train
2025-03-14 22:00:00+00:00,42410099999,2025-03-14 06:00:00+00:00,16,19.0,23.0,19.0,17.6,0.6666666666666666,0.7933533402912352,0.6087614290087207,0.9507903724625832,0.3098349038318025,-1.3000000000000007,-0.342676279550445,1.3999999999999986,4.602380952380951,3.9257385168263985,0,1.0,0.0,0.0,True,train
2025-03-14 23:00:00+00:00,42410099999,2025-03-14 06:00:00+00:00,17,19.0,23.0,19.0,17.4,0.7083333333333334,0.9238795325112867,0.38268343236508984,0.9507903724625832,0.3098349038318025,-1.3000000000000007,-0.31527739702634344,1.6000000000000014,4.802380952380954,3.9257385168263985,0,1.0,0.0,0.0,True,train
2025-03-15 00:00:00+00:00,42410099999,2025-03-14 06:00:00+00:00,18,19.0,23.0,19.0,17.4,0.75,0.9914448613738104,0.1305261922200517,0.9507903724625832,0.3098349038318025,-1.3000000000000007,-0.29006920819295895,1.6000000000000014,4.802380952380954,3.9257385168263985,0,1.0,0.0,0.0,True,train
2025-03-15 01:00:00+00:00,42410099999,2025-03-14 06:00:00+00:00,19,20.0,23.0,19.0,18.0,0.7916666666666666,0.9914448613738104,-0.1305261922200516,0.9507903724625832,0.3098349038318025,-1.3000000000000007,-0.2668765548538822,1.0,4.2023809523809526,3.9257385168263985,0,1.0,0.0,0.0,True,train
2025-03-15 02:00:00+00:00,42410099999,2025-03-14 06:00:00+00:00,20,20.0,23.0,19.0,19.5,0.8333333333333334,0.9238795325112868,-0.3826834323650895,0.9507903724625832,0.3098349038318025,-1.3000000000000007,-0.24553828368883052,-0.5,2.7023809523809526,3.9257385168263985,0,1.0,0.0,0.0,True,train
2025-03-15 03:00:00+00:00,42410099999,2025-03-14 06:00:00+00:00,21,20.0,23.0,20.0,20.9,0.875,0.7933533402912352,-0.6087614290087207,0.9507903724625832,0.3098349038318025,-1.3000000000000007,-0.2259061264855788,-0.8999999999999986,1.302380952380954,3.9257385168263985,0,1.0,0.0,0.0,True,train
2025-03-15 04:00:00+00:00,42410099999,2025-03-14 06:00:00+00:00,22,22.0,23.0,21.0,22.7,0.9166666666666666,0.6087614290087209,-0.793353340291235,0.9507903724625832,0.3098349038318025,-1.3000000000000007,-0.2078436699036022,-1.6999999999999993,-0.49761904761904674,3.9257385168263985,0,1.0,0.0,0.0,True,train
2025-03-15 05:00:00+00:00,42410099999,2025-03-14 06:00:00+00:00,23,22.0,23.0,22.0,24.4,0.9583333333333334,0.3826834323650899,-0.9238795325112867,0.9507903724625832,0.3098349038318025,-1.3000000000000007,-0.19122540761086995,-2.3999999999999986,-2.197619047619046,3.9257385168263985,0,1.0,0.0,0.0,True,train
2025-03-15 06:00:00+00:00,42410099999,2025-03-14 06:00:00+00:00,24,24.0,23.0,23.0,26.0,1.0,0.130526192220052,-0.9914448613738104,0.9507903724625832,0.3098349038318025,-1.3000000000000007,-0.1759358682075966,-3.0,-3.7976190476190474,3.9257385168263985,0,1.0,0.0,0.0,True,train
2025-03-15 07:00:00+00:00,42410099999,2025-03-14 06:00:00+00:00,25,25.0,23.0,23.0,26.9,1.0416666666666667,-0.13052619222005177,-0.9914448613738104,0.9507903724625832,0.3098349038318025,-1.3000000000000007,-0.16186881287735994,-3.8999999999999986,-4.697619047619046,3.9257385168263985,0,1.0,0.0,0.0,True,train
2025-03-15 08:00:00+00:00,42410099999,2025-03-14 06:00:00+00:00,26,27.0,23.0,23.0,27.4,1.0833333333333333,-0.38268343236508967,-0.9238795325112868,0.9507903724625832,0.3098349038318025,-1.3000000000000007,-0.14892649719049414,-4.399999999999999,-5.197619047619046,3.9257385168263985,0,1.0,0.0,0.0,True,train
2025-03-15 09:00:00+00:00,42410099999,2025-03-14 06:00:00+00:00,27,27.0,23.0,24.0,27.4,1.125,-0.6087614290087207,-0.7933533402912352,0.9507903724625832,0.3098349038318025,-1.3000000000000007,-0.13701899193042372,-3.3999999999999986,-5.197619047619046,3.9257385168263985,0,1.0,0.0,0.0,True,train
2025-03-15 10:00:00+00:00,42410099999,2025-03-14 06:00:00+00:00,28,27.0,23.0,24.0,27.0,1.1666666666666667,-0.7933533402912349,-0.6087614290087209,0.9507903724625832,0.3098349038318025,-1.3000000000000007,-0.12606355822372664,-3.0,-4.7976190476190474,3.9257385168263985,0,1.0,0.0,0.0,True,train
2025-03-15 11:00:00+00:00,42410099999,2025-03-14 06:00:00+00:00,29,26.0,23.0,23.0,25.6,1.2083333333333333,-0.9238795325112868,-0.3826834323650895,0.9507903724625832,0.3098349038318025,-1.3000000000000007,-0.11598407263203821,-2.6000000000000014,-3.397619047619049,3.9257385168263985,0,1.0,0.0,0.0,True,train
2025-03-15 12:00:00+00:00,42410099999,2025-03-14 06:00:00+00:00,30,25.0,23.0,22.0,23.5,1.25,-0.9914448613738104,-0.13052619222005163,0.9507903724625832,0.3098349038318025,-1.3000000000000007,-0.1067104982110685,-1.5,-1.2976190476190474,3.9257385168263985,0,1.0,0.0,0.0,True,train
2025-03-15 13:00:00+00:00,42410099999,2025-03-14 06:00:00+00:00,31,25.0,23.0,21.0,22.3,1.2916666666666667,-0.9914448613738105,0.13052619222005127,0.9507903724625832,0.3098349038318025,-1.3000000000000007,-0.09817839786140595,-1.3000000000000007,-0.09761904761904816,3.9257385168263985,0,1.0,0.0,0.0,True,train
2025-03-15 14:00:00+00:00,42410099999,2025-03-14 06:00:00+00:00,32,24.0,23.0,21.0,21.7,1.3333333333333333,-0.923879532511287,0.38268343236508917,0.9507903724625832,0.3098349038318025,-1.3000000000000007,-0.09032848658964206,-0.6999999999999993,0.5023809523809533,3.9257385168263985,0,1.0,0.0,0.0,True,train
2025-03-15 15:00:00+00:00,42410099999,2025-03-14 06:00:00+00:00,33,24.0,23.0,20.0,21.2,1.375,-0.7933533402912357,0.6087614290087199,0.9507903724625832,0.3098349038318025,-1.3000000000000007,-0.08310621956871989,-1.1999999999999993,1.0023809523809533,3.9257385168263985,0,1.0,0.0,0.0,True,train
2025-03-15 16:00:00+00:00,42410099999,2025-03-14 06:00:00+00:00,34,,23.0,20.0,20.7,1.4166666666666667,-0.6087614290087209,0.7933533402912349,0.9507903724625832,0.3098349038318025,-1.3000000000000007,-0.07646141313515889,-0.6999999999999993,1.5023809523809533,3.9257385168263985,0,1.0,0.0,0.0,False,train
2025-03-15 17:00:00+00:00,42410099999,2025-03-14 06:00:00+00:00,35,21.0,23.0,19.0,20.4,1.4583333333333333,-0.38268343236508956,0.9238795325112868,0.9507903724625832,0.3098349038318025,-1.3000000000000007,-0.07034789608966813,-1.3999999999999986,1.802380952380954,3.9257385168263985,0,1.0,0.0,0.0,True,train
2025-03-15 18:00:00+00:00,42410099999,2025-03-14 06:00:00+00:00,36,21.0,23.0,19.0,20.3,1.5,-0.13052619222005168,0.9914448613738104,0.9507903724625832,0.3098349038318025,-1.3000000000000007,-0.06472318887822316,-1.3000000000000007,1.9023809523809518,3.9257385168263985,0,1.0,0.0,0.0,True,train
2025-03-15 19:00:00+00:00,42410099999,2025-03-14 06:00:00+00:00,37,20.0,23.0,19.0,20.3,1.5416666666666667,0.13052619222005157,0.9914448613738104,0.9559793438440766,0.2934339689665273,-1.3000000000000007,-0.059548208424407945,-1.3000000000000007,1.9023809523809518,3.9257385168263985,0,1.0,0.0,0.0,True,train
2025-03-15 20:00:00+00:00,42410099999,2025-03-14 06:00:00+00:00,38,20.0,23.0,19.0,19.9,1.5833333333333333,0.3826834323650898,0.9238795325112867,0.9559793438440766,0.2934339689665273,-1.3000000000000007,-0.054786996562059355,-0.8999999999999986,2.302380952380954,3.9257385168263985,0,1.0,0.0,0.0,True,train
2025-03-15 21:00:00+00:00,42410099999,2025-03-14 06:00:00+00:00,39,20.0,23.0,19.0,19.5,1.625,0.6087614290087207,0.7933533402912352,0.9559793438440766,0.2934339689665273,-1.3000000000000007,-0.05040647018123864,-0.5,2.7023809523809526,3.9257385168263985,0,1.0,0.0,0.0,True,train
2025-03-15 22:00:00+00:00,42410099999,2025-03-14 06:00:00+00:00,40,21.0,23.0,19.0,19.3,1.6666666666666667,0.7933533402912352,0.6087614290087207,0.9559793438440766,0.2934339689665273,-1.3000000000000007,-0.04637619135142814,-0.3000000000000007,2.902380952380952,3.9257385168263985,0,1.0,0.0,0.0,True,train
2025-03-15 23:00:00+00:00,42410099999,2025-03-14 06:00:00+00:00,41,20.0,23.0,19.0,19.4,1.7083333333333333,0.9238795325112867,0.38268343236508984,0.9559793438440766,0.2934339689665273,-1.3000000000000007,-0.04266815582466219,-0.3999999999999986,2.802380952380954,3.9257385168263985,0,1.0,0.0,0.0,True,train
2025-03-16 00:00:00+00:00,42410099999,2025-03-14 06:00:00+00:00,42,20.0,23.0,19.0,19.5,1.75,0.9914448613738104,0.1305261922200517,0.9559793438440766,0.2934339689665273,-1.3000000000000007,-0.03925659844901407,-0.5,2.7023809523809526,3.9257385168263985,0,1.0,0.0,0.0,True,train
2025-03-16 01:00:00+00:00,42410099999,2025-03-14 06:00:00+00:00,43,21.0,23.0,19.0,20.1,1.7916666666666667,0.9914448613738104,-0.1305261922200516,0.9559793438440766,0.2934339689665273,-1.3000000000000007,-0.03611781414036155,-1.1000000000000014,2.102380952380951,3.9257385168263985,0,1.0,0.0,0.0,True,train
2025-03-16 02:00:00+00:00,42410099999,2025-03-14 06:00:00+00:00,44,22.0,23.0,19.0,21.3,1.8333333333333333,0.9238795325112868,-0.3826834323650895,0.9559793438440766,0.2934339689665273,-1.3000000000000007,-0.03322999316845964,-2.3000000000000007,0.9023809523809518,3.9257385168263985,0,1.0,0.0,0.0,True,train
2025-03-16 03:00:00+00:00,42410099999,2025-03-14 06:00:00+00:00,45,24.0,23.0,20.0,22.6,1.875,0.7933533402912352,-0.6087614290087207,0.9559793438440766,0.2934339689665273,-1.3000000000000007,-0.030573069612811855,-2.6000000000000014,-0.39761904761904887,3.9257385168263985,0,1.0,0.0,0.0,True,train
2025-03-16 04:00:00+00:00,42410099999,2025-03-14 06:00:00+00:00,46,25.0,23.0,21.0,24.2,1.9166666666666667,0.6087614290087209,-0.793353340291235,0.9559793438440766,0.2934339689665273,-1.3000000000000007,-0.028128581935341034,-3.1999999999999993,-1.9976190476190467,3.9257385168263985,0,1.0,0.0,0.0,True,train
2025-03-16 05:00:00+00:00,42410099999,2025-03-14 06:00:00+00:00,47,26.0,23.0,22.0,25.8,1.9583333333333333,0.3826834323650899,-0.9238795325112867,0.9559793438440766,0.2934339689665273,-1.3000000000000007,-0.025879544701053806,-3.8000000000000007,-3.597619047619048,3.9257385168263985,0,1.0,0.0,0.0,True,train
2025-03-16 06:00:00+00:00,42410099999,2025-03-14 06:00:00+00:00,48,27.0,23.0,23.0,27.2,2.0,0.130526192220052,-0.9914448613738104,0.9559793438440766,0.2934339689665273,-1.3000000000000007,-0.023810330555354444,-4.199999999999999,-4.997619047619047,3.9257385168263985,0,1.0,0.0,0.0,True,train
2025-03-14 07:00:00+00:00,43128599999,2025-03-14 06:00:00+00:00,1,36.0,35.0,35.0,35.4,0.041666666666666664,-0.13052619222005177,-0.9914448613738104,0.945320046913132,0.3261441535642696,0.20000000000000284,0.18400888292586728,-0.3999999999999986,-8.251190476190473,5.152022119139219,0,0.0,1.0,0.0,True,train
2025-03-14 08:00:00+00:00,43128599999,2025-03-14 06:00:00+00:00,2,36.0,35.0,36.0,35.7,0.08333333333333333,-0.38268343236508967,-0.9238795325112868,0.945320046913132,0.3261441535642696,0.20000000000000284,0.16929634497812523,0.29999999999999716,-8.551190476190477,5.152022119139219,0,0.0,1.0,0.0,True,train
2025-03-14 09:00:00+00:00,43128599999,2025-03-14 06:00:00+00:00,3,37.0,35.0,36.0,35.8,0.125,-0.6087614290087207,-0.7933533402912352,0.945320046913132,0.3261441535642696,0.20000000000000284,0.1557601566142832,0.20000000000000284,-8.651190476190472,5.152022119139219,0,0.0,1.0,0.0,True,train
2025-03-14 10:00:00+00:00,43128599999,2025-03-14 06:00:00+00:00,4,37.0,35.0,37.0,35.8,0.16666666666666666,-0.7933533402912349,-0.6087614290087209,0.945320046913132,0.3261441535642696,0.20000000000000284,0.14330626211475989,1.2000000000000028,-8.651190476190472,5.152022119139219,0,0.0,1.0,0.0,True,train
2025-03-14 11:00:00+00:00,43128599999,2025-03-14 06:00:00+00:00,5,37.0,35.0,36.0,35.3,0.20833333333333334,-0.9238795325112868,-0.3826834323650895,0.945320046913132,0.3261441535642696,0.20000000000000284,0.13184812604009064,0.7000000000000028,-8.151190476190472,5.152022119139219,0,0.0,1.0,0.0,True,train
2025-03-14 12:00:00+00:00,43128599999,2025-03-14 06:00:00+00:00,6,36.0,35.0,35.0,34.4,0.25,-0.9914448613738104,-0.13052619222005163,0.945320046913132,0.3261441535642696,0.20000000000000284,0.12130613194252841,0.6000000000000014,-7.251190476190473,5.152022119139219,0,0.0,1.0,0.0,True,train
2025-03-14 13:00:00+00:00,43128599999,2025-03-14 06:00:00+00:00,7,34.0,35.0,35.0,31.6,0.2916666666666667,-0.9914448613738105,0.13052619222005127,0.945320046913132,0.3261441535642696,0.20000000000000284,0.11160702915401101,3.3999999999999986,-4.451190476190476,5.152022119139219,0,0.0,1.0,0.0,True,train
2025-03-14 14:00:00+00:00,43128599999,2025-03-14 06:00:00+00:00,8,31.0,35.0,31.0,30.1,0.3333333333333333,-0.923879532511287,0.38268343236508917,0.945320046913132,0.3261441535642696,0.20000000000000284,0.10268342380651986,0.8999999999999986,-2.951190476190476,5.152022119139219,0,0.0,1.0,0.0,True,train
2025-03-14 15:00:00+00:00,43128599999,2025-03-14 06:00:00+00:00,9,29.0,35.0,29.0,29.1,0.375,-0.7933533402912357,0.6087614290087199,0.945320046913132,0.3261441535642696,0.20000000000000284,0.09447331054820428,-0.10000000000000142,-1.951190476190476,5.152022119139219,0,0.0,1.0,0.0,True,train
2025-03-14 16:00:00+00:00,43128599999,2025-03-14 06:00:00+00:00,10,28.0,35.0,28.0,28.0,0.4166666666666667,-0.6087614290087209,0.7933533402912349,0.945320046913132,0.3261441535642696,0.20000000000000284,0.08691964170141687,0.0,-0.8511904761904745,5.152022119139219,0,0.0,1.0,0.0,True,train
2025-03-14 17:00:00+00:00,43128599999,2025-03-14 06:00:00+00:00,11,27.0,35.0,27.0,27.3,0.4583333333333333,-0.38268343236508956,0.9238795325112868,0.945320046913132,0.3261441535642696,0.20000000000000284,0.07996993086897061,-0.3000000000000007,-0.1511904761904752,5.152022119139219,0,0.0,1.0,0.0,True,train
2025-03-14 18:00:00+00:00,43128599999,2025-03-14 06:00:00+00:00,12,27.0,35.0,27.0,26.7,0.5,-0.13052619222005168,0.9914448613738104,0.945320046913132,0.3261441535642696,0.20000000000000284,0.07357588823428951,0.3000000000000007,0.4488095238095262,5.152022119139219,0,0.0,1.0,0.0,True,train
2025-03-14 19:00:00+00:00,43128599999,2025-03-14 06:00:00+00:00,13,,35.0,27.0,26.3,0.5416666666666666,0.13052619222005157,0.9914448613738104,0.9507903724625832,0.3098349038318025,0.20000000000000284,0.06769308502134941,0.6999999999999993,0.8488095238095248,5.152022119139219,0,0.0,1.0,0.0,False,train
2025-03-14 20:00:00+00:00,43128599999,2025-03-14 06:00:00+00:00,14,,35.0,26.0,25.6,0.5833333333333334,0.3826834323650898,0.9238795325112867,0.9507903724625832,0.3098349038318025,0.20000000000000284,0.06228064478292042,0.3999999999999986,1.548809523809524,5.152022119139219,0,0.0,1.0,0.0,False,train
2025-03-14 21:00:00+00:00,43128599999,2025-03-14 06:00:00+00:00,15,25.0,35.0,25.0,25.0,0.625,0.6087614290087207,0.7933533402912352,0.9507903724625832,0.3098349038318025,0.20000000000000284,0.057300959372038836,0.0,2.1488095238095255,5.152022119139219,0,0.0,1.0,0.0,True,train
2025-03-14 22:00:00+00:00,43128599999,2025-03-14 06:00:00+00:00,16,23.0,35.0,25.0,24.5,0.6666666666666666,0.7933533402912352,0.6087614290087207,0.9507903724625832,0.3098349038318025,0.20000000000000284,0.0527194276231461,0.5,2.6488095238095255,5.152022119139219,0,0.0,1.0,0.0,True,train
2025-03-14 23:00:00+00:00,43128599999,2025-03-14 06:00:00+00:00,17,,35.0,25.0,24.4,0.7083333333333334,0.9238795325112867,0.38268343236508984,0.9507903724625832,0.3098349038318025,0.20000000000000284,0.048504214927130425,0.6000000000000014,2.748809523809527,5.152022119139219,0,0.0,1.0,0.0,False,train
2025-03-15 00:00:00+00:00,43128599999,2025-03-14 06:00:00+00:00,18,,35.0,24.0,23.9,0.75,0.9914448613738104,0.1305261922200517,0.9507903724625832,0.3098349038318025,0.20000000000000284,0.044626032029686596,0.10000000000000142,3.248809523809527,5.152022119139219,0,0.0,1.0,0.0,False,train
2025-03-15 01:00:00+00:00,43128599999,2025-03-14 06:00:00+00:00,19,23.0,35.0,23.0,23.2,0.7916666666666666,0.9914448613738104,-0.1305261922200516,0.9507903724625832,0.3098349038318025,0.20000000000000284,0.041057931515982436,-0.1999999999999993,3.948809523809526,5.152022119139219,0,0.0,1.0,0.0,True,train
2025-03-15 02:00:00+00:00,43128599999,2025-03-14 06:00:00+00:00,20,25.0,35.0,25.0,25.4,0.8333333333333334,0.9238795325112868,-0.3826834323650895,0.9507903724625832,0.3098349038318025,0.20000000000000284,0.0377751205675129,-0.3999999999999986,1.748809523809527,5.152022119139219,0,0.0,1.0,0.0,True,train
2025-03-15 03:00:00+00:00,43128599999,2025-03-14 06:00:00+00:00,21,30.0,35.0,28.0,28.4,0.875,0.7933533402912352,-0.6087614290087207,0.9507903724625832,0.3098349038318025,0.20000000000000284,0.03475478869008952,-0.3999999999999986,-1.251190476190473,5.152022119139219,0,0.0,1.0,0.0,True,train
2025-03-15 04:00:00+00:00,43128599999,2025-03-14 06:00:00+00:00,22,,35.0,32.0,31.4,0.9166666666666666,0.6087614290087209,-0.793353340291235,0.9507903724625832,0.3098349038318025,0.20000000000000284,0.031975949215939235,0.6000000000000014,-4.251190476190473,5.152022119139219,0,0.0,1.0,0.0,False,train
2025-03-15 05:00:00+00:00,43128599999,2025-03-14 06:00:00+00:00,23,,35.0,34.0,33.5,0.9583333333333334,0.3826834323650899,-0.9238795325112867,0.9507903724625832,0.3098349038318025,0.20000000000000284,0.029419293478595777,0.5,-6.3511904761904745,5.152022119139219,0,0.0,1.0,0.0,False,train
2025-03-15 06:00:00+00:00,43128599999,2025-03-14 06:00:00+00:00,24,36.0,35.0,35.0,34.6,1.0,0.130526192220052,-0.9914448613738104,0.9507903724625832,0.3098349038318025,0.20000000000000284,0.027067056647322923,0.3999999999999986,-7.451190476190476,5.152022119139219,0,0.0,1.0,0.0,True,train
2025-03-15 07:00:00+00:00,43128599999,2025-03-14 06:00:00+00:00,25,37.0,35.0,35.0,35.4,1.0416666666666667,-0.13052619222005177,-0.9914448613738104,0.9507903724625832,0.3098349038318025,0.20000000000000284,0.024902894288824945,-0.3999999999999986,-8.251190476190473,5.152022119139219,0,0.0,1.0,0.0,True,train
2025-03-15 08:00:00+00:00,43128599999,2025-03-14 06:00:00+00:00,26,37.0,35.0,36.0,36.1,1.0833333333333333,-0.38268343236508967,-0.9238795325112868,0.9507903724625832,0.3098349038318025,0.20000000000000284,0.02291176879853787,-0.10000000000000142,-8.951190476190476,5.152022119139219,0,0.0,1.0,0.0,True,train
2025-03-15 09:00:00+00:00,43128599999,2025-03-14 06:00:00+00:00,27,37.0,35.0,36.0,36.4,1.125,-0.6087614290087207,-0.7933533402912352,0.9507903724625832,0.3098349038318025,0.20000000000000284,0.021079844912373167,-0.3999999999999986,-9.251190476190473,5.152022119139219,0,0.0,1.0,0.0,True,train
2025-03-15 10:00:00+00:00,43128599999,2025-03-14 06:00:00+00:00,28,37.0,35.0,37.0,36.3,1.1666666666666667,-0.7933533402912349,-0.6087614290087209,0.9507903724625832,0.3098349038318025,0.20000000000000284,0.019394393572881287,0.7000000000000028,-9.151190476190472,5.152022119139219,0,0.0,1.0,0.0,True,train
2025-03-15 11:00:00+00:00,43128599999,2025-03-14 06:00:00+00:00,29,36.0,35.0,36.0,35.6,1.2083333333333333,-0.9238795325112868,-0.3826834323650895,0.9507903724625832,0.3098349038318025,0.20000000000000284,0.017843703481852276,0.3999999999999986,-8.451190476190476,5.152022119139219,0,0.0,1.0,0.0,True,train
2025-03-15 12:00:00+00:00,43128599999,2025-03-14 06:00:00+00:00,30,35.0,35.0,35.0,33.9,1.25,-0.9914448613738104,-0.13052619222005163,0.9507903724625832,0.3098349038318025,0.20000000000000284,0.016416999724779995,1.1000000000000014,-6.751190476190473,5.152022119139219,0,0.0,1.0,0.0,True,train
2025-03-15 13:00:00+00:00,43128599999,2025-03-14 06:00:00+00:00,31,32.0,35.0,35.0,31.5,1.2916666666666667,-0.9914448613738105,0.13052619222005127,0.9507903724625832,0.3098349038318025,0.20000000000000284,0.015104368901754968,3.5,-4.3511904761904745,5.152022119139219,0,0.0,1.0,0.0,True,train
2025-03-15 14:00:00+00:00,43128599999,2025-03-14 06:00:00+00:00,32,,35.0,31.0,29.9,1.3333333333333333,-0.923879532511287,0.38268343236508917,0.9507903724625832,0.3098349038318025,0.20000000000000284,0.013896690244560505,1.1000000000000014,-2.751190476190473,5.152022119139219,0,0.0,1.0,0.0,False,train
2025-03-15 15:00:00+00:00,43128599999,2025-03-14 06:00:00+00:00,33,28.0,35.0,29.0,29.4,1.375,-0.7933533402912357,0.6087614290087199,0.9507903724625832,0.3098349038318025,0.20000000000000284,0.012785572241341695,-0.3999999999999986,-2.251190476190473,5.152022119139219,0,0.0,1.0,0.0,True,train
2025-03-15 16:00:00+00:00,43128599999,2025-03-14 06:00:00+00:00,34,27.0,35.0,28.0,28.3,1.4166666666666667,-0.6087614290087209,0.7933533402912349,0.9507903724625832,0.3098349038318025,0.20000000000000284,0.011763294328486143,-0.3000000000000007,-1.1511904761904752,5.152022119139219,0,0.0,1.0,0.0,True,train
2025-03-15 17:00:00+00:00,43128599999,2025-03-14 06:00:00+00:00,35,,35.0,27.0,27.5,1.4583333333333333,-0.38268343236508956,0.9238795325112868,0.9507903724625832,0.3098349038318025,0.20000000000000284,0.010822753244564476,-0.5,-0.3511904761904745,5.152022119139219,0,0.0,1.0,0.0,False,train
2025-03-15 18:00:00+00:00,43128599999,2025-03-14 06:00:00+00:00,36,25.0,35.0,27.0,25.9,1.5,-0.13052619222005168,0.9914448613738104,0.9507903724625832,0.3098349038318025,0.20000000000000284,0.00995741367357293,1.1000000000000014,1.248809523809527,5.152022119139219,0,0.0,1.0,0.0,True,train
2025-03-15 19:00:00+00:00,43128599999,2025-03-14 06:00:00+00:00,37,25.0,35.0,27.0,25.2,1.5416666666666667,0.13052619222005157,0.9914448613738104,0.9559793438440766,0.2934339689665273,0.20000000000000284,0.009161262834524425,1.8000000000000007,1.9488095238095262,5.152022119139219,0,0.0,1.0,0.0,True,train
2025-03-15 20:00:00+00:00,43128599999,2025-03-14 06:00:00+00:00,38,23.0,35.0,26.0,25.0,1.5833333333333333,0.3826834323650898,0.9238795325112867,0.9559793438440766,0.2934339689665273,0.20000000000000284,0.008428768701855402,1.0,2.1488095238095255,5.152022119139219,0,0.0,1.0,0.0,True,train
2025-03-15 21:00:00+00:00,43128599999,2025-03-14 06:00:00+00:00,39,23.0,35.0,25.0,24.7,1.625,0.6087614290087207,0.7933533402912352,0.9559793438440766,0.2934339689665273,0.20000000000000284,0.007754841566344512,0.3000000000000007,2.448809523809526,5.152022119139219,0,0.0,1.0,0.0,True,train
2025-03-15 22:00:00+00:00,43128599999,2025-03-14 06:00:00+00:00,40,23.0,35.0,25.0,24.3,1.6666666666666667,0.7933533402912352,0.6087614290087207,0.9559793438440766,0.2934339689665273,0.20000000000000284,0.00713479866945058,0.6999999999999993,2.848809523809525,5.152022119139219,0,0.0,1.0,0.0,True,train
2025-03-15 23:00:00+00:00,43128599999,2025-03-14 06:00:00+00:00,41,23.0,35.0,25.0,23.8,1.7083333333333333,0.9238795325112867,0.38268343236508984,0.9559793438440766,0.2934339689665273,0.20000000000000284,0.006564331665332735,1.1999999999999993,3.348809523809525,5.152022119139219,0,0.0,1.0,0.0,True,train
2025-03-16 00:00:00+00:00,43128599999,2025-03-14 06:00:00+00:00,42,22.0,35.0,24.0,23.8,1.75,0.9914448613738104,0.1305261922200517,0.9559793438440766,0.2934339689665273,0.20000000000000284,0.006039476684463786,0.1999999999999993,3.348809523809525,5.152022119139219,0,0.0,1.0,0.0,True,train
2025-03-16 01:00:00+00:00,43128599999,2025-03-14 06:00:00+00:00,43,,35.0,23.0,24.0,1.7916666666666667,0.9914448613738104,-0.1305261922200516,0.9559793438440766,0.2934339689665273,0.20000000000000284,0.0055565867908249295,-1.0,3.1488095238095255,5.152022119139219,0,0.0,1.0,0.0,False,train
2025-03-16 02:00:00+00:00,43128599999,2025-03-14 06:00:00+00:00,44,26.0,35.0,25.0,26.4,1.8333333333333333,0.9238795325112868,-0.3826834323650895,0.9559793438440766,0.2934339689665273,0.20000000000000284,0.005112306641301553,-1.3999999999999986,0.7488095238095269,5.152022119139219,0,0.0,1.0,0.0,True,train
2025-03-16 03:00:00+00:00,43128599999,2025-03-14 06:00:00+00:00,45,,35.0,28.0,29.8,1.875,0.7933533402912352,-0.6087614290087207,0.9559793438440766,0.2934339689665273,0.20000000000000284,0.004703549171201888,-1.8000000000000007,-2.651190476190475,5.152022119139219,0,0.0,1.0,0.0,False,train
2025-03-16 04:00:00+00:00,43128599999,2025-03-14 06:00:00+00:00,46,31.0,35.0,32.0,31.2,1.9166666666666667,0.6087614290087209,-0.793353340291235,0.9559793438440766,0.2934339689665273,0.20000000000000284,0.00432747414389868,0.8000000000000007,-4.051190476190474,5.152022119139219,0,0.0,1.0,0.0,True,train
2025-03-16 05:00:00+00:00,43128599999,2025-03-14 06:00:00+00:00,47,,35.0,34.0,33.4,1.9583333333333333,0.3826834323650899,-0.9238795325112867,0.9559793438440766,0.2934339689665273,0.20000000000000284,0.003981468415546793,0.6000000000000014,-6.251190476190473,5.152022119139219,0,0.0,1.0,0.0,False,train
2025-03-16 06:00:00+00:00,43128599999,2025-03-14 06:00:00+00:00,48,35.0,35.0,35.0,35.1,2.0,0.130526192220052,-0.9914448613738104,0.9559793438440766,0.2934339689665273,0.20000000000000284,0.0036631277777468877,-0.10000000000000142,-7.951190476190476,5.152022119139219,0,0.0,1.0,0.0,True,train
2025-03-14 07:00:00+00:00,43279099999,2025-03-14 06:00:00+00:00,1,33.0,32.0,34.0,33.7,0.041666666666666664,-0.13052619222005177,-0.9914448613738104,0.945320046913132,0.3261441535642696,-1.3999999999999986,-1.2880621804810513,0.29999999999999716,-5.223809523809528,2.405233334271386,0,0.0,0.0,1.0,True,train
2025-03-14 08:00:00+00:00,43279099999,2025-03-14 06:00:00+00:00,2,33.0,32.0,33.0,33.1,0.08333333333333333,-0.38268343236508967,-0.9238795325112868,0.945320046913132,0.3261441535642696,-1.3999999999999986,-1.1850744148468586,-0.10000000000000142,-4.623809523809527,2.405233334271386,0,0.0,0.0,1.0,True,train
2025-03-14 09:00:00+00:00,43279099999,2025-03-14 06:00:00+00:00,3,33.0,32.0,33.0,32.9,0.125,-0.6087614290087207,-0.7933533402912352,0.945320046913132,0.3261441535642696,-1.3999999999999986,-1.0903210962999657,0.10000000000000142,-4.423809523809524,2.405233334271386,0,0.0,0.0,1.0,True,train
2025-03-14 10:00:00+00:00,43279099999,2025-03-14 06:00:00+00:00,4,32.0,32.0,32.0,32.5,0.16666666666666666,-0.7933533402912349,-0.6087614290087209,0.945320046913132,0.3261441535642696,-1.3999999999999986,-1.003143834803304,-0.5,-4.0238095238095255,2.405233334271386,0,0.0,0.0,1.0,True,train
2025-03-14 11:00:00+00:00,43279099999,2025-03-14 06:00:00+00:00,5,31.0,32.0,31.0,31.3,0.20833333333333334,-0.9238795325112868,-0.3826834323650895,0.945320046913132,0.3261441535642696,-1.3999999999999986,-0.9229368822806203,-0.3000000000000007,-2.823809523809526,2.405233334271386,0,0.0,0.0,1.0,True,train
2025-03-14 12:00:00+00:00,43279099999,2025-03-14 06:00:00+00:00,6,31.0,32.0,31.0,29.7,0.25,-0.9914448613738104,-0.13052619222005163,0.945320046913132,0.3261441535642696,-1.3999999999999986,-0.849142923597686,1.3000000000000007,-1.2238095238095248,2.405233334271386,0,0.0,0.0,1.0,True,train
2025-03-14 13:00:00+00:00,43279099999,2025-03-14 06:00:00+00:00,7,30.0,32.0,30.0,28.0,0.2916666666666667,-0.9914448613738105,0.13052619222005127,0.945320046913132,0.3261441535642696,-1.3999999999999986,-0.7812492040780651,2.0,0.4761904761904745,2.405233334271386,0,0.0,0.0,1.0,True,train
2025-03-14 14:00:00+00:00,43279099999,2025-03-14 06:00:00+00:00,8,29.0,32.0,29.0,27.5,0.3333333333333333,-0.923879532511287,0.38268343236508917,0.945320046913132,0.3261441535642696,-1.3999999999999986,-0.718783966645628,1.5,0.9761904761904745,2.405233334271386,0,0.0,0.0,1.0,True,train
2025-03-14 15:00:00+00:00,43279099999,2025-03-14 06:00:00+00:00,9,29.0,32.0,29.0,27.0,0.375,-0.7933533402912357,0.6087614290087199,0.945320046913132,0.3261441535642696,-1.3999999999999986,-0.6613131738374199,2.0,1.4761904761904745,2.405233334271386,0,0.0,0.0,1.0,True,train
2025-03-14 16:00:00+00:00,43279099999,2025-03-14 06:00:00+00:00,10,28.0,32.0,29.0,26.2,0.4166666666666667,-0.6087614290087209,0.7933533402912349,0.945320046913132,0.3261441535642696,-1.3999999999999986,-0.6084374919099088,2.8000000000000007,2.276190476190475,2.405233334271386,0,0.0,0.0,1.0,True,train
2025-03-14 17:00:00+00:00,43279099999,2025-03-14 06:00:00+00:00,11,28.0,32.0,28.0,25.3,0.4583333333333333,-0.38268343236508956,0.9238795325112868,0.945320046913132,0.3261441535642696,-1.3999999999999986,-0.5597895160827857,2.6999999999999993,3.176190476190474,2.405233334271386,0,0.0,0.0,1.0,True,train
2025-03-14 18:00:00+00:00,43279099999,2025-03-14 06:00:00+00:00,12,28.0,32.0,28.0,25.2,0.5,-0.13052619222005168,0.9914448613738104,0.945320046913132,0.3261441535642696,-1.3999999999999986,-0.5150312176400187,2.8000000000000007,3.276190476190475,2.405233334271386,0,0.0,0.0,1.0,True,train
2025-03-14 19:00:00+00:00,43279099999,2025-03-14 06:00:00+00:00,13,28.0,32.0,27.0,25.1,0.5416666666666666,0.13052619222005157,0.9914448613738104,0.9507903724625832,0.3098349038318025,-1.3999999999999986,-0.47385159514943864,1.8999999999999986,3.376190476190473,2.405233334271386,0,0.0,0.0,1.0,True,train
2025-03-14 20:00:00+00:00,43279099999,2025-03-14 06:00:00+00:00,14,27.0,32.0,27.0,24.9,0.5833333333333334,0.3826834323650898,0.9238795325112867,0.9507903724625832,0.3098349038318025,-1.3999999999999986,-0.4359645134804363,2.1000000000000014,3.576190476190476,2.405233334271386,0,0.0,0.0,1.0,True,train
2025-03-14 21:00:00+00:00,43279099999,2025-03-14 06:00:00+00:00,15,27.0,32.0,27.0,24.5,0.625,0.6087614290087207,0.7933533402912352,0.9507903724625832,0.3098349038318025,-1.3999999999999986,-0.4011067156042657,2.5,3.9761904761904745,2.405233334271386,0,0.0,0.0,1.0,True,train
2025-03-14 22:00:00+00:00,43279099999,2025-03-14 06:00:00+00:00,16,26.0,32.0,26.0,24.3,0.6666666666666666,0.7933533402912352,0.6087614290087207,0.9507903724625832,0.3098349038318025,-1.3999999999999986,-0.3690359933620171,1.6999999999999993,4.176190476190474,2.405233334271386,0,0.0,0.0,1.0,True,train
2025-03-14 23:00:00+00:00,43279099999,2025-03-14 06:00:00+00:00,17,26.0,32.0,26.0,23.8,0.7083333333333334,0.9238795325112867,0.38268343236508984,0.9507903724625832,0.3098349038318025,-1.3999999999999986,-0.3395295044899078,2.1999999999999993,4.676190476190474,2.405233334271386,0,0.0,0.0,1.0,True,train
2025-03-15 00:00:00+00:00,43279099999,2025-03-14 06:00:00+00:00,18,25.0,32.0,26.0,23.4,0.75,0.9914448613738104,0.1305261922200517,0.9507903724625832,0.3098349038318025,-1.3999999999999986,-0.31238222420780143,2.6000000000000014,5.076190476190476,2.405233334271386,0,0.0,0.0,1.0,True,train
2025-03-15 01:00:00+00:00,43279099999,2025-03-14 06:00:00+00:00,19,25.0,32.0,26.0,23.3,0.7916666666666666,0.9914448613738104,-0.1305261922200516,0.9507903724625832,0.3098349038318025,-1.3999999999999986,-0.2874055206118727,2.6999999999999993,5.176190476190474,2.405233334271386,0,0.0,0.0,1.0,True,train
2025-03-15 02:00:00+00:00,43279099999,2025-03-14 06:00:00+00:00,20,26.0,32.0,27.0,24.8,0.8333333333333334,0.9238795325112868,-0.3826834323650895,0.9507903724625832,0.3098349038318025,-1.3999999999999986,-0.2644258439725863,2.1999999999999993,3.676190476190474,2.405233334271386,0,0.0,0.0,1.0,True,train
2025-03-15 03:00:00+00:00,43279099999,2025-03-14 06:00:00+00:00,21,28.0,32.0,28.0,27.5,0.875,0.7933533402912352,-0.6087614290087207,0.9507903724625832,0.3098349038318025,-1.3999999999999986,-0.24328352083062296,0.5,0.9761904761904745,2.405233334271386,0,0.0,0.0,1.0,True,train
2025-03-15 04:00:00+00:00,43279099999,2025-03-14 06:00:00+00:00,22,29.0,32.0,29.0,30.0,0.9166666666666666,0.6087614290087209,-0.793353340291235,0.9507903724625832,0.3098349038318025,-1.3999999999999986,-0.22383164451157125,-1.0,-1.5238095238095255,2.405233334271386,0,0.0,0.0,1.0,True,train
2025-03-15 05:00:00+00:00,43279099999,2025-03-14 06:00:00+00:00,23,31.0,32.0,30.0,32.0,0.9583333333333334,0.3826834323650899,-0.9238795325112867,0.9507903724625832,0.3098349038318025,-1.3999999999999986,-0.20593505435016732,-2.0,-3.5238095238095255,2.405233334271386,0,0.0,0.0,1.0,True,train
2025-03-15 06:00:00+00:00,43279099999,2025-03-14 06:00:00+00:00,24,33.0,32.0,32.0,33.7,1.0,0.130526192220052,-0.9914448613738104,0.9507903724625832,0.3098349038318025,-1.3999999999999986,-0.18946939653125758,-1.7000000000000028,-5.223809523809528,2.405233334271386,0,0.0,0.0,1.0,True,train
2025-03-15 07:00:00+00:00,43279099999,2025-03-14 06:00:00+00:00,25,33.0,32.0,34.0,34.7,1.0416666666666667,-0.13052619222005177,-0.9914448613738104,0.9507903724625832,0.3098349038318025,-1.3999999999999986,-0.17432026002177198,-0.7000000000000028,-6.223809523809528,2.405233334271386,0,0.0,0.0,1.0,True,train
2025-03-15 08:00:00+00:00,43279099999,2025-03-14 06:00:00+00:00,26,33.0,32.0,33.0,34.7,1.0833333333333333,-0.38268343236508967,-0.9238795325112868,0.9507903724625832,0.3098349038318025,-1.3999999999999986,-0.16038238158976267,-1.7000000000000028,-6.223809523809528,2.405233334271386,0,0.0,0.0,1.0,True,train
2025-03-15 09:00:00+00:00,43279099999,2025-03-14 06:00:00+00:00,27,33.0,32.0,33.0,33.6,1.125,-0.6087614290087207,-0.7933533402912352,0.9507903724625832,0.3098349038318025,-1.3999999999999986,-0.14755891438660992,-0.6000000000000014,-5.123809523809527,2.405233334271386,0,0.0,0.0,1.0,True,train
2025-03-15 10:00:00+00:00,43279099999,2025-03-14 06:00:00+00:00,28,32.0,32.0,32.0,32.6,1.1666666666666667,-0.7933533402912349,-0.6087614290087209,0.9507903724625832,0.3098349038318025,-1.3999999999999986,-0.13576075501016693,-0.6000000000000014,-4.123809523809527,2.405233334271386,0,0.0,0.0,1.0,True,train
2025-03-15 11:00:00+00:00,43279099999,2025-03-14 06:00:00+00:00,29,32.0,32.0,31.0,31.2,1.2083333333333333,-0.9238795325112868,-0.3826834323650895,0.9507903724625832,0.3098349038318025,-1.3999999999999986,-0.12490592437296402,-0.1999999999999993,-2.723809523809525,2.405233334271386,0,0.0,0.0,1.0,True,train
2025-03-15 12:00:00+00:00,43279099999,2025-03-14 06:00:00+00:00,30,31.0,32.0,31.0,29.4,1.25,-0.9914448613738104,-0.13052619222005163,0.9507903724625832,0.3098349038318025,-1.3999999999999986,-0.1149189980734582,1.6000000000000014,-0.9238095238095241,2.405233334271386,0,0.0,0.0,1.0,True,train
2025-03-15 13:00:00+00:00,43279099999,2025-03-14 06:00:00+00:00,31,30.0,32.0,30.0,28.1,1.2916666666666667,-0.9914448613738105,0.13052619222005127,0.9507903724625832,0.3098349038318025,-1.3999999999999986,-0.10573058231228316,1.8999999999999986,0.3761904761904731,2.405233334271386,0,0.0,0.0,1.0,True,train
2025-03-15 14:00:00+00:00,43279099999,2025-03-14 06:00:00+00:00,32,29.0,32.0,29.0,27.7,1.3333333333333333,-0.923879532511287,0.38268343236508917,0.9507903724625832,0.3098349038318025,-1.3999999999999986,-0.09727683171192206,1.3000000000000007,0.7761904761904752,2.405233334271386,0,0.0,0.0,1.0,True,train
2025-03-15 15:00:00+00:00,43279099999,2025-03-14 06:00:00+00:00,33,29.0,32.0,29.0,27.3,1.375,-0.7933533402912357,0.6087614290087199,0.9507903724625832,0.3098349038318025,-1.3999999999999986,-0.08949900568939051,1.6999999999999993,1.1761904761904738,2.405233334271386,0,0.0,0.0,1.0,True,train
2025-03-15 16:00:00+00:00,43279099999,2025-03-14 06:00:00+00:00,34,29.0,32.0,29.0,26.9,1.4166666666666667,-0.6087614290087209,0.7933533402912349,0.9507903724625832,0.3098349038318025,-1.3999999999999986,-0.08234306029940175,2.1000000000000014,1.576190476190476,2.405233334271386,0,0.0,0.0,1.0,True,train
2025-03-15 17:00:00+00:00,43279099999,2025-03-14 06:00:00+00:00,35,29.0,32.0,28.0,26.4,1.4583333333333333,-0.38268343236508956,0.9238795325112868,0.9507903724625832,0.3098349038318025,-1.3999999999999986,-0.07575927271195018,1.6000000000000014,2.076190476190476,2.405233334271386,0,0.0,0.0,1.0,True,train
2025-03-15 18:00:00+00:00,43279099999,2025-03-14 06:00:00+00:00,36,29.0,32.0,28.0,25.8,1.5,-0.13052619222005168,0.9914448613738104,0.9507903724625832,0.3098349038318025,-1.3999999999999986,-0.06970189571500945,2.1999999999999993,2.676190476190474,2.405233334271386,0,0.0,0.0,1.0,True,train
2025-03-15 19:00:00+00:00,43279099999,2025-03-14 06:00:00+00:00,37,28.0,32.0,27.0,25.1,1.5416666666666667,0.13052619222005157,0.9914448613738104,0.9559793438440766,0.2934339689665273,-1.3999999999999986,-0.06412883984167,1.8999999999999986,3.376190476190473,2.405233334271386,0,0.0,0.0,1.0,True,train
2025-03-15 20:00:00+00:00,43279099999,2025-03-14 06:00:00+00:00,38,28.0,32.0,27.0,24.5,1.5833333333333333,0.3826834323650898,0.9238795325112867,0.9559793438440766,0.2934339689665273,-1.3999999999999986,-0.05900138091298691,2.5,3.9761904761904745,2.405233334271386,0,0.0,0.0,1.0,True,train
2025-03-15 21:00:00+00:00,43279099999,2025-03-14 06:00:00+00:00,39,27.0,32.0,27.0,23.8,1.625,0.6087614290087207,0.7933533402912352,0.9559793438440766,0.2934339689665273,-1.3999999999999986,-0.054283890964410754,3.1999999999999993,4.676190476190474,2.405233334271386,0,0.0,0.0,1.0,True,train
2025-03-15 22:00:00+00:00,43279099999,2025-03-14 06:00:00+00:00,40,27.0,32.0,26.0,23.1,1.6666666666666667,0.7933533402912352,0.6087614290087207,0.9559793438440766,0.2934339689665273,-1.3999999999999986,-0.049943590686153304,2.8999999999999986,5.376190476190473,2.405233334271386,0,0.0,0.0,1.0,True,train
2025-03-15 23:00:00+00:00,43279099999,2025-03-14 06:00:00+00:00,41,26.0,32.0,26.0,22.8,1.7083333333333333,0.9238795325112867,0.38268343236508984,0.9559793438440766,0.2934339689665273,-1.3999999999999986,-0.045950321657328444,3.1999999999999993,5.676190476190474,2.405233334271386,0,0.0,0.0,1.0,True,train
2025-03-16 00:00:00+00:00,43279099999,2025-03-14 06:00:00+00:00,42,26.0,32.0,26.0,23.0,1.75,0.9914448613738104,0.1305261922200517,0.9559793438440766,0.2934339689665273,-1.3999999999999986,-0.04227633679124586,3.0,5.4761904761904745,2.405233334271386,0,0.0,0.0,1.0,True,train
2025-03-16 01:00:00+00:00,43279099999,2025-03-14 06:00:00+00:00,43,26.0,32.0,26.0,23.0,1.7916666666666667,0.9914448613738104,-0.1305261922200516,0.9559793438440766,0.2934339689665273,-1.3999999999999986,-0.03889610753577391,3.0,5.4761904761904745,2.405233334271386,0,0.0,0.0,1.0,True,train
2025-03-16 02:00:00+00:00,43279099999,2025-03-14 06:00:00+00:00,44,27.0,32.0,27.0,24.6,1.8333333333333333,0.9238795325112868,-0.3826834323650895,0.9559793438440766,0.2934339689665273,-1.3999999999999986,-0.035786146489110326,2.3999999999999986,3.876190476190473,2.405233334271386,0,0.0,0.0,1.0,True,train
2025-03-16 03:00:00+00:00,43279099999,2025-03-14 06:00:00+00:00,45,29.0,32.0,28.0,27.8,1.875,0.7933533402912352,-0.6087614290087207,0.9559793438440766,0.2934339689665273,-1.3999999999999986,-0.03292484419841272,0.1999999999999993,0.6761904761904738,2.405233334271386,0,0.0,0.0,1.0,True,train
2025-03-16 04:00:00+00:00,43279099999,2025-03-14 06:00:00+00:00,46,30.0,32.0,29.0,30.3,1.9166666666666667,0.6087614290087209,-0.793353340291235,0.9559793438440766,0.2934339689665273,-1.3999999999999986,-0.030292319007290295,-1.3000000000000007,-1.8238095238095262,2.405233334271386,0,0.0,0.0,1.0,True,train
2025-03-16 05:00:00+00:00,43279099999,2025-03-14 06:00:00+00:00,47,32.0,32.0,30.0,32.3,1.9583333333333333,0.3826834323650899,-0.9238795325112867,0.9559793438440766,0.2934339689665273,-1.3999999999999986,-0.02787027890882713,-2.299999999999997,-3.8238095238095227,2.405233334271386,0,0.0,0.0,1.0,True,train
2025-03-16 06:00:00+00:00,43279099999,2025-03-14 06:00:00+00:00,48,32.0,32.0,32.0,33.8,2.0,0.130526192220052,-0.9914448613738104,0.9559793438440766,0.2934339689665273,-1.3999999999999986,-0.025641894444227823,-1.7999999999999972,-5.323809523809523,2.405233334271386,0,0.0,0.0,1.0,True,train
2025-03-16 07:00:00+00:00,42410099999,2025-03-16 06:00:00+00:00,1,29.0,27.0,25.0,27.4,0.041666666666666664,-0.13052619222005177,-0.9914448613738104,0.9559793438440766,0.2934339689665273,1.0,0.9200444146293233,-2.3999999999999986,-5.042857142857141,3.5292750407024345,0,1.0,0.0,0.0,True,train
2025-03-16 08:00:00+00:00,42410099999,2025-03-16 06:00:00+00:00,2,30.0,27.0,27.0,28.1,0.08333333333333333,-0.38268343236508967,-0.9238795325112868,0.9559793438440766,0.2934339689665273,1.0,0.8464817248906141,-1.1000000000000014,-5.742857142857144,3.5292750407024345,0,1.0,0.0,0.0,True,train
2025-03-16 09:00:00+00:00,42410099999,2025-03-16 06:00:00+00:00,3,30.0,27.0,27.0,28.1,0.125,-0.6087614290087207,-0.7933533402912352,0.9559793438440766,0.2934339689665273,1.0,0.7788007830714049,-1.1000000000000014,-5.742857142857144,3.5292750407024345,0,1.0,0.0,0.0,True,train
2025-03-16 10:00:00+00:00,42410099999,2025-03-16 06:00:00+00:00,4,30.0,27.0,27.0,27.7,0.16666666666666666,-0.7933533402912349,-0.6087614290087209,0.9559793438440766,0.2934339689665273,1.0,0.7165313105737893,-0.6999999999999993,-5.342857142857142,3.5292750407024345,0,1.0,0.0,0.0,True,train
2025-03-16 11:00:00+00:00,42410099999,2025-03-16 06:00:00+00:00,5,29.0,27.0,26.0,26.3,0.20833333333333334,-0.9238795325112868,-0.3826834323650895,0.9559793438440766,0.2934339689665273,1.0,0.6592406302004438,-0.3000000000000007,-3.942857142857143,3.5292750407024345,0,1.0,0.0,0.0,True,train
2025-03-16 12:00:00+00:00,42410099999,2025-03-16 06:00:00+00:00,6,27.0,27.0,25.0,24.2,0.25,-0.9914448613738104,-0.13052619222005163,0.9559793438440766,0.2934339689665273,1.0,0.6065306597126334,0.8000000000000007,-1.8428571428571416,3.5292750407024345,0,1.0,0.0,0.0,True,train
2025-03-16 13:00:00+00:00,42410099999,2025-03-16 06:00:00+00:00,7,26.0,27.0,25.0,23.6,0.2916666666666667,-0.9914448613738105,0.13052619222005127,0.9559793438440766,0.2934339689665273,1.0,0.5580351457700471,1.3999999999999986,-1.2428571428571438,3.5292750407024345,0,1.0,0.0,0.0,True,train
2025-03-16 14:00:00+00:00,42410099999,2025-03-16 06:00:00+00:00,8,25.0,27.0,24.0,22.9,0.3333333333333333,-0.923879532511287,0.38268343236508917,0.9559793438440766,0.2934339689665273,1.0,0.513417119032592,1.1000000000000014,-0.5428571428571409,3.5292750407024345,0,1.0,0.0,0.0,True,train
2025-03-16 15:00:00+00:00,42410099999,2025-03-16 06:00:00+00:00,9,25.0,27.0,24.0,22.6,0.375,-0.7933533402912357,0.6087614290087199,0.9559793438440766,0.2934339689665273,1.0,0.4723665527410147,1.3999999999999986,-0.24285714285714377,3.5292750407024345,0,1.0,0.0,0.0,True,train
2025-03-16 16:00:00+00:00,42410099999,2025-03-16 06:00:00+00:00,10,24.0,27.0,24.0,21.2,0.4166666666666667,-0.6087614290087209,0.7933533402912349,0.9559793438440766,0.2934339689665273,1.0,0.4345982085070782,2.8000000000000007,1.1571428571428584,3.5292750407024345,0,1.0,0.0,0.0,True,train
2025-03-16 17:00:00+00:00,42410099999,2025-03-16 06:00:00+00:00,11,23.0,27.0,21.0,20.7,0.4583333333333333,-0.38268343236508956,0.9238795325112868,0.9559793438440766,0.2934339689665273,1.0,0.39984965434484737,0.3000000000000007,1.6571428571428584,3.5292750407024345,0,1.0,0.0,0.0,True,train
2025-03-16 18:00:00+00:00,42410099999,2025-03-16 06:00:00+00:00,12,22.0,27.0,21.0,19.8,0.5,-0.13052619222005168,0.9914448613738104,0.9559793438440766,0.2934339689665273,1.0,0.36787944117144233,1.1999999999999993,2.557142857142857,3.5292750407024345,0,1.0,0.0,0.0,True,train
2025-03-16 19:00:00+00:00,42410099999,2025-03-16 06:00:00+00:00,13,20.0,27.0,20.0,19.9,0.5416666666666666,0.13052619222005157,0.9914448613738104,0.9608854255574977,0.27694620226893646,1.0,0.3384654251067422,0.10000000000000142,2.457142857142859,3.5292750407024345,0,1.0,0.0,0.0,True,train
2025-03-16 20:00:00+00:00,42410099999,2025-03-16 06:00:00+00:00,14,20.0,27.0,20.0,19.8,0.5833333333333334,0.3826834323650898,0.9238795325112867,0.9608854255574977,0.27694620226893646,1.0,0.3114032239145977,0.1999999999999993,2.557142857142857,3.5292750407024345,0,1.0,0.0,0.0,True,train
2025-03-16 21:00:00+00:00,42410099999,2025-03-16 06:00:00+00:00,15,19.0,27.0,20.0,19.4,0.625,0.6087614290087207,0.7933533402912352,0.9608854255574977,0.27694620226893646,1.0,0.2865047968601901,0.6000000000000014,2.957142857142859,3.5292750407024345,0,1.0,0.0,0.0,True,train
2025-03-16 22:00:00+00:00,42410099999,2025-03-16 06:00:00+00:00,16,19.0,27.0,21.0,19.2,0.6666666666666666,0.7933533402912352,0.6087614290087207,0.9608854255574977,0.27694620226893646,1.0,0.26359713811572677,1.8000000000000007,3.1571428571428584,3.5292750407024345,0,1.0,0.0,0.0,True,train
2025-03-16 23:00:00+00:00,42410099999,2025-03-16 06:00:00+00:00,17,18.0,27.0,20.0,19.3,0.7083333333333334,0.9238795325112867,0.38268343236508984,0.9608854255574977,0.27694620226893646,1.0,0.24252107463564868,0.6999999999999993,3.057142857142857,3.5292750407024345,0,1.0,0.0,0.0,True,train
2025-03-17 00:00:00+00:00,42410099999,2025-03-16 06:00:00+00:00,18,18.0,27.0,20.0,18.6,0.75,0.9914448613738104,0.1305261922200517,0.9608854255574977,0.27694620226893646,1.0,0.22313016014842982,1.3999999999999986,3.7571428571428562,3.5292750407024345,0,1.0,0.0,0.0,True,train
2025-03-17 01:00:00+00:00,42410099999,2025-03-16 06:00:00+00:00,19,19.0,27.0,21.0,19.3,0.7916666666666666,0.9914448613738104,-0.1305261922200516,0.9608854255574977,0.27694620226893646,1.0,0.20528965757990927,1.6999999999999993,3.057142857142857,3.5292750407024345,0,1.0,0.0,0.0,True,train
2025-03-17 02:00:00+00:00,42410099999,2025-03-16 06:00:00+00:00,20,22.0,27.0,22.0,20.3,0.8333333333333334,0.9238795325112868,-0.3826834323650895,0.9608854255574977,0.27694620226893646,1.0,0.18887560283756183,1.6999999999999993,2.057142857142857,3.5292750407024345,0,1.0,0.0,0.0,True,train
2025-03-17 03:00:00+00:00,42410099999,2025-03-16 06:00:00+00:00,21,26.0,27.0,24.0,21.7,0.875,0.7933533402912352,-0.6087614290087207,0.9608854255574977,0.27694620226893646,1.0,0.17377394345044514,2.3000000000000007,0.6571428571428584,3.5292750407024345,0,1.0,0.0,0.0,True,train
2025-03-17 04:00:00+00:00,42410099999,2025-03-16 06:00:00+00:00,22,28.0,27.0,25.0,24.4,0.9166666666666666,0.6087614290087209,-0.793353340291235,0.9608854255574977,0.27694620226893646,1.0,0.1598797460796939,0.6000000000000014,-2.042857142857141,3.5292750407024345,0,1.0,0.0,0.0,True,train
2025-03-17 05:00:00+00:00,42410099999,2025-03-16 06:00:00+00:00,23,30.0,27.0,26.0,26.5,0.9583333333333334,0.3826834323650899,-0.9238795325112867,0.9608854255574977,0.27694620226893646,1.0,0.1470964673929768,-0.5,-4.142857142857142,3.5292750407024345,0,1.0,0.0,0.0,True,train
2025-03-17 06:00:00+00:00,42410099999,2025-03-16 06:00:00+00:00,24,32.0,27.0,27.0,28.5,1.0,0.130526192220052,-0.9914448613738104,0.9608854255574977,0.27694620226893646,1.0,0.1353352832366127,-1.5,-6.142857142857142,3.5292750407024345,0,1.0,0.0,0.0,True,train
2025-03-17 07:00:00+00:00,42410099999,2025-03-16 06:00:00+00:00,25,33.0,27.0,25.0,30.1,1.0416666666666667,-0.13052619222005177,-0.9914448613738104,0.9608854255574977,0.27694620226893646,1.0,0.12451447144412296,-5.100000000000001,-7.742857142857144,3.5292750407024345,0,1.0,0.0,0.0,True,train
2025-03-17 08:00:00+00:00,42410099999,2025-03-16 06:00:00+00:00,26,33.0,27.0,27.0,31.5,1.0833333333333333,-0.38268343236508967,-0.9238795325112868,0.9608854255574977,0.27694620226893646,1.0,0.11455884399268773,-4.5,-9.142857142857142,3.5292750407024345,0,1.0,0.0,0.0,True,train
2025-03-17 09:00:00+00:00,42410099999,2025-03-16 06:00:00+00:00,27,35.0,27.0,27.0,31.7,1.125,-0.6087614290087207,-0.7933533402912352,0.9608854255574977,0.27694620226893646,1.0,0.10539922456186433,-4.699999999999999,-9.342857142857142,3.5292750407024345,0,1.0,0.0,0.0,True,train
2025-03-17 10:00:00+00:00,42410099999,2025-03-16 06:00:00+00:00,28,34.0,27.0,27.0,31.1,1.1666666666666667,-0.7933533402912349,-0.6087614290087209,0.9608854255574977,0.27694620226893646,1.0,0.09697196786440505,-4.100000000000001,-8.742857142857144,3.5292750407024345,0,1.0,0.0,0.0,True,train
2025-03-17 11:00:00+00:00,42410099999,2025-03-16 06:00:00+00:00,29,33.0,27.0,26.0,28.4,1.2083333333333333,-0.9238795325112868,-0.3826834323650895,0.9608854255574977,0.27694620226893646,1.0,0.08921851740926011,-2.3999999999999986,-6.042857142857141,3.5292750407024345,0,1.0,0.0,0.0,True,train
2025-03-17 12:00:00+00:00,42410099999,2025-03-16 06:00:00+00:00,30,32.0,27.0,25.0,26.7,1.25,-0.9914448613738104,-0.13052619222005163,0.9608854255574977,0.27694620226893646,1.0,0.0820849986238988,-1.6999999999999993,-4.342857142857142,3.5292750407024345,0,1.0,0.0,0.0,True,train
2025-03-17 13:00:00+00:00,42410099999,2025-03-16 06:00:00+00:00,31,32.0,27.0,25.0,26.6,1.2916666666666667,-0.9914448613738105,0.13052619222005127,0.9608854255574977,0.27694620226893646,1.0,0.07552184450877376,-1.6000000000000014,-4.242857142857144,3.5292750407024345,0,1.0,0.0,0.0,True,train
2025-03-17 14:00:00+00:00,42410099999,2025-03-16 06:00:00+00:00,32,31.0,27.0,24.0,24.0,1.3333333333333333,-0.923879532511287,0.38268343236508917,0.9608854255574977,0.27694620226893646,1.0,0.06948345122280154,0.0,-1.6428571428571423,3.5292750407024345,0,1.0,0.0,0.0,True,train
2025-03-17 15:00:00+00:00,42410099999,2025-03-16 06:00:00+00:00,33,28.0,27.0,24.0,23.3,1.375,-0.7933533402912357,0.6087614290087199,0.9608854255574977,0.27694620226893646,1.0,0.06392786120670757,0.6999999999999993,-0.9428571428571431,3.5292750407024345,0,1.0,0.0,0.0,True,train
2025-03-17 16:00:00+00:00,42410099999,2025-03-16 06:00:00+00:00,34,29.0,27.0,24.0,24.0,1.4166666666666667,-0.6087614290087209,0.7933533402912349,0.9608854255574977,0.27694620226893646,1.0,0.05881647164242988,0.0,-1.6428571428571423,3.5292750407024345,0,1.0,0.0,0.0,True,train
2025-03-17 17:00:00+00:00,42410099999,2025-03-16 06:00:00+00:00,35,28.0,27.0,21.0,24.2,1.4583333333333333,-0.38268343236508956,0.9238795325112868,0.9608854255574977,0.27694620226893646,1.0,0.05411376622282161,-3.1999999999999993,-1.8428571428571416,3.5292750407024345,0,1.0,0.0,0.0,True,train
2025-03-17 18:00:00+00:00,42410099999,2025-03-16 06:00:00+00:00,36,28.0,27.0,21.0,23.6,1.5,-0.13052619222005168,0.9914448613738104,0.9608854255574977,0.27694620226893646,1.0,0.049787068367863944,-2.6000000000000014,-1.2428571428571438,3.5292750407024345,0,1.0,0.0,0.0,True,train
2025-03-17 19:00:00+00:00,42410099999,2025-03-16 06:00:00+00:00,37,25.0,27.0,20.0,23.1,1.5416666666666667,0.13052619222005157,0.9914448613738104,0.9655071658143364,0.2603764827344581,1.0,0.04580631417262147,-3.1000000000000014,-0.7428571428571438,3.5292750407024345,0,1.0,0.0,0.0,True,train
2025-03-17 20:00:00+00:00,42410099999,2025-03-16 06:00:00+00:00,38,28.0,27.0,20.0,23.5,1.5833333333333333,0.3826834323650898,0.9238795325112867,0.9655071658143364,0.2603764827344581,1.0,0.042143843509276406,-3.5,-1.1428571428571423,3.5292750407024345,0,1.0,0.0,0.0,True,train
2025-03-17 21:00:00+00:00,42410099999,2025-03-16 06:00:00+00:00,39,27.0,27.0,20.0,24.0,1.625,0.6087614290087207,0.7933533402912352,0.9655071658143364,0.2603764827344581,1.0,0.03877420783172201,-4.0,-1.6428571428571423,3.5292750407024345,0,1.0,0.0,0.0,True,train
2025-03-17 22:00:00+00:00,42410099999,2025-03-16 06:00:00+00:00,40,28.0,27.0,21.0,24.1,1.6666666666666667,0.7933533402912352,0.6087614290087207,0.9655071658143364,0.2603764827344581,1.0,0.035673993347252395,-3.1000000000000014,-1.7428571428571438,3.5292750407024345,0,1.0,0.0,0.0,True,train
2025-03-17 23:00:00+00:00,42410099999,2025-03-16 06:00:00+00:00,41,27.0,27.0,20.0,24.0,1.7083333333333333,0.9238795325112867,0.38268343236508984,0.9655071658143364,0.2603764827344581,1.0,0.03282165832666321,-4.0,-1.6428571428571423,3.5292750407024345,0,1.0,0.0,0.0,True,train
2025-03-18 00:00:00+00:00,42410099999,2025-03-16 06:00:00+00:00,42,25.0,27.0,20.0,24.0,1.75,0.9914448613738104,0.1305261922200517,0.9655071658143364,0.2603764827344581,1.0,0.0301973834223185,-4.0,-1.6428571428571423,3.5292750407024345,0,1.0,0.0,0.0,True,train
2025-03-18 01:00:00+00:00,42410099999,2025-03-16 06:00:00+00:00,43,27.0,27.0,21.0,24.0,1.7916666666666667,0.9914448613738104,-0.1305261922200516,0.9655071658143364,0.2603764827344581,1.0,0.02778293395412425,-3.0,-1.6428571428571423,3.5292750407024345,0,1.0,0.0,0.0,True,train
2025-03-18 02:00:00+00:00,42410099999,2025-03-16 06:00:00+00:00,44,29.0,27.0,22.0,25.2,1.8333333333333333,0.9238795325112868,-0.3826834323650895,0.9655071658143364,0.2603764827344581,1.0,0.025561533206507402,-3.1999999999999993,-2.8428571428571416,3.5292750407024345,0,1.0,0.0,0.0,True,train
2025-03-18 03:00:00+00:00,42410099999,2025-03-16 06:00:00+00:00,45,31.0,27.0,24.0,26.5,1.875,0.7933533402912352,-0.6087614290087207,0.9655071658143364,0.2603764827344581,1.0,0.023517745856009107,-2.5,-4.142857142857142,3.5292750407024345,0,1.0,0.0,0.0,True,train
2025-03-18 04:00:00+00:00,42410099999,2025-03-16 06:00:00+00:00,46,32.0,27.0,25.0,28.0,1.9166666666666667,0.6087614290087209,-0.793353340291235,0.9655071658143364,0.2603764827344581,1.0,0.02163737071949309,-3.0,-5.642857142857142,3.5292750407024345,0,1.0,0.0,0.0,True,train
2025-03-18 05:00:00+00:00,42410099999,2025-03-16 06:00:00+00:00,47,32.0,27.0,26.0,29.0,1.9583333333333333,0.3826834323650899,-0.9238795325112867,0.9655071658143364,0.2603764827344581,1.0,0.019907342077733686,-3.0,-6.642857142857142,3.5292750407024345,0,1.0,0.0,0.0,True,train
2025-03-18 06:00:00+00:00,42410099999,2025-03-16 06:00:00+00:00,48,33.0,27.0,27.0,30.1,2.0,0.130526192220052,-0.9914448613738104,0.9655071658143364,0.2603764827344581,1.0,0.01831563888873418,-3.1000000000000014,-7.742857142857144,3.5292750407024345,0,1.0,0.0,0.0,True,train
2025-03-16 07:00:00+00:00,43279099999,2025-03-16 06:00:00+00:00,1,33.0,32.0,33.0,33.3,0.041666666666666664,-0.13052619222005177,-0.9914448613738104,0.9559793438440766,0.2934339689665273,-1.2999999999999972,-1.1960577390181177,-0.29999999999999716,-4.603571428571424,2.272398901757234,0,0.0,0.0,1.0,True,train
2025-03-16 08:00:00+00:00,43279099999,2025-03-16 06:00:00+00:00,2,31.0,32.0,33.0,33.3,0.08333333333333333,-0.38268343236508967,-0.9238795325112868,0.9559793438440766,0.2934339689665273,-1.2999999999999972,-1.100426242357796,-0.29999999999999716,-4.603571428571424,2.272398901757234,0,0.0,0.0,1.0,True,train
2025-03-16 09:00:00+00:00,43279099999,2025-03-16 06:00:00+00:00,3,32.0,32.0,33.0,33.0,0.125,-0.6087614290087207,-0.7933533402912352,0.9559793438440766,0.2934339689665273,-1.2999999999999972,-1.012441017992824,0.0,-4.303571428571427,2.272398901757234,0,0.0,0.0,1.0,True,train
2025-03-16 10:00:00+00:00,43279099999,2025-03-16 06:00:00+00:00,4,32.0,32.0,32.0,32.5,0.16666666666666666,-0.7933533402912349,-0.6087614290087209,0.9559793438440766,0.2934339689665273,-1.2999999999999972,-0.931490703745924,-0.5,-3.803571428571427,2.272398901757234,0,0.0,0.0,1.0,True,train
2025-03-16 11:00:00+00:00,43279099999,2025-03-16 06:00:00+00:00,5,32.0,32.0,32.0,31.4,0.20833333333333334,-0.9238795325112868,-0.3826834323650895,0.9559793438440766,0.2934339689665273,-1.2999999999999972,-0.857012819260575,0.6000000000000014,-2.7035714285714256,2.272398901757234,0,0.0,0.0,1.0,True,train
2025-03-16 12:00:00+00:00,43279099999,2025-03-16 06:00:00+00:00,6,31.0,32.0,31.0,30.1,0.25,-0.9914448613738104,-0.13052619222005163,0.9559793438440766,0.2934339689665273,-1.2999999999999972,-0.7884898576264218,0.8999999999999986,-1.4035714285714285,2.272398901757234,0,0.0,0.0,1.0,True,train
2025-03-16 13:00:00+00:00,43279099999,2025-03-16 06:00:00+00:00,7,30.0,32.0,30.0,28.9,0.2916666666666667,-0.9914448613738105,0.13052619222005127,0.9559793438440766,0.2934339689665273,-1.2999999999999972,-0.7254456895010596,1.1000000000000014,-0.20357142857142563,2.272398901757234,0,0.0,0.0,1.0,True,train
2025-03-16 14:00:00+00:00,43279099999,2025-03-16 06:00:00+00:00,8,30.0,32.0,29.0,28.5,0.3333333333333333,-0.923879532511287,0.38268343236508917,0.9559793438440766,0.2934339689665273,-1.2999999999999972,-0.6674422547423682,0.5,0.19642857142857295,2.272398901757234,0,0.0,0.0,1.0,True,train
2025-03-16 15:00:00+00:00,43279099999,2025-03-16 06:00:00+00:00,9,29.0,32.0,29.0,28.2,0.375,-0.7933533402912357,0.6087614290087199,0.9559793438440766,0.2934339689665273,-1.2999999999999972,-0.6140765185633178,0.8000000000000007,0.49642857142857366,2.272398901757234,0,0.0,0.0,1.0,True,train
2025-03-16 16:00:00+00:00,43279099999,2025-03-16 06:00:00+00:00,10,29.0,32.0,29.0,27.8,0.4166666666666667,-0.6087614290087209,0.7933533402912349,0.9559793438440766,0.2934339689665273,-1.2999999999999972,-0.5649776710592004,1.1999999999999993,0.8964285714285722,2.272398901757234,0,0.0,0.0,1.0,True,train
2025-03-16 17:00:00+00:00,43279099999,2025-03-16 06:00:00+00:00,11,29.0,32.0,29.0,27.4,0.4583333333333333,-0.38268343236508956,0.9238795325112868,0.9559793438440766,0.2934339689665273,-1.2999999999999972,-0.5198045506483004,1.6000000000000014,1.2964285714285744,2.272398901757234,0,0.0,0.0,1.0,True,train
2025-03-16 18:00:00+00:00,43279099999,2025-03-16 06:00:00+00:00,12,29.0,32.0,29.0,26.8,0.5,-0.13052619222005168,0.9914448613738104,0.9559793438440766,0.2934339689665273,-1.2999999999999972,-0.478243273522874,2.1999999999999993,1.8964285714285722,2.272398901757234,0,0.0,0.0,1.0,True,train
2025-03-16 19:00:00+00:00,43279099999,2025-03-16 06:00:00+00:00,13,29.0,32.0,28.0,26.2,0.5416666666666666,0.13052619222005157,0.9914448613738104,0.9608854255574977,0.27694620226893646,-1.2999999999999972,-0.44000505263876394,1.8000000000000007,2.4964285714285737,2.272398901757234,0,0.0,0.0,1.0,True,train
2025-03-16 20:00:00+00:00,43279099999,2025-03-16 06:00:00+00:00,14,28.0,32.0,28.0,25.9,0.5833333333333334,0.3826834323650898,0.9238795325112867,0.9608854255574977,0.27694620226893646,-1.2999999999999972,-0.4048241910889761,2.1000000000000014,2.7964285714285744,2.272398901757234,0,0.0,0.0,1.0,True,train
2025-03-16 21:00:00+00:00,43279099999,2025-03-16 06:00:00+00:00,15,28.0,32.0,27.0,25.5,0.625,0.6087614290087207,0.7933533402912352,0.9608854255574977,0.27694620226893646,-1.2999999999999972,-0.3724562359182463,1.5,3.196428571428573,2.272398901757234,0,0.0,0.0,1.0,True,train
2025-03-16 22:00:00+00:00,43279099999,2025-03-16 06:00:00+00:00,16,27.0,32.0,27.0,25.1,0.6666666666666666,0.7933533402912352,0.6087614290087207,0.9608854255574977,0.27694620226893646,-1.2999999999999972,-0.34267627955044405,1.8999999999999986,3.5964285714285715,2.272398901757234,0,0.0,0.0,1.0,True,train
2025-03-16 23:00:00+00:00,43279099999,2025-03-16 06:00:00+00:00,17,27.0,32.0,26.0,24.7,0.7083333333333334,0.9238795325112867,0.38268343236508984,0.9608854255574977,0.27694620226893646,-1.2999999999999972,-0.3152773970263426,1.3000000000000007,3.9964285714285737,2.272398901757234,0,0.0,0.0,1.0,True,train
2025-03-17 00:00:00+00:00,43279099999,2025-03-16 06:00:00+00:00,18,27.0,32.0,26.0,24.4,0.75,0.9914448613738104,0.1305261922200517,0.9608854255574977,0.27694620226893646,-1.2999999999999972,-0.2900692081929581,1.6000000000000014,4.296428571428574,2.272398901757234,0,0.0,0.0,1.0,True,train
2025-03-17 01:00:00+00:00,43279099999,2025-03-16 06:00:00+00:00,19,27.0,32.0,26.0,24.3,0.7916666666666666,0.9914448613738104,-0.1305261922200516,0.9608854255574977,0.27694620226893646,-1.2999999999999972,-0.26687655485388145,1.6999999999999993,4.396428571428572,2.272398901757234,0,0.0,0.0,1.0,True,train
2025-03-17 02:00:00+00:00,43279099999,2025-03-16 06:00:00+00:00,20,28.0,32.0,27.0,26.0,0.8333333333333334,0.9238795325112868,-0.3826834323650895,0.9608854255574977,0.27694620226893646,-1.2999999999999972,-0.24553828368882985,1.0,2.696428571428573,2.272398901757234,0,0.0,0.0,1.0,True,train
2025-03-17 03:00:00+00:00,43279099999,2025-03-16 06:00:00+00:00,21,29.0,32.0,29.0,28.7,0.875,0.7933533402912352,-0.6087614290087207,0.9608854255574977,0.27694620226893646,-1.2999999999999972,-0.2259061264855782,0.3000000000000007,-0.0035714285714263383,2.272398901757234,0,0.0,0.0,1.0,True,train
2025-03-17 04:00:00+00:00,43279099999,2025-03-16 06:00:00+00:00,22,30.0,32.0,30.0,31.5,0.9166666666666666,0.6087614290087209,-0.793353340291235,0.9608854255574977,0.27694620226893646,-1.2999999999999972,-0.20784366990360162,-1.5,-2.803571428571427,2.272398901757234,0,0.0,0.0,1.0,True,train
2025-03-17 05:00:00+00:00,43279099999,2025-03-16 06:00:00+00:00,23,32.0,32.0,32.0,33.5,0.9583333333333334,0.3826834323650899,-0.9238795325112867,0.9608854255574977,0.27694620226893646,-1.2999999999999972,-0.19122540761086942,-1.5,-4.803571428571427,2.272398901757234,0,0.0,0.0,1.0,True,train
2025-03-17 06:00:00+00:00,43279099999,2025-03-16 06:00:00+00:00,24,33.0,32.0,32.0,35.3,1.0,0.130526192220052,-0.9914448613738104,0.9608854255574977,0.27694620226893646,-1.2999999999999972,-0.17593586820759613,-3.299999999999997,-6.603571428571424,2.272398901757234,0,0.0,0.0,1.0,True,train
2025-03-17 07:00:00+00:00,43279099999,2025-03-16 06:00:00+00:00,25,33.0,32.0,33.0,35.3,1.0416666666666667,-0.13052619222005177,-0.9914448613738104,0.9608854255574977,0.27694620226893646,-1.2999999999999972,-0.1618688128773595,-2.299999999999997,-6.603571428571424,2.272398901757234,0,0.0,0.0,1.0,True,train
2025-03-17 08:00:00+00:00,43279099999,2025-03-16 06:00:00+00:00,26,33.0,32.0,33.0,33.9,1.0833333333333333,-0.38268343236508967,-0.9238795325112868,0.9608854255574977,0.27694620226893646,-1.2999999999999972,-0.14892649719049372,-0.8999999999999986,-5.203571428571426,2.272398901757234,0,0.0,0.0,1.0,True,train
2025-03-17 09:00:00+00:00,43279099999,2025-03-16 06:00:00+00:00,27,33.0,32.0,33.0,33.2,1.125,-0.6087614290087207,-0.7933533402912352,0.9608854255574977,0.27694620226893646,-1.2999999999999972,-0.13701899193042333,-0.20000000000000284,-4.50357142857143,2.272398901757234,0,0.0,0.0,1.0,True,train
2025-03-17 10:00:00+00:00,43279099999,2025-03-16 06:00:00+00:00,28,33.0,32.0,32.0,33.1,1.1666666666666667,-0.7933533402912349,-0.6087614290087209,0.9608854255574977,0.27694620226893646,-1.2999999999999972,-0.1260635582237263,-1.1000000000000014,-4.4035714285714285,2.272398901757234,0,0.0,0.0,1.0,True,train
2025-03-17 11:00:00+00:00,43279099999,2025-03-16 06:00:00+00:00,29,32.0,32.0,32.0,32.0,1.2083333333333333,-0.9238795325112868,-0.3826834323650895,0.9608854255574977,0.27694620226893646,-1.2999999999999972,-0.11598407263203789,0.0,-3.303571428571427,2.272398901757234,0,0.0,0.0,1.0,True,train
2025-03-17 12:00:00+00:00,43279099999,2025-03-16 06:00:00+00:00,30,31.0,32.0,31.0,30.6,1.25,-0.9914448613738104,-0.13052619222005163,0.9608854255574977,0.27694620226893646,-1.2999999999999972,-0.1067104982110682,0.3999999999999986,-1.9035714285714285,2.272398901757234,0,0.0,0.0,1.0,True,train
2025-03-17 13:00:00+00:00,43279099999,2025-03-16 06:00:00+00:00,31,30.0,32.0,30.0,29.1,1.2916666666666667,-0.9914448613738105,0.13052619222005127,0.9608854255574977,0.27694620226893646,-1.2999999999999972,-0.09817839786140568,0.8999999999999986,-0.40357142857142847,2.272398901757234,0,0.0,0.0,1.0,True,train
2025-03-17 14:00:00+00:00,43279099999,2025-03-16 06:00:00+00:00,32,30.0,32.0,29.0,28.5,1.3333333333333333,-0.923879532511287,0.38268343236508917,0.9608854255574977,0.27694620226893646,-1.2999999999999972,-0.09032848658964181,0.5,0.19642857142857295,2.272398901757234,0,0.0,0.0,1.0,True,train
2025-03-17 15:00:00+00:00,43279099999,2025-03-16 06:00:00+00:00,33,29.0,32.0,29.0,28.1,1.375,-0.7933533402912357,0.6087614290087199,0.9608854255574977,0.27694620226893646,-1.2999999999999972,-0.08310621956871966,0.8999999999999986,0.5964285714285715,2.272398901757234,0,0.0,0.0,1.0,True,train
2025-03-17 16:00:00+00:00,43279099999,2025-03-16 06:00:00+00:00,34,29.0,32.0,29.0,27.7,1.4166666666666667,-0.6087614290087209,0.7933533402912349,0.9608854255574977,0.27694620226893646,-1.2999999999999972,-0.07646141313515868,1.3000000000000007,0.9964285714285737,2.272398901757234,0,0.0,0.0,1.0,True,train
2025-03-17 17:00:00+00:00,43279099999,2025-03-16 06:00:00+00:00,35,29.0,32.0,29.0,27.1,1.4583333333333333,-0.38268343236508956,0.9238795325112868,0.9608854255574977,0.27694620226893646,-1.2999999999999972,-0.07034789608966793,1.8999999999999986,1.5964285714285715,2.272398901757234,0,0.0,0.0,1.0,True,train
2025-03-17 18:00:00+00:00,43279099999,2025-03-16 06:00:00+00:00,36,29.0,32.0,29.0,26.6,1.5,-0.13052619222005168,0.9914448613738104,0.9608854255574977,0.27694620226893646,-1.2999999999999972,-0.06472318887822298,2.3999999999999986,2.0964285714285715,2.272398901757234,0,0.0,0.0,1.0,True,train
2025-03-17 19:00:00+00:00,43279099999,2025-03-16 06:00:00+00:00,37,29.0,32.0,28.0,26.0,1.5416666666666667,0.13052619222005157,0.9914448613738104,0.9655071658143364,0.2603764827344581,-1.2999999999999972,-0.059548208424407785,2.0,2.696428571428573,2.272398901757234,0,0.0,0.0,1.0,True,train
2025-03-17 20:00:00+00:00,43279099999,2025-03-16 06:00:00+00:00,38,28.0,32.0,28.0,25.4,1.5833333333333333,0.3826834323650898,0.9238795325112867,0.9655071658143364,0.2603764827344581,-1.2999999999999972,-0.05478699656205921,2.6000000000000014,3.2964285714285744,2.272398901757234,0,0.0,0.0,1.0,True,train
2025-03-17 21:00:00+00:00,43279099999,2025-03-16 06:00:00+00:00,39,28.0,32.0,27.0,24.9,1.625,0.6087614290087207,0.7933533402912352,0.9655071658143364,0.2603764827344581,-1.2999999999999972,-0.0504064701812385,2.1000000000000014,3.7964285714285744,2.272398901757234,0,0.0,0.0,1.0,True,train
2025-03-17 22:00:00+00:00,43279099999,2025-03-16 06:00:00+00:00,40,28.0,32.0,27.0,24.6,1.6666666666666667,0.7933533402912352,0.6087614290087207,0.9655071658143364,0.2603764827344581,-1.2999999999999972,-0.04637619135142801,2.3999999999999986,4.0964285714285715,2.272398901757234,0,0.0,0.0,1.0,True,train
2025-03-17 23:00:00+00:00,43279099999,2025-03-16 06:00:00+00:00,41,27.0,32.0,26.0,24.4,1.7083333333333333,0.9238795325112867,0.38268343236508984,0.9655071658143364,0.2603764827344581,-1.2999999999999972,-0.042668155824662074,1.6000000000000014,4.296428571428574,2.272398901757234,0,0.0,0.0,1.0,True,train
2025-03-18 00:00:00+00:00,43279099999,2025-03-16 06:00:00+00:00,42,27.0,32.0,26.0,24.5,1.75,0.9914448613738104,0.1305261922200517,0.9655071658143364,0.2603764827344581,-1.2999999999999972,-0.03925659844901397,1.5,4.196428571428573,2.272398901757234,0,0.0,0.0,1.0,True,train
2025-03-18 01:00:00+00:00,43279099999,2025-03-16 06:00:00+00:00,43,27.0,32.0,26.0,25.1,1.7916666666666667,0.9914448613738104,-0.1305261922200516,0.9655071658143364,0.2603764827344581,-1.2999999999999972,-0.03611781414036145,0.8999999999999986,3.5964285714285715,2.272398901757234,0,0.0,0.0,1.0,True,train
2025-03-18 02:00:00+00:00,43279099999,2025-03-16 06:00:00+00:00,44,28.0,32.0,27.0,26.5,1.8333333333333333,0.9238795325112868,-0.3826834323650895,0.9655071658143364,0.2603764827344581,-1.2999999999999972,-0.03322999316845955,0.5,2.196428571428573,2.272398901757234,0,0.0,0.0,1.0,True,train
2025-03-18 03:00:00+00:00,43279099999,2025-03-16 06:00:00+00:00,45,30.0,32.0,29.0,28.6,1.875,0.7933533402912352,-0.6087614290087207,0.9655071658143364,0.2603764827344581,-1.2999999999999972,-0.03057306961281177,0.3999999999999986,0.09642857142857153,2.272398901757234,0,0.0,0.0,1.0,True,train
2025-03-18 04:00:00+00:00,43279099999,2025-03-16 06:00:00+00:00,46,31.0,32.0,30.0,31.0,1.9166666666666667,0.6087614290087209,-0.793353340291235,0.9655071658143364,0.2603764827344581,-1.2999999999999972,-0.028128581935340954,-1.0,-2.303571428571427,2.272398901757234,0,0.0,0.0,1.0,True,train
2025-03-18 05:00:00+00:00,43279099999,2025-03-16 06:00:00+00:00,47,32.0,32.0,32.0,32.9,1.9583333333333333,0.3826834323650899,-0.9238795325112867,0.9655071658143364,0.2603764827344581,-1.2999999999999972,-0.025879544701053733,-0.8999999999999986,-4.203571428571426,2.272398901757234,0,0.0,0.0,1.0,True,train
2025-03-18 06:00:00+00:00,43279099999,2025-03-16 06:00:00+00:00,48,33.0,32.0,32.0,34.2,2.0,0.130526192220052,-0.9914448613738104,0.9655071658143364,0.2603764827344581,-1.2999999999999972,-0.02381033055535438,-2.200000000000003,-5.50357142857143,2.272398901757234,0,0.0,0.0,1.0,True,train
2025-03-18 07:00:00+00:00,42410099999,2025-03-18 06:00:00+00:00,1,33.0,33.0,33.0,31.6,0.041666666666666664,-0.13052619222005177,-0.9914448613738104,0.9655071658143364,0.2603764827344581,1.6000000000000014,1.4720710634069185,1.3999999999999986,-7.855952380952381,4.215895408210518,0,1.0,0.0,0.0,True,train
2025-03-18 08:00:00+00:00,42410099999,2025-03-18 06:00:00+00:00,2,34.0,33.0,33.0,31.7,0.08333333333333333,-0.38268343236508967,-0.9238795325112868,0.9655071658143364,0.2603764827344581,1.6000000000000014,1.354370759824984,1.3000000000000007,-7.955952380952379,4.215895408210518,0,1.0,0.0,0.0,True,train
2025-03-18 09:00:00+00:00,42410099999,2025-03-18 06:00:00+00:00,3,34.0,33.0,35.0,31.3,0.125,-0.6087614290087207,-0.7933533402912352,0.9655071658143364,0.2603764827344581,1.6000000000000014,1.2460812529142489,3.6999999999999993,-7.55595238095238,4.215895408210518,0,1.0,0.0,0.0,True,train
2025-03-18 10:00:00+00:00,42410099999,2025-03-18 06:00:00+00:00,4,33.0,33.0,34.0,30.1,0.16666666666666666,-0.7933533402912349,-0.6087614290087209,0.9655071658143364,0.2603764827344581,1.6000000000000014,1.1464500969180638,3.8999999999999986,-6.355952380952381,4.215895408210518,0,1.0,0.0,0.0,True,train
2025-03-18 11:00:00+00:00,42410099999,2025-03-18 06:00:00+00:00,5,31.0,33.0,33.0,28.6,0.20833333333333334,-0.9238795325112868,-0.3826834323650895,0.9655071658143364,0.2603764827344581,1.6000000000000014,1.0547850083207109,4.399999999999999,-4.855952380952381,4.215895408210518,0,1.0,0.0,0.0,True,train
2025-03-18 12:00:00+00:00,42410099999,2025-03-18 06:00:00+00:00,6,29.0,33.0,32.0,27.1,0.25,-0.9914448613738104,-0.13052619222005163,0.9655071658143364,0.2603764827344581,1.6000000000000014,0.9704490555402143,4.899999999999999,-3.355952380952381,4.215895408210518,0,1.0,0.0,0.0,True,train
2025-03-18 13:00:00+00:00,42410099999,2025-03-18 06:00:00+00:00,7,29.0,33.0,32.0,25.7,0.2916666666666667,-0.9914448613738105,0.13052619222005127,0.9655071658143364,0.2603764827344581,1.6000000000000014,0.8928562332320762,6.300000000000001,-1.9559523809523789,4.215895408210518,0,1.0,0.0,0.0,True,train
2025-03-18 14:00:00+00:00,42410099999,2025-03-18 06:00:00+00:00,8,29.0,33.0,31.0,24.1,0.3333333333333333,-0.923879532511287,0.38268343236508917,0.9655071658143364,0.2603764827344581,1.6000000000000014,0.821467390452148,6.899999999999999,-0.355952380952381,4.215895408210518,0,1.0,0.0,0.0,True,train
2025-03-18 15:00:00+00:00,42410099999,2025-03-18 06:00:00+00:00,9,27.0,33.0,28.0,22.3,0.375,-0.7933533402912357,0.6087614290087199,0.9655071658143364,0.2603764827344581,1.6000000000000014,0.7557864843856241,5.699999999999999,1.4440476190476197,4.215895408210518,0,1.0,0.0,0.0,True,train
2025-03-18 16:00:00+00:00,42410099999,2025-03-18 06:00:00+00:00,10,26.0,33.0,29.0,21.7,0.4166666666666667,-0.6087614290087209,0.7933533402912349,0.9655071658143364,0.2603764827344581,1.6000000000000014,0.6953571336113258,7.300000000000001,2.044047619047621,4.215895408210518,0,1.0,0.0,0.0,True,train
2025-03-18 17:00:00+00:00,42410099999,2025-03-18 06:00:00+00:00,11,24.0,33.0,28.0,21.4,0.4583333333333333,-0.38268343236508956,0.9238795325112868,0.9655071658143364,0.2603764827344581,1.6000000000000014,0.6397594469517563,6.600000000000001,2.344047619047622,4.215895408210518,0,1.0,0.0,0.0,True,train
2025-03-18 18:00:00+00:00,42410099999,2025-03-18 06:00:00+00:00,12,23.0,33.0,28.0,21.8,0.5,-0.13052619222005168,0.9914448613738104,0.9655071658143364,0.2603764827344581,1.6000000000000014,0.5886071058743083,6.199999999999999,1.9440476190476197,4.215895408210518,0,1.0,0.0,0.0,True,train
2025-03-18 19:00:00+00:00,42410099999,2025-03-18 06:00:00+00:00,13,24.0,33.0,25.0,20.4,0.5416666666666666,0.13052619222005157,0.9914448613738104,0.969843196967294,0.24372971360968387,1.6000000000000014,0.541544680170788,4.600000000000001,3.344047619047622,4.215895408210518,0,1.0,0.0,0.0,True,train
2025-03-18 20:00:00+00:00,42410099999,2025-03-18 06:00:00+00:00,14,23.0,33.0,28.0,19.4,0.5833333333333334,0.3826834323650898,0.9238795325112867,0.969843196967294,0.24372971360968387,1.6000000000000014,0.49824515826335675,8.600000000000001,4.344047619047622,4.215895408210518,0,1.0,0.0,0.0,True,train
2025-03-18 21:00:00+00:00,42410099999,2025-03-18 06:00:00+00:00,15,20.0,33.0,27.0,18.5,0.625,0.6087614290087207,0.7933533402912352,0.969843196967294,0.24372971360968387,1.6000000000000014,0.4584076749763046,8.5,5.24404761904762,4.215895408210518,0,1.0,0.0,0.0,True,train
2025-03-18 22:00:00+00:00,42410099999,2025-03-18 06:00:00+00:00,16,,33.0,28.0,17.8,0.6666666666666666,0.7933533402912352,0.6087614290087207,0.969843196967294,0.24372971360968387,1.6000000000000014,0.4217554209851632,10.2,5.94404761904762,4.215895408210518,0,1.0,0.0,0.0,False,train
2025-03-18 23:00:00+00:00,42410099999,2025-03-18 06:00:00+00:00,17,18.0,33.0,27.0,18.0,0.7083333333333334,0.9238795325112867,0.38268343236508984,0.969843196967294,0.24372971360968387,1.6000000000000014,0.38803371941703824,9.0,5.74404761904762,4.215895408210518,0,1.0,0.0,0.0,True,train
2025-03-19 00:00:00+00:00,42410099999,2025-03-18 06:00:00+00:00,18,17.0,33.0,25.0,18.4,0.75,0.9914448613738104,0.1305261922200517,0.969843196967294,0.24372971360968387,1.6000000000000014,0.35700825623748805,6.600000000000001,5.344047619047622,4.215895408210518,0,1.0,0.0,0.0,True,train
2025-03-19 01:00:00+00:00,42410099999,2025-03-18 06:00:00+00:00,19,20.0,33.0,27.0,20.3,0.7916666666666666,0.9914448613738104,-0.1305261922200516,0.969843196967294,0.24372971360968387,1.6000000000000014,0.3284634521278551,6.699999999999999,3.4440476190476197,4.215895408210518,0,1.0,0.0,0.0,True,train
2025-03-19 02:00:00+00:00,42410099999,2025-03-18 06:00:00+00:00,20,22.0,33.0,29.0,21.0,0.8333333333333334,0.9238795325112868,-0.3826834323650895,0.969843196967294,0.24372971360968387,1.6000000000000014,0.3022009645400992,8.0,2.7440476190476204,4.215895408210518,0,1.0,0.0,0.0,True,train
2025-03-19 03:00:00+00:00,42410099999,2025-03-18 06:00:00+00:00,21,25.0,33.0,31.0,22.7,0.875,0.7933533402912352,-0.6087614290087207,0.969843196967294,0.24372971360968387,1.6000000000000014,0.27803830952071246,8.3,1.0440476190476211,4.215895408210518,0,1.0,0.0,0.0,True,train
2025-03-19 04:00:00+00:00,42410099999,2025-03-18 06:00:00+00:00,22,27.0,33.0,32.0,24.9,0.9166666666666666,0.6087614290087209,-0.793353340291235,0.969843196967294,0.24372971360968387,1.6000000000000014,0.2558075937275105,7.100000000000001,-1.1559523809523782,4.215895408210518,0,1.0,0.0,0.0,True,train
2025-03-19 05:00:00+00:00,42410099999,2025-03-18 06:00:00+00:00,23,29.0,33.0,32.0,26.4,0.9583333333333334,0.3826834323650899,-0.9238795325112867,0.969843196967294,0.24372971360968387,1.6000000000000014,0.23535434782876308,5.600000000000001,-2.655952380952378,4.215895408210518,0,1.0,0.0,0.0,True,train
2025-03-19 06:00:00+00:00,42410099999,2025-03-18 06:00:00+00:00,24,30.0,33.0,33.0,27.4,1.0,0.130526192220052,-0.9914448613738104,0.969843196967294,0.24372971360968387,1.6000000000000014,0.21653645317858053,5.600000000000001,-3.655952380952378,4.215895408210518,0,1.0,0.0,0.0,True,train
2025-03-19 07:00:00+00:00,42410099999,2025-03-18 06:00:00+00:00,25,31.0,33.0,33.0,28.2,1.0416666666666667,-0.13052619222005177,-0.9914448613738104,0.969843196967294,0.24372971360968387,1.6000000000000014,0.19922315431059692,4.800000000000001,-4.455952380952379,4.215895408210518,0,1.0,0.0,0.0,True,train
2025-03-19 08:00:00+00:00,42410099999,2025-03-18 06:00:00+00:00,26,31.0,33.0,33.0,28.4,1.0833333333333333,-0.38268343236508967,-0.9238795325112868,0.969843196967294,0.24372971360968387,1.6000000000000014,0.18329415038830052,4.600000000000001,-4.655952380952378,4.215895408210518,0,1.0,0.0,0.0,True,train
2025-03-19 09:00:00+00:00,42410099999,2025-03-18 06:00:00+00:00,27,31.0,33.0,35.0,28.3,1.125,-0.6087614290087207,-0.7933533402912352,0.969843196967294,0.24372971360968387,1.6000000000000014,0.1686387592989831,6.699999999999999,-4.55595238095238,4.215895408210518,0,1.0,0.0,0.0,True,train
2025-03-19 10:00:00+00:00,42410099999,2025-03-18 06:00:00+00:00,28,31.0,33.0,34.0,27.8,1.1666666666666667,-0.7933533402912349,-0.6087614290087209,0.969843196967294,0.24372971360968387,1.6000000000000014,0.1551551485830482,6.199999999999999,-4.05595238095238,4.215895408210518,0,1.0,0.0,0.0,True,train
2025-03-19 11:00:00+00:00,42410099999,2025-03-18 06:00:00+00:00,29,31.0,33.0,33.0,26.3,1.2083333333333333,-0.9238795325112868,-0.3826834323650895,0.969843196967294,0.24372971360968387,1.6000000000000014,0.1427496278548163,6.699999999999999,-2.5559523809523803,4.215895408210518,0,1.0,0.0,0.0,True,train
2025-03-19 12:00:00+00:00,42410099999,2025-03-18 06:00:00+00:00,30,29.0,33.0,32.0,24.3,1.25,-0.9914448613738104,-0.13052619222005163,0.969843196967294,0.24372971360968387,1.6000000000000014,0.1313359977982382,7.699999999999999,-0.5559523809523803,4.215895408210518,0,1.0,0.0,0.0,True,train
2025-03-19 13:00:00+00:00,42410099999,2025-03-18 06:00:00+00:00,31,25.0,33.0,32.0,23.6,1.2916666666666667,-0.9914448613738105,0.13052619222005127,0.969843196967294,0.24372971360968387,1.6000000000000014,0.12083495121403813,8.399999999999999,0.14404761904761898,4.215895408210518,0,1.0,0.0,0.0,True,train
2025-03-19 14:00:00+00:00,42410099999,2025-03-18 06:00:00+00:00,32,23.0,33.0,31.0,22.0,1.3333333333333333,-0.923879532511287,0.38268343236508917,0.969843196967294,0.24372971360968387,1.6000000000000014,0.11117352195648257,9.0,1.7440476190476204,4.215895408210518,0,1.0,0.0,0.0,True,train
2025-03-19 15:00:00+00:00,42410099999,2025-03-18 06:00:00+00:00,33,23.0,33.0,28.0,20.7,1.375,-0.7933533402912357,0.6087614290087199,0.969843196967294,0.24372971360968387,1.6000000000000014,0.1022845779307322,7.300000000000001,3.044047619047621,4.215895408210518,0,1.0,0.0,0.0,True,train
2025-03-19 16:00:00+00:00,42410099999,2025-03-18 06:00:00+00:00,34,22.0,33.0,29.0,20.3,1.4166666666666667,-0.6087614290087209,0.7933533402912349,0.969843196967294,0.24372971360968387,1.6000000000000014,0.0941063546278879,8.7,3.4440476190476197,4.215895408210518,0,1.0,0.0,0.0,True,train
2025-03-19 17:00:00+00:00,42410099999,2025-03-18 06:00:00+00:00,35,21.0,33.0,28.0,19.2,1.4583333333333333,-0.38268343236508956,0.9238795325112868,0.969843196967294,0.24372971360968387,1.6000000000000014,0.08658202595651465,8.8,4.544047619047621,4.215895408210518,0,1.0,0.0,0.0,True,train
2025-03-19 18:00:00+00:00,42410099999,2025-03-18 06:00:00+00:00,36,20.0,33.0,28.0,18.0,1.5,-0.13052619222005168,0.9914448613738104,0.969843196967294,0.24372971360968387,1.6000000000000014,0.07965930938858239,10.0,5.74404761904762,4.215895408210518,0,1.0,0.0,0.0,True,train
2025-03-19 19:00:00+00:00,42410099999,2025-03-18 06:00:00+00:00,37,20.0,33.0,25.0,16.7,1.5416666666666667,0.13052619222005157,0.9914448613738104,0.9738922359149924,0.22701082094141847,1.6000000000000014,0.07329010267619442,8.3,7.044047619047621,4.215895408210518,0,1.0,0.0,0.0,True,train
2025-03-19 20:00:00+00:00,42410099999,2025-03-18 06:00:00+00:00,38,18.0,33.0,28.0,16.0,1.5833333333333333,0.3826834323650898,0.9238795325112867,0.9738922359149924,0.22701082094141847,1.6000000000000014,0.06743014961484231,12.0,7.74404761904762,4.215895408210518,0,1.0,0.0,0.0,True,train
2025-03-19 21:00:00+00:00,42410099999,2025-03-18 06:00:00+00:00,39,18.0,33.0,27.0,15.4,1.625,0.6087614290087207,0.7933533402912352,0.9738922359149924,0.22701082094141847,1.6000000000000014,0.06203873253075527,11.6,8.34404761904762,4.215895408210518,0,1.0,0.0,0.0,True,train
2025-03-19 22:00:00+00:00,42410099999,2025-03-18 06:00:00+00:00,40,18.0,33.0,28.0,14.8,1.6666666666666667,0.7933533402912352,0.6087614290087207,0.9738922359149924,0.22701082094141847,1.6000000000000014,0.05707838935560388,13.2,8.94404761904762,4.215895408210518,0,1.0,0.0,0.0,True,train
2025-03-19 23:00:00+00:00,42410099999,2025-03-18 06:00:00+00:00,41,17.0,33.0,27.0,14.9,1.7083333333333333,0.9238795325112867,0.38268343236508984,0.9738922359149924,0.22701082094141847,1.6000000000000014,0.05251465332266118,12.1,8.84404761904762,4.215895408210518,0,1.0,0.0,0.0,True,train
2025-03-20 00:00:00+00:00,42410099999,2025-03-18 06:00:00+00:00,42,16.0,33.0,25.0,15.5,1.75,0.9914448613738104,0.1305261922200517,0.9738922359149924,0.22701082094141847,1.6000000000000014,0.048315813475709644,9.5,8.24404761904762,4.215895408210518,0,1.0,0.0,0.0,True,train
2025-03-20 01:00:00+00:00,42410099999,2025-03-18 06:00:00+00:00,43,17.0,33.0,27.0,16.9,1.7916666666666667,0.9914448613738104,-0.1305261922200516,0.9738922359149924,0.22701082094141847,1.6000000000000014,0.04445269432659884,10.100000000000001,6.844047619047622,4.215895408210518,0,1.0,0.0,0.0,True,train
2025-03-20 02:00:00+00:00,42410099999,2025-03-18 06:00:00+00:00,44,20.0,33.0,29.0,19.7,1.8333333333333333,0.9238795325112868,-0.3826834323650895,0.9738922359149924,0.22701082094141847,1.6000000000000014,0.04089845313041188,9.3,4.044047619047621,4.215895408210518,0,1.0,0.0,0.0,True,train
2025-03-20 03:00:00+00:00,42410099999,2025-03-18 06:00:00+00:00,45,23.0,33.0,31.0,22.7,1.875,0.7933533402912352,-0.6087614290087207,0.9738922359149924,0.22701082094141847,1.6000000000000014,0.037628393369614606,8.3,1.0440476190476211,4.215895408210518,0,1.0,0.0,0.0,True,train
2025-03-20 04:00:00+00:00,42410099999,2025-03-18 06:00:00+00:00,46,26.0,33.0,32.0,25.2,1.9166666666666667,0.6087614290087209,-0.793353340291235,0.9738922359149924,0.22701082094141847,1.6000000000000014,0.034619793151188974,6.800000000000001,-1.4559523809523789,4.215895408210518,0,1.0,0.0,0.0,True,train
2025-03-20 05:00:00+00:00,42410099999,2025-03-18 06:00:00+00:00,47,28.0,33.0,32.0,26.9,1.9583333333333333,0.3826834323650899,-0.9238795325112867,0.9738922359149924,0.22701082094141847,1.6000000000000014,0.03185174732437392,5.100000000000001,-3.155952380952378,4.215895408210518,0,1.0,0.0,0.0,True,train
2025-03-20 06:00:00+00:00,42410099999,2025-03-18 06:00:00+00:00,48,29.0,33.0,33.0,28.2,2.0,0.130526192220052,-0.9914448613738104,0.9738922359149924,0.22701082094141847,1.6000000000000014,0.029305022221974713,4.800000000000001,-4.455952380952379,4.215895408210518,0,1.0,0.0,0.0,True,train
2025-03-18 07:00:00+00:00,43279099999,2025-03-18 06:00:00+00:00,1,33.0,33.0,33.0,33.7,0.041666666666666664,-0.13052619222005177,-0.9914448613738104,0.9655071658143364,0.2603764827344581,-0.5,-0.46002220731466165,-0.7000000000000028,-4.68809523809524,2.3477144286622154,0,0.0,0.0,1.0,True,train
2025-03-18 08:00:00+00:00,43279099999,2025-03-18 06:00:00+00:00,2,33.0,33.0,33.0,33.6,0.08333333333333333,-0.38268343236508967,-0.9238795325112868,0.9655071658143364,0.2603764827344581,-0.5,-0.42324086244530706,-0.6000000000000014,-4.588095238095239,2.3477144286622154,0,0.0,0.0,1.0,True,train
2025-03-18 09:00:00+00:00,43279099999,2025-03-18 06:00:00+00:00,3,33.0,33.0,33.0,33.3,0.125,-0.6087614290087207,-0.7933533402912352,0.9655071658143364,0.2603764827344581,-0.5,-0.38940039153570244,-0.29999999999999716,-4.288095238095234,2.3477144286622154,0,0.0,0.0,1.0,True,train
2025-03-18 10:00:00+00:00,43279099999,2025-03-18 06:00:00+00:00,4,33.0,33.0,33.0,32.5,0.16666666666666666,-0.7933533402912349,-0.6087614290087209,0.9655071658143364,0.2603764827344581,-0.5,-0.35826565528689464,0.5,-3.4880952380952372,2.3477144286622154,0,0.0,0.0,1.0,True,train
2025-03-18 11:00:00+00:00,43279099999,2025-03-18 06:00:00+00:00,5,32.0,33.0,32.0,31.4,0.20833333333333334,-0.9238795325112868,-0.3826834323650895,0.9655071658143364,0.2603764827344581,-0.5,-0.3296203151002219,0.6000000000000014,-2.388095238095236,2.3477144286622154,0,0.0,0.0,1.0,True,train
2025-03-18 12:00:00+00:00,43279099999,2025-03-18 06:00:00+00:00,6,31.0,33.0,31.0,30.2,0.25,-0.9914448613738104,-0.13052619222005163,0.9655071658143364,0.2603764827344581,-0.5,-0.3032653298563167,0.8000000000000007,-1.1880952380952365,2.3477144286622154,0,0.0,0.0,1.0,True,train
2025-03-18 13:00:00+00:00,43279099999,2025-03-18 06:00:00+00:00,7,30.0,33.0,30.0,28.9,0.2916666666666667,-0.9914448613738105,0.13052619222005127,0.9655071658143364,0.2603764827344581,-0.5,-0.27901757288502355,1.1000000000000014,0.11190476190476417,2.3477144286622154,0,0.0,0.0,1.0,True,train
2025-03-18 14:00:00+00:00,43279099999,2025-03-18 06:00:00+00:00,8,30.0,33.0,30.0,28.5,0.3333333333333333,-0.923879532511287,0.38268343236508917,0.9655071658143364,0.2603764827344581,-0.5,-0.256708559516296,1.5,0.5119047619047628,2.3477144286622154,0,0.0,0.0,1.0,True,train
2025-03-18 15:00:00+00:00,43279099999,2025-03-18 06:00:00+00:00,9,30.0,33.0,29.0,28.2,0.375,-0.7933533402912357,0.6087614290087199,0.9655071658143364,0.2603764827344581,-0.5,-0.23618327637050734,0.8000000000000007,0.8119047619047635,2.3477144286622154,0,0.0,0.0,1.0,True,train
2025-03-18 16:00:00+00:00,43279099999,2025-03-18 06:00:00+00:00,10,29.0,33.0,29.0,27.8,0.4166666666666667,-0.6087614290087209,0.7933533402912349,0.9655071658143364,0.2603764827344581,-0.5,-0.2172991042535391,1.1999999999999993,1.211904761904762,2.3477144286622154,0,0.0,0.0,1.0,True,train
2025-03-18 17:00:00+00:00,43279099999,2025-03-18 06:00:00+00:00,11,29.0,33.0,29.0,27.6,0.4583333333333333,-0.38268343236508956,0.9238795325112868,0.9655071658143364,0.2603764827344581,-0.5,-0.19992482717242369,1.3999999999999986,1.4119047619047613,2.3477144286622154,0,0.0,0.0,1.0,True,train
2025-03-18 18:00:00+00:00,43279099999,2025-03-18 06:00:00+00:00,12,29.0,33.0,29.0,27.2,0.5,-0.13052619222005168,0.9914448613738104,0.9655071658143364,0.2603764827344581,-0.5,-0.18393972058572117,1.8000000000000007,1.8119047619047635,2.3477144286622154,0,0.0,0.0,1.0,True,train
2025-03-18 19:00:00+00:00,43279099999,2025-03-18 06:00:00+00:00,13,29.0,33.0,29.0,26.8,0.5416666666666666,0.13052619222005157,0.9914448613738104,0.969843196967294,0.24372971360968387,-0.5,-0.1692327125533711,2.1999999999999993,2.211904761904762,2.3477144286622154,0,0.0,0.0,1.0,True,train
2025-03-18 20:00:00+00:00,43279099999,2025-03-18 06:00:00+00:00,14,29.0,33.0,28.0,26.4,0.5833333333333334,0.3826834323650898,0.9238795325112867,0.969843196967294,0.24372971360968387,-0.5,-0.15570161195729884,1.6000000000000014,2.611904761904764,2.3477144286622154,0,0.0,0.0,1.0,True,train
2025-03-18 21:00:00+00:00,43279099999,2025-03-18 06:00:00+00:00,15,28.0,33.0,28.0,25.9,0.625,0.6087614290087207,0.7933533402912352,0.969843196967294,0.24372971360968387,-0.5,-0.14325239843009505,2.1000000000000014,3.111904761904764,2.3477144286622154,0,0.0,0.0,1.0,True,train
2025-03-18 22:00:00+00:00,43279099999,2025-03-18 06:00:00+00:00,16,28.0,33.0,28.0,25.5,0.6666666666666666,0.7933533402912352,0.6087614290087207,0.969843196967294,0.24372971360968387,-0.5,-0.13179856905786339,2.5,3.5119047619047628,2.3477144286622154,0,0.0,0.0,1.0,True,train
2025-03-18 23:00:00+00:00,43279099999,2025-03-18 06:00:00+00:00,17,28.0,33.0,27.0,25.2,0.7083333333333334,0.9238795325112867,0.38268343236508984,0.969843196967294,0.24372971360968387,-0.5,-0.12126053731782434,1.8000000000000007,3.8119047619047635,2.3477144286622154,0,0.0,0.0,1.0,True,train
2025-03-19 00:00:00+00:00,43279099999,2025-03-18 06:00:00+00:00,18,27.0,33.0,27.0,24.9,0.75,0.9914448613738104,0.1305261922200517,0.969843196967294,0.24372971360968387,-0.5,-0.11156508007421491,2.1000000000000014,4.111904761904764,2.3477144286622154,0,0.0,0.0,1.0,True,train
2025-03-19 01:00:00+00:00,43279099999,2025-03-18 06:00:00+00:00,19,27.0,33.0,27.0,24.9,0.7916666666666666,0.9914448613738104,-0.1305261922200516,0.969843196967294,0.24372971360968387,-0.5,-0.10264482878995464,2.1000000000000014,4.111904761904764,2.3477144286622154,0,0.0,0.0,1.0,True,train
2025-03-19 02:00:00+00:00,43279099999,2025-03-18 06:00:00+00:00,20,28.0,33.0,28.0,26.6,0.8333333333333334,0.9238795325112868,-0.3826834323650895,0.969843196967294,0.24372971360968387,-0.5,-0.09443780141878091,1.3999999999999986,2.4119047619047613,2.3477144286622154,0,0.0,0.0,1.0,True,train
2025-03-19 03:00:00+00:00,43279099999,2025-03-18 06:00:00+00:00,21,29.0,33.0,30.0,29.3,0.875,0.7933533402912352,-0.6087614290087207,0.969843196967294,0.24372971360968387,-0.5,-0.08688697172522257,0.6999999999999993,-0.28809523809523796,2.3477144286622154,0,0.0,0.0,1.0,True,train
2025-03-19 04:00:00+00:00,43279099999,2025-03-18 06:00:00+00:00,22,30.0,33.0,31.0,31.1,0.9166666666666666,0.6087614290087209,-0.793353340291235,0.969843196967294,0.24372971360968387,-0.5,-0.07993987303984695,-0.10000000000000142,-2.0880952380952387,2.3477144286622154,0,0.0,0.0,1.0,True,train
2025-03-19 05:00:00+00:00,43279099999,2025-03-18 06:00:00+00:00,23,32.0,33.0,32.0,32.9,0.9583333333333334,0.3826834323650899,-0.9238795325112867,0.969843196967294,0.24372971360968387,-0.5,-0.0735482336964884,-0.8999999999999986,-3.888095238095236,2.3477144286622154,0,0.0,0.0,1.0,True,train
2025-03-19 06:00:00+00:00,43279099999,2025-03-18 06:00:00+00:00,24,33.0,33.0,33.0,33.7,1.0,0.130526192220052,-0.9914448613738104,0.969843196967294,0.24372971360968387,-0.5,-0.06766764161830635,-0.7000000000000028,-4.68809523809524,2.3477144286622154,0,0.0,0.0,1.0,True,train
2025-03-19 07:00:00+00:00,43279099999,2025-03-18 06:00:00+00:00,25,33.0,33.0,33.0,33.9,1.0416666666666667,-0.13052619222005177,-0.9914448613738104,0.969843196967294,0.24372971360968387,-0.5,-0.06225723572206148,-0.8999999999999986,-4.888095238095236,2.3477144286622154,0,0.0,0.0,1.0,True,train
2025-03-19 08:00:00+00:00,43279099999,2025-03-18 06:00:00+00:00,26,33.0,33.0,33.0,33.8,1.0833333333333333,-0.38268343236508967,-0.9238795325112868,0.969843196967294,0.24372971360968387,-0.5,-0.057279421996343866,-0.7999999999999972,-4.788095238095234,2.3477144286622154,0,0.0,0.0,1.0,True,train
2025-03-19 09:00:00+00:00,43279099999,2025-03-18 06:00:00+00:00,27,33.0,33.0,33.0,33.0,1.125,-0.6087614290087207,-0.7933533402912352,0.969843196967294,0.24372971360968387,-0.5,-0.052699612280932166,0.0,-3.9880952380952372,2.3477144286622154,0,0.0,0.0,1.0,True,train
2025-03-19 10:00:00+00:00,43279099999,2025-03-18 06:00:00+00:00,28,32.0,33.0,33.0,32.4,1.1666666666666667,-0.7933533402912349,-0.6087614290087209,0.969843196967294,0.24372971360968387,-0.5,-0.04848598393220253,0.6000000000000014,-3.388095238095236,2.3477144286622154,0,0.0,0.0,1.0,True,train
2025-03-19 11:00:00+00:00,43279099999,2025-03-18 06:00:00+00:00,29,32.0,33.0,32.0,31.5,1.2083333333333333,-0.9238795325112868,-0.3826834323650895,0.969843196967294,0.24372971360968387,-0.5,-0.044609258704630055,0.5,-2.4880952380952372,2.3477144286622154,0,0.0,0.0,1.0,True,train
2025-03-19 12:00:00+00:00,43279099999,2025-03-18 06:00:00+00:00,30,31.0,33.0,31.0,30.2,1.25,-0.9914448613738104,-0.13052619222005163,0.969843196967294,0.24372971360968387,-0.5,-0.0410424993119494,0.8000000000000007,-1.1880952380952365,2.3477144286622154,0,0.0,0.0,1.0,True,train
2025-03-19 13:00:00+00:00,43279099999,2025-03-18 06:00:00+00:00,31,30.0,33.0,30.0,29.0,1.2916666666666667,-0.9914448613738105,0.13052619222005127,0.969843196967294,0.24372971360968387,-0.5,-0.03776092225438688,1.0,0.01190476190476275,2.3477144286622154,0,0.0,0.0,1.0,True,train
2025-03-19 14:00:00+00:00,43279099999,2025-03-18 06:00:00+00:00,32,30.0,33.0,30.0,28.6,1.3333333333333333,-0.923879532511287,0.38268343236508917,0.969843196967294,0.24372971360968387,-0.5,-0.03474172561140077,1.3999999999999986,0.41190476190476133,2.3477144286622154,0,0.0,0.0,1.0,True,train
2025-03-19 15:00:00+00:00,43279099999,2025-03-18 06:00:00+00:00,33,30.0,33.0,29.0,28.3,1.375,-0.7933533402912357,0.6087614290087199,0.969843196967294,0.24372971360968387,-0.5,-0.031963930603353785,0.6999999999999993,0.711904761904762,2.3477144286622154,0,0.0,0.0,1.0,True,train
2025-03-19 16:00:00+00:00,43279099999,2025-03-18 06:00:00+00:00,34,30.0,33.0,29.0,28.0,1.4166666666666667,-0.6087614290087209,0.7933533402912349,0.969843196967294,0.24372971360968387,-0.5,-0.02940823582121494,1.0,1.0119047619047628,2.3477144286622154,0,0.0,0.0,1.0,True,train
2025-03-19 17:00:00+00:00,43279099999,2025-03-18 06:00:00+00:00,35,29.0,33.0,29.0,27.6,1.4583333333333333,-0.38268343236508956,0.9238795325112868,0.969843196967294,0.24372971360968387,-0.5,-0.027056883111410805,1.3999999999999986,1.4119047619047613,2.3477144286622154,0,0.0,0.0,1.0,True,train
2025-03-19 18:00:00+00:00,43279099999,2025-03-18 06:00:00+00:00,36,29.0,33.0,29.0,27.2,1.5,-0.13052619222005168,0.9914448613738104,0.969843196967294,0.24372971360968387,-0.5,-0.024893534183931972,1.8000000000000007,1.8119047619047635,2.3477144286622154,0,0.0,0.0,1.0,True,train
2025-03-19 19:00:00+00:00,43279099999,2025-03-18 06:00:00+00:00,37,29.0,33.0,29.0,26.8,1.5416666666666667,0.13052619222005157,0.9914448613738104,0.9738922359149924,0.22701082094141847,-0.5,-0.022903157086310737,2.1999999999999993,2.211904761904762,2.3477144286622154,0,0.0,0.0,1.0,True,train
2025-03-19 20:00:00+00:00,43279099999,2025-03-18 06:00:00+00:00,38,29.0,33.0,28.0,26.5,1.5833333333333333,0.3826834323650898,0.9238795325112867,0.9738922359149924,0.22701082094141847,-0.5,-0.021071921754638203,1.5,2.5119047619047628,2.3477144286622154,0,0.0,0.0,1.0,True,train
2025-03-19 21:00:00+00:00,43279099999,2025-03-18 06:00:00+00:00,39,28.0,33.0,28.0,26.2,1.625,0.6087614290087207,0.7933533402912352,0.9738922359149924,0.22701082094141847,-0.5,-0.019387103915861004,1.8000000000000007,2.8119047619047635,2.3477144286622154,0,0.0,0.0,1.0,True,train
2025-03-19 22:00:00+00:00,43279099999,2025-03-18 06:00:00+00:00,40,28.0,33.0,28.0,25.8,1.6666666666666667,0.7933533402912352,0.6087614290087207,0.9738922359149924,0.22701082094141847,-0.5,-0.017836996673626197,2.1999999999999993,3.211904761904762,2.3477144286622154,0,0.0,0.0,1.0,True,train
2025-03-19 23:00:00+00:00,43279099999,2025-03-18 06:00:00+00:00,41,27.0,33.0,27.0,25.3,1.7083333333333333,0.9238795325112867,0.38268343236508984,0.9738922359149924,0.22701082094141847,-0.5,-0.016410829163331603,1.6999999999999993,3.711904761904762,2.3477144286622154,0,0.0,0.0,1.0,True,train
2025-03-20 00:00:00+00:00,43279099999,2025-03-18 06:00:00+00:00,42,27.0,33.0,27.0,25.1,1.75,0.9914448613738104,0.1305261922200517,0.9738922359149924,0.22701082094141847,-0.5,-0.01509869171115925,1.8999999999999986,3.9119047619047613,2.3477144286622154,0,0.0,0.0,1.0,True,train
2025-03-20 01:00:00+00:00,43279099999,2025-03-18 06:00:00+00:00,43,27.0,33.0,27.0,24.9,1.7916666666666667,0.9914448613738104,-0.1305261922200516,0.9738922359149924,0.22701082094141847,-0.5,-0.013891466977062126,2.1000000000000014,4.111904761904764,2.3477144286622154,0,0.0,0.0,1.0,True,train
2025-03-20 02:00:00+00:00,43279099999,2025-03-18 06:00:00+00:00,44,28.0,33.0,28.0,26.6,1.8333333333333333,0.9238795325112868,-0.3826834323650895,0.9738922359149924,0.22701082094141847,-0.5,-0.012780766603253701,1.3999999999999986,2.4119047619047613,2.3477144286622154,0,0.0,0.0,1.0,True,train
2025-03-20 03:00:00+00:00,43279099999,2025-03-18 06:00:00+00:00,45,30.0,33.0,30.0,29.1,1.875,0.7933533402912352,-0.6087614290087207,0.9738922359149924,0.22701082094141847,-0.5,-0.011758872928004553,0.8999999999999986,-0.08809523809523867,2.3477144286622154,0,0.0,0.0,1.0,True,train
2025-03-20 04:00:00+00:00,43279099999,2025-03-18 06:00:00+00:00,46,31.0,33.0,31.0,31.2,1.9166666666666667,0.6087614290087209,-0.793353340291235,0.9738922359149924,0.22701082094141847,-0.5,-0.010818685359746545,-0.1999999999999993,-2.1880952380952365,2.3477144286622154,0,0.0,0.0,1.0,True,train
2025-03-20 05:00:00+00:00,43279099999,2025-03-18 06:00:00+00:00,47,32.0,33.0,32.0,33.1,1.9583333333333333,0.3826834323650899,-0.9238795325112867,0.9738922359149924,0.22701082094141847,-0.5,-0.009953671038866843,-1.1000000000000014,-4.088095238095239,2.3477144286622154,0,0.0,0.0,1.0,True,train
2025-03-20 06:00:00+00:00,43279099999,2025-03-18 06:00:00+00:00,48,33.0,33.0,33.0,33.8,2.0,0.130526192220052,-0.9914448613738104,0.9738922359149924,0.22701082094141847,-0.5,-0.00915781944436709,-0.7999999999999972,-4.788095238095234,2.3477144286622154,0,0.0,0.0,1.0,True,train
2025-03-20 07:00:00+00:00,42410099999,2025-03-20 06:00:00+00:00,1,30.0,29.0,31.0,28.9,0.041666666666666664,-0.13052619222005177,-0.9914448613738104,0.9738922359149924,0.22701082094141847,1.0,0.9200444146293233,2.1000000000000014,-4.584523809523809,4.648527520255845,0,1.0,0.0,0.0,True,train
2025-03-20 08:00:00+00:00,42410099999,2025-03-20 06:00:00+00:00,2,30.0,29.0,31.0,29.3,0.08333333333333333,-0.38268343236508967,-0.9238795325112868,0.9738922359149924,0.22701082094141847,1.0,0.8464817248906141,1.6999999999999993,-4.984523809523811,4.648527520255845,0,1.0,0.0,0.0,True,train
2025-03-20 09:00:00+00:00,42410099999,2025-03-20 06:00:00+00:00,3,30.0,29.0,31.0,29.2,0.125,-0.6087614290087207,-0.7933533402912352,0.9738922359149924,0.22701082094141847,1.0,0.7788007830714049,1.8000000000000007,-4.8845238095238095,4.648527520255845,0,1.0,0.0,0.0,True,train
2025-03-20 10:00:00+00:00,42410099999,2025-03-20 06:00:00+00:00,4,30.0,29.0,31.0,28.6,0.16666666666666666,-0.7933533402912349,-0.6087614290087209,0.9738922359149924,0.22701082094141847,1.0,0.7165313105737893,2.3999999999999986,-4.284523809523812,4.648527520255845,0,1.0,0.0,0.0,True,train
2025-03-20 11:00:00+00:00,42410099999,2025-03-20 06:00:00+00:00,5,29.0,29.0,31.0,26.7,0.20833333333333334,-0.9238795325112868,-0.3826834323650895,0.9738922359149924,0.22701082094141847,1.0,0.6592406302004438,4.300000000000001,-2.3845238095238095,4.648527520255845,0,1.0,0.0,0.0,True,train
2025-03-20 12:00:00+00:00,42410099999,2025-03-20 06:00:00+00:00,6,28.0,29.0,29.0,25.1,0.25,-0.9914448613738104,-0.13052619222005163,0.9738922359149924,0.22701082094141847,1.0,0.6065306597126334,3.8999999999999986,-0.7845238095238116,4.648527520255845,0,1.0,0.0,0.0,True,train
2025-03-20 13:00:00+00:00,42410099999,2025-03-20 06:00:00+00:00,7,27.0,29.0,25.0,24.7,0.2916666666666667,-0.9914448613738105,0.13052619222005127,0.9738922359149924,0.22701082094141847,1.0,0.5580351457700471,0.3000000000000007,-0.3845238095238095,4.648527520255845,0,1.0,0.0,0.0,True,train
2025-03-20 14:00:00+00:00,42410099999,2025-03-20 06:00:00+00:00,8,24.0,29.0,23.0,24.2,0.3333333333333333,-0.923879532511287,0.38268343236508917,0.9738922359149924,0.22701082094141847,1.0,0.513417119032592,-1.1999999999999993,0.11547619047619051,4.648527520255845,0,1.0,0.0,0.0,True,train
2025-03-20 15:00:00+00:00,42410099999,2025-03-20 06:00:00+00:00,9,24.0,29.0,23.0,23.7,0.375,-0.7933533402912357,0.6087614290087199,0.9738922359149924,0.22701082094141847,1.0,0.4723665527410147,-0.6999999999999993,0.6154761904761905,4.648527520255845,0,1.0,0.0,0.0,True,train
2025-03-20 16:00:00+00:00,42410099999,2025-03-20 06:00:00+00:00,10,24.0,29.0,22.0,23.0,0.4166666666666667,-0.6087614290087209,0.7933533402912349,0.9738922359149924,0.22701082094141847,1.0,0.4345982085070782,-1.0,1.3154761904761898,4.648527520255845,0,1.0,0.0,0.0,True,train
2025-03-20 17:00:00+00:00,42410099999,2025-03-20 06:00:00+00:00,11,23.0,29.0,21.0,22.1,0.4583333333333333,-0.38268343236508956,0.9238795325112868,0.9738922359149924,0.22701082094141847,1.0,0.39984965434484737,-1.1000000000000014,2.2154761904761884,4.648527520255845,0,1.0,0.0,0.0,True,train
2025-03-20 18:00:00+00:00,42410099999,2025-03-20 06:00:00+00:00,12,22.0,29.0,20.0,21.5,0.5,-0.13052619222005168,0.9914448613738104,0.9738922359149924,0.22701082094141847,1.0,0.36787944117144233,-1.5,2.81547619047619,4.648527520255845,0,1.0,0.0,0.0,True,train
2025-03-20 19:00:00+00:00,42410099999,2025-03-20 06:00:00+00:00,13,20.0,29.0,20.0,20.8,0.5416666666666666,0.13052619222005157,0.9914448613738104,0.9776530844816641,0.2102247521189836,1.0,0.3384654251067422,-0.8000000000000007,3.515476190476189,4.648527520255845,0,1.0,0.0,0.0,True,train
2025-03-20 20:00:00+00:00,42410099999,2025-03-20 06:00:00+00:00,14,19.0,29.0,18.0,20.8,0.5833333333333334,0.3826834323650898,0.9238795325112867,0.9776530844816641,0.2102247521189836,1.0,0.3114032239145977,-2.8000000000000007,3.515476190476189,4.648527520255845,0,1.0,0.0,0.0,True,train
2025-03-20 21:00:00+00:00,42410099999,2025-03-20 06:00:00+00:00,15,19.0,29.0,18.0,20.5,0.625,0.6087614290087207,0.7933533402912352,0.9776530844816641,0.2102247521189836,1.0,0.2865047968601901,-2.5,3.81547619047619,4.648527520255845,0,1.0,0.0,0.0,True,train
2025-03-20 22:00:00+00:00,42410099999,2025-03-20 06:00:00+00:00,16,19.0,29.0,18.0,19.5,0.6666666666666666,0.7933533402912352,0.6087614290087207,0.9776530844816641,0.2102247521189836,1.0,0.26359713811572677,-1.5,4.81547619047619,4.648527520255845,0,1.0,0.0,0.0,True,train
2025-03-20 23:00:00+00:00,42410099999,2025-03-20 06:00:00+00:00,17,19.0,29.0,17.0,19.1,0.7083333333333334,0.9238795325112867,0.38268343236508984,0.9776530844816641,0.2102247521189836,1.0,0.24252107463564868,-2.1000000000000014,5.215476190476188,4.648527520255845,0,1.0,0.0,0.0,True,train
2025-03-21 00:00:00+00:00,42410099999,2025-03-20 06:00:00+00:00,18,19.0,29.0,16.0,18.9,0.75,0.9914448613738104,0.1305261922200517,0.9776530844816641,0.2102247521189836,1.0,0.22313016014842982,-2.8999999999999986,5.415476190476191,4.648527520255845,0,1.0,0.0,0.0,True,train
2025-03-21 01:00:00+00:00,42410099999,2025-03-20 06:00:00+00:00,19,19.0,29.0,17.0,19.6,0.7916666666666666,0.9914448613738104,-0.1305261922200516,0.9776530844816641,0.2102247521189836,1.0,0.20528965757990927,-2.6000000000000014,4.715476190476188,4.648527520255845,0,1.0,0.0,0.0,True,train
2025-03-21 02:00:00+00:00,42410099999,2025-03-20 06:00:00+00:00,20,21.0,29.0,20.0,21.1,0.8333333333333334,0.9238795325112868,-0.3826834323650895,0.9776530844816641,0.2102247521189836,1.0,0.18887560283756183,-1.1000000000000014,3.2154761904761884,4.648527520255845,0,1.0,0.0,0.0,True,train
2025-03-21 03:00:00+00:00,42410099999,2025-03-20 06:00:00+00:00,21,23.0,29.0,23.0,22.4,0.875,0.7933533402912352,-0.6087614290087207,0.9776530844816641,0.2102247521189836,1.0,0.17377394345044514,0.6000000000000014,1.9154761904761912,4.648527520255845,0,1.0,0.0,0.0,True,train
2025-03-21 04:00:00+00:00,42410099999,2025-03-20 06:00:00+00:00,22,24.0,29.0,26.0,23.9,0.9166666666666666,0.6087614290087209,-0.793353340291235,0.9776530844816641,0.2102247521189836,1.0,0.1598797460796939,2.1000000000000014,0.4154761904761912,4.648527520255845,0,1.0,0.0,0.0,True,train
2025-03-21 05:00:00+00:00,42410099999,2025-03-20 06:00:00+00:00,23,26.0,29.0,28.0,25.5,0.9583333333333334,0.3826834323650899,-0.9238795325112867,0.9776530844816641,0.2102247521189836,1.0,0.1470964673929768,2.5,-1.1845238095238102,4.648527520255845,0,1.0,0.0,0.0,True,train
2025-03-21 06:00:00+00:00,42410099999,2025-03-20 06:00:00+00:00,24,27.0,29.0,29.0,26.7,1.0,0.130526192220052,-0.9914448613738104,0.9776530844816641,0.2102247521189836,1.0,0.1353352832366127,2.3000000000000007,-2.3845238095238095,4.648527520255845,0,1.0,0.0,0.0,True,train
2025-03-21 07:00:00+00:00,42410099999,2025-03-20 06:00:00+00:00,25,28.0,29.0,31.0,27.7,1.0416666666666667,-0.13052619222005177,-0.9914448613738104,0.9776530844816641,0.2102247521189836,1.0,0.12451447144412296,3.3000000000000007,-3.3845238095238095,4.648527520255845,0,1.0,0.0,0.0,True,train
2025-03-21 08:00:00+00:00,42410099999,2025-03-20 06:00:00+00:00,26,29.0,29.0,31.0,28.3,1.0833333333333333,-0.38268343236508967,-0.9238795325112868,0.9776530844816641,0.2102247521189836,1.0,0.11455884399268773,2.6999999999999993,-3.984523809523811,4.648527520255845,0,1.0,0.0,0.0,True,train
2025-03-21 09:00:00+00:00,42410099999,2025-03-20 06:00:00+00:00,27,28.0,29.0,31.0,28.2,1.125,-0.6087614290087207,-0.7933533402912352,0.9776530844816641,0.2102247521189836,1.0,0.10539922456186433,2.8000000000000007,-3.8845238095238095,4.648527520255845,0,1.0,0.0,0.0,True,train
2025-03-21 10:00:00+00:00,42410099999,2025-03-20 06:00:00+00:00,28,28.0,29.0,31.0,28.0,1.1666666666666667,-0.7933533402912349,-0.6087614290087209,0.9776530844816641,0.2102247521189836,1.0,0.09697196786440505,3.0,-3.68452380952381,4.648527520255845,0,1.0,0.0,0.0,True,train
2025-03-21 11:00:00+00:00,42410099999,2025-03-20 06:00:00+00:00,29,27.0,29.0,31.0,27.2,1.2083333333333333,-0.9238795325112868,-0.3826834323650895,0.9776530844816641,0.2102247521189836,1.0,0.08921851740926011,3.8000000000000007,-2.8845238095238095,4.648527520255845,0,1.0,0.0,0.0,True,train
2025-03-21 12:00:00+00:00,42410099999,2025-03-20 06:00:00+00:00,30,27.0,29.0,29.0,24.8,1.25,-0.9914448613738104,-0.13052619222005163,0.9776530844816641,0.2102247521189836,1.0,0.0820849986238988,4.199999999999999,-0.4845238095238109,4.648527520255845,0,1.0,0.0,0.0,True,train
2025-03-21 13:00:00+00:00,42410099999,2025-03-20 06:00:00+00:00,31,25.0,29.0,25.0,23.8,1.2916666666666667,-0.9914448613738105,0.13052619222005127,0.9776530844816641,0.2102247521189836,1.0,0.07552184450877376,1.1999999999999993,0.5154761904761891,4.648527520255845,0,1.0,0.0,0.0,True,train
2025-03-21 14:00:00+00:00,42410099999,2025-03-20 06:00:00+00:00,32,24.0,29.0,23.0,23.6,1.3333333333333333,-0.923879532511287,0.38268343236508917,0.9776530844816641,0.2102247521189836,1.0,0.06948345122280154,-0.6000000000000014,0.7154761904761884,4.648527520255845,0,1.0,0.0,0.0,True,train
2025-03-21 15:00:00+00:00,42410099999,2025-03-20 06:00:00+00:00,33,23.0,29.0,23.0,23.8,1.375,-0.7933533402912357,0.6087614290087199,0.9776530844816641,0.2102247521189836,1.0,0.06392786120670757,-0.8000000000000007,0.5154761904761891,4.648527520255845,0,1.0,0.0,0.0,True,train
2025-03-21 16:00:00+00:00,42410099999,2025-03-20 06:00:00+00:00,34,23.0,29.0,22.0,23.2,1.4166666666666667,-0.6087614290087209,0.7933533402912349,0.9776530844816641,0.2102247521189836,1.0,0.05881647164242988,-1.1999999999999993,1.1154761904761905,4.648527520255845,0,1.0,0.0,0.0,True,train
2025-03-21 17:00:00+00:00,42410099999,2025-03-20 06:00:00+00:00,35,22.0,29.0,21.0,22.1,1.4583333333333333,-0.38268343236508956,0.9238795325112868,0.9776530844816641,0.2102247521189836,1.0,0.05411376622282161,-1.1000000000000014,2.2154761904761884,4.648527520255845,0,1.0,0.0,0.0,True,train
2025-03-21 18:00:00+00:00,42410099999,2025-03-20 06:00:00+00:00,36,22.0,29.0,20.0,20.8,1.5,-0.13052619222005168,0.9914448613738104,0.9776530844816641,0.2102247521189836,1.0,0.049787068367863944,-0.8000000000000007,3.515476190476189,4.648527520255845,0,1.0,0.0,0.0,True,train
2025-03-21 19:00:00+00:00,42410099999,2025-03-20 06:00:00+00:00,37,21.0,29.0,20.0,21.1,1.5416666666666667,0.13052619222005157,0.9914448613738104,0.981124629771712,0.19337647441020586,1.0,0.04580631417262147,-1.1000000000000014,3.2154761904761884,4.648527520255845,0,1.0,0.0,0.0,True,train
2025-03-21 20:00:00+00:00,42410099999,2025-03-20 06:00:00+00:00,38,21.0,29.0,18.0,20.6,1.5833333333333333,0.3826834323650898,0.9238795325112867,0.981124629771712,0.19337647441020586,1.0,0.042143843509276406,-2.6000000000000014,3.7154761904761884,4.648527520255845,0,1.0,0.0,0.0,True,train
2025-03-21 21:00:00+00:00,42410099999,2025-03-20 06:00:00+00:00,39,20.0,29.0,18.0,20.2,1.625,0.6087614290087207,0.7933533402912352,0.981124629771712,0.19337647441020586,1.0,0.03877420783172201,-2.1999999999999993,4.1154761904761905,4.648527520255845,0,1.0,0.0,0.0,True,train
2025-03-21 22:00:00+00:00,42410099999,2025-03-20 06:00:00+00:00,40,20.0,29.0,18.0,19.7,1.6666666666666667,0.7933533402912352,0.6087614290087207,0.981124629771712,0.19337647441020586,1.0,0.035673993347252395,-1.6999999999999993,4.6154761904761905,4.648527520255845,0,1.0,0.0,0.0,True,train
2025-03-21 23:00:00+00:00,42410099999,2025-03-20 06:00:00+00:00,41,20.0,29.0,17.0,19.6,1.7083333333333333,0.9238795325112867,0.38268343236508984,0.981124629771712,0.19337647441020586,1.0,0.03282165832666321,-2.6000000000000014,4.715476190476188,4.648527520255845,0,1.0,0.0,0.0,True,train
2025-03-22 00:00:00+00:00,42410099999,2025-03-20 06:00:00+00:00,42,19.0,29.0,16.0,19.4,1.75,0.9914448613738104,0.1305261922200517,0.981124629771712,0.19337647441020586,1.0,0.0301973834223185,-3.3999999999999986,4.915476190476191,4.648527520255845,0,1.0,0.0,0.0,True,train
2025-03-22 01:00:00+00:00,42410099999,2025-03-20 06:00:00+00:00,43,20.0,29.0,17.0,19.6,1.7916666666666667,0.9914448613738104,-0.1305261922200516,0.981124629771712,0.19337647441020586,1.0,0.02778293395412425,-2.6000000000000014,4.715476190476188,4.648527520255845,0,1.0,0.0,0.0,True,train
2025-03-22 02:00:00+00:00,42410099999,2025-03-20 06:00:00+00:00,44,22.0,29.0,20.0,20.4,1.8333333333333333,0.9238795325112868,-0.3826834323650895,0.981124629771712,0.19337647441020586,1.0,0.025561533206507402,-0.3999999999999986,3.915476190476191,4.648527520255845,0,1.0,0.0,0.0,True,train
2025-03-22 03:00:00+00:00,42410099999,2025-03-20 06:00:00+00:00,45,24.0,29.0,23.0,21.6,1.875,0.7933533402912352,-0.6087614290087207,0.981124629771712,0.19337647441020586,1.0,0.023517745856009107,1.3999999999999986,2.7154761904761884,4.648527520255845,0,1.0,0.0,0.0,True,train
2025-03-22 04:00:00+00:00,42410099999,2025-03-20 06:00:00+00:00,46,24.0,29.0,26.0,21.5,1.9166666666666667,0.6087614290087209,-0.793353340291235,0.981124629771712,0.19337647441020586,1.0,0.02163737071949309,4.5,2.81547619047619,4.648527520255845,0,1.0,0.0,0.0,True,train
2025-03-22 05:00:00+00:00,42410099999,2025-03-20 06:00:00+00:00,47,23.0,29.0,28.0,21.7,1.9583333333333333,0.3826834323650899,-0.9238795325112867,0.981124629771712,0.19337647441020586,1.0,0.019907342077733686,6.300000000000001,2.6154761904761905,4.648527520255845,0,1.0,0.0,0.0,True,train
2025-03-22 06:00:00+00:00,42410099999,2025-03-20 06:00:00+00:00,48,23.0,29.0,29.0,22.2,2.0,0.130526192220052,-0.9914448613738104,0.981124629771712,0.19337647441020586,1.0,0.01831563888873418,6.800000000000001,2.1154761904761905,4.648527520255845,0,1.0,0.0,0.0,True,train
2025-03-20 07:00:00+00:00,43279099999,2025-03-20 06:00:00+00:00,1,33.0,33.0,33.0,34.3,0.041666666666666664,-0.13052619222005177,-0.9914448613738104,0.9738922359149924,0.22701082094141847,-1.1000000000000014,-1.012048856092257,-1.2999999999999972,-4.698809523809523,2.2204136276839357,0,0.0,0.0,1.0,True,train
2025-03-20 08:00:00+00:00,43279099999,2025-03-20 06:00:00+00:00,2,33.0,33.0,33.0,34.0,0.08333333333333333,-0.38268343236508967,-0.9238795325112868,0.9738922359149924,0.22701082094141847,-1.1000000000000014,-0.9311298973796768,-1.0,-4.3988095238095255,2.2204136276839357,0,0.0,0.0,1.0,True,train
2025-03-20 09:00:00+00:00,43279099999,2025-03-20 06:00:00+00:00,3,33.0,33.0,33.0,33.4,0.125,-0.6087614290087207,-0.7933533402912352,0.9738922359149924,0.22701082094141847,-1.1000000000000014,-0.8566808613785465,-0.3999999999999986,-3.798809523809524,2.2204136276839357,0,0.0,0.0,1.0,True,train
2025-03-20 10:00:00+00:00,43279099999,2025-03-20 06:00:00+00:00,4,33.0,33.0,32.0,32.4,0.16666666666666666,-0.7933533402912349,-0.6087614290087209,0.9738922359149924,0.22701082094141847,-1.1000000000000014,-0.7881844416311692,-0.3999999999999986,-2.798809523809524,2.2204136276839357,0,0.0,0.0,1.0,True,train
2025-03-20 11:00:00+00:00,43279099999,2025-03-20 06:00:00+00:00,5,32.0,33.0,32.0,31.2,0.20833333333333334,-0.9238795325112868,-0.3826834323650895,0.9738922359149924,0.22701082094141847,-1.1000000000000014,-0.725164693220489,0.8000000000000007,-1.5988095238095248,2.2204136276839357,0,0.0,0.0,1.0,True,train
2025-03-20 12:00:00+00:00,43279099999,2025-03-20 06:00:00+00:00,6,31.0,33.0,31.0,30.2,0.25,-0.9914448613738104,-0.13052619222005163,0.9738922359149924,0.22701082094141847,-1.1000000000000014,-0.6671837256838976,0.8000000000000007,-0.5988095238095248,2.2204136276839357,0,0.0,0.0,1.0,True,train
2025-03-20 13:00:00+00:00,43279099999,2025-03-20 06:00:00+00:00,7,30.0,33.0,30.0,29.2,0.2916666666666667,-0.9914448613738105,0.13052619222005127,0.9738922359149924,0.22701082094141847,-1.1000000000000014,-0.6138386603470526,0.8000000000000007,0.4011904761904752,2.2204136276839357,0,0.0,0.0,1.0,True,train
2025-03-20 14:00:00+00:00,43279099999,2025-03-20 06:00:00+00:00,8,30.0,33.0,30.0,29.0,0.3333333333333333,-0.923879532511287,0.38268343236508917,0.9738922359149924,0.22701082094141847,-1.1000000000000014,-0.564758830935852,1.0,0.6011904761904745,2.2204136276839357,0,0.0,0.0,1.0,True,train
2025-03-20 15:00:00+00:00,43279099999,2025-03-20 06:00:00+00:00,9,30.0,33.0,30.0,28.8,0.375,-0.7933533402912357,0.6087614290087199,0.9738922359149924,0.22701082094141847,-1.1000000000000014,-0.5196032080151168,1.1999999999999993,0.8011904761904738,2.2204136276839357,0,0.0,0.0,1.0,True,train
2025-03-20 16:00:00+00:00,43279099999,2025-03-20 06:00:00+00:00,10,29.0,33.0,30.0,28.6,0.4166666666666667,-0.6087614290087209,0.7933533402912349,0.9738922359149924,0.22701082094141847,-1.1000000000000014,-0.47805802935778663,1.3999999999999986,1.001190476190473,2.2204136276839357,0,0.0,0.0,1.0,True,train
2025-03-20 17:00:00+00:00,43279099999,2025-03-20 06:00:00+00:00,11,29.0,33.0,29.0,28.4,0.4583333333333333,-0.38268343236508956,0.9238795325112868,0.9738922359149924,0.22701082094141847,-1.1000000000000014,-0.4398346197793327,0.6000000000000014,1.201190476190476,2.2204136276839357,0,0.0,0.0,1.0,True,train
2025-03-20 18:00:00+00:00,43279099999,2025-03-20 06:00:00+00:00,12,29.0,33.0,29.0,28.1,0.5,-0.13052619222005168,0.9914448613738104,0.9738922359149924,0.22701082094141847,-1.1000000000000014,-0.4046673852885871,0.8999999999999986,1.501190476190473,2.2204136276839357,0,0.0,0.0,1.0,True,train
2025-03-20 19:00:00+00:00,43279099999,2025-03-20 06:00:00+00:00,13,29.0,33.0,29.0,27.9,0.5416666666666666,0.13052619222005157,0.9914448613738104,0.9776530844816641,0.2102247521189836,-1.1000000000000014,-0.3723119676174169,1.1000000000000014,1.701190476190476,2.2204136276839357,0,0.0,0.0,1.0,True,train
2025-03-20 20:00:00+00:00,43279099999,2025-03-20 06:00:00+00:00,14,29.0,33.0,29.0,27.5,0.5833333333333334,0.3826834323650898,0.9238795325112867,0.9776530844816641,0.2102247521189836,-1.1000000000000014,-0.3425435463060579,1.5,2.1011904761904745,2.2204136276839357,0,0.0,0.0,1.0,True,train
2025-03-20 21:00:00+00:00,43279099999,2025-03-20 06:00:00+00:00,15,29.0,33.0,28.0,27.2,0.625,0.6087614290087207,0.7933533402912352,0.9776530844816641,0.2102247521189836,-1.1000000000000014,-0.3151552765462095,0.8000000000000007,2.401190476190475,2.2204136276839357,0,0.0,0.0,1.0,True,train
2025-03-20 22:00:00+00:00,43279099999,2025-03-20 06:00:00+00:00,16,29.0,33.0,28.0,26.9,0.6666666666666666,0.7933533402912352,0.6087614290087207,0.9776530844816641,0.2102247521189836,-1.1000000000000014,-0.2899568519272998,1.1000000000000014,2.701190476190476,2.2204136276839357,0,0.0,0.0,1.0,True,train
2025-03-20 23:00:00+00:00,43279099999,2025-03-20 06:00:00+00:00,17,29.0,33.0,27.0,26.6,0.7083333333333334,0.9238795325112867,0.38268343236508984,0.9776530844816641,0.2102247521189836,-1.1000000000000014,-0.2667731820992139,0.3999999999999986,3.001190476190473,2.2204136276839357,0,0.0,0.0,1.0,True,train
2025-03-21 00:00:00+00:00,43279099999,2025-03-20 06:00:00+00:00,18,29.0,33.0,27.0,26.6,0.75,0.9914448613738104,0.1305261922200517,0.9776530844816641,0.2102247521189836,-1.1000000000000014,-0.24544317616327313,0.3999999999999986,3.001190476190473,2.2204136276839357,0,0.0,0.0,1.0,True,train
2025-03-21 01:00:00+00:00,43279099999,2025-03-20 06:00:00+00:00,19,28.0,33.0,27.0,26.5,0.7916666666666666,0.9914448613738104,-0.1305261922200516,0.9776530844816641,0.2102247521189836,-1.1000000000000014,-0.22581862333790048,0.5,3.1011904761904745,2.2204136276839357,0,0.0,0.0,1.0,True,train
2025-03-21 02:00:00+00:00,43279099999,2025-03-20 06:00:00+00:00,20,29.0,33.0,28.0,28.4,0.8333333333333334,0.9238795325112868,-0.3826834323650895,0.9776530844816641,0.2102247521189836,-1.1000000000000014,-0.2077631631213183,-0.3999999999999986,1.201190476190476,2.2204136276839357,0,0.0,0.0,1.0,True,train
2025-03-21 03:00:00+00:00,43279099999,2025-03-20 06:00:00+00:00,21,31.0,33.0,30.0,30.1,0.875,0.7933533402912352,-0.6087614290087207,0.9776530844816641,0.2102247521189836,-1.1000000000000014,-0.1911513377954899,-0.10000000000000142,-0.4988095238095269,2.2204136276839357,0,0.0,0.0,1.0,True,train
2025-03-21 04:00:00+00:00,43279099999,2025-03-20 06:00:00+00:00,22,32.0,33.0,31.0,31.6,0.9166666666666666,0.6087614290087209,-0.793353340291235,0.9776530844816641,0.2102247521189836,-1.1000000000000014,-0.17586772068766351,-0.6000000000000014,-1.998809523809527,2.2204136276839357,0,0.0,0.0,1.0,True,train
2025-03-21 05:00:00+00:00,43279099999,2025-03-20 06:00:00+00:00,23,33.0,33.0,32.0,32.8,0.9583333333333334,0.3826834323650899,-0.9238795325112867,0.9776530844816641,0.2102247521189836,-1.1000000000000014,-0.1618061141322747,-0.7999999999999972,-3.1988095238095227,2.2204136276839357,0,0.0,0.0,1.0,True,train
2025-03-21 06:00:00+00:00,43279099999,2025-03-20 06:00:00+00:00,24,33.0,33.0,33.0,33.5,1.0,0.130526192220052,-0.9914448613738104,0.9776530844816641,0.2102247521189836,-1.1000000000000014,-0.14886881156027418,-0.5,-3.8988095238095255,2.2204136276839357,0,0.0,0.0,1.0,True,train
2025-03-21 07:00:00+00:00,43279099999,2025-03-20 06:00:00+00:00,25,33.0,33.0,33.0,33.8,1.0416666666666667,-0.13052619222005177,-0.9914448613738104,0.9776530844816641,0.2102247521189836,-1.1000000000000014,-0.13696591858853543,-0.7999999999999972,-4.198809523809523,2.2204136276839357,0,0.0,0.0,1.0,True,train
2025-03-21 08:00:00+00:00,43279099999,2025-03-20 06:00:00+00:00,26,33.0,33.0,33.0,33.7,1.0833333333333333,-0.38268343236508967,-0.9238795325112868,0.9776530844816641,0.2102247521189836,-1.1000000000000014,-0.12601472839195665,-0.7000000000000028,-4.098809523809528,2.2204136276839357,0,0.0,0.0,1.0,True,train
2025-03-21 09:00:00+00:00,43279099999,2025-03-20 06:00:00+00:00,27,33.0,33.0,33.0,33.2,1.125,-0.6087614290087207,-0.7933533402912352,0.9776530844816641,0.2102247521189836,-1.1000000000000014,-0.11593914701805091,-0.20000000000000284,-3.5988095238095283,2.2204136276839357,0,0.0,0.0,1.0,True,train
2025-03-21 10:00:00+00:00,43279099999,2025-03-20 06:00:00+00:00,28,33.0,33.0,32.0,32.3,1.1666666666666667,-0.7933533402912349,-0.6087614290087209,0.9776530844816641,0.2102247521189836,-1.1000000000000014,-0.1066691646508457,-0.29999999999999716,-2.6988095238095227,2.2204136276839357,0,0.0,0.0,1.0,True,train
2025-03-21 11:00:00+00:00,43279099999,2025-03-20 06:00:00+00:00,29,32.0,33.0,32.0,31.1,1.2083333333333333,-0.9238795325112868,-0.3826834323650895,0.9776530844816641,0.2102247521189836,-1.1000000000000014,-0.09814036915018624,0.8999999999999986,-1.498809523809527,2.2204136276839357,0,0.0,0.0,1.0,True,train
2025-03-21 12:00:00+00:00,43279099999,2025-03-20 06:00:00+00:00,30,31.0,33.0,31.0,29.9,1.25,-0.9914448613738104,-0.13052619222005163,0.9776530844816641,0.2102247521189836,-1.1000000000000014,-0.0902934984862888,1.1000000000000014,-0.2988095238095241,2.2204136276839357,0,0.0,0.0,1.0,True,train
2025-03-21 13:00:00+00:00,43279099999,2025-03-20 06:00:00+00:00,31,30.0,33.0,30.0,29.0,1.2916666666666667,-0.9914448613738105,0.13052619222005127,0.9776530844816641,0.2102247521189836,-1.1000000000000014,-0.08307402895965124,1.0,0.6011904761904745,2.2204136276839357,0,0.0,0.0,1.0,True,train
2025-03-21 14:00:00+00:00,43279099999,2025-03-20 06:00:00+00:00,32,30.0,33.0,30.0,28.7,1.3333333333333333,-0.923879532511287,0.38268343236508917,0.9776530844816641,0.2102247521189836,-1.1000000000000014,-0.07643179634508179,1.3000000000000007,0.9011904761904752,2.2204136276839357,0,0.0,0.0,1.0,True,train
2025-03-21 15:00:00+00:00,43279099999,2025-03-20 06:00:00+00:00,33,30.0,33.0,30.0,28.6,1.375,-0.7933533402912357,0.6087614290087199,0.9776530844816641,0.2102247521189836,-1.1000000000000014,-0.07032064732737842,1.3999999999999986,1.001190476190473,2.2204136276839357,0,0.0,0.0,1.0,True,train
2025-03-21 16:00:00+00:00,43279099999,2025-03-20 06:00:00+00:00,34,30.0,33.0,30.0,28.3,1.4166666666666667,-0.6087614290087209,0.7933533402912349,0.9776530844816641,0.2102247521189836,-1.1000000000000014,-0.06469811880667295,1.6999999999999993,1.3011904761904738,2.2204136276839357,0,0.0,0.0,1.0,True,train
2025-03-21 17:00:00+00:00,43279099999,2025-03-20 06:00:00+00:00,35,30.0,33.0,29.0,28.0,1.4583333333333333,-0.38268343236508956,0.9238795325112868,0.9776530844816641,0.2102247521189836,-1.1000000000000014,-0.059525142845103844,1.0,1.6011904761904745,2.2204136276839357,0,0.0,0.0,1.0,True,train
2025-03-21 18:00:00+00:00,43279099999,2025-03-20 06:00:00+00:00,36,29.0,33.0,29.0,27.8,1.5,-0.13052619222005168,0.9914448613738104,0.9776530844816641,0.2102247521189836,-1.1000000000000014,-0.05476577520465041,1.1999999999999993,1.8011904761904738,2.2204136276839357,0,0.0,0.0,1.0,True,train
2025-03-21 19:00:00+00:00,43279099999,2025-03-20 06:00:00+00:00,37,29.0,33.0,29.0,27.6,1.5416666666666667,0.13052619222005157,0.9914448613738104,0.981124629771712,0.19337647441020586,-1.1000000000000014,-0.050386945589883686,1.3999999999999986,2.001190476190473,2.2204136276839357,0,0.0,0.0,1.0,True,train
2025-03-21 20:00:00+00:00,43279099999,2025-03-20 06:00:00+00:00,38,29.0,33.0,29.0,27.5,1.5833333333333333,0.3826834323650898,0.9238795325112867,0.981124629771712,0.19337647441020586,-1.1000000000000014,-0.046358227860204104,1.5,2.1011904761904745,2.2204136276839357,0,0.0,0.0,1.0,True,train
2025-03-21 21:00:00+00:00,43279099999,2025-03-20 06:00:00+00:00,39,29.0,33.0,28.0,27.1,1.625,0.6087614290087207,0.7933533402912352,0.981124629771712,0.19337647441020586,-1.1000000000000014,-0.042651628614894264,0.8999999999999986,2.501190476190473,2.2204136276839357,0,0.0,0.0,1.0,True,train
2025-03-21 22:00:00+00:00,43279099999,2025-03-20 06:00:00+00:00,40,29.0,33.0,28.0,26.7,1.6666666666666667,0.7933533402912352,0.6087614290087207,0.981124629771712,0.19337647441020586,-1.1000000000000014,-0.03924139268197768,1.3000000000000007,2.901190476190475,2.2204136276839357,0,0.0,0.0,1.0,True,train
2025-03-21 23:00:00+00:00,43279099999,2025-03-20 06:00:00+00:00,41,28.0,33.0,27.0,26.3,1.7083333333333333,0.9238795325112867,0.38268343236508984,0.981124629771712,0.19337647441020586,-1.1000000000000014,-0.03610382415932958,0.6999999999999993,3.301190476190474,2.2204136276839357,0,0.0,0.0,1.0,True,train
2025-03-22 00:00:00+00:00,43279099999,2025-03-20 06:00:00+00:00,42,28.0,33.0,27.0,26.0,1.75,0.9914448613738104,0.1305261922200517,0.981124629771712,0.19337647441020586,-1.1000000000000014,-0.03321712176455039,1.0,3.6011904761904745,2.2204136276839357,0,0.0,0.0,1.0,True,train
2025-03-22 01:00:00+00:00,43279099999,2025-03-20 06:00:00+00:00,43,28.0,33.0,27.0,25.9,1.7916666666666667,0.9914448613738104,-0.1305261922200516,0.981124629771712,0.19337647441020586,-1.1000000000000014,-0.030561227349536715,1.1000000000000014,3.701190476190476,2.2204136276839357,0,0.0,0.0,1.0,True,train
2025-03-22 02:00:00+00:00,43279099999,2025-03-20 06:00:00+00:00,44,28.0,33.0,28.0,27.7,1.8333333333333333,0.9238795325112868,-0.3826834323650895,0.981124629771712,0.19337647441020586,-1.1000000000000014,-0.028117686527158178,0.3000000000000007,1.9011904761904752,2.2204136276839357,0,0.0,0.0,1.0,True,train
2025-03-22 03:00:00+00:00,43279099999,2025-03-20 06:00:00+00:00,45,30.0,33.0,30.0,29.8,1.875,0.7933533402912352,-0.6087614290087207,0.981124629771712,0.19337647441020586,-1.1000000000000014,-0.02586952044161005,0.1999999999999993,-0.1988095238095262,2.2204136276839357,0,0.0,0.0,1.0,True,train
2025-03-22 04:00:00+00:00,43279099999,2025-03-20 06:00:00+00:00,46,32.0,33.0,31.0,31.2,1.9166666666666667,0.6087614290087209,-0.793353340291235,0.981124629771712,0.19337647441020586,-1.1000000000000014,-0.02380110779144243,-0.1999999999999993,-1.5988095238095248,2.2204136276839357,0,0.0,0.0,1.0,True,train
2025-03-22 05:00:00+00:00,43279099999,2025-03-20 06:00:00+00:00,47,32.0,33.0,32.0,32.6,1.9583333333333333,0.3826834323650899,-0.9238795325112867,0.981124629771712,0.19337647441020586,-1.1000000000000014,-0.021898076285507082,-0.6000000000000014,-2.998809523809527,2.2204136276839357,0,0.0,0.0,1.0,True,train
2025-03-22 06:00:00+00:00,43279099999,2025-03-20 06:00:00+00:00,48,33.0,33.0,33.0,33.2,2.0,0.130526192220052,-0.9914448613738104,0.981124629771712,0.19337647441020586,-1.1000000000000014,-0.020147202777607624,-0.20000000000000284,-3.5988095238095283,2.2204136276839357,0,0.0,0.0,1.0,True,train
2025-03-22 07:00:00+00:00,42410099999,2025-03-22 06:00:00+00:00,1,23.0,23.0,28.0,22.5,0.041666666666666664,-0.13052619222005177,-0.9914448613738104,0.981124629771712,0.19337647441020586,2.1000000000000014,1.9320932707215803,5.5,2.541666666666668,4.555679561804284,0,1.0,0.0,0.0,True,train
2025-03-22 08:00:00+00:00,42410099999,2025-03-22 06:00:00+00:00,2,24.0,23.0,29.0,22.5,0.08333333333333333,-0.38268343236508967,-0.9238795325112868,0.981124629771712,0.19337647441020586,2.1000000000000014,1.777611622270291,6.5,2.541666666666668,4.555679561804284,0,1.0,0.0,0.0,True,train
2025-03-22 09:00:00+00:00,42410099999,2025-03-22 06:00:00+00:00,3,24.0,23.0,28.0,23.6,0.125,-0.6087614290087207,-0.7933533402912352,0.981124629771712,0.19337647441020586,2.1000000000000014,1.6354816444499514,4.399999999999999,1.4416666666666664,4.555679561804284,0,1.0,0.0,0.0,True,train
2025-03-22 10:00:00+00:00,42410099999,2025-03-22 06:00:00+00:00,4,24.0,23.0,28.0,23.9,0.16666666666666666,-0.7933533402912349,-0.6087614290087209,0.981124629771712,0.19337647441020586,2.1000000000000014,1.5047157522049586,4.100000000000001,1.1416666666666693,4.555679561804284,0,1.0,0.0,0.0,True,train
2025-03-22 11:00:00+00:00,42410099999,2025-03-22 06:00:00+00:00,5,24.0,23.0,27.0,23.1,0.20833333333333334,-0.9238795325112868,-0.3826834323650895,0.981124629771712,0.19337647441020586,2.1000000000000014,1.3844053234209328,3.8999999999999986,1.9416666666666664,4.555679561804284,0,1.0,0.0,0.0,True,train
2025-03-22 12:00:00+00:00,42410099999,2025-03-22 06:00:00+00:00,6,23.0,23.0,27.0,22.0,0.25,-0.9914448613738104,-0.13052619222005163,0.981124629771712,0.19337647441020586,2.1000000000000014,1.2737143853965311,5.0,3.041666666666668,4.555679561804284,0,1.0,0.0,0.0,True,train
2025-03-22 13:00:00+00:00,42410099999,2025-03-22 06:00:00+00:00,7,22.0,23.0,25.0,21.4,0.2916666666666667,-0.9914448613738105,0.13052619222005127,0.981124629771712,0.19337647441020586,2.1000000000000014,1.1718738061170997,3.6000000000000014,3.6416666666666693,4.555679561804284,0,1.0,0.0,0.0,True,train
2025-03-22 14:00:00+00:00,42410099999,2025-03-22 06:00:00+00:00,8,21.0,23.0,24.0,19.2,0.3333333333333333,-0.923879532511287,0.38268343236508917,0.981124629771712,0.19337647441020586,2.1000000000000014,1.078175949968444,4.800000000000001,5.841666666666669,4.555679561804284,0,1.0,0.0,0.0,True,train
2025-03-22 15:00:00+00:00,42410099999,2025-03-22 06:00:00+00:00,9,20.0,23.0,23.0,19.4,0.375,-0.7933533402912357,0.6087614290087199,0.981124629771712,0.19337647441020586,2.1000000000000014,0.9919697607561315,3.6000000000000014,5.641666666666669,4.555679561804284,0,1.0,0.0,0.0,True,train
2025-03-22 16:00:00+00:00,42410099999,2025-03-22 06:00:00+00:00,10,20.0,23.0,23.0,18.7,0.4166666666666667,-0.6087614290087209,0.7933533402912349,0.981124629771712,0.19337647441020586,2.1000000000000014,0.9126562378648648,4.300000000000001,6.341666666666669,4.555679561804284,0,1.0,0.0,0.0,True,train
2025-03-22 17:00:00+00:00,42410099999,2025-03-22 06:00:00+00:00,11,20.0,23.0,22.0,18.5,0.4583333333333333,-0.38268343236508956,0.9238795325112868,0.981124629771712,0.19337647441020586,2.1000000000000014,0.83968427412418,3.5,6.541666666666668,4.555679561804284,0,1.0,0.0,0.0,True,train
2025-03-22 18:00:00+00:00,42410099999,2025-03-22 06:00:00+00:00,12,19.0,23.0,22.0,17.8,0.5,-0.13052619222005168,0.9914448613738104,0.981124629771712,0.19337647441020586,2.1000000000000014,0.7725468264600295,4.199999999999999,7.241666666666667,4.555679561804284,0,1.0,0.0,0.0,True,train
2025-03-22 19:00:00+00:00,42410099999,2025-03-22 06:00:00+00:00,13,19.0,23.0,21.0,18.2,0.5416666666666666,0.13052619222005157,0.9914448613738104,0.984305844499033,0.17647097349152166,2.1000000000000014,0.7107773927241591,2.8000000000000007,6.841666666666669,4.555679561804284,0,1.0,0.0,0.0,True,train
2025-03-22 20:00:00+00:00,42410099999,2025-03-22 06:00:00+00:00,14,19.0,23.0,21.0,17.9,0.5833333333333334,0.3826834323650898,0.9238795325112867,0.984305844499033,0.17647097349152166,2.1000000000000014,0.6539467702206556,3.1000000000000014,7.141666666666669,4.555679561804284,0,1.0,0.0,0.0,True,train
2025-03-22 21:00:00+00:00,42410099999,2025-03-22 06:00:00+00:00,15,19.0,23.0,20.0,17.8,0.625,0.6087614290087207,0.7933533402912352,0.984305844499033,0.17647097349152166,2.1000000000000014,0.6016600734063996,2.1999999999999993,7.241666666666667,4.555679561804284,0,1.0,0.0,0.0,True,train
2025-03-22 22:00:00+00:00,42410099999,2025-03-22 06:00:00+00:00,16,18.0,23.0,20.0,17.9,0.6666666666666666,0.7933533402912352,0.6087614290087207,0.984305844499033,0.17647097349152166,2.1000000000000014,0.5535539900430266,2.1000000000000014,7.141666666666669,4.555679561804284,0,1.0,0.0,0.0,True,train
2025-03-22 23:00:00+00:00,42410099999,2025-03-22 06:00:00+00:00,17,18.0,23.0,20.0,18.0,0.7083333333333334,0.9238795325112867,0.38268343236508984,0.984305844499033,0.17647097349152166,2.1000000000000014,0.5092942567348626,2.0,7.041666666666668,4.555679561804284,0,1.0,0.0,0.0,True,train
2025-03-23 00:00:00+00:00,42410099999,2025-03-22 06:00:00+00:00,18,18.0,23.0,19.0,17.9,0.75,0.9914448613738104,0.1305261922200517,0.984305844499033,0.17647097349152166,2.1000000000000014,0.46857333631170295,1.1000000000000014,7.141666666666669,4.555679561804284,0,1.0,0.0,0.0,True,train
2025-03-23 01:00:00+00:00,42410099999,2025-03-22 06:00:00+00:00,19,19.0,23.0,20.0,18.5,0.7916666666666666,0.9914448613738104,-0.1305261922200516,0.984305844499033,0.17647097349152166,2.1000000000000014,0.4311082809178098,1.5,6.541666666666668,4.555679561804284,0,1.0,0.0,0.0,True,train
2025-03-23 02:00:00+00:00,42410099999,2025-03-22 06:00:00+00:00,20,21.0,23.0,22.0,19.6,0.8333333333333334,0.9238795325112868,-0.3826834323650895,0.984305844499033,0.17647097349152166,2.1000000000000014,0.3966387659588801,2.3999999999999986,5.441666666666666,4.555679561804284,0,1.0,0.0,0.0,True,train
2025-03-23 03:00:00+00:00,42410099999,2025-03-22 06:00:00+00:00,21,24.0,23.0,24.0,21.2,0.875,0.7933533402912352,-0.6087614290087207,0.984305844499033,0.17647097349152166,2.1000000000000014,0.36492528124593504,2.8000000000000007,3.8416666666666686,4.555679561804284,0,1.0,0.0,0.0,True,train
2025-03-23 04:00:00+00:00,42410099999,2025-03-22 06:00:00+00:00,22,25.0,23.0,24.0,23.1,0.9166666666666666,0.6087614290087209,-0.793353340291235,0.984305844499033,0.17647097349152166,2.1000000000000014,0.33574746676735745,0.8999999999999986,1.9416666666666664,4.555679561804284,0,1.0,0.0,0.0,True,train
2025-03-23 05:00:00+00:00,42410099999,2025-03-22 06:00:00+00:00,23,26.0,23.0,23.0,24.4,0.9583333333333334,0.3826834323650899,-0.9238795325112867,0.984305844499033,0.17647097349152166,2.1000000000000014,0.30890258152525146,-1.3999999999999986,0.6416666666666693,4.555679561804284,0,1.0,0.0,0.0,True,train
2025-03-23 06:00:00+00:00,42410099999,2025-03-22 06:00:00+00:00,24,28.0,23.0,23.0,26.1,1.0,0.130526192220052,-0.9914448613738104,0.984305844499033,0.17647097349152166,2.1000000000000014,0.28420409479688685,-3.1000000000000014,-1.0583333333333336,4.555679561804284,0,1.0,0.0,0.0,True,train
2025-03-23 07:00:00+00:00,42410099999,2025-03-22 06:00:00+00:00,25,28.0,23.0,28.0,26.9,1.0416666666666667,-0.13052619222005177,-0.9914448613738104,0.984305844499033,0.17647097349152166,2.1000000000000014,0.2614803900326584,1.1000000000000014,-1.8583333333333307,4.555679561804284,0,1.0,0.0,0.0,True,train
2025-03-23 08:00:00+00:00,42410099999,2025-03-22 06:00:00+00:00,26,29.0,23.0,29.0,26.7,1.0833333333333333,-0.38268343236508967,-0.9238795325112868,0.984305844499033,0.17647097349152166,2.1000000000000014,0.24057357238464439,2.3000000000000007,-1.6583333333333314,4.555679561804284,0,1.0,0.0,0.0,True,train
2025-03-23 09:00:00+00:00,42410099999,2025-03-22 06:00:00+00:00,27,29.0,23.0,28.0,26.7,1.125,-0.6087614290087207,-0.7933533402912352,0.984305844499033,0.17647097349152166,2.1000000000000014,0.22133837157991526,1.3000000000000007,-1.6583333333333314,4.555679561804284,0,1.0,0.0,0.0,True,train
2025-03-23 10:00:00+00:00,42410099999,2025-03-22 06:00:00+00:00,28,29.0,23.0,28.0,26.6,1.1666666666666667,-0.7933533402912349,-0.6087614290087209,0.984305844499033,0.17647097349152166,2.1000000000000014,0.20364113251525076,1.3999999999999986,-1.5583333333333336,4.555679561804284,0,1.0,0.0,0.0,True,train
2025-03-23 11:00:00+00:00,42410099999,2025-03-22 06:00:00+00:00,29,28.0,23.0,27.0,24.9,1.2083333333333333,-0.9238795325112868,-0.3826834323650895,0.984305844499033,0.17647097349152166,2.1000000000000014,0.18735888655944635,2.1000000000000014,0.14166666666666927,4.555679561804284,0,1.0,0.0,0.0,True,train
2025-03-23 12:00:00+00:00,42410099999,2025-03-22 06:00:00+00:00,30,28.0,23.0,27.0,22.0,1.25,-0.9914448613738104,-0.13052619222005163,0.984305844499033,0.17647097349152166,2.1000000000000014,0.1723784971101876,5.0,3.041666666666668,4.555679561804284,0,1.0,0.0,0.0,True,train
2025-03-23 13:00:00+00:00,42410099999,2025-03-22 06:00:00+00:00,31,25.0,23.0,25.0,20.7,1.2916666666666667,-0.9914448613738105,0.13052619222005127,0.984305844499033,0.17647097349152166,2.1000000000000014,0.15859587346842502,4.300000000000001,4.341666666666669,4.555679561804284,0,1.0,0.0,0.0,True,train
2025-03-23 14:00:00+00:00,42410099999,2025-03-22 06:00:00+00:00,32,24.0,23.0,24.0,19.7,1.3333333333333333,-0.923879532511287,0.38268343236508917,0.984305844499033,0.17647097349152166,2.1000000000000014,0.14591524756788335,4.300000000000001,5.341666666666669,4.555679561804284,0,1.0,0.0,0.0,True,train
2025-03-23 15:00:00+00:00,42410099999,2025-03-22 06:00:00+00:00,33,23.0,23.0,23.0,19.3,1.375,-0.7933533402912357,0.6087614290087199,0.984305844499033,0.17647097349152166,2.1000000000000014,0.134248508534086,3.6999999999999993,5.741666666666667,4.555679561804284,0,1.0,0.0,0.0,True,train
2025-03-23 16:00:00+00:00,42410099999,2025-03-22 06:00:00+00:00,34,22.0,23.0,23.0,18.8,1.4166666666666667,-0.6087614290087209,0.7933533402912349,0.984305844499033,0.17647097349152166,2.1000000000000014,0.12351459044910283,4.199999999999999,6.241666666666667,4.555679561804284,0,1.0,0.0,0.0,True,train
2025-03-23 17:00:00+00:00,42410099999,2025-03-22 06:00:00+00:00,35,20.0,23.0,22.0,19.1,1.4583333333333333,-0.38268343236508956,0.9238795325112868,0.984305844499033,0.17647097349152166,2.1000000000000014,0.11363890906792545,2.8999999999999986,5.941666666666666,4.555679561804284,0,1.0,0.0,0.0,True,train
2025-03-23 18:00:00+00:00,42410099999,2025-03-22 06:00:00+00:00,36,21.0,23.0,22.0,18.4,1.5,-0.13052619222005168,0.9914448613738104,0.984305844499033,0.17647097349152166,2.1000000000000014,0.10455284357251435,3.6000000000000014,6.641666666666669,4.555679561804284,0,1.0,0.0,0.0,True,train
2025-03-23 19:00:00+00:00,42410099999,2025-03-22 06:00:00+00:00,37,20.0,23.0,21.0,17.9,1.5416666666666667,0.13052619222005157,0.9914448613738104,0.9871957872910085,0.15951325197263655,2.1000000000000014,0.09619325976250516,3.1000000000000014,7.141666666666669,4.555679561804284,0,1.0,0.0,0.0,True,train
2025-03-23 20:00:00+00:00,42410099999,2025-03-22 06:00:00+00:00,38,18.0,23.0,21.0,17.6,1.5833333333333333,0.3826834323650898,0.9238795325112867,0.9871957872910085,0.15951325197263655,2.1000000000000014,0.08850207136948052,3.3999999999999986,7.441666666666666,4.555679561804284,0,1.0,0.0,0.0,True,train
2025-03-23 21:00:00+00:00,42410099999,2025-03-22 06:00:00+00:00,39,18.0,23.0,20.0,17.5,1.625,0.6087614290087207,0.7933533402912352,0.9871957872910085,0.15951325197263655,2.1000000000000014,0.08142583644661627,2.5,7.541666666666668,4.555679561804284,0,1.0,0.0,0.0,True,train
2025-03-23 22:00:00+00:00,42410099999,2025-03-22 06:00:00+00:00,40,17.0,23.0,20.0,17.4,1.6666666666666667,0.7933533402912352,0.6087614290087207,0.9871957872910085,0.15951325197263655,2.1000000000000014,0.07491538602923008,2.6000000000000014,7.641666666666669,4.555679561804284,0,1.0,0.0,0.0,True,train
2025-03-23 23:00:00+00:00,42410099999,2025-03-22 06:00:00+00:00,41,17.0,23.0,20.0,16.9,1.7083333333333333,0.9238795325112867,0.38268343236508984,0.9871957872910085,0.15951325197263655,2.1000000000000014,0.06892548248599278,3.1000000000000014,8.14166666666667,4.555679561804284,0,1.0,0.0,0.0,True,train
2025-03-24 00:00:00+00:00,42410099999,2025-03-22 06:00:00+00:00,42,,23.0,19.0,16.7,1.75,0.9914448613738104,0.1305261922200517,0.9871957872910085,0.15951325197263655,2.1000000000000014,0.06341450518686889,2.3000000000000007,8.341666666666669,4.555679561804284,0,1.0,0.0,0.0,False,train
2025-03-24 01:00:00+00:00,42410099999,2025-03-22 06:00:00+00:00,43,18.0,23.0,20.0,17.9,1.7916666666666667,0.9914448613738104,-0.1305261922200516,0.9871957872910085,0.15951325197263655,2.1000000000000014,0.05834416130366097,2.1000000000000014,7.141666666666669,4.555679561804284,0,1.0,0.0,0.0,True,train
2025-03-24 02:00:00+00:00,42410099999,2025-03-22 06:00:00+00:00,44,21.0,23.0,22.0,19.4,1.8333333333333333,0.9238795325112868,-0.3826834323650895,0.9871957872910085,0.15951325197263655,2.1000000000000014,0.05367921973366558,2.6000000000000014,5.641666666666669,4.555679561804284,0,1.0,0.0,0.0,True,train
2025-03-24 03:00:00+00:00,42410099999,2025-03-22 06:00:00+00:00,45,25.0,23.0,24.0,21.2,1.875,0.7933533402912352,-0.6087614290087207,0.9871957872910085,0.15951325197263655,2.1000000000000014,0.04938726629761916,2.8000000000000007,3.8416666666666686,4.555679561804284,0,1.0,0.0,0.0,True,train
2025-03-24 04:00:00+00:00,42410099999,2025-03-22 06:00:00+00:00,46,26.0,23.0,24.0,23.2,1.9166666666666667,0.6087614290087209,-0.793353340291235,0.9871957872910085,0.15951325197263655,2.1000000000000014,0.04543847851093552,0.8000000000000007,1.8416666666666686,4.555679561804284,0,1.0,0.0,0.0,True,train
2025-03-24 05:00:00+00:00,42410099999,2025-03-22 06:00:00+00:00,47,28.0,23.0,23.0,24.9,1.9583333333333333,0.3826834323650899,-0.9238795325112867,0.9871957872910085,0.15951325197263655,2.1000000000000014,0.04180541836324077,-1.8999999999999986,0.14166666666666927,4.555679561804284,0,1.0,0.0,0.0,True,train
2025-03-24 06:00:00+00:00,42410099999,2025-03-22 06:00:00+00:00,48,29.0,23.0,23.0,26.2,2.0,0.130526192220052,-0.9914448613738104,0.9871957872910085,0.15951325197263655,2.1000000000000014,0.0384628416663418,-3.1999999999999993,-1.1583333333333314,4.555679561804284,0,1.0,0.0,0.0,True,train
2025-03-22 07:00:00+00:00,43128599999,2025-03-22 06:00:00+00:00,1,32.0,31.0,32.0,33.1,0.041666666666666664,-0.13052619222005177,-0.9914448613738104,0.981124629771712,0.19337647441020586,-1.1000000000000014,-1.012048856092257,-1.1000000000000014,-4.600000000000001,5.140872632984737,0,0.0,1.0,0.0,True,train
2025-03-22 08:00:00+00:00,43128599999,2025-03-22 06:00:00+00:00,2,33.0,31.0,34.0,33.7,0.08333333333333333,-0.38268343236508967,-0.9238795325112868,0.981124629771712,0.19337647441020586,-1.1000000000000014,-0.9311298973796768,0.29999999999999716,-5.200000000000003,5.140872632984737,0,0.0,1.0,0.0,True,train
2025-03-22 09:00:00+00:00,43128599999,2025-03-22 06:00:00+00:00,3,33.0,31.0,34.0,33.8,0.125,-0.6087614290087207,-0.7933533402912352,0.981124629771712,0.19337647441020586,-1.1000000000000014,-0.8566808613785465,0.20000000000000284,-5.299999999999997,5.140872632984737,0,0.0,1.0,0.0,True,train
2025-03-22 10:00:00+00:00,43128599999,2025-03-22 06:00:00+00:00,4,33.0,31.0,33.0,32.4,0.16666666666666666,-0.7933533402912349,-0.6087614290087209,0.981124629771712,0.19337647441020586,-1.1000000000000014,-0.7881844416311692,0.6000000000000014,-3.8999999999999986,5.140872632984737,0,0.0,1.0,0.0,True,train
2025-03-22 11:00:00+00:00,43128599999,2025-03-22 06:00:00+00:00,5,32.0,31.0,34.0,29.3,0.20833333333333334,-0.9238795325112868,-0.3826834323650895,0.981124629771712,0.19337647441020586,-1.1000000000000014,-0.725164693220489,4.699999999999999,-0.8000000000000007,5.140872632984737,0,0.0,1.0,0.0,True,train
2025-03-22 12:00:00+00:00,43128599999,2025-03-22 06:00:00+00:00,6,29.0,31.0,33.0,28.1,0.25,-0.9914448613738104,-0.13052619222005163,0.981124629771712,0.19337647441020586,-1.1000000000000014,-0.6671837256838976,4.899999999999999,0.3999999999999986,5.140872632984737,0,0.0,1.0,0.0,True,train
2025-03-22 13:00:00+00:00,43128599999,2025-03-22 06:00:00+00:00,7,25.0,31.0,31.0,26.2,0.2916666666666667,-0.9914448613738105,0.13052619222005127,0.981124629771712,0.19337647441020586,-1.1000000000000014,-0.6138386603470526,4.800000000000001,2.3000000000000007,5.140872632984737,0,0.0,1.0,0.0,True,train
2025-03-22 14:00:00+00:00,43128599999,2025-03-22 06:00:00+00:00,8,25.0,31.0,29.0,25.1,0.3333333333333333,-0.923879532511287,0.38268343236508917,0.981124629771712,0.19337647441020586,-1.1000000000000014,-0.564758830935852,3.8999999999999986,3.3999999999999986,5.140872632984737,0,0.0,1.0,0.0,True,train
2025-03-22 15:00:00+00:00,43128599999,2025-03-22 06:00:00+00:00,9,23.0,31.0,28.0,24.9,0.375,-0.7933533402912357,0.6087614290087199,0.981124629771712,0.19337647441020586,-1.1000000000000014,-0.5196032080151168,3.1000000000000014,3.6000000000000014,5.140872632984737,0,0.0,1.0,0.0,True,train
2025-03-22 16:00:00+00:00,43128599999,2025-03-22 06:00:00+00:00,10,23.0,31.0,28.0,24.7,0.4166666666666667,-0.6087614290087209,0.7933533402912349,0.981124629771712,0.19337647441020586,-1.1000000000000014,-0.47805802935778663,3.3000000000000007,3.8000000000000007,5.140872632984737,0,0.0,1.0,0.0,True,train
2025-03-22 17:00:00+00:00,43128599999,2025-03-22 06:00:00+00:00,11,23.0,31.0,27.0,24.5,0.4583333333333333,-0.38268343236508956,0.9238795325112868,0.981124629771712,0.19337647441020586,-1.1000000000000014,-0.4398346197793327,2.5,4.0,5.140872632984737,0,0.0,1.0,0.0,True,train
2025-03-22 18:00:00+00:00,43128599999,2025-03-22 06:00:00+00:00,12,23.0,31.0,25.0,24.1,0.5,-0.13052619222005168,0.9914448613738104,0.981124629771712,0.19337647441020586,-1.1000000000000014,-0.4046673852885871,0.8999999999999986,4.399999999999999,5.140872632984737,0,0.0,1.0,0.0,True,train
2025-03-22 19:00:00+00:00,43128599999,2025-03-22 06:00:00+00:00,13,23.0,31.0,26.0,23.6,0.5416666666666666,0.13052619222005157,0.9914448613738104,0.984305844499033,0.17647097349152166,-1.1000000000000014,-0.3723119676174169,2.3999999999999986,4.899999999999999,5.140872632984737,0,0.0,1.0,0.0,True,train
2025-03-22 20:00:00+00:00,43128599999,2025-03-22 06:00:00+00:00,14,23.0,31.0,24.0,23.1,0.5833333333333334,0.3826834323650898,0.9238795325112867,0.984305844499033,0.17647097349152166,-1.1000000000000014,-0.3425435463060579,0.8999999999999986,5.399999999999999,5.140872632984737,0,0.0,1.0,0.0,True,train
2025-03-22 21:00:00+00:00,43128599999,2025-03-22 06:00:00+00:00,15,23.0,31.0,23.0,22.6,0.625,0.6087614290087207,0.7933533402912352,0.984305844499033,0.17647097349152166,-1.1000000000000014,-0.3151552765462095,0.3999999999999986,5.899999999999999,5.140872632984737,0,0.0,1.0,0.0,True,train
2025-03-22 22:00:00+00:00,43128599999,2025-03-22 06:00:00+00:00,16,,31.0,22.0,22.4,0.6666666666666666,0.7933533402912352,0.6087614290087207,0.984305844499033,0.17647097349152166,-1.1000000000000014,-0.2899568519272998,-0.3999999999999986,6.100000000000001,5.140872632984737,0,0.0,1.0,0.0,False,train
2025-03-22 23:00:00+00:00,43128599999,2025-03-22 06:00:00+00:00,17,23.0,31.0,23.0,22.2,0.7083333333333334,0.9238795325112867,0.38268343236508984,0.984305844499033,0.17647097349152166,-1.1000000000000014,-0.2667731820992139,0.8000000000000007,6.300000000000001,5.140872632984737,0,0.0,1.0,0.0,True,train
2025-03-23 00:00:00+00:00,43128599999,2025-03-22 06:00:00+00:00,18,,31.0,23.0,21.7,0.75,0.9914448613738104,0.1305261922200517,0.984305844499033,0.17647097349152166,-1.1000000000000014,-0.24544317616327313,1.3000000000000007,6.800000000000001,5.140872632984737,0,0.0,1.0,0.0,False,train
2025-03-23 01:00:00+00:00,43128599999,2025-03-22 06:00:00+00:00,19,22.0,31.0,23.0,21.7,0.7916666666666666,0.9914448613738104,-0.1305261922200516,0.984305844499033,0.17647097349152166,-1.1000000000000014,-0.22581862333790048,1.3000000000000007,6.800000000000001,5.140872632984737,0,0.0,1.0,0.0,True,train
2025-03-23 02:00:00+00:00,43128599999,2025-03-22 06:00:00+00:00,20,23.0,31.0,24.0,23.8,0.8333333333333334,0.9238795325112868,-0.3826834323650895,0.984305844499033,0.17647097349152166,-1.1000000000000014,-0.2077631631213183,0.1999999999999993,4.699999999999999,5.140872632984737,0,0.0,1.0,0.0,True,train
2025-03-23 03:00:00+00:00,43128599999,2025-03-22 06:00:00+00:00,21,24.0,31.0,25.0,26.3,0.875,0.7933533402912352,-0.6087614290087207,0.984305844499033,0.17647097349152166,-1.1000000000000014,-0.1911513377954899,-1.3000000000000007,2.1999999999999993,5.140872632984737,0,0.0,1.0,0.0,True,train
2025-03-23 04:00:00+00:00,43128599999,2025-03-22 06:00:00+00:00,22,27.0,31.0,27.0,28.9,0.9166666666666666,0.6087614290087209,-0.793353340291235,0.984305844499033,0.17647097349152166,-1.1000000000000014,-0.17586772068766351,-1.8999999999999986,-0.3999999999999986,5.140872632984737,0,0.0,1.0,0.0,True,train
2025-03-23 05:00:00+00:00,43128599999,2025-03-22 06:00:00+00:00,23,28.0,31.0,27.0,30.7,0.9583333333333334,0.3826834323650899,-0.9238795325112867,0.984305844499033,0.17647097349152166,-1.1000000000000014,-0.1618061141322747,-3.6999999999999993,-2.1999999999999993,5.140872632984737,0,0.0,1.0,0.0,True,train
2025-03-23 06:00:00+00:00,43128599999,2025-03-22 06:00:00+00:00,24,30.0,31.0,31.0,31.2,1.0,0.130526192220052,-0.9914448613738104,0.984305844499033,0.17647097349152166,-1.1000000000000014,-0.14886881156027418,-0.1999999999999993,-2.6999999999999993,5.140872632984737,0,0.0,1.0,0.0,True,train
2025-03-23 07:00:00+00:00,43128599999,2025-03-22 06:00:00+00:00,25,,31.0,32.0,31.9,1.0416666666666667,-0.13052619222005177,-0.9914448613738104,0.984305844499033,0.17647097349152166,-1.1000000000000014,-0.13696591858853543,0.10000000000000142,-3.3999999999999986,5.140872632984737,0,0.0,1.0,0.0,False,train
2025-03-23 08:00:00+00:00,43128599999,2025-03-22 06:00:00+00:00,26,31.0,31.0,34.0,32.8,1.0833333333333333,-0.38268343236508967,-0.9238795325112868,0.984305844499033,0.17647097349152166,-1.1000000000000014,-0.12601472839195665,1.2000000000000028,-4.299999999999997,5.140872632984737,0,0.0,1.0,0.0,True,train
2025-03-23 09:00:00+00:00,43128599999,2025-03-22 06:00:00+00:00,27,32.0,31.0,34.0,33.2,1.125,-0.6087614290087207,-0.7933533402912352,0.984305844499033,0.17647097349152166,-1.1000000000000014,-0.11593914701805091,0.7999999999999972,-4.700000000000003,5.140872632984737,0,0.0,1.0,0.0,True,train
2025-03-23 10:00:00+00:00,43128599999,2025-03-22 06:00:00+00:00,28,,31.0,33.0,32.7,1.1666666666666667,-0.7933533402912349,-0.6087614290087209,0.984305844499033,0.17647097349152166,-1.1000000000000014,-0.1066691646508457,0.29999999999999716,-4.200000000000003,5.140872632984737,0,0.0,1.0,0.0,False,train
2025-03-23 11:00:00+00:00,43128599999,2025-03-22 06:00:00+00:00,29,31.0,31.0,34.0,31.5,1.2083333333333333,-0.9238795325112868,-0.3826834323650895,0.984305844499033,0.17647097349152166,-1.1000000000000014,-0.09814036915018624,2.5,-3.0,5.140872632984737,0,0.0,1.0,0.0,True,train
2025-03-23 12:00:00+00:00,43128599999,2025-03-22 06:00:00+00:00,30,,31.0,33.0,31.1,1.25,-0.9914448613738104,-0.13052619222005163,0.984305844499033,0.17647097349152166,-1.1000000000000014,-0.0902934984862888,1.8999999999999986,-2.6000000000000014,5.140872632984737,0,0.0,1.0,0.0,False,train
2025-03-23 13:00:00+00:00,43128599999,2025-03-22 06:00:00+00:00,31,30.0,31.0,31.0,29.6,1.2916666666666667,-0.9914448613738105,0.13052619222005127,0.984305844499033,0.17647097349152166,-1.1000000000000014,-0.08307402895965124,1.3999999999999986,-1.1000000000000014,5.140872632984737,0,0.0,1.0,0.0,True,train
2025-03-23 14:00:00+00:00,43128599999,2025-03-22 06:00:00+00:00,32,28.0,31.0,29.0,29.1,1.3333333333333333,-0.923879532511287,0.38268343236508917,0.984305844499033,0.17647097349152166,-1.1000000000000014,-0.07643179634508179,-0.10000000000000142,-0.6000000000000014,5.140872632984737,0,0.0,1.0,0.0,True,train
2025-03-23 15:00:00+00:00,43128599999,2025-03-22 06:00:00+00:00,33,28.0,31.0,28.0,28.0,1.375,-0.7933533402912357,0.6087614290087199,0.984305844499033,0.17647097349152166,-1.1000000000000014,-0.07032064732737842,0.0,0.5,5.140872632984737,0,0.0,1.0,0.0,True,train
2025-03-23 16:00:00+00:00,43128599999,2025-03-22 06:00:00+00:00,34,27.0,31.0,28.0,27.0,1.4166666666666667,-0.6087614290087209,0.7933533402912349,0.984305844499033,0.17647097349152166,-1.1000000000000014,-0.06469811880667295,1.0,1.5,5.140872632984737,0,0.0,1.0,0.0,True,train
2025-03-23 17:00:00+00:00,43128599999,2025-03-22 06:00:00+00:00,35,26.0,31.0,27.0,26.2,1.4583333333333333,-0.38268343236508956,0.9238795325112868,0.984305844499033,0.17647097349152166,-1.1000000000000014,-0.059525142845103844,0.8000000000000007,2.3000000000000007,5.140872632984737,0,0.0,1.0,0.0,True,train
2025-03-23 18:00:00+00:00,43128599999,2025-03-22 06:00:00+00:00,36,26.0,31.0,25.0,25.3,1.5,-0.13052619222005168,0.9914448613738104,0.984305844499033,0.17647097349152166,-1.1000000000000014,-0.05476577520465041,-0.3000000000000007,3.1999999999999993,5.140872632984737,0,0.0,1.0,0.0,True,train
2025-03-23 19:00:00+00:00,43128599999,2025-03-22 06:00:00+00:00,37,26.0,31.0,26.0,24.7,1.5416666666666667,0.13052619222005157,0.9914448613738104,0.9871957872910085,0.15951325197263655,-1.1000000000000014,-0.050386945589883686,1.3000000000000007,3.8000000000000007,5.140872632984737,0,0.0,1.0,0.0,True,train
2025-03-23 20:00:00+00:00,43128599999,2025-03-22 06:00:00+00:00,38,25.0,31.0,24.0,24.0,1.5833333333333333,0.3826834323650898,0.9238795325112867,0.9871957872910085,0.15951325197263655,-1.1000000000000014,-0.046358227860204104,0.0,4.5,5.140872632984737,0,0.0,1.0,0.0,True,train
2025-03-23 21:00:00+00:00,43128599999,2025-03-22 06:00:00+00:00,39,24.0,31.0,23.0,23.5,1.625,0.6087614290087207,0.7933533402912352,0.9871957872910085,0.15951325197263655,-1.1000000000000014,-0.042651628614894264,-0.5,5.0,5.140872632984737,0,0.0,1.0,0.0,True,train
2025-03-23 22:00:00+00:00,43128599999,2025-03-22 06:00:00+00:00,40,23.0,31.0,22.0,23.0,1.6666666666666667,0.7933533402912352,0.6087614290087207,0.9871957872910085,0.15951325197263655,-1.1000000000000014,-0.03924139268197768,-1.0,5.5,5.140872632984737,0,0.0,1.0,0.0,True,train
2025-03-23 23:00:00+00:00,43128599999,2025-03-22 06:00:00+00:00,41,,31.0,23.0,22.5,1.7083333333333333,0.9238795325112867,0.38268343236508984,0.9871957872910085,0.15951325197263655,-1.1000000000000014,-0.03610382415932958,0.5,6.0,5.140872632984737,0,0.0,1.0,0.0,False,train
2025-03-24 00:00:00+00:00,43128599999,2025-03-22 06:00:00+00:00,42,23.0,31.0,23.0,22.0,1.75,0.9914448613738104,0.1305261922200517,0.9871957872910085,0.15951325197263655,-1.1000000000000014,-0.03321712176455039,1.0,6.5,5.140872632984737,0,0.0,1.0,0.0,True,train
2025-03-24 01:00:00+00:00,43128599999,2025-03-22 06:00:00+00:00,43,23.0,31.0,23.0,22.0,1.7916666666666667,0.9914448613738104,-0.1305261922200516,0.9871957872910085,0.15951325197263655,-1.1000000000000014,-0.030561227349536715,1.0,6.5,5.140872632984737,0,0.0,1.0,0.0,True,train
2025-03-24 02:00:00+00:00,43128599999,2025-03-22 06:00:00+00:00,44,24.0,31.0,24.0,24.1,1.8333333333333333,0.9238795325112868,-0.3826834323650895,0.9871957872910085,0.15951325197263655,-1.1000000000000014,-0.028117686527158178,-0.10000000000000142,4.399999999999999,5.140872632984737,0,0.0,1.0,0.0,True,train
2025-03-24 03:00:00+00:00,43128599999,2025-03-22 06:00:00+00:00,45,26.0,31.0,25.0,26.5,1.875,0.7933533402912352,-0.6087614290087207,0.9871957872910085,0.15951325197263655,-1.1000000000000014,-0.02586952044161005,-1.5,2.0,5.140872632984737,0,0.0,1.0,0.0,True,train
2025-03-24 04:00:00+00:00,43128599999,2025-03-22 06:00:00+00:00,46,28.0,31.0,27.0,29.1,1.9166666666666667,0.6087614290087209,-0.793353340291235,0.9871957872910085,0.15951325197263655,-1.1000000000000014,-0.02380110779144243,-2.1000000000000014,-0.6000000000000014,5.140872632984737,0,0.0,1.0,0.0,True,train
2025-03-24 05:00:00+00:00,43128599999,2025-03-22 06:00:00+00:00,47,30.0,31.0,27.0,30.9,1.9583333333333333,0.3826834323650899,-0.9238795325112867,0.9871957872910085,0.15951325197263655,-1.1000000000000014,-0.021898076285507082,-3.8999999999999986,-2.3999999999999986,5.140872632984737,0,0.0,1.0,0.0,True,train
2025-03-24 06:00:00+00:00,43128599999,2025-03-22 06:00:00+00:00,48,,31.0,31.0,32.1,2.0,0.130526192220052,-0.9914448613738104,0.9871957872910085,0.15951325197263655,-1.1000000000000014,-0.020147202777607624,-1.1000000000000014,-3.6000000000000014,5.140872632984737,0,0.0,1.0,0.0,False,train
2025-03-22 07:00:00+00:00,43279099999,2025-03-22 06:00:00+00:00,1,33.0,33.0,33.0,33.2,0.041666666666666664,-0.13052619222005177,-0.9914448613738104,0.981124629771712,0.19337647441020586,0.10000000000000142,0.09200444146293364,-0.20000000000000284,-3.200000000000003,1.9970215917949505,0,0.0,0.0,1.0,True,train
2025-03-22 08:00:00+00:00,43279099999,2025-03-22 06:00:00+00:00,2,33.0,33.0,33.0,33.3,0.08333333333333333,-0.38268343236508967,-0.9238795325112868,0.981124629771712,0.19337647441020586,0.10000000000000142,0.08464817248906262,-0.29999999999999716,-3.299999999999997,1.9970215917949505,0,0.0,0.0,1.0,True,train
2025-03-22 09:00:00+00:00,43279099999,2025-03-22 06:00:00+00:00,3,33.0,33.0,33.0,32.9,0.125,-0.6087614290087207,-0.7933533402912352,0.981124629771712,0.19337647441020586,0.10000000000000142,0.0778800783071416,0.10000000000000142,-2.8999999999999986,1.9970215917949505,0,0.0,0.0,1.0,True,train
2025-03-22 10:00:00+00:00,43279099999,2025-03-22 06:00:00+00:00,4,32.0,33.0,33.0,31.3,0.16666666666666666,-0.7933533402912349,-0.6087614290087209,0.981124629771712,0.19337647441020586,0.10000000000000142,0.07165313105737994,1.6999999999999993,-1.3000000000000007,1.9970215917949505,0,0.0,0.0,1.0,True,train
2025-03-22 11:00:00+00:00,43279099999,2025-03-22 06:00:00+00:00,5,31.0,33.0,32.0,31.0,0.20833333333333334,-0.9238795325112868,-0.3826834323650895,0.981124629771712,0.19337647441020586,0.10000000000000142,0.06592406302004532,1.0,-1.0,1.9970215917949505,0,0.0,0.0,1.0,True,train
2025-03-22 12:00:00+00:00,43279099999,2025-03-22 06:00:00+00:00,6,31.0,33.0,31.0,30.2,0.25,-0.9914448613738104,-0.13052619222005163,0.981124629771712,0.19337647441020586,0.10000000000000142,0.06065306597126421,0.8000000000000007,-0.1999999999999993,1.9970215917949505,0,0.0,0.0,1.0,True,train
2025-03-22 13:00:00+00:00,43279099999,2025-03-22 06:00:00+00:00,7,30.0,33.0,30.0,29.4,0.2916666666666667,-0.9914448613738105,0.13052619222005127,0.981124629771712,0.19337647441020586,0.10000000000000142,0.055803514577005504,0.6000000000000014,0.6000000000000014,1.9970215917949505,0,0.0,0.0,1.0,True,train
2025-03-22 14:00:00+00:00,43279099999,2025-03-22 06:00:00+00:00,8,30.0,33.0,30.0,29.3,0.3333333333333333,-0.923879532511287,0.38268343236508917,0.981124629771712,0.19337647441020586,0.10000000000000142,0.05134171190325993,0.6999999999999993,0.6999999999999993,1.9970215917949505,0,0.0,0.0,1.0,True,train
2025-03-22 15:00:00+00:00,43279099999,2025-03-22 06:00:00+00:00,9,30.0,33.0,30.0,29.1,0.375,-0.7933533402912357,0.6087614290087199,0.981124629771712,0.19337647441020586,0.10000000000000142,0.04723665527410214,0.8999999999999986,0.8999999999999986,1.9970215917949505,0,0.0,0.0,1.0,True,train
2025-03-22 16:00:00+00:00,43279099999,2025-03-22 06:00:00+00:00,10,30.0,33.0,30.0,28.9,0.4166666666666667,-0.6087614290087209,0.7933533402912349,0.981124629771712,0.19337647441020586,0.10000000000000142,0.04345982085070844,1.1000000000000014,1.1000000000000014,1.9970215917949505,0,0.0,0.0,1.0,True,train
2025-03-22 17:00:00+00:00,43279099999,2025-03-22 06:00:00+00:00,11,30.0,33.0,30.0,28.5,0.4583333333333333,-0.38268343236508956,0.9238795325112868,0.981124629771712,0.19337647441020586,0.10000000000000142,0.039984965434485306,1.5,1.5,1.9970215917949505,0,0.0,0.0,1.0,True,train
2025-03-22 18:00:00+00:00,43279099999,2025-03-22 06:00:00+00:00,12,30.0,33.0,29.0,28.2,0.5,-0.13052619222005168,0.9914448613738104,0.981124629771712,0.19337647441020586,0.10000000000000142,0.036787944117144755,0.8000000000000007,1.8000000000000007,1.9970215917949505,0,0.0,0.0,1.0,True,train
2025-03-22 19:00:00+00:00,43279099999,2025-03-22 06:00:00+00:00,13,29.0,33.0,29.0,27.8,0.5416666666666666,0.13052619222005157,0.9914448613738104,0.984305844499033,0.17647097349152166,0.10000000000000142,0.033846542510674704,1.1999999999999993,2.1999999999999993,1.9970215917949505,0,0.0,0.0,1.0,True,train
2025-03-22 20:00:00+00:00,43279099999,2025-03-22 06:00:00+00:00,14,29.0,33.0,29.0,27.6,0.5833333333333334,0.3826834323650898,0.9238795325112867,0.984305844499033,0.17647097349152166,0.10000000000000142,0.03114032239146021,1.3999999999999986,2.3999999999999986,1.9970215917949505,0,0.0,0.0,1.0,True,train
2025-03-22 21:00:00+00:00,43279099999,2025-03-22 06:00:00+00:00,15,29.0,33.0,29.0,27.4,0.625,0.6087614290087207,0.7933533402912352,0.984305844499033,0.17647097349152166,0.10000000000000142,0.028650479686019418,1.6000000000000014,2.6000000000000014,1.9970215917949505,0,0.0,0.0,1.0,True,train
2025-03-22 22:00:00+00:00,43279099999,2025-03-22 06:00:00+00:00,16,29.0,33.0,29.0,27.0,0.6666666666666666,0.7933533402912352,0.6087614290087207,0.984305844499033,0.17647097349152166,0.10000000000000142,0.02635971381157305,2.0,3.0,1.9970215917949505,0,0.0,0.0,1.0,True,train
2025-03-22 23:00:00+00:00,43279099999,2025-03-22 06:00:00+00:00,17,29.0,33.0,28.0,26.8,0.7083333333333334,0.9238795325112867,0.38268343236508984,0.984305844499033,0.17647097349152166,0.10000000000000142,0.024252107463565212,1.1999999999999993,3.1999999999999993,1.9970215917949505,0,0.0,0.0,1.0,True,train
2025-03-23 00:00:00+00:00,43279099999,2025-03-22 06:00:00+00:00,18,29.0,33.0,28.0,26.4,0.75,0.9914448613738104,0.1305261922200517,0.984305844499033,0.17647097349152166,0.10000000000000142,0.022313016014843298,1.6000000000000014,3.6000000000000014,1.9970215917949505,0,0.0,0.0,1.0,True,train
2025-03-23 01:00:00+00:00,43279099999,2025-03-22 06:00:00+00:00,19,29.0,33.0,28.0,26.3,0.7916666666666666,0.9914448613738104,-0.1305261922200516,0.984305844499033,0.17647097349152166,0.10000000000000142,0.020528965757991218,1.6999999999999993,3.6999999999999993,1.9970215917949505,0,0.0,0.0,1.0,True,train
2025-03-23 02:00:00+00:00,43279099999,2025-03-22 06:00:00+00:00,20,30.0,33.0,28.0,27.8,0.8333333333333334,0.9238795325112868,-0.3826834323650895,0.984305844499033,0.17647097349152166,0.10000000000000142,0.01888756028375645,0.1999999999999993,2.1999999999999993,1.9970215917949505,0,0.0,0.0,1.0,True,train
2025-03-23 03:00:00+00:00,43279099999,2025-03-22 06:00:00+00:00,21,31.0,33.0,30.0,29.5,0.875,0.7933533402912352,-0.6087614290087207,0.984305844499033,0.17647097349152166,0.10000000000000142,0.01737739434504476,0.5,0.5,1.9970215917949505,0,0.0,0.0,1.0,True,train
2025-03-23 04:00:00+00:00,43279099999,2025-03-22 06:00:00+00:00,22,32.0,33.0,32.0,30.8,0.9166666666666666,0.6087614290087209,-0.793353340291235,0.984305844499033,0.17647097349152166,0.10000000000000142,0.015987974607969618,1.1999999999999993,-0.8000000000000007,1.9970215917949505,0,0.0,0.0,1.0,True,train
2025-03-23 05:00:00+00:00,43279099999,2025-03-22 06:00:00+00:00,23,32.0,33.0,32.0,31.9,0.9583333333333334,0.3826834323650899,-0.9238795325112867,0.984305844499033,0.17647097349152166,0.10000000000000142,0.014709646739297888,0.10000000000000142,-1.8999999999999986,1.9970215917949505,0,0.0,0.0,1.0,True,train
2025-03-23 06:00:00+00:00,43279099999,2025-03-22 06:00:00+00:00,24,33.0,33.0,33.0,32.7,1.0,0.130526192220052,-0.9914448613738104,0.984305844499033,0.17647097349152166,0.10000000000000142,0.013533528323661462,0.29999999999999716,-2.700000000000003,1.9970215917949505,0,0.0,0.0,1.0,True,train
2025-03-23 07:00:00+00:00,43279099999,2025-03-22 06:00:00+00:00,25,33.0,33.0,33.0,32.9,1.0416666666666667,-0.13052619222005177,-0.9914448613738104,0.984305844499033,0.17647097349152166,0.10000000000000142,0.012451447144412472,0.10000000000000142,-2.8999999999999986,1.9970215917949505,0,0.0,0.0,1.0,True,train
2025-03-23 08:00:00+00:00,43279099999,2025-03-22 06:00:00+00:00,26,33.0,33.0,33.0,33.0,1.0833333333333333,-0.38268343236508967,-0.9238795325112868,0.984305844499033,0.17647097349152166,0.10000000000000142,0.011455884399268935,0.0,-3.0,1.9970215917949505,0,0.0,0.0,1.0,True,train
2025-03-23 09:00:00+00:00,43279099999,2025-03-22 06:00:00+00:00,27,32.0,33.0,33.0,32.4,1.125,-0.6087614290087207,-0.7933533402912352,0.984305844499033,0.17647097349152166,0.10000000000000142,0.010539922456186583,0.6000000000000014,-2.3999999999999986,1.9970215917949505,0,0.0,0.0,1.0,True,train
2025-03-23 10:00:00+00:00,43279099999,2025-03-22 06:00:00+00:00,28,32.0,33.0,33.0,31.5,1.1666666666666667,-0.7933533402912349,-0.6087614290087209,0.984305844499033,0.17647097349152166,0.10000000000000142,0.009697196786440643,1.5,-1.5,1.9970215917949505,0,0.0,0.0,1.0,True,train
2025-03-23 11:00:00+00:00,43279099999,2025-03-22 06:00:00+00:00,29,31.0,33.0,32.0,30.6,1.2083333333333333,-0.9238795325112868,-0.3826834323650895,0.984305844499033,0.17647097349152166,0.10000000000000142,0.008921851740926138,1.3999999999999986,-0.6000000000000014,1.9970215917949505,0,0.0,0.0,1.0,True,train
2025-03-23 12:00:00+00:00,43279099999,2025-03-22 06:00:00+00:00,30,31.0,33.0,31.0,29.9,1.25,-0.9914448613738104,-0.13052619222005163,0.984305844499033,0.17647097349152166,0.10000000000000142,0.008208499862389997,1.1000000000000014,0.10000000000000142,1.9970215917949505,0,0.0,0.0,1.0,True,train
2025-03-23 13:00:00+00:00,43279099999,2025-03-22 06:00:00+00:00,31,30.0,33.0,30.0,29.2,1.2916666666666667,-0.9914448613738105,0.13052619222005127,0.984305844499033,0.17647097349152166,0.10000000000000142,0.007552184450877484,0.8000000000000007,0.8000000000000007,1.9970215917949505,0,0.0,0.0,1.0,True,train
2025-03-23 14:00:00+00:00,43279099999,2025-03-22 06:00:00+00:00,32,30.0,33.0,30.0,28.9,1.3333333333333333,-0.923879532511287,0.38268343236508917,0.984305844499033,0.17647097349152166,0.10000000000000142,0.006948345122280253,1.1000000000000014,1.1000000000000014,1.9970215917949505,0,0.0,0.0,1.0,True,train
2025-03-23 15:00:00+00:00,43279099999,2025-03-22 06:00:00+00:00,33,30.0,33.0,30.0,28.6,1.375,-0.7933533402912357,0.6087614290087199,0.984305844499033,0.17647097349152166,0.10000000000000142,0.006392786120670848,1.3999999999999986,1.3999999999999986,1.9970215917949505,0,0.0,0.0,1.0,True,train
2025-03-23 16:00:00+00:00,43279099999,2025-03-22 06:00:00+00:00,34,30.0,33.0,30.0,28.4,1.4166666666666667,-0.6087614290087209,0.7933533402912349,0.984305844499033,0.17647097349152166,0.10000000000000142,0.005881647164243072,1.6000000000000014,1.6000000000000014,1.9970215917949505,0,0.0,0.0,1.0,True,train
2025-03-23 17:00:00+00:00,43279099999,2025-03-22 06:00:00+00:00,35,30.0,33.0,30.0,28.1,1.4583333333333333,-0.38268343236508956,0.9238795325112868,0.984305844499033,0.17647097349152166,0.10000000000000142,0.005411376622282238,1.8999999999999986,1.8999999999999986,1.9970215917949505,0,0.0,0.0,1.0,True,train
2025-03-23 18:00:00+00:00,43279099999,2025-03-22 06:00:00+00:00,36,30.0,33.0,29.0,27.7,1.5,-0.13052619222005168,0.9914448613738104,0.984305844499033,0.17647097349152166,0.10000000000000142,0.004978706836786465,1.3000000000000007,2.3000000000000007,1.9970215917949505,0,0.0,0.0,1.0,True,train
2025-03-23 19:00:00+00:00,43279099999,2025-03-22 06:00:00+00:00,37,29.0,33.0,29.0,27.3,1.5416666666666667,0.13052619222005157,0.9914448613738104,0.9871957872910085,0.15951325197263655,0.10000000000000142,0.004580631417262213,1.6999999999999993,2.6999999999999993,1.9970215917949505,0,0.0,0.0,1.0,True,train
2025-03-23 20:00:00+00:00,43279099999,2025-03-22 06:00:00+00:00,38,29.0,33.0,29.0,26.7,1.5833333333333333,0.3826834323650898,0.9238795325112867,0.9871957872910085,0.15951325197263655,0.10000000000000142,0.004214384350927701,2.3000000000000007,3.3000000000000007,1.9970215917949505,0,0.0,0.0,1.0,True,train
2025-03-23 21:00:00+00:00,43279099999,2025-03-22 06:00:00+00:00,39,29.0,33.0,29.0,26.5,1.625,0.6087614290087207,0.7933533402912352,0.9871957872910085,0.15951325197263655,0.10000000000000142,0.003877420783172256,2.5,3.5,1.9970215917949505,0,0.0,0.0,1.0,True,train
2025-03-23 22:00:00+00:00,43279099999,2025-03-22 06:00:00+00:00,40,29.0,33.0,29.0,26.0,1.6666666666666667,0.7933533402912352,0.6087614290087207,0.9871957872910085,0.15951325197263655,0.10000000000000142,0.00356739933472529,3.0,4.0,1.9970215917949505,0,0.0,0.0,1.0,True,train
2025-03-23 23:00:00+00:00,43279099999,2025-03-22 06:00:00+00:00,41,28.0,33.0,28.0,25.6,1.7083333333333333,0.9238795325112867,0.38268343236508984,0.9871957872910085,0.15951325197263655,0.10000000000000142,0.0032821658326663674,2.3999999999999986,4.399999999999999,1.9970215917949505,0,0.0,0.0,1.0,True,train
2025-03-24 00:00:00+00:00,43279099999,2025-03-22 06:00:00+00:00,42,27.0,33.0,28.0,25.1,1.75,0.9914448613738104,0.1305261922200517,0.9871957872910085,0.15951325197263655,0.10000000000000142,0.003019738342231893,2.8999999999999986,4.899999999999999,1.9970215917949505,0,0.0,0.0,1.0,True,train
2025-03-24 01:00:00+00:00,43279099999,2025-03-22 06:00:00+00:00,43,27.0,33.0,28.0,25.0,1.7916666666666667,0.9914448613738104,-0.1305261922200516,0.9871957872910085,0.15951325197263655,0.10000000000000142,0.0027782933954124647,3.0,5.0,1.9970215917949505,0,0.0,0.0,1.0,True,train
2025-03-24 02:00:00+00:00,43279099999,2025-03-22 06:00:00+00:00,44,28.0,33.0,28.0,27.2,1.8333333333333333,0.9238795325112868,-0.3826834323650895,0.9871957872910085,0.15951325197263655,0.10000000000000142,0.0025561533206507766,0.8000000000000007,2.8000000000000007,1.9970215917949505,0,0.0,0.0,1.0,True,train
2025-03-24 03:00:00+00:00,43279099999,2025-03-22 06:00:00+00:00,45,30.0,33.0,30.0,29.5,1.875,0.7933533402912352,-0.6087614290087207,0.9871957872910085,0.15951325197263655,0.10000000000000142,0.002351774585600944,0.5,0.5,1.9970215917949505,0,0.0,0.0,1.0,True,train
2025-03-24 04:00:00+00:00,43279099999,2025-03-22 06:00:00+00:00,46,31.0,33.0,32.0,31.4,1.9166666666666667,0.6087614290087209,-0.793353340291235,0.9871957872910085,0.15951325197263655,0.10000000000000142,0.00216373707194934,0.6000000000000014,-1.3999999999999986,1.9970215917949505,0,0.0,0.0,1.0,True,train
2025-03-24 05:00:00+00:00,43279099999,2025-03-22 06:00:00+00:00,47,32.0,33.0,32.0,32.9,1.9583333333333333,0.3826834323650899,-0.9238795325112867,0.9871957872910085,0.15951325197263655,0.10000000000000142,0.0019907342077733967,-0.8999999999999986,-2.8999999999999986,1.9970215917949505,0,0.0,0.0,1.0,True,train
2025-03-24 06:00:00+00:00,43279099999,2025-03-22 06:00:00+00:00,48,33.0,33.0,33.0,33.5,2.0,0.130526192220052,-0.9914448613738104,0.9871957872910085,0.15951325197263655,0.10000000000000142,0.0018315638888734438,-0.5,-3.5,1.9970215917949505,0,0.0,0.0,1.0,True,train
2025-03-24 07:00:00+00:00,42410099999,2025-03-24 06:00:00+00:00,1,30.0,29.0,28.0,29.2,0.041666666666666664,-0.13052619222005177,-0.9914448613738104,0.9871957872910085,0.15951325197263655,0.8999999999999986,0.8280399731663897,-1.1999999999999993,-4.604761904761904,4.734923561556918,0,1.0,0.0,0.0,True,train
2025-03-24 08:00:00+00:00,42410099999,2025-03-24 06:00:00+00:00,2,31.0,29.0,29.0,29.8,0.08333333333333333,-0.38268343236508967,-0.9238795325112868,0.9871957872910085,0.15951325197263655,0.8999999999999986,0.7618335524015515,-0.8000000000000007,-5.204761904761906,4.734923561556918,0,1.0,0.0,0.0,True,train
2025-03-24 09:00:00+00:00,42410099999,2025-03-24 06:00:00+00:00,3,31.0,29.0,29.0,29.7,0.125,-0.6087614290087207,-0.7933533402912352,0.9871957872910085,0.15951325197263655,0.8999999999999986,0.7009207047642633,-0.6999999999999993,-5.104761904761904,4.734923561556918,0,1.0,0.0,0.0,True,train
2025-03-24 10:00:00+00:00,42410099999,2025-03-24 06:00:00+00:00,4,31.0,29.0,29.0,29.2,0.16666666666666666,-0.7933533402912349,-0.6087614290087209,0.9871957872910085,0.15951325197263655,0.8999999999999986,0.6448781795164094,-0.1999999999999993,-4.604761904761904,4.734923561556918,0,1.0,0.0,0.0,True,train
2025-03-24 11:00:00+00:00,42410099999,2025-03-24 06:00:00+00:00,5,30.0,29.0,28.0,27.5,0.20833333333333334,-0.9238795325112868,-0.3826834323650895,0.9871957872910085,0.15951325197263655,0.8999999999999986,0.5933165671803985,0.5,-2.904761904761905,4.734923561556918,0,1.0,0.0,0.0,True,train
2025-03-24 12:00:00+00:00,42410099999,2025-03-24 06:00:00+00:00,6,29.0,29.0,28.0,25.5,0.25,-0.9914448613738104,-0.13052619222005163,0.9871957872910085,0.15951325197263655,0.8999999999999986,0.5458775937413692,2.5,-0.9047619047619051,4.734923561556918,0,1.0,0.0,0.0,True,train
2025-03-24 13:00:00+00:00,42410099999,2025-03-24 06:00:00+00:00,7,26.0,29.0,25.0,24.3,0.2916666666666667,-0.9914448613738105,0.13052619222005127,0.9871957872910085,0.15951325197263655,0.8999999999999986,0.5022316311930416,0.6999999999999993,0.2952380952380942,4.734923561556918,0,1.0,0.0,0.0,True,train
2025-03-24 14:00:00+00:00,42410099999,2025-03-24 06:00:00+00:00,8,24.0,29.0,24.0,23.7,0.3333333333333333,-0.923879532511287,0.38268343236508917,0.9871957872910085,0.15951325197263655,0.8999999999999986,0.4620754071293321,0.3000000000000007,0.8952380952380956,4.734923561556918,0,1.0,0.0,0.0,True,train
2025-03-24 15:00:00+00:00,42410099999,2025-03-24 06:00:00+00:00,9,22.0,29.0,23.0,22.1,0.375,-0.7933533402912357,0.6087614290087199,0.9871957872910085,0.15951325197263655,0.8999999999999986,0.42512989746691254,0.8999999999999986,2.4952380952380935,4.734923561556918,0,1.0,0.0,0.0,True,train
2025-03-24 16:00:00+00:00,42410099999,2025-03-24 06:00:00+00:00,10,22.0,29.0,22.0,21.4,0.4166666666666667,-0.6087614290087209,0.7933533402912349,0.9871957872910085,0.15951325197263655,0.8999999999999986,0.39113838765636977,0.6000000000000014,3.1952380952380963,4.734923561556918,0,1.0,0.0,0.0,True,train
2025-03-24 17:00:00+00:00,42410099999,2025-03-24 06:00:00+00:00,11,21.0,29.0,20.0,20.3,0.4583333333333333,-0.38268343236508956,0.9238795325112868,0.9871957872910085,0.15951325197263655,0.8999999999999986,0.35986468891036205,-0.3000000000000007,4.295238095238094,4.734923561556918,0,1.0,0.0,0.0,True,train
2025-03-24 18:00:00+00:00,42410099999,2025-03-24 06:00:00+00:00,12,20.0,29.0,21.0,19.9,0.5,-0.13052619222005168,0.9914448613738104,0.9871957872910085,0.15951325197263655,0.8999999999999986,0.3310914970542976,1.1000000000000014,4.695238095238096,4.734923561556918,0,1.0,0.0,0.0,True,train
2025-03-24 19:00:00+00:00,42410099999,2025-03-24 06:00:00+00:00,13,20.0,29.0,20.0,19.8,0.5416666666666666,0.13052619222005157,0.9914448613738104,0.9897936029670716,0.14250832791617088,0.8999999999999986,0.3046188825960675,0.1999999999999993,4.795238095238094,4.734923561556918,0,1.0,0.0,0.0,True,train
2025-03-24 20:00:00+00:00,42410099999,2025-03-24 06:00:00+00:00,14,19.0,29.0,18.0,19.9,0.5833333333333334,0.3826834323650898,0.9238795325112867,0.9897936029670716,0.14250832791617088,0.8999999999999986,0.2802629015231375,-1.8999999999999986,4.695238095238096,4.734923561556918,0,1.0,0.0,0.0,True,train
2025-03-24 21:00:00+00:00,42410099999,2025-03-24 06:00:00+00:00,15,19.0,29.0,18.0,19.3,0.625,0.6087614290087207,0.7933533402912352,0.9897936029670716,0.14250832791617088,0.8999999999999986,0.2578543171741707,-1.3000000000000007,5.295238095238094,4.734923561556918,0,1.0,0.0,0.0,True,train
2025-03-24 22:00:00+00:00,42410099999,2025-03-24 06:00:00+00:00,16,19.0,29.0,17.0,19.0,0.6666666666666666,0.7933533402912352,0.6087614290087207,0.9897936029670716,0.14250832791617088,0.8999999999999986,0.23723742430415373,-2.0,5.595238095238095,4.734923561556918,0,1.0,0.0,0.0,True,train
2025-03-24 23:00:00+00:00,42410099999,2025-03-24 06:00:00+00:00,17,18.0,29.0,17.0,18.8,0.7083333333333334,0.9238795325112867,0.38268343236508984,0.9897936029670716,0.14250832791617088,0.8999999999999986,0.21826896717208347,-1.8000000000000007,5.795238095238094,4.734923561556918,0,1.0,0.0,0.0,True,train
2025-03-25 00:00:00+00:00,42410099999,2025-03-24 06:00:00+00:00,18,17.0,29.0,17.0,18.4,0.75,0.9914448613738104,0.1305261922200517,0.9897936029670716,0.14250832791617088,0.8999999999999986,0.2008171441335865,-1.3999999999999986,6.195238095238096,4.734923561556918,0,1.0,0.0,0.0,True,train
2025-03-25 01:00:00+00:00,42410099999,2025-03-24 06:00:00+00:00,19,19.0,29.0,18.0,19.1,0.7916666666666666,0.9914448613738104,-0.1305261922200516,0.9897936029670716,0.14250832791617088,0.8999999999999986,0.18476069182191807,-1.1000000000000014,5.4952380952380935,4.734923561556918,0,1.0,0.0,0.0,True,train
2025-03-25 02:00:00+00:00,42410099999,2025-03-24 06:00:00+00:00,20,22.0,29.0,21.0,21.8,0.8333333333333334,0.9238795325112868,-0.3826834323650895,0.9897936029670716,0.14250832791617088,0.8999999999999986,0.16998804255380537,-0.8000000000000007,2.795238095238094,4.734923561556918,0,1.0,0.0,0.0,True,train
2025-03-25 03:00:00+00:00,42410099999,2025-03-24 06:00:00+00:00,21,25.0,29.0,25.0,24.3,0.875,0.7933533402912352,-0.6087614290087207,0.9897936029670716,0.14250832791617088,0.8999999999999986,0.15639654910540038,0.6999999999999993,0.2952380952380942,4.734923561556918,0,1.0,0.0,0.0,True,train
2025-03-25 04:00:00+00:00,42410099999,2025-03-24 06:00:00+00:00,22,27.0,29.0,26.0,26.5,0.9166666666666666,0.6087614290087209,-0.793353340291235,0.9897936029670716,0.14250832791617088,0.8999999999999986,0.1438917714717243,-0.5,-1.904761904761905,4.734923561556918,0,1.0,0.0,0.0,True,train
2025-03-25 05:00:00+00:00,42410099999,2025-03-24 06:00:00+00:00,23,29.0,29.0,28.0,28.3,0.9583333333333334,0.3826834323650899,-0.9238795325112867,0.9897936029670716,0.14250832791617088,0.8999999999999986,0.1323868206536789,-0.3000000000000007,-3.704761904761906,4.734923561556918,0,1.0,0.0,0.0,True,train
2025-03-25 06:00:00+00:00,42410099999,2025-03-24 06:00:00+00:00,24,30.0,29.0,29.0,29.6,1.0,0.130526192220052,-0.9914448613738104,0.9897936029670716,0.14250832791617088,0.8999999999999986,0.12180175491295124,-0.6000000000000014,-5.0047619047619065,4.734923561556918,0,1.0,0.0,0.0,True,train
2025-03-25 07:00:00+00:00,42410099999,2025-03-24 06:00:00+00:00,25,32.0,29.0,28.0,30.3,1.0416666666666667,-0.13052619222005177,-0.9914448613738104,0.9897936029670716,0.14250832791617088,0.8999999999999986,0.11206302429971049,-2.3000000000000007,-5.704761904761906,4.734923561556918,0,1.0,0.0,0.0,True,train
2025-03-25 08:00:00+00:00,42410099999,2025-03-24 06:00:00+00:00,26,32.0,29.0,29.0,30.5,1.0833333333333333,-0.38268343236508967,-0.9238795325112868,0.9897936029670716,0.14250832791617088,0.8999999999999986,0.1031029595934188,-1.5,-5.904761904761905,4.734923561556918,0,1.0,0.0,0.0,True,train
2025-03-25 09:00:00+00:00,42410099999,2025-03-24 06:00:00+00:00,27,33.0,29.0,29.0,30.5,1.125,-0.6087614290087207,-0.7933533402912352,0.9897936029670716,0.14250832791617088,0.8999999999999986,0.09485930210567775,-1.5,-5.904761904761905,4.734923561556918,0,1.0,0.0,0.0,True,train
2025-03-25 10:00:00+00:00,42410099999,2025-03-24 06:00:00+00:00,28,32.0,29.0,29.0,30.1,1.1666666666666667,-0.7933533402912349,-0.6087614290087209,0.9897936029670716,0.14250832791617088,0.8999999999999986,0.08727477107796441,-1.1000000000000014,-5.5047619047619065,4.734923561556918,0,1.0,0.0,0.0,True,train
2025-03-25 11:00:00+00:00,42410099999,2025-03-24 06:00:00+00:00,29,32.0,29.0,28.0,28.3,1.2083333333333333,-0.9238795325112868,-0.3826834323650895,0.9897936029670716,0.14250832791617088,0.8999999999999986,0.08029666566833397,-0.3000000000000007,-3.704761904761906,4.734923561556918,0,1.0,0.0,0.0,True,train
2025-03-25 12:00:00+00:00,42410099999,2025-03-24 06:00:00+00:00,30,30.0,29.0,28.0,26.4,1.25,-0.9914448613738104,-0.13052619222005163,0.9897936029670716,0.14250832791617088,0.8999999999999986,0.0738764987615088,1.6000000000000014,-1.8047619047619037,4.734923561556918,0,1.0,0.0,0.0,True,train
2025-03-25 13:00:00+00:00,42410099999,2025-03-24 06:00:00+00:00,31,27.0,29.0,25.0,25.3,1.2916666666666667,-0.9914448613738105,0.13052619222005127,0.9897936029670716,0.14250832791617088,0.8999999999999986,0.06796966005789629,-0.3000000000000007,-0.7047619047619058,4.734923561556918,0,1.0,0.0,0.0,True,train
2025-03-25 14:00:00+00:00,42410099999,2025-03-24 06:00:00+00:00,32,25.0,29.0,24.0,24.0,1.3333333333333333,-0.923879532511287,0.38268343236508917,0.9897936029670716,0.14250832791617088,0.8999999999999986,0.06253510610052129,0.0,0.5952380952380949,4.734923561556918,0,1.0,0.0,0.0,True,train
2025-03-25 15:00:00+00:00,42410099999,2025-03-24 06:00:00+00:00,33,24.0,29.0,23.0,23.3,1.375,-0.7933533402912357,0.6087614290087199,0.9897936029670716,0.14250832791617088,0.8999999999999986,0.057535075086036724,-0.3000000000000007,1.2952380952380942,4.734923561556918,0,1.0,0.0,0.0,True,train
2025-03-25 16:00:00+00:00,42410099999,2025-03-24 06:00:00+00:00,34,23.0,29.0,22.0,23.7,1.4166666666666667,-0.6087614290087209,0.7933533402912349,0.9897936029670716,0.14250832791617088,0.8999999999999986,0.05293482447818681,-1.6999999999999993,0.8952380952380956,4.734923561556918,0,1.0,0.0,0.0,True,train
2025-03-25 17:00:00+00:00,42410099999,2025-03-24 06:00:00+00:00,35,24.0,29.0,20.0,23.0,1.4583333333333333,-0.38268343236508956,0.9238795325112868,0.9897936029670716,0.14250832791617088,0.8999999999999986,0.048702389600539374,-3.0,1.595238095238095,4.734923561556918,0,1.0,0.0,0.0,True,train
2025-03-25 18:00:00+00:00,42410099999,2025-03-24 06:00:00+00:00,36,22.0,29.0,21.0,22.2,1.5,-0.13052619222005168,0.9914448613738104,0.9897936029670716,0.14250832791617088,0.8999999999999986,0.04480836153107748,-1.1999999999999993,2.3952380952380956,4.734923561556918,0,1.0,0.0,0.0,True,train
2025-03-25 19:00:00+00:00,42410099999,2025-03-24 06:00:00+00:00,37,21.0,29.0,20.0,21.4,1.5416666666666667,0.13052619222005157,0.9914448613738104,0.992098522791769,0.12546123335273648,0.8999999999999986,0.04122568275535926,-1.3999999999999986,3.1952380952380963,4.734923561556918,0,1.0,0.0,0.0,True,train
2025-03-25 20:00:00+00:00,42410099999,2025-03-24 06:00:00+00:00,38,22.0,29.0,18.0,20.8,1.5833333333333333,0.3826834323650898,0.9238795325112867,0.992098522791769,0.12546123335273648,0.8999999999999986,0.03792945915834871,-2.8000000000000007,3.795238095238094,4.734923561556918,0,1.0,0.0,0.0,True,train
2025-03-25 21:00:00+00:00,42410099999,2025-03-24 06:00:00+00:00,39,21.0,29.0,18.0,20.3,1.625,0.6087614290087207,0.7933533402912352,0.992098522791769,0.12546123335273648,0.8999999999999986,0.03489678704854975,-2.3000000000000007,4.295238095238094,4.734923561556918,0,1.0,0.0,0.0,True,train
2025-03-25 22:00:00+00:00,42410099999,2025-03-24 06:00:00+00:00,40,21.0,29.0,17.0,20.3,1.6666666666666667,0.7933533402912352,0.6087614290087207,0.992098522791769,0.12546123335273648,0.8999999999999986,0.03210659401252711,-3.3000000000000007,4.295238095238094,4.734923561556918,0,1.0,0.0,0.0,True,train
2025-03-25 23:00:00+00:00,42410099999,2025-03-24 06:00:00+00:00,41,19.0,29.0,17.0,20.4,1.7083333333333333,0.9238795325112867,0.38268343236508984,0.992098522791769,0.12546123335273648,0.8999999999999986,0.02953949249399684,-3.3999999999999986,4.195238095238096,4.734923561556918,0,1.0,0.0,0.0,True,train
2025-03-26 00:00:00+00:00,42410099999,2025-03-24 06:00:00+00:00,42,,29.0,17.0,20.0,1.75,0.9914448613738104,0.1305261922200517,0.992098522791769,0.12546123335273648,0.8999999999999986,0.027177645080086608,-3.0,4.595238095238095,4.734923561556918,0,1.0,0.0,0.0,False,train
2025-03-26 01:00:00+00:00,42410099999,2025-03-24 06:00:00+00:00,43,20.0,29.0,18.0,20.4,1.7916666666666667,0.9914448613738104,-0.1305261922200516,0.992098522791769,0.12546123335273648,0.8999999999999986,0.025004640558711787,-2.3999999999999986,4.195238095238096,4.734923561556918,0,1.0,0.0,0.0,True,train
2025-03-26 02:00:00+00:00,42410099999,2025-03-24 06:00:00+00:00,44,,29.0,21.0,22.5,1.8333333333333333,0.9238795325112868,-0.3826834323650895,0.992098522791769,0.12546123335273648,0.8999999999999986,0.023005379885856627,-1.5,2.095238095238095,4.734923561556918,0,1.0,0.0,0.0,False,train
2025-03-26 03:00:00+00:00,42410099999,2025-03-24 06:00:00+00:00,45,,29.0,25.0,24.6,1.875,0.7933533402912352,-0.6087614290087207,0.992098522791769,0.12546123335273648,0.8999999999999986,0.021165971270408163,0.3999999999999986,-0.004761904761906521,4.734923561556918,0,1.0,0.0,0.0,False,train
2025-03-26 04:00:00+00:00,42410099999,2025-03-24 06:00:00+00:00,46,28.0,29.0,26.0,26.8,1.9166666666666667,0.6087614290087209,-0.793353340291235,0.992098522791769,0.12546123335273648,0.8999999999999986,0.01947363364754375,-0.8000000000000007,-2.204761904761906,4.734923561556918,0,1.0,0.0,0.0,True,train
2025-03-26 05:00:00+00:00,42410099999,2025-03-24 06:00:00+00:00,47,30.0,29.0,28.0,28.5,1.9583333333333333,0.3826834323650899,-0.9238795325112867,0.992098522791769,0.12546123335273648,0.8999999999999986,0.01791660786996029,-0.5,-3.904761904761905,4.734923561556918,0,1.0,0.0,0.0,True,train
2025-03-26 06:00:00+00:00,42410099999,2025-03-24 06:00:00+00:00,48,,29.0,29.0,29.7,2.0,0.130526192220052,-0.9914448613738104,0.992098522791769,0.12546123335273648,0.8999999999999986,0.016484074999860734,-0.6999999999999993,-5.104761904761904,4.734923561556918,0,1.0,0.0,0.0,False,train
2025-03-24 07:00:00+00:00,43128599999,2025-03-24 06:00:00+00:00,1,32.0,30.0,30.0,32.9,0.041666666666666664,-0.13052619222005177,-0.9914448613738104,0.9871957872910085,0.15951325197263655,-1.8000000000000007,-1.6560799463327827,-2.8999999999999986,-5.007142857142856,4.723340870569457,1,0.0,1.0,0.0,True,train
2025-03-24 08:00:00+00:00,43128599999,2025-03-24 06:00:00+00:00,2,33.0,30.0,31.0,33.8,0.08333333333333333,-0.38268343236508967,-0.9238795325112868,0.9871957872910085,0.15951325197263655,-1.8000000000000007,-1.523667104803106,-2.799999999999997,-5.907142857142855,4.723340870569457,1,0.0,1.0,0.0,True,train
2025-03-24 09:00:00+00:00,43128599999,2025-03-24 06:00:00+00:00,3,32.0,30.0,32.0,33.8,0.125,-0.6087614290087207,-0.7933533402912352,0.9871957872910085,0.15951325197263655,-1.8000000000000007,-1.4018414095285294,-1.7999999999999972,-5.907142857142855,4.723340870569457,1,0.0,1.0,0.0,True,train
2025-03-24 10:00:00+00:00,43128599999,2025-03-24 06:00:00+00:00,4,33.0,30.0,32.0,33.6,0.16666666666666666,-0.7933533402912349,-0.6087614290087209,0.9871957872910085,0.15951325197263655,-1.8000000000000007,-1.2897563590328212,-1.6000000000000014,-5.707142857142859,4.723340870569457,1,0.0,1.0,0.0,True,train
2025-03-24 11:00:00+00:00,43128599999,2025-03-24 06:00:00+00:00,5,32.0,30.0,31.0,33.0,0.20833333333333334,-0.9238795325112868,-0.3826834323650895,0.9871957872910085,0.15951325197263655,-1.8000000000000007,-1.1866331343607992,-2.0,-5.107142857142858,4.723340870569457,1,0.0,1.0,0.0,True,train
2025-03-24 12:00:00+00:00,43128599999,2025-03-24 06:00:00+00:00,6,32.0,30.0,31.0,32.0,0.25,-0.9914448613738104,-0.13052619222005163,0.9871957872910085,0.15951325197263655,-1.8000000000000007,-1.0917551874827407,-1.0,-4.107142857142858,4.723340870569457,1,0.0,1.0,0.0,True,train
2025-03-24 13:00:00+00:00,43128599999,2025-03-24 06:00:00+00:00,7,30.0,30.0,30.0,30.1,0.2916666666666667,-0.9914448613738105,0.13052619222005127,0.9871957872910085,0.15951325197263655,-1.8000000000000007,-1.0044632623860852,-0.10000000000000142,-2.207142857142859,4.723340870569457,1,0.0,1.0,0.0,True,train
2025-03-24 14:00:00+00:00,43128599999,2025-03-24 06:00:00+00:00,8,28.0,30.0,28.0,28.9,0.3333333333333333,-0.923879532511287,0.38268343236508917,0.9871957872910085,0.15951325197263655,-1.8000000000000007,-0.924150814258666,-0.8999999999999986,-1.0071428571428562,4.723340870569457,1,0.0,1.0,0.0,True,train
2025-03-24 15:00:00+00:00,43128599999,2025-03-24 06:00:00+00:00,9,27.0,30.0,28.0,28.3,0.375,-0.7933533402912357,0.6087614290087199,0.9871957872910085,0.15951325197263655,-1.8000000000000007,-0.8502597949338268,-0.3000000000000007,-0.40714285714285836,4.723340870569457,1,0.0,1.0,0.0,True,train
2025-03-24 16:00:00+00:00,43128599999,2025-03-24 06:00:00+00:00,10,26.0,30.0,27.0,27.2,0.4166666666666667,-0.6087614290087209,0.7933533402912349,0.9871957872910085,0.15951325197263655,-1.8000000000000007,-0.7822767753127411,-0.1999999999999993,0.6928571428571431,4.723340870569457,1,0.0,1.0,0.0,True,train
2025-03-24 17:00:00+00:00,43128599999,2025-03-24 06:00:00+00:00,11,26.0,30.0,26.0,26.1,0.4583333333333333,-0.38268343236508956,0.9238795325112868,0.9871957872910085,0.15951325197263655,-1.8000000000000007,-0.7197293778207255,-0.10000000000000142,1.792857142857141,4.723340870569457,1,0.0,1.0,0.0,True,train
2025-03-24 18:00:00+00:00,43128599999,2025-03-24 06:00:00+00:00,12,25.0,30.0,26.0,25.2,0.5,-0.13052619222005168,0.9914448613738104,0.9871957872910085,0.15951325197263655,-1.8000000000000007,-0.6621829941085965,0.8000000000000007,2.692857142857143,4.723340870569457,1,0.0,1.0,0.0,True,train
2025-03-24 19:00:00+00:00,43128599999,2025-03-24 06:00:00+00:00,13,25.0,30.0,26.0,24.6,0.5416666666666666,0.13052619222005157,0.9914448613738104,0.9897936029670716,0.14250832791617088,-1.8000000000000007,-0.6092377651921362,1.3999999999999986,3.292857142857141,4.723340870569457,1,0.0,1.0,0.0,True,train
2025-03-24 20:00:00+00:00,43128599999,2025-03-24 06:00:00+00:00,14,24.0,30.0,25.0,24.3,0.5833333333333334,0.3826834323650898,0.9238795325112867,0.9897936029670716,0.14250832791617088,-1.8000000000000007,-0.5605258030462761,0.6999999999999993,3.5928571428571416,4.723340870569457,1,0.0,1.0,0.0,True,train
2025-03-24 21:00:00+00:00,43128599999,2025-03-24 06:00:00+00:00,15,23.0,30.0,24.0,23.2,0.625,0.6087614290087207,0.7933533402912352,0.9897936029670716,0.14250832791617088,-1.8000000000000007,-0.5157086343483424,0.8000000000000007,4.692857142857143,4.723340870569457,1,0.0,1.0,0.0,True,train
2025-03-24 22:00:00+00:00,43128599999,2025-03-24 06:00:00+00:00,16,24.0,30.0,23.0,22.4,0.6666666666666666,0.7933533402912352,0.6087614290087207,0.9897936029670716,0.14250832791617088,-1.8000000000000007,-0.47447484860830835,0.6000000000000014,5.492857142857144,4.723340870569457,1,0.0,1.0,0.0,True,train
2025-03-24 23:00:00+00:00,43128599999,2025-03-24 06:00:00+00:00,17,24.0,30.0,23.0,21.5,0.7083333333333334,0.9238795325112867,0.38268343236508984,0.9897936029670716,0.14250832791617088,-1.8000000000000007,-0.43653793434416777,1.5,6.392857142857142,4.723340870569457,1,0.0,1.0,0.0,True,train
2025-03-25 00:00:00+00:00,43128599999,2025-03-24 06:00:00+00:00,18,22.0,30.0,23.0,21.2,0.75,0.9914448613738104,0.1305261922200517,0.9897936029670716,0.14250832791617088,-1.8000000000000007,-0.40163428826717384,1.8000000000000007,6.692857142857143,4.723340870569457,1,0.0,1.0,0.0,True,train
2025-03-25 01:00:00+00:00,43128599999,2025-03-24 06:00:00+00:00,19,23.0,30.0,23.0,21.1,0.7916666666666666,0.9914448613738104,-0.1305261922200516,0.9897936029670716,0.14250832791617088,-1.8000000000000007,-0.36952138364383685,1.8999999999999986,6.792857142857141,4.723340870569457,1,0.0,1.0,0.0,True,train
2025-03-25 02:00:00+00:00,43128599999,2025-03-24 06:00:00+00:00,20,,30.0,24.0,24.1,0.8333333333333334,0.9238795325112868,-0.3826834323650895,0.9897936029670716,0.14250832791617088,-1.8000000000000007,-0.3399760851076114,-0.10000000000000142,3.792857142857141,4.723340870569457,1,0.0,1.0,0.0,False,train
2025-03-25 03:00:00+00:00,43128599999,2025-03-24 06:00:00+00:00,21,26.0,30.0,26.0,27.2,0.875,0.7933533402912352,-0.6087614290087207,0.9897936029670716,0.14250832791617088,-1.8000000000000007,-0.31279309821080137,-1.1999999999999993,0.6928571428571431,4.723340870569457,1,0.0,1.0,0.0,True,train
2025-03-25 04:00:00+00:00,43128599999,2025-03-24 06:00:00+00:00,22,30.0,30.0,28.0,30.0,0.9166666666666666,0.6087614290087209,-0.793353340291235,0.9897936029670716,0.14250832791617088,-1.8000000000000007,-0.28778354294344916,-2.0,-2.1071428571428577,4.723340870569457,1,0.0,1.0,0.0,True,train
2025-03-25 05:00:00+00:00,43128599999,2025-03-24 06:00:00+00:00,23,32.0,30.0,30.0,31.9,0.9583333333333334,0.3826834323650899,-0.9238795325112867,0.9897936029670716,0.14250832791617088,-1.8000000000000007,-0.26477364130735837,-1.8999999999999986,-4.007142857142856,4.723340870569457,1,0.0,1.0,0.0,True,train
2025-03-25 06:00:00+00:00,43128599999,2025-03-24 06:00:00+00:00,24,33.0,30.0,30.0,33.2,1.0,0.130526192220052,-0.9914448613738104,0.9897936029670716,0.14250832791617088,-1.8000000000000007,-0.24360350982590295,-3.200000000000003,-5.3071428571428605,4.723340870569457,1,0.0,1.0,0.0,True,train
2025-03-25 07:00:00+00:00,43128599999,2025-03-24 06:00:00+00:00,25,34.0,30.0,30.0,34.2,1.0416666666666667,-0.13052619222005177,-0.9914448613738104,0.9897936029670716,0.14250832791617088,-1.8000000000000007,-0.22412604859942142,-4.200000000000003,-6.3071428571428605,4.723340870569457,1,0.0,1.0,0.0,True,train
2025-03-25 08:00:00+00:00,43128599999,2025-03-24 06:00:00+00:00,26,34.0,30.0,31.0,34.9,1.0833333333333333,-0.38268343236508967,-0.9238795325112868,0.9897936029670716,0.14250832791617088,-1.8000000000000007,-0.206205919186838,-3.8999999999999986,-7.007142857142856,4.723340870569457,1,0.0,1.0,0.0,True,train
2025-03-25 09:00:00+00:00,43128599999,2025-03-24 06:00:00+00:00,27,34.0,30.0,32.0,35.2,1.125,-0.6087614290087207,-0.7933533402912352,0.9897936029670716,0.14250832791617088,-1.8000000000000007,-0.18971860421135586,-3.200000000000003,-7.3071428571428605,4.723340870569457,1,0.0,1.0,0.0,True,train
2025-03-25 10:00:00+00:00,43128599999,2025-03-24 06:00:00+00:00,28,34.0,30.0,32.0,35.2,1.1666666666666667,-0.7933533402912349,-0.6087614290087209,0.9897936029670716,0.14250832791617088,-1.8000000000000007,-0.17454954215592916,-3.200000000000003,-7.3071428571428605,4.723340870569457,1,0.0,1.0,0.0,True,train
2025-03-25 11:00:00+00:00,43128599999,2025-03-24 06:00:00+00:00,29,,30.0,31.0,34.7,1.2083333333333333,-0.9238795325112868,-0.3826834323650895,0.9897936029670716,0.14250832791617088,-1.8000000000000007,-0.16059333133666825,-3.700000000000003,-6.8071428571428605,4.723340870569457,1,0.0,1.0,0.0,False,train
2025-03-25 12:00:00+00:00,43128599999,2025-03-24 06:00:00+00:00,30,33.0,30.0,31.0,33.5,1.25,-0.9914448613738104,-0.13052619222005163,0.9897936029670716,0.14250832791617088,-1.8000000000000007,-0.1477529975230179,-2.5,-5.607142857142858,4.723340870569457,1,0.0,1.0,0.0,True,train
2025-03-25 13:00:00+00:00,43128599999,2025-03-24 06:00:00+00:00,31,,30.0,30.0,30.2,1.2916666666666667,-0.9914448613738105,0.13052619222005127,0.9897936029670716,0.14250832791617088,-1.8000000000000007,-0.13593932011579282,-0.1999999999999993,-2.307142857142857,4.723340870569457,1,0.0,1.0,0.0,False,train
2025-03-25 14:00:00+00:00,43128599999,2025-03-24 06:00:00+00:00,32,30.0,30.0,28.0,28.8,1.3333333333333333,-0.923879532511287,0.38268343236508917,0.9897936029670716,0.14250832791617088,-1.8000000000000007,-0.12507021220104284,-0.8000000000000007,-0.9071428571428584,4.723340870569457,1,0.0,1.0,0.0,True,train
2025-03-25 15:00:00+00:00,43128599999,2025-03-24 06:00:00+00:00,33,28.0,30.0,28.0,27.6,1.375,-0.7933533402912357,0.6087614290087199,0.9897936029670716,0.14250832791617088,-1.8000000000000007,-0.11507015017207367,0.3999999999999986,0.29285714285714093,4.723340870569457,1,0.0,1.0,0.0,True,train
2025-03-25 16:00:00+00:00,43128599999,2025-03-24 06:00:00+00:00,34,27.0,30.0,27.0,26.7,1.4166666666666667,-0.6087614290087209,0.7933533402912349,0.9897936029670716,0.14250832791617088,-1.8000000000000007,-0.10586964895637382,0.3000000000000007,1.192857142857143,4.723340870569457,1,0.0,1.0,0.0,True,train
2025-03-25 17:00:00+00:00,43128599999,2025-03-24 06:00:00+00:00,35,27.0,30.0,26.0,25.7,1.4583333333333333,-0.38268343236508956,0.9238795325112868,0.9897936029670716,0.14250832791617088,-1.8000000000000007,-0.09740477920107893,0.3000000000000007,2.192857142857143,4.723340870569457,1,0.0,1.0,0.0,True,train
2025-03-25 18:00:00+00:00,43128599999,2025-03-24 06:00:00+00:00,36,26.0,30.0,26.0,25.0,1.5,-0.13052619222005168,0.9914448613738104,0.9897936029670716,0.14250832791617088,-1.8000000000000007,-0.08961672306215514,1.0,2.8928571428571423,4.723340870569457,1,0.0,1.0,0.0,True,train
2025-03-25 19:00:00+00:00,43128599999,2025-03-24 06:00:00+00:00,37,26.0,30.0,26.0,24.2,1.5416666666666667,0.13052619222005157,0.9914448613738104,0.992098522791769,0.12546123335273648,-1.8000000000000007,-0.08245136551071869,1.8000000000000007,3.692857142857143,4.723340870569457,1,0.0,1.0,0.0,True,train
2025-03-25 20:00:00+00:00,43128599999,2025-03-24 06:00:00+00:00,38,24.0,30.0,25.0,24.1,1.5833333333333333,0.3826834323650898,0.9238795325112867,0.992098522791769,0.12546123335273648,-1.8000000000000007,-0.07585891831669755,0.8999999999999986,3.792857142857141,4.723340870569457,1,0.0,1.0,0.0,True,train
2025-03-25 21:00:00+00:00,43128599999,2025-03-24 06:00:00+00:00,39,23.0,30.0,24.0,23.8,1.625,0.6087614290087207,0.7933533402912352,0.992098522791769,0.12546123335273648,-1.8000000000000007,-0.06979357409709964,0.1999999999999993,4.092857142857142,4.723340870569457,1,0.0,1.0,0.0,True,train
2025-03-25 22:00:00+00:00,43128599999,2025-03-24 06:00:00+00:00,40,23.0,30.0,23.0,23.6,1.6666666666666667,0.7933533402912352,0.6087614290087207,0.992098522791769,0.12546123335273648,-1.8000000000000007,-0.06421318802505434,-0.6000000000000014,4.292857142857141,4.723340870569457,1,0.0,1.0,0.0,True,train
2025-03-25 23:00:00+00:00,43128599999,2025-03-24 06:00:00+00:00,41,23.0,30.0,23.0,23.7,1.7083333333333333,0.9238795325112867,0.38268343236508984,0.992098522791769,0.12546123335273648,-1.8000000000000007,-0.0590789849879938,-0.6999999999999993,4.192857142857143,4.723340870569457,1,0.0,1.0,0.0,True,train
2025-03-26 00:00:00+00:00,43128599999,2025-03-24 06:00:00+00:00,42,23.0,30.0,23.0,23.9,1.75,0.9914448613738104,0.1305261922200517,0.992098522791769,0.12546123335273648,-1.8000000000000007,-0.05435529016017332,-0.8999999999999986,3.9928571428571438,4.723340870569457,1,0.0,1.0,0.0,True,train
2025-03-26 01:00:00+00:00,43128599999,2025-03-24 06:00:00+00:00,43,24.0,30.0,23.0,23.6,1.7916666666666667,0.9914448613738104,-0.1305261922200516,0.992098522791769,0.12546123335273648,-1.8000000000000007,-0.05000928111742367,-0.6000000000000014,4.292857142857141,4.723340870569457,1,0.0,1.0,0.0,True,train
2025-03-26 02:00:00+00:00,43128599999,2025-03-24 06:00:00+00:00,44,,30.0,24.0,25.2,1.8333333333333333,0.9238795325112868,-0.3826834323650895,0.992098522791769,0.12546123335273648,-1.8000000000000007,-0.046010759771713344,-1.1999999999999993,2.692857142857143,4.723340870569457,1,0.0,1.0,0.0,False,train
2025-03-26 03:00:00+00:00,43128599999,2025-03-24 06:00:00+00:00,45,27.0,30.0,26.0,28.4,1.875,0.7933533402912352,-0.6087614290087207,0.992098522791769,0.12546123335273648,-1.8000000000000007,-0.04233194254081641,-2.3999999999999986,-0.5071428571428562,4.723340870569457,1,0.0,1.0,0.0,True,train
2025-03-26 04:00:00+00:00,43128599999,2025-03-24 06:00:00+00:00,46,30.0,30.0,28.0,31.3,1.9166666666666667,0.6087614290087209,-0.793353340291235,0.992098522791769,0.12546123335273648,-1.8000000000000007,-0.03894726729508758,-3.3000000000000007,-3.4071428571428584,4.723340870569457,1,0.0,1.0,0.0,True,train
2025-03-26 05:00:00+00:00,43128599999,2025-03-24 06:00:00+00:00,47,32.0,30.0,30.0,33.2,1.9583333333333333,0.3826834323650899,-0.9238795325112867,0.992098522791769,0.12546123335273648,-1.8000000000000007,-0.03583321573992065,-3.200000000000003,-5.3071428571428605,4.723340870569457,1,0.0,1.0,0.0,True,train
2025-03-26 06:00:00+00:00,43128599999,2025-03-24 06:00:00+00:00,48,33.0,30.0,30.0,34.5,2.0,0.130526192220052,-0.9914448613738104,0.992098522791769,0.12546123335273648,-1.8000000000000007,-0.03296814999972154,-4.5,-6.607142857142858,4.723340870569457,1,0.0,1.0,0.0,True,train
2025-03-24 07:00:00+00:00,43279099999,2025-03-24 06:00:00+00:00,1,33.0,33.0,33.0,33.2,0.041666666666666664,-0.13052619222005177,-0.9914448613738104,0.9871957872910085,0.15951325197263655,-0.10000000000000142,-0.09200444146293364,-0.20000000000000284,-2.967857142857145,1.8386499132247445,0,0.0,0.0,1.0,True,train
2025-03-24 08:00:00+00:00,43279099999,2025-03-24 06:00:00+00:00,2,33.0,33.0,33.0,33.1,0.08333333333333333,-0.38268343236508967,-0.9238795325112868,0.9871957872910085,0.15951325197263655,-0.10000000000000142,-0.08464817248906262,-0.10000000000000142,-2.8678571428571438,1.8386499132247445,0,0.0,0.0,1.0,True,train
2025-03-24 09:00:00+00:00,43279099999,2025-03-24 06:00:00+00:00,3,32.0,33.0,32.0,32.6,0.125,-0.6087614290087207,-0.7933533402912352,0.9871957872910085,0.15951325197263655,-0.10000000000000142,-0.0778800783071416,-0.6000000000000014,-2.3678571428571438,1.8386499132247445,0,0.0,0.0,1.0,True,train
2025-03-24 10:00:00+00:00,43279099999,2025-03-24 06:00:00+00:00,4,32.0,33.0,32.0,32.0,0.16666666666666666,-0.7933533402912349,-0.6087614290087209,0.9871957872910085,0.15951325197263655,-0.10000000000000142,-0.07165313105737994,0.0,-1.7678571428571423,1.8386499132247445,0,0.0,0.0,1.0,True,train
2025-03-24 11:00:00+00:00,43279099999,2025-03-24 06:00:00+00:00,5,31.0,33.0,31.0,31.0,0.20833333333333334,-0.9238795325112868,-0.3826834323650895,0.9871957872910085,0.15951325197263655,-0.10000000000000142,-0.06592406302004532,0.0,-0.7678571428571423,1.8386499132247445,0,0.0,0.0,1.0,True,train
2025-03-24 12:00:00+00:00,43279099999,2025-03-24 06:00:00+00:00,6,31.0,33.0,31.0,29.8,0.25,-0.9914448613738104,-0.13052619222005163,0.9871957872910085,0.15951325197263655,-0.10000000000000142,-0.06065306597126421,1.1999999999999993,0.43214285714285694,1.8386499132247445,0,0.0,0.0,1.0,True,train
2025-03-24 13:00:00+00:00,43279099999,2025-03-24 06:00:00+00:00,7,30.0,33.0,30.0,28.9,0.2916666666666667,-0.9914448613738105,0.13052619222005127,0.9871957872910085,0.15951325197263655,-0.10000000000000142,-0.055803514577005504,1.1000000000000014,1.332142857142859,1.8386499132247445,0,0.0,0.0,1.0,True,train
2025-03-24 14:00:00+00:00,43279099999,2025-03-24 06:00:00+00:00,8,29.0,33.0,30.0,28.8,0.3333333333333333,-0.923879532511287,0.38268343236508917,0.9871957872910085,0.15951325197263655,-0.10000000000000142,-0.05134171190325993,1.1999999999999993,1.432142857142857,1.8386499132247445,0,0.0,0.0,1.0,True,train
2025-03-24 15:00:00+00:00,43279099999,2025-03-24 06:00:00+00:00,9,29.0,33.0,30.0,28.5,0.375,-0.7933533402912357,0.6087614290087199,0.9871957872910085,0.15951325197263655,-0.10000000000000142,-0.04723665527410214,1.5,1.7321428571428577,1.8386499132247445,0,0.0,0.0,1.0,True,train
2025-03-24 16:00:00+00:00,43279099999,2025-03-24 06:00:00+00:00,10,29.0,33.0,30.0,28.1,0.4166666666666667,-0.6087614290087209,0.7933533402912349,0.9871957872910085,0.15951325197263655,-0.10000000000000142,-0.04345982085070844,1.8999999999999986,2.1321428571428562,1.8386499132247445,0,0.0,0.0,1.0,True,train
2025-03-24 17:00:00+00:00,43279099999,2025-03-24 06:00:00+00:00,11,29.0,33.0,30.0,27.7,0.4583333333333333,-0.38268343236508956,0.9238795325112868,0.9871957872910085,0.15951325197263655,-0.10000000000000142,-0.039984965434485306,2.3000000000000007,2.5321428571428584,1.8386499132247445,0,0.0,0.0,1.0,True,train
2025-03-24 18:00:00+00:00,43279099999,2025-03-24 06:00:00+00:00,12,28.0,33.0,30.0,27.2,0.5,-0.13052619222005168,0.9914448613738104,0.9871957872910085,0.15951325197263655,-0.10000000000000142,-0.036787944117144755,2.8000000000000007,3.0321428571428584,1.8386499132247445,0,0.0,0.0,1.0,True,train
2025-03-24 19:00:00+00:00,43279099999,2025-03-24 06:00:00+00:00,13,28.0,33.0,29.0,26.4,0.5416666666666666,0.13052619222005157,0.9914448613738104,0.9897936029670716,0.14250832791617088,-0.10000000000000142,-0.033846542510674704,2.6000000000000014,3.832142857142859,1.8386499132247445,0,0.0,0.0,1.0,True,train
2025-03-24 20:00:00+00:00,43279099999,2025-03-24 06:00:00+00:00,14,27.0,33.0,29.0,25.8,0.5833333333333334,0.3826834323650898,0.9238795325112867,0.9897936029670716,0.14250832791617088,-0.10000000000000142,-0.03114032239146021,3.1999999999999993,4.432142857142857,1.8386499132247445,0,0.0,0.0,1.0,True,train
2025-03-24 21:00:00+00:00,43279099999,2025-03-24 06:00:00+00:00,15,27.0,33.0,29.0,25.0,0.625,0.6087614290087207,0.7933533402912352,0.9897936029670716,0.14250832791617088,-0.10000000000000142,-0.028650479686019418,4.0,5.232142857142858,1.8386499132247445,0,0.0,0.0,1.0,True,train
2025-03-24 22:00:00+00:00,43279099999,2025-03-24 06:00:00+00:00,16,27.0,33.0,29.0,24.5,0.6666666666666666,0.7933533402912352,0.6087614290087207,0.9897936029670716,0.14250832791617088,-0.10000000000000142,-0.02635971381157305,4.5,5.732142857142858,1.8386499132247445,0,0.0,0.0,1.0,True,train
2025-03-24 23:00:00+00:00,43279099999,2025-03-24 06:00:00+00:00,17,27.0,33.0,28.0,24.0,0.7083333333333334,0.9238795325112867,0.38268343236508984,0.9897936029670716,0.14250832791617088,-0.10000000000000142,-0.024252107463565212,4.0,6.232142857142858,1.8386499132247445,0,0.0,0.0,1.0,True,train
2025-03-25 00:00:00+00:00,43279099999,2025-03-24 06:00:00+00:00,18,26.0,33.0,27.0,23.6,0.75,0.9914448613738104,0.1305261922200517,0.9897936029670716,0.14250832791617088,-0.10000000000000142,-0.022313016014843298,3.3999999999999986,6.632142857142856,1.8386499132247445,0,0.0,0.0,1.0,True,train
2025-03-25 01:00:00+00:00,43279099999,2025-03-24 06:00:00+00:00,19,26.0,33.0,27.0,23.3,0.7916666666666666,0.9914448613738104,-0.1305261922200516,0.9897936029670716,0.14250832791617088,-0.10000000000000142,-0.020528965757991218,3.6999999999999993,6.932142857142857,1.8386499132247445,0,0.0,0.0,1.0,True,train
2025-03-25 02:00:00+00:00,43279099999,2025-03-24 06:00:00+00:00,20,27.0,33.0,28.0,25.3,0.8333333333333334,0.9238795325112868,-0.3826834323650895,0.9897936029670716,0.14250832791617088,-0.10000000000000142,-0.01888756028375645,2.6999999999999993,4.932142857142857,1.8386499132247445,0,0.0,0.0,1.0,True,train
2025-03-25 03:00:00+00:00,43279099999,2025-03-24 06:00:00+00:00,21,29.0,33.0,30.0,28.2,0.875,0.7933533402912352,-0.6087614290087207,0.9897936029670716,0.14250832791617088,-0.10000000000000142,-0.01737739434504476,1.8000000000000007,2.0321428571428584,1.8386499132247445,0,0.0,0.0,1.0,True,train
2025-03-25 04:00:00+00:00,43279099999,2025-03-24 06:00:00+00:00,22,30.0,33.0,31.0,30.2,0.9166666666666666,0.6087614290087209,-0.793353340291235,0.9897936029670716,0.14250832791617088,-0.10000000000000142,-0.015987974607969618,0.8000000000000007,0.03214285714285836,1.8386499132247445,0,0.0,0.0,1.0,True,train
2025-03-25 05:00:00+00:00,43279099999,2025-03-24 06:00:00+00:00,23,32.0,33.0,32.0,32.2,0.9583333333333334,0.3826834323650899,-0.9238795325112867,0.9897936029670716,0.14250832791617088,-0.10000000000000142,-0.014709646739297888,-0.20000000000000284,-1.9678571428571452,1.8386499132247445,0,0.0,0.0,1.0,True,train
2025-03-25 06:00:00+00:00,43279099999,2025-03-24 06:00:00+00:00,24,32.0,33.0,33.0,33.9,1.0,0.130526192220052,-0.9914448613738104,0.9897936029670716,0.14250832791617088,-0.10000000000000142,-0.013533528323661462,-0.8999999999999986,-3.667857142857141,1.8386499132247445,0,0.0,0.0,1.0,True,train
2025-03-25 07:00:00+00:00,43279099999,2025-03-24 06:00:00+00:00,25,33.0,33.0,33.0,34.4,1.0416666666666667,-0.13052619222005177,-0.9914448613738104,0.9897936029670716,0.14250832791617088,-0.10000000000000142,-0.012451447144412472,-1.3999999999999986,-4.167857142857141,1.8386499132247445,0,0.0,0.0,1.0,True,train
2025-03-25 08:00:00+00:00,43279099999,2025-03-24 06:00:00+00:00,26,33.0,33.0,33.0,34.0,1.0833333333333333,-0.38268343236508967,-0.9238795325112868,0.9897936029670716,0.14250832791617088,-0.10000000000000142,-0.011455884399268935,-1.0,-3.7678571428571423,1.8386499132247445,0,0.0,0.0,1.0,True,train
2025-03-25 09:00:00+00:00,43279099999,2025-03-24 06:00:00+00:00,27,32.0,33.0,32.0,32.5,1.125,-0.6087614290087207,-0.7933533402912352,0.9897936029670716,0.14250832791617088,-0.10000000000000142,-0.010539922456186583,-0.5,-2.2678571428571423,1.8386499132247445,0,0.0,0.0,1.0,True,train
2025-03-25 10:00:00+00:00,43279099999,2025-03-24 06:00:00+00:00,28,32.0,33.0,32.0,31.4,1.1666666666666667,-0.7933533402912349,-0.6087614290087209,0.9897936029670716,0.14250832791617088,-0.10000000000000142,-0.009697196786440643,0.6000000000000014,-1.167857142857141,1.8386499132247445,0,0.0,0.0,1.0,True,train
2025-03-25 11:00:00+00:00,43279099999,2025-03-24 06:00:00+00:00,29,32.0,33.0,31.0,30.4,1.2083333333333333,-0.9238795325112868,-0.3826834323650895,0.9897936029670716,0.14250832791617088,-0.10000000000000142,-0.008921851740926138,0.6000000000000014,-0.16785714285714093,1.8386499132247445,0,0.0,0.0,1.0,True,train
2025-03-25 12:00:00+00:00,43279099999,2025-03-24 06:00:00+00:00,30,31.0,33.0,31.0,29.2,1.25,-0.9914448613738104,-0.13052619222005163,0.9897936029670716,0.14250832791617088,-0.10000000000000142,-0.008208499862389997,1.8000000000000007,1.0321428571428584,1.8386499132247445,0,0.0,0.0,1.0,True,train
2025-03-25 13:00:00+00:00,43279099999,2025-03-24 06:00:00+00:00,31,30.0,33.0,30.0,28.1,1.2916666666666667,-0.9914448613738105,0.13052619222005127,0.9897936029670716,0.14250832791617088,-0.10000000000000142,-0.007552184450877484,1.8999999999999986,2.1321428571428562,1.8386499132247445,0,0.0,0.0,1.0,True,train
2025-03-25 14:00:00+00:00,43279099999,2025-03-24 06:00:00+00:00,32,29.0,33.0,30.0,28.0,1.3333333333333333,-0.923879532511287,0.38268343236508917,0.9897936029670716,0.14250832791617088,-0.10000000000000142,-0.006948345122280253,2.0,2.2321428571428577,1.8386499132247445,0,0.0,0.0,1.0,True,train
2025-03-25 15:00:00+00:00,43279099999,2025-03-24 06:00:00+00:00,33,29.0,33.0,30.0,27.7,1.375,-0.7933533402912357,0.6087614290087199,0.9897936029670716,0.14250832791617088,-0.10000000000000142,-0.006392786120670848,2.3000000000000007,2.5321428571428584,1.8386499132247445,0,0.0,0.0,1.0,True,train
2025-03-25 16:00:00+00:00,43279099999,2025-03-24 06:00:00+00:00,34,29.0,33.0,30.0,27.3,1.4166666666666667,-0.6087614290087209,0.7933533402912349,0.9897936029670716,0.14250832791617088,-0.10000000000000142,-0.005881647164243072,2.6999999999999993,2.932142857142857,1.8386499132247445,0,0.0,0.0,1.0,True,train
2025-03-25 17:00:00+00:00,43279099999,2025-03-24 06:00:00+00:00,35,29.0,33.0,30.0,26.9,1.4583333333333333,-0.38268343236508956,0.9238795325112868,0.9897936029670716,0.14250832791617088,-0.10000000000000142,-0.005411376622282238,3.1000000000000014,3.332142857142859,1.8386499132247445,0,0.0,0.0,1.0,True,train
2025-03-25 18:00:00+00:00,43279099999,2025-03-24 06:00:00+00:00,36,29.0,33.0,30.0,26.3,1.5,-0.13052619222005168,0.9914448613738104,0.9897936029670716,0.14250832791617088,-0.10000000000000142,-0.004978706836786465,3.6999999999999993,3.932142857142857,1.8386499132247445,0,0.0,0.0,1.0,True,train
2025-03-25 19:00:00+00:00,43279099999,2025-03-24 06:00:00+00:00,37,29.0,33.0,29.0,25.6,1.5416666666666667,0.13052619222005157,0.9914448613738104,0.992098522791769,0.12546123335273648,-0.10000000000000142,-0.004580631417262213,3.3999999999999986,4.632142857142856,1.8386499132247445,0,0.0,0.0,1.0,True,train
2025-03-25 20:00:00+00:00,43279099999,2025-03-24 06:00:00+00:00,38,28.0,33.0,29.0,25.0,1.5833333333333333,0.3826834323650898,0.9238795325112867,0.992098522791769,0.12546123335273648,-0.10000000000000142,-0.004214384350927701,4.0,5.232142857142858,1.8386499132247445,0,0.0,0.0,1.0,True,train
2025-03-25 21:00:00+00:00,43279099999,2025-03-24 06:00:00+00:00,39,28.0,33.0,29.0,24.7,1.625,0.6087614290087207,0.7933533402912352,0.992098522791769,0.12546123335273648,-0.10000000000000142,-0.003877420783172256,4.300000000000001,5.532142857142858,1.8386499132247445,0,0.0,0.0,1.0,True,train
2025-03-25 22:00:00+00:00,43279099999,2025-03-24 06:00:00+00:00,40,27.0,33.0,29.0,24.1,1.6666666666666667,0.7933533402912352,0.6087614290087207,0.992098522791769,0.12546123335273648,-0.10000000000000142,-0.00356739933472529,4.899999999999999,6.132142857142856,1.8386499132247445,0,0.0,0.0,1.0,True,train
2025-03-25 23:00:00+00:00,43279099999,2025-03-24 06:00:00+00:00,41,27.0,33.0,28.0,23.6,1.7083333333333333,0.9238795325112867,0.38268343236508984,0.992098522791769,0.12546123335273648,-0.10000000000000142,-0.0032821658326663674,4.399999999999999,6.632142857142856,1.8386499132247445,0,0.0,0.0,1.0,True,train
2025-03-26 00:00:00+00:00,43279099999,2025-03-24 06:00:00+00:00,42,26.0,33.0,27.0,23.5,1.75,0.9914448613738104,0.1305261922200517,0.992098522791769,0.12546123335273648,-0.10000000000000142,-0.003019738342231893,3.5,6.732142857142858,1.8386499132247445,0,0.0,0.0,1.0,True,train
2025-03-26 01:00:00+00:00,43279099999,2025-03-24 06:00:00+00:00,43,26.0,33.0,27.0,23.6,1.7916666666666667,0.9914448613738104,-0.1305261922200516,0.992098522791769,0.12546123335273648,-0.10000000000000142,-0.0027782933954124647,3.3999999999999986,6.632142857142856,1.8386499132247445,0,0.0,0.0,1.0,True,train
2025-03-26 02:00:00+00:00,43279099999,2025-03-24 06:00:00+00:00,44,,33.0,28.0,25.7,1.8333333333333333,0.9238795325112868,-0.3826834323650895,0.992098522791769,0.12546123335273648,-0.10000000000000142,-0.0025561533206507766,2.3000000000000007,4.532142857142858,1.8386499132247445,0,0.0,0.0,1.0,False,train
2025-03-26 03:00:00+00:00,43279099999,2025-03-24 06:00:00+00:00,45,29.0,33.0,30.0,28.5,1.875,0.7933533402912352,-0.6087614290087207,0.992098522791769,0.12546123335273648,-0.10000000000000142,-0.002351774585600944,1.5,1.7321428571428577,1.8386499132247445,0,0.0,0.0,1.0,True,train
2025-03-26 04:00:00+00:00,43279099999,2025-03-24 06:00:00+00:00,46,30.0,33.0,31.0,30.6,1.9166666666666667,0.6087614290087209,-0.793353340291235,0.992098522791769,0.12546123335273648,-0.10000000000000142,-0.00216373707194934,0.3999999999999986,-0.36785714285714377,1.8386499132247445,0,0.0,0.0,1.0,True,train
2025-03-26 05:00:00+00:00,43279099999,2025-03-24 06:00:00+00:00,47,32.0,33.0,32.0,32.8,1.9583333333333333,0.3826834323650899,-0.9238795325112867,0.992098522791769,0.12546123335273648,-0.10000000000000142,-0.0019907342077733967,-0.7999999999999972,-2.5678571428571395,1.8386499132247445,0,0.0,0.0,1.0,True,train
2025-03-26 06:00:00+00:00,43279099999,2025-03-24 06:00:00+00:00,48,33.0,33.0,33.0,34.3,2.0,0.130526192220052,-0.9914448613738104,0.992098522791769,0.12546123335273648,-0.10000000000000142,-0.0018315638888734438,-1.2999999999999972,-4.0678571428571395,1.8386499132247445,0,0.0,0.0,1.0,True,train
2025-03-26 07:00:00+00:00,42410099999,2025-03-26 06:00:00+00:00,1,,30.0,32.0,30.9,0.041666666666666664,-0.13052619222005177,-0.9914448613738104,0.992098522791769,0.12546123335273648,0.0,0.0,1.1000000000000014,-7.251190476190473,4.364548578839758,1,1.0,0.0,0.0,False,train
2025-03-26 08:00:00+00:00,42410099999,2025-03-26 06:00:00+00:00,2,,30.0,32.0,31.4,0.08333333333333333,-0.38268343236508967,-0.9238795325112868,0.992098522791769,0.12546123335273648,0.0,0.0,0.6000000000000014,-7.751190476190473,4.364548578839758,1,1.0,0.0,0.0,False,train
2025-03-26 09:00:00+00:00,42410099999,2025-03-26 06:00:00+00:00,3,,30.0,33.0,31.5,0.125,-0.6087614290087207,-0.7933533402912352,0.992098522791769,0.12546123335273648,0.0,0.0,1.5,-7.8511904761904745,4.364548578839758,1,1.0,0.0,0.0,False,train
2025-03-26 10:00:00+00:00,42410099999,2025-03-26 06:00:00+00:00,4,,30.0,32.0,31.1,0.16666666666666666,-0.7933533402912349,-0.6087614290087209,0.992098522791769,0.12546123335273648,0.0,0.0,0.8999999999999986,-7.451190476190476,4.364548578839758,1,1.0,0.0,0.0,False,train
2025-03-26 11:00:00+00:00,42410099999,2025-03-26 06:00:00+00:00,5,,30.0,32.0,29.4,0.20833333333333334,-0.9238795325112868,-0.3826834323650895,0.992098522791769,0.12546123335273648,0.0,0.0,2.6000000000000014,-5.751190476190473,4.364548578839758,1,1.0,0.0,0.0,False,train
2025-03-26 12:00:00+00:00,42410099999,2025-03-26 06:00:00+00:00,6,,30.0,30.0,27.6,0.25,-0.9914448613738104,-0.13052619222005163,0.992098522791769,0.12546123335273648,0.0,0.0,2.3999999999999986,-3.951190476190476,4.364548578839758,1,1.0,0.0,0.0,False,train
2025-03-26 13:00:00+00:00,42410099999,2025-03-26 06:00:00+00:00,7,,30.0,27.0,26.6,0.2916666666666667,-0.9914448613738105,0.13052619222005127,0.992098522791769,0.12546123335273648,0.0,0.0,0.3999999999999986,-2.951190476190476,4.364548578839758,1,1.0,0.0,0.0,False,train
2025-03-26 14:00:00+00:00,42410099999,2025-03-26 06:00:00+00:00,8,,30.0,25.0,25.3,0.3333333333333333,-0.923879532511287,0.38268343236508917,0.992098522791769,0.12546123335273648,0.0,0.0,-0.3000000000000007,-1.6511904761904752,4.364548578839758,1,1.0,0.0,0.0,False,train
2025-03-26 15:00:00+00:00,42410099999,2025-03-26 06:00:00+00:00,9,,30.0,24.0,24.5,0.375,-0.7933533402912357,0.6087614290087199,0.992098522791769,0.12546123335273648,0.0,0.0,-0.5,-0.8511904761904745,4.364548578839758,1,1.0,0.0,0.0,False,train
2025-03-26 16:00:00+00:00,42410099999,2025-03-26 06:00:00+00:00,10,,30.0,23.0,24.1,0.4166666666666667,-0.6087614290087209,0.7933533402912349,0.992098522791769,0.12546123335273648,0.0,0.0,-1.1000000000000014,-0.4511904761904759,4.364548578839758,1,1.0,0.0,0.0,False,train
2025-03-26 17:00:00+00:00,42410099999,2025-03-26 06:00:00+00:00,11,,30.0,24.0,24.3,0.4583333333333333,-0.38268343236508956,0.9238795325112868,0.992098522791769,0.12546123335273648,0.0,0.0,-0.3000000000000007,-0.6511904761904752,4.364548578839758,1,1.0,0.0,0.0,False,train
2025-03-26 18:00:00+00:00,42410099999,2025-03-26 06:00:00+00:00,12,,30.0,22.0,23.0,0.5,-0.13052619222005168,0.9914448613738104,0.992098522791769,0.12546123335273648,0.0,0.0,-1.0,0.6488095238095255,4.364548578839758,1,1.0,0.0,0.0,False,train
2025-03-26 19:00:00+00:00,42410099999,2025-03-26 06:00:00+00:00,13,,30.0,21.0,22.3,0.5416666666666666,0.13052619222005157,0.9914448613738104,0.9941098647022418,0.10837701279187609,0.0,0.0,-1.3000000000000007,1.3488095238095248,4.364548578839758,1,1.0,0.0,0.0,False,train
2025-03-26 20:00:00+00:00,42410099999,2025-03-26 06:00:00+00:00,14,,30.0,22.0,21.3,0.5833333333333334,0.3826834323650898,0.9238795325112867,0.9941098647022418,0.10837701279187609,0.0,0.0,0.6999999999999993,2.348809523809525,4.364548578839758,1,1.0,0.0,0.0,False,train
2025-03-26 21:00:00+00:00,42410099999,2025-03-26 06:00:00+00:00,15,,30.0,21.0,21.0,0.625,0.6087614290087207,0.7933533402912352,0.9941098647022418,0.10837701279187609,0.0,0.0,0.0,2.6488095238095255,4.364548578839758,1,1.0,0.0,0.0,False,train
2025-03-26 22:00:00+00:00,42410099999,2025-03-26 06:00:00+00:00,16,,30.0,21.0,20.1,0.6666666666666666,0.7933533402912352,0.6087614290087207,0.9941098647022418,0.10837701279187609,0.0,0.0,0.8999999999999986,3.548809523809524,4.364548578839758,1,1.0,0.0,0.0,False,train
2025-03-26 23:00:00+00:00,42410099999,2025-03-26 06:00:00+00:00,17,,30.0,19.0,19.8,0.7083333333333334,0.9238795325112867,0.38268343236508984,0.9941098647022418,0.10837701279187609,0.0,0.0,-0.8000000000000007,3.848809523809525,4.364548578839758,1,1.0,0.0,0.0,False,train
2025-03-27 00:00:00+00:00,42410099999,2025-03-26 06:00:00+00:00,18,,30.0,19.0,19.3,0.75,0.9914448613738104,0.1305261922200517,0.9941098647022418,0.10837701279187609,0.0,0.0,-0.3000000000000007,4.348809523809525,4.364548578839758,1,1.0,0.0,0.0,False,train
2025-03-27 01:00:00+00:00,42410099999,2025-03-26 06:00:00+00:00,19,,30.0,20.0,21.0,0.7916666666666666,0.9914448613738104,-0.1305261922200516,0.9941098647022418,0.10837701279187609,0.0,0.0,-1.0,2.6488095238095255,4.364548578839758,1,1.0,0.0,0.0,False,train
2025-03-27 02:00:00+00:00,42410099999,2025-03-26 06:00:00+00:00,20,,30.0,20.0,24.0,0.8333333333333334,0.9238795325112868,-0.3826834323650895,0.9941098647022418,0.10837701279187609,0.0,0.0,-4.0,-0.3511904761904745,4.364548578839758,1,1.0,0.0,0.0,False,train
2025-03-27 03:00:00+00:00,42410099999,2025-03-26 06:00:00+00:00,21,,30.0,20.0,26.4,0.875,0.7933533402912352,-0.6087614290087207,0.9941098647022418,0.10837701279187609,0.0,0.0,-6.399999999999999,-2.751190476190473,4.364548578839758,1,1.0,0.0,0.0,False,train
2025-03-27 04:00:00+00:00,42410099999,2025-03-26 06:00:00+00:00,22,,30.0,28.0,28.6,0.9166666666666666,0.6087614290087209,-0.793353340291235,0.9941098647022418,0.10837701279187609,0.0,0.0,-0.6000000000000014,-4.951190476190476,4.364548578839758,1,1.0,0.0,0.0,False,train
2025-03-27 05:00:00+00:00,42410099999,2025-03-26 06:00:00+00:00,23,,30.0,30.0,29.9,0.9583333333333334,0.3826834323650899,-0.9238795325112867,0.9941098647022418,0.10837701279187609,0.0,0.0,0.10000000000000142,-6.251190476190473,4.364548578839758,1,1.0,0.0,0.0,False,train
2025-03-27 06:00:00+00:00,42410099999,2025-03-26 06:00:00+00:00,24,,30.0,30.0,31.1,1.0,0.130526192220052,-0.9914448613738104,0.9941098647022418,0.10837701279187609,0.0,0.0,-1.1000000000000014,-7.451190476190476,4.364548578839758,1,1.0,0.0,0.0,False,train
2025-03-27 07:00:00+00:00,42410099999,2025-03-26 06:00:00+00:00,25,,30.0,32.0,31.9,1.0416666666666667,-0.13052619222005177,-0.9914448613738104,0.9941098647022418,0.10837701279187609,0.0,0.0,0.10000000000000142,-8.251190476190473,4.364548578839758,1,1.0,0.0,0.0,False,train
2025-03-27 08:00:00+00:00,42410099999,2025-03-26 06:00:00+00:00,26,,30.0,32.0,32.3,1.0833333333333333,-0.38268343236508967,-0.9238795325112868,0.9941098647022418,0.10837701279187609,0.0,0.0,-0.29999999999999716,-8.651190476190472,4.364548578839758,1,1.0,0.0,0.0,False,train
2025-03-27 09:00:00+00:00,42410099999,2025-03-26 06:00:00+00:00,27,,30.0,33.0,32.3,1.125,-0.6087614290087207,-0.7933533402912352,0.9941098647022418,0.10837701279187609,0.0,0.0,0.7000000000000028,-8.651190476190472,4.364548578839758,1,1.0,0.0,0.0,False,train
2025-03-27 10:00:00+00:00,42410099999,2025-03-26 06:00:00+00:00,28,,30.0,32.0,31.7,1.1666666666666667,-0.7933533402912349,-0.6087614290087209,0.9941098647022418,0.10837701279187609,0.0,0.0,0.3000000000000007,-8.051190476190474,4.364548578839758,1,1.0,0.0,0.0,False,train
2025-03-27 11:00:00+00:00,42410099999,2025-03-26 06:00:00+00:00,29,,30.0,32.0,29.9,1.2083333333333333,-0.9238795325112868,-0.3826834323650895,0.9941098647022418,0.10837701279187609,0.0,0.0,2.1000000000000014,-6.251190476190473,4.364548578839758,1,1.0,0.0,0.0,False,train
2025-03-27 12:00:00+00:00,42410099999,2025-03-26 06:00:00+00:00,30,,30.0,30.0,27.4,1.25,-0.9914448613738104,-0.13052619222005163,0.9941098647022418,0.10837701279187609,0.0,0.0,2.6000000000000014,-3.751190476190473,4.364548578839758,1,1.0,0.0,0.0,False,train
2025-03-27 13:00:00+00:00,42410099999,2025-03-26 06:00:00+00:00,31,,30.0,27.0,26.8,1.2916666666666667,-0.9914448613738105,0.13052619222005127,0.9941098647022418,0.10837701279187609,0.0,0.0,0.1999999999999993,-3.151190476190475,4.364548578839758,1,1.0,0.0,0.0,False,train
2025-03-27 14:00:00+00:00,42410099999,2025-03-26 06:00:00+00:00,32,28.0,30.0,25.0,26.9,1.3333333333333333,-0.923879532511287,0.38268343236508917,0.9941098647022418,0.10837701279187609,0.0,0.0,-1.8999999999999986,-3.251190476190473,4.364548578839758,1,1.0,0.0,0.0,True,train
2025-03-27 15:00:00+00:00,42410099999,2025-03-26 06:00:00+00:00,33,27.0,30.0,24.0,25.8,1.375,-0.7933533402912357,0.6087614290087199,0.9941098647022418,0.10837701279187609,0.0,0.0,-1.8000000000000007,-2.151190476190475,4.364548578839758,1,1.0,0.0,0.0,True,train
2025-03-27 16:00:00+00:00,42410099999,2025-03-26 06:00:00+00:00,34,26.0,30.0,23.0,24.6,1.4166666666666667,-0.6087614290087209,0.7933533402912349,0.9941098647022418,0.10837701279187609,0.0,0.0,-1.6000000000000014,-0.9511904761904759,4.364548578839758,1,1.0,0.0,0.0,True,train
2025-03-27 17:00:00+00:00,42410099999,2025-03-26 06:00:00+00:00,35,25.0,30.0,24.0,23.6,1.4583333333333333,-0.38268343236508956,0.9238795325112868,0.9941098647022418,0.10837701279187609,0.0,0.0,0.3999999999999986,0.04880952380952408,4.364548578839758,1,1.0,0.0,0.0,True,train
2025-03-27 18:00:00+00:00,42410099999,2025-03-26 06:00:00+00:00,36,,30.0,22.0,22.6,1.5,-0.13052619222005168,0.9914448613738104,0.9941098647022418,0.10837701279187609,0.0,0.0,-0.6000000000000014,1.048809523809524,4.364548578839758,1,1.0,0.0,0.0,False,train
2025-03-27 19:00:00+00:00,42410099999,2025-03-26 06:00:00+00:00,37,,30.0,21.0,22.0,1.5416666666666667,0.13052619222005157,0.9914448613738104,0.9958270335100595,0.09126072172931188,0.0,0.0,-1.0,1.6488095238095255,4.364548578839758,1,1.0,0.0,0.0,False,train
2025-03-27 20:00:00+00:00,42410099999,2025-03-26 06:00:00+00:00,38,,30.0,22.0,21.4,1.5833333333333333,0.3826834323650898,0.9238795325112867,0.9958270335100595,0.09126072172931188,0.0,0.0,0.6000000000000014,2.248809523809527,4.364548578839758,1,1.0,0.0,0.0,False,train
2025-03-27 21:00:00+00:00,42410099999,2025-03-26 06:00:00+00:00,39,,30.0,21.0,21.0,1.625,0.6087614290087207,0.7933533402912352,0.9958270335100595,0.09126072172931188,0.0,0.0,0.0,2.6488095238095255,4.364548578839758,1,1.0,0.0,0.0,False,train
2025-03-27 22:00:00+00:00,42410099999,2025-03-26 06:00:00+00:00,40,,30.0,21.0,21.0,1.6666666666666667,0.7933533402912352,0.6087614290087207,0.9958270335100595,0.09126072172931188,0.0,0.0,0.0,2.6488095238095255,4.364548578839758,1,1.0,0.0,0.0,False,train
2025-03-27 23:00:00+00:00,42410099999,2025-03-26 06:00:00+00:00,41,,30.0,19.0,21.0,1.7083333333333333,0.9238795325112867,0.38268343236508984,0.9958270335100595,0.09126072172931188,0.0,0.0,-2.0,2.6488095238095255,4.364548578839758,1,1.0,0.0,0.0,False,train
2025-03-28 00:00:00+00:00,42410099999,2025-03-26 06:00:00+00:00,42,,30.0,19.0,21.0,1.75,0.9914448613738104,0.1305261922200517,0.9958270335100595,0.09126072172931188,0.0,0.0,-2.0,2.6488095238095255,4.364548578839758,1,1.0,0.0,0.0,False,train
2025-03-28 01:00:00+00:00,42410099999,2025-03-26 06:00:00+00:00,43,,30.0,20.0,22.5,1.7916666666666667,0.9914448613738104,-0.1305261922200516,0.9958270335100595,0.09126072172931188,0.0,0.0,-2.5,1.1488095238095255,4.364548578839758,1,1.0,0.0,0.0,False,train
2025-03-28 02:00:00+00:00,42410099999,2025-03-26 06:00:00+00:00,44,,30.0,20.0,25.1,1.8333333333333333,0.9238795325112868,-0.3826834323650895,0.9958270335100595,0.09126072172931188,0.0,0.0,-5.100000000000001,-1.451190476190476,4.364548578839758,1,1.0,0.0,0.0,False,train
2025-03-28 03:00:00+00:00,42410099999,2025-03-26 06:00:00+00:00,45,,30.0,20.0,27.9,1.875,0.7933533402912352,-0.6087614290087207,0.9958270335100595,0.09126072172931188,0.0,0.0,-7.899999999999999,-4.251190476190473,4.364548578839758,1,1.0,0.0,0.0,False,train
2025-03-28 04:00:00+00:00,42410099999,2025-03-26 06:00:00+00:00,46,,30.0,28.0,29.9,1.9166666666666667,0.6087614290087209,-0.793353340291235,0.9958270335100595,0.09126072172931188,0.0,0.0,-1.8999999999999986,-6.251190476190473,4.364548578839758,1,1.0,0.0,0.0,False,train
2025-03-28 05:00:00+00:00,42410099999,2025-03-26 06:00:00+00:00,47,,30.0,30.0,31.3,1.9583333333333333,0.3826834323650899,-0.9238795325112867,0.9958270335100595,0.09126072172931188,0.0,0.0,-1.3000000000000007,-7.651190476190475,4.364548578839758,1,1.0,0.0,0.0,False,train
2025-03-28 06:00:00+00:00,42410099999,2025-03-26 06:00:00+00:00,48,32.0,30.0,30.0,32.5,2.0,0.130526192220052,-0.9914448613738104,0.9958270335100595,0.09126072172931188,0.0,0.0,-2.5,-8.851190476190474,4.364548578839758,1,1.0,0.0,0.0,True,train
2025-03-26 07:00:00+00:00,43128599999,2025-03-26 06:00:00+00:00,1,34.0,33.0,34.0,33.9,0.041666666666666664,-0.13052619222005177,-0.9914448613738104,0.992098522791769,0.12546123335273648,-0.10000000000000142,-0.09200444146293364,0.10000000000000142,-6.257142857142856,4.264032456386284,0,0.0,1.0,0.0,True,train
2025-03-26 08:00:00+00:00,43128599999,2025-03-26 06:00:00+00:00,2,35.0,33.0,34.0,34.6,0.08333333333333333,-0.38268343236508967,-0.9238795325112868,0.992098522791769,0.12546123335273648,-0.10000000000000142,-0.08464817248906262,-0.6000000000000014,-6.957142857142859,4.264032456386284,0,0.0,1.0,0.0,True,train
2025-03-26 09:00:00+00:00,43128599999,2025-03-26 06:00:00+00:00,3,35.0,33.0,34.0,35.1,0.125,-0.6087614290087207,-0.7933533402912352,0.992098522791769,0.12546123335273648,-0.10000000000000142,-0.0778800783071416,-1.1000000000000014,-7.457142857142859,4.264032456386284,0,0.0,1.0,0.0,True,train
2025-03-26 10:00:00+00:00,43128599999,2025-03-26 06:00:00+00:00,4,35.0,33.0,34.0,35.3,0.16666666666666666,-0.7933533402912349,-0.6087614290087209,0.992098522791769,0.12546123335273648,-0.10000000000000142,-0.07165313105737994,-1.2999999999999972,-7.657142857142855,4.264032456386284,0,0.0,1.0,0.0,True,train
2025-03-26 11:00:00+00:00,43128599999,2025-03-26 06:00:00+00:00,5,34.0,33.0,34.0,34.6,0.20833333333333334,-0.9238795325112868,-0.3826834323650895,0.992098522791769,0.12546123335273648,-0.10000000000000142,-0.06592406302004532,-0.6000000000000014,-6.957142857142859,4.264032456386284,0,0.0,1.0,0.0,True,train
2025-03-26 12:00:00+00:00,43128599999,2025-03-26 06:00:00+00:00,6,34.0,33.0,33.0,32.7,0.25,-0.9914448613738104,-0.13052619222005163,0.992098522791769,0.12546123335273648,-0.10000000000000142,-0.06065306597126421,0.29999999999999716,-5.0571428571428605,4.264032456386284,0,0.0,1.0,0.0,True,train
2025-03-26 13:00:00+00:00,43128599999,2025-03-26 06:00:00+00:00,7,32.0,33.0,33.0,30.7,0.2916666666666667,-0.9914448613738105,0.13052619222005127,0.992098522791769,0.12546123335273648,-0.10000000000000142,-0.055803514577005504,2.3000000000000007,-3.057142857142857,4.264032456386284,0,0.0,1.0,0.0,True,train
2025-03-26 14:00:00+00:00,43128599999,2025-03-26 06:00:00+00:00,8,31.0,33.0,30.0,29.2,0.3333333333333333,-0.923879532511287,0.38268343236508917,0.992098522791769,0.12546123335273648,-0.10000000000000142,-0.05134171190325993,0.8000000000000007,-1.557142857142857,4.264032456386284,0,0.0,1.0,0.0,True,train
2025-03-26 15:00:00+00:00,43128599999,2025-03-26 06:00:00+00:00,9,29.0,33.0,28.0,28.0,0.375,-0.7933533402912357,0.6087614290087199,0.992098522791769,0.12546123335273648,-0.10000000000000142,-0.04723665527410214,0.0,-0.35714285714285765,4.264032456386284,0,0.0,1.0,0.0,True,train
2025-03-26 16:00:00+00:00,43128599999,2025-03-26 06:00:00+00:00,10,29.0,33.0,27.0,26.9,0.4166666666666667,-0.6087614290087209,0.7933533402912349,0.992098522791769,0.12546123335273648,-0.10000000000000142,-0.04345982085070844,0.10000000000000142,0.7428571428571438,4.264032456386284,0,0.0,1.0,0.0,True,train
2025-03-26 17:00:00+00:00,43128599999,2025-03-26 06:00:00+00:00,11,28.0,33.0,27.0,26.0,0.4583333333333333,-0.38268343236508956,0.9238795325112868,0.992098522791769,0.12546123335273648,-0.10000000000000142,-0.039984965434485306,1.0,1.6428571428571423,4.264032456386284,0,0.0,1.0,0.0,True,train
2025-03-26 18:00:00+00:00,43128599999,2025-03-26 06:00:00+00:00,12,27.0,33.0,26.0,25.3,0.5,-0.13052619222005168,0.9914448613738104,0.992098522791769,0.12546123335273648,-0.10000000000000142,-0.036787944117144755,0.6999999999999993,2.3428571428571416,4.264032456386284,0,0.0,1.0,0.0,True,train
2025-03-26 19:00:00+00:00,43128599999,2025-03-26 06:00:00+00:00,13,27.0,33.0,26.0,24.1,0.5416666666666666,0.13052619222005157,0.9914448613738104,0.9941098647022418,0.10837701279187609,-0.10000000000000142,-0.033846542510674704,1.8999999999999986,3.542857142857141,4.264032456386284,0,0.0,1.0,0.0,True,train
2025-03-26 20:00:00+00:00,43128599999,2025-03-26 06:00:00+00:00,14,25.0,33.0,24.0,24.1,0.5833333333333334,0.3826834323650898,0.9238795325112867,0.9941098647022418,0.10837701279187609,-0.10000000000000142,-0.03114032239146021,-0.10000000000000142,3.542857142857141,4.264032456386284,0,0.0,1.0,0.0,True,train
2025-03-26 21:00:00+00:00,43128599999,2025-03-26 06:00:00+00:00,15,25.0,33.0,23.0,23.6,0.625,0.6087614290087207,0.7933533402912352,0.9941098647022418,0.10837701279187609,-0.10000000000000142,-0.028650479686019418,-0.6000000000000014,4.042857142857141,4.264032456386284,0,0.0,1.0,0.0,True,train
2025-03-26 22:00:00+00:00,43128599999,2025-03-26 06:00:00+00:00,16,,33.0,23.0,22.8,0.6666666666666666,0.7933533402912352,0.6087614290087207,0.9941098647022418,0.10837701279187609,-0.10000000000000142,-0.02635971381157305,0.1999999999999993,4.842857142857142,4.264032456386284,0,0.0,1.0,0.0,False,train
2025-03-26 23:00:00+00:00,43128599999,2025-03-26 06:00:00+00:00,17,23.0,33.0,23.0,22.5,0.7083333333333334,0.9238795325112867,0.38268343236508984,0.9941098647022418,0.10837701279187609,-0.10000000000000142,-0.024252107463565212,0.5,5.142857142857142,4.264032456386284,0,0.0,1.0,0.0,True,train
2025-03-27 00:00:00+00:00,43128599999,2025-03-26 06:00:00+00:00,18,23.0,33.0,23.0,22.2,0.75,0.9914448613738104,0.1305261922200517,0.9941098647022418,0.10837701279187609,-0.10000000000000142,-0.022313016014843298,0.8000000000000007,5.442857142857143,4.264032456386284,0,0.0,1.0,0.0,True,train
2025-03-27 01:00:00+00:00,43128599999,2025-03-26 06:00:00+00:00,19,21.0,33.0,24.0,22.3,0.7916666666666666,0.9914448613738104,-0.1305261922200516,0.9941098647022418,0.10837701279187609,-0.10000000000000142,-0.020528965757991218,1.6999999999999993,5.342857142857142,4.264032456386284,0,0.0,1.0,0.0,True,train
2025-03-27 02:00:00+00:00,43128599999,2025-03-26 06:00:00+00:00,20,25.0,33.0,24.0,24.0,0.8333333333333334,0.9238795325112868,-0.3826834323650895,0.9941098647022418,0.10837701279187609,-0.10000000000000142,-0.01888756028375645,0.0,3.6428571428571423,4.264032456386284,0,0.0,1.0,0.0,True,train
2025-03-27 03:00:00+00:00,43128599999,2025-03-26 06:00:00+00:00,21,28.0,33.0,27.0,27.1,0.875,0.7933533402912352,-0.6087614290087207,0.9941098647022418,0.10837701279187609,-0.10000000000000142,-0.01737739434504476,-0.10000000000000142,0.5428571428571409,4.264032456386284,0,0.0,1.0,0.0,True,train
2025-03-27 04:00:00+00:00,43128599999,2025-03-26 06:00:00+00:00,22,31.0,33.0,30.0,30.5,0.9166666666666666,0.6087614290087209,-0.793353340291235,0.9941098647022418,0.10837701279187609,-0.10000000000000142,-0.015987974607969618,-0.5,-2.8571428571428577,4.264032456386284,0,0.0,1.0,0.0,True,train
2025-03-27 05:00:00+00:00,43128599999,2025-03-26 06:00:00+00:00,23,33.0,33.0,32.0,33.0,0.9583333333333334,0.3826834323650899,-0.9238795325112867,0.9941098647022418,0.10837701279187609,-0.10000000000000142,-0.014709646739297888,-1.0,-5.357142857142858,4.264032456386284,0,0.0,1.0,0.0,True,train
2025-03-27 06:00:00+00:00,43128599999,2025-03-26 06:00:00+00:00,24,34.0,33.0,33.0,34.3,1.0,0.130526192220052,-0.9914448613738104,0.9941098647022418,0.10837701279187609,-0.10000000000000142,-0.013533528323661462,-1.2999999999999972,-6.657142857142855,4.264032456386284,0,0.0,1.0,0.0,True,train
2025-03-27 07:00:00+00:00,43128599999,2025-03-26 06:00:00+00:00,25,35.0,33.0,34.0,35.1,1.0416666666666667,-0.13052619222005177,-0.9914448613738104,0.9941098647022418,0.10837701279187609,-0.10000000000000142,-0.012451447144412472,-1.1000000000000014,-7.457142857142859,4.264032456386284,0,0.0,1.0,0.0,True,train
2025-03-27 08:00:00+00:00,43128599999,2025-03-26 06:00:00+00:00,26,36.0,33.0,34.0,35.7,1.0833333333333333,-0.38268343236508967,-0.9238795325112868,0.9941098647022418,0.10837701279187609,-0.10000000000000142,-0.011455884399268935,-1.7000000000000028,-8.05714285714286,4.264032456386284,0,0.0,1.0,0.0,True,train
2025-03-27 09:00:00+00:00,43128599999,2025-03-26 06:00:00+00:00,27,36.0,33.0,34.0,36.2,1.125,-0.6087614290087207,-0.7933533402912352,0.9941098647022418,0.10837701279187609,-0.10000000000000142,-0.010539922456186583,-2.200000000000003,-8.55714285714286,4.264032456386284,0,0.0,1.0,0.0,True,train
2025-03-27 10:00:00+00:00,43128599999,2025-03-26 06:00:00+00:00,28,36.0,33.0,34.0,37.0,1.1666666666666667,-0.7933533402912349,-0.6087614290087209,0.9941098647022418,0.10837701279187609,-0.10000000000000142,-0.009697196786440643,-3.0,-9.357142857142858,4.264032456386284,0,0.0,1.0,0.0,True,train
2025-03-27 11:00:00+00:00,43128599999,2025-03-26 06:00:00+00:00,29,36.0,33.0,34.0,36.2,1.2083333333333333,-0.9238795325112868,-0.3826834323650895,0.9941098647022418,0.10837701279187609,-0.10000000000000142,-0.008921851740926138,-2.200000000000003,-8.55714285714286,4.264032456386284,0,0.0,1.0,0.0,True,train
2025-03-27 12:00:00+00:00,43128599999,2025-03-26 06:00:00+00:00,30,35.0,33.0,33.0,34.2,1.25,-0.9914448613738104,-0.13052619222005163,0.9941098647022418,0.10837701279187609,-0.10000000000000142,-0.008208499862389997,-1.2000000000000028,-6.5571428571428605,4.264032456386284,0,0.0,1.0,0.0,True,train
2025-03-27 13:00:00+00:00,43128599999,2025-03-26 06:00:00+00:00,31,34.0,33.0,33.0,30.6,1.2916666666666667,-0.9914448613738105,0.13052619222005127,0.9941098647022418,0.10837701279187609,-0.10000000000000142,-0.007552184450877484,2.3999999999999986,-2.957142857142859,4.264032456386284,0,0.0,1.0,0.0,True,train
2025-03-27 14:00:00+00:00,43128599999,2025-03-26 06:00:00+00:00,32,34.0,33.0,30.0,30.0,1.3333333333333333,-0.923879532511287,0.38268343236508917,0.9941098647022418,0.10837701279187609,-0.10000000000000142,-0.006948345122280253,0.0,-2.3571428571428577,4.264032456386284,0,0.0,1.0,0.0,True,train
2025-03-27 15:00:00+00:00,43128599999,2025-03-26 06:00:00+00:00,33,33.0,33.0,28.0,29.0,1.375,-0.7933533402912357,0.6087614290087199,0.9941098647022418,0.10837701279187609,-0.10000000000000142,-0.006392786120670848,-1.0,-1.3571428571428577,4.264032456386284,0,0.0,1.0,0.0,True,train
2025-03-27 16:00:00+00:00,43128599999,2025-03-26 06:00:00+00:00,34,,33.0,27.0,27.0,1.4166666666666667,-0.6087614290087209,0.7933533402912349,0.9941098647022418,0.10837701279187609,-0.10000000000000142,-0.005881647164243072,0.0,0.6428571428571423,4.264032456386284,0,0.0,1.0,0.0,False,train
2025-03-27 17:00:00+00:00,43128599999,2025-03-26 06:00:00+00:00,35,28.0,33.0,27.0,26.0,1.4583333333333333,-0.38268343236508956,0.9238795325112868,0.9941098647022418,0.10837701279187609,-0.10000000000000142,-0.005411376622282238,1.0,1.6428571428571423,4.264032456386284,0,0.0,1.0,0.0,True,train
2025-03-27 18:00:00+00:00,43128599999,2025-03-26 06:00:00+00:00,36,,33.0,26.0,25.4,1.5,-0.13052619222005168,0.9914448613738104,0.9941098647022418,0.10837701279187609,-0.10000000000000142,-0.004978706836786465,0.6000000000000014,2.2428571428571438,4.264032456386284,0,0.0,1.0,0.0,False,train
2025-03-27 19:00:00+00:00,43128599999,2025-03-26 06:00:00+00:00,37,,33.0,26.0,24.6,1.5416666666666667,0.13052619222005157,0.9914448613738104,0.9958270335100595,0.09126072172931188,-0.10000000000000142,-0.004580631417262213,1.3999999999999986,3.042857142857141,4.264032456386284,0,0.0,1.0,0.0,False,train
2025-03-27 20:00:00+00:00,43128599999,2025-03-26 06:00:00+00:00,38,,33.0,24.0,24.1,1.5833333333333333,0.3826834323650898,0.9238795325112867,0.9958270335100595,0.09126072172931188,-0.10000000000000142,-0.004214384350927701,-0.10000000000000142,3.542857142857141,4.264032456386284,0,0.0,1.0,0.0,False,train
2025-03-27 21:00:00+00:00,43128599999,2025-03-26 06:00:00+00:00,39,,33.0,23.0,23.4,1.625,0.6087614290087207,0.7933533402912352,0.9958270335100595,0.09126072172931188,-0.10000000000000142,-0.003877420783172256,-0.3999999999999986,4.242857142857144,4.264032456386284,0,0.0,1.0,0.0,False,train
2025-03-27 22:00:00+00:00,43128599999,2025-03-26 06:00:00+00:00,40,,33.0,23.0,23.0,1.6666666666666667,0.7933533402912352,0.6087614290087207,0.9958270335100595,0.09126072172931188,-0.10000000000000142,-0.00356739933472529,0.0,4.642857142857142,4.264032456386284,0,0.0,1.0,0.0,False,train
2025-03-27 23:00:00+00:00,43128599999,2025-03-26 06:00:00+00:00,41,,33.0,23.0,22.6,1.7083333333333333,0.9238795325112867,0.38268343236508984,0.9958270335100595,0.09126072172931188,-0.10000000000000142,-0.0032821658326663674,0.3999999999999986,5.042857142857141,4.264032456386284,0,0.0,1.0,0.0,False,train
2025-03-28 00:00:00+00:00,43128599999,2025-03-26 06:00:00+00:00,42,,33.0,23.0,22.2,1.75,0.9914448613738104,0.1305261922200517,0.9958270335100595,0.09126072172931188,-0.10000000000000142,-0.003019738342231893,0.8000000000000007,5.442857142857143,4.264032456386284,0,0.0,1.0,0.0,False,train
2025-03-28 01:00:00+00:00,43128599999,2025-03-26 06:00:00+00:00,43,,33.0,24.0,23.2,1.7916666666666667,0.9914448613738104,-0.1305261922200516,0.9958270335100595,0.09126072172931188,-0.10000000000000142,-0.0027782933954124647,0.8000000000000007,4.442857142857143,4.264032456386284,0,0.0,1.0,0.0,False,train
2025-03-28 02:00:00+00:00,43128599999,2025-03-26 06:00:00+00:00,44,,33.0,24.0,25.8,1.8333333333333333,0.9238795325112868,-0.3826834323650895,0.9958270335100595,0.09126072172931188,-0.10000000000000142,-0.0025561533206507766,-1.8000000000000007,1.8428571428571416,4.264032456386284,0,0.0,1.0,0.0,False,train
2025-03-28 03:00:00+00:00,43128599999,2025-03-26 06:00:00+00:00,45,,33.0,27.0,28.6,1.875,0.7933533402912352,-0.6087614290087207,0.9958270335100595,0.09126072172931188,-0.10000000000000142,-0.002351774585600944,-1.6000000000000014,-0.9571428571428591,4.264032456386284,0,0.0,1.0,0.0,False,train
2025-03-28 04:00:00+00:00,43128599999,2025-03-26 06:00:00+00:00,46,,33.0,30.0,30.8,1.9166666666666667,0.6087614290087209,-0.793353340291235,0.9958270335100595,0.09126072172931188,-0.10000000000000142,-0.00216373707194934,-0.8000000000000007,-3.1571428571428584,4.264032456386284,0,0.0,1.0,0.0,False,train
2025-03-28 05:00:00+00:00,43128599999,2025-03-26 06:00:00+00:00,47,34.0,33.0,32.0,33.3,1.9583333333333333,0.3826834323650899,-0.9238795325112867,0.9958270335100595,0.09126072172931188,-0.10000000000000142,-0.0019907342077733967,-1.2999999999999972,-5.657142857142855,4.264032456386284,0,0.0,1.0,0.0,True,train
2025-03-28 06:00:00+00:00,43128599999,2025-03-26 06:00:00+00:00,48,35.0,33.0,33.0,34.7,2.0,0.130526192220052,-0.9914448613738104,0.9958270335100595,0.09126072172931188,-0.10000000000000142,-0.0018315638888734438,-1.7000000000000028,-7.0571428571428605,4.264032456386284,0,0.0,1.0,0.0,True,train
2025-03-26 07:00:00+00:00,43279099999,2025-03-26 06:00:00+00:00,1,33.0,33.0,33.0,33.2,0.041666666666666664,-0.13052619222005177,-0.9914448613738104,0.992098522791769,0.12546123335273648,-0.29999999999999716,-0.2760133243887944,-0.20000000000000284,-3.1226190476190503,1.9364825248788067,0,0.0,0.0,1.0,True,train
2025-03-26 08:00:00+00:00,43279099999,2025-03-26 06:00:00+00:00,2,33.0,33.0,33.0,33.2,0.08333333333333333,-0.38268343236508967,-0.9238795325112868,0.992098522791769,0.12546123335273648,-0.29999999999999716,-0.25394451746718183,-0.20000000000000284,-3.1226190476190503,1.9364825248788067,0,0.0,0.0,1.0,True,train
2025-03-26 09:00:00+00:00,43279099999,2025-03-26 06:00:00+00:00,3,33.0,33.0,32.0,33.1,0.125,-0.6087614290087207,-0.7933533402912352,0.992098522791769,0.12546123335273648,-0.29999999999999716,-0.23364023492141925,-1.1000000000000014,-3.022619047619049,1.9364825248788067,0,0.0,0.0,1.0,True,train
2025-03-26 10:00:00+00:00,43279099999,2025-03-26 06:00:00+00:00,4,33.0,33.0,32.0,32.7,0.16666666666666666,-0.7933533402912349,-0.6087614290087209,0.992098522791769,0.12546123335273648,-0.29999999999999716,-0.21495939317213475,-0.7000000000000028,-2.6226190476190503,1.9364825248788067,0,0.0,0.0,1.0,True,train
2025-03-26 11:00:00+00:00,43279099999,2025-03-26 06:00:00+00:00,5,32.0,33.0,32.0,31.8,0.20833333333333334,-0.9238795325112868,-0.3826834323650895,0.992098522791769,0.12546123335273648,-0.29999999999999716,-0.19777218906013125,0.1999999999999993,-1.7226190476190482,1.9364825248788067,0,0.0,0.0,1.0,True,train
2025-03-26 12:00:00+00:00,43279099999,2025-03-26 06:00:00+00:00,6,31.0,33.0,31.0,30.2,0.25,-0.9914448613738104,-0.13052619222005163,0.992098522791769,0.12546123335273648,-0.29999999999999716,-0.1819591979137883,0.8000000000000007,-0.12261904761904674,1.9364825248788067,0,0.0,0.0,1.0,True,train
2025-03-26 13:00:00+00:00,43279099999,2025-03-26 06:00:00+00:00,7,30.0,33.0,30.0,29.0,0.2916666666666667,-0.9914448613738105,0.13052619222005127,0.992098522791769,0.12546123335273648,-0.29999999999999716,-0.16741054373101255,1.0,1.0773809523809526,1.9364825248788067,0,0.0,0.0,1.0,True,train
2025-03-26 14:00:00+00:00,43279099999,2025-03-26 06:00:00+00:00,8,30.0,33.0,29.0,28.5,0.3333333333333333,-0.923879532511287,0.38268343236508917,0.992098522791769,0.12546123335273648,-0.29999999999999716,-0.15402513570977613,0.5,1.5773809523809526,1.9364825248788067,0,0.0,0.0,1.0,True,train
2025-03-26 15:00:00+00:00,43279099999,2025-03-26 06:00:00+00:00,9,30.0,33.0,29.0,28.3,0.375,-0.7933533402912357,0.6087614290087199,0.992098522791769,0.12546123335273648,-0.29999999999999716,-0.14170996582230305,0.6999999999999993,1.7773809523809518,1.9364825248788067,0,0.0,0.0,1.0,True,train
2025-03-26 16:00:00+00:00,43279099999,2025-03-26 06:00:00+00:00,10,29.0,33.0,29.0,28.0,0.4166666666666667,-0.6087614290087209,0.7933533402912349,0.992098522791769,0.12546123335273648,-0.29999999999999716,-0.1303794625521222,1.0,2.0773809523809526,1.9364825248788067,0,0.0,0.0,1.0,True,train
2025-03-26 17:00:00+00:00,43279099999,2025-03-26 06:00:00+00:00,11,29.0,33.0,29.0,27.7,0.4583333333333333,-0.38268343236508956,0.9238795325112868,0.992098522791769,0.12546123335273648,-0.29999999999999716,-0.11995489630345307,1.3000000000000007,2.3773809523809533,1.9364825248788067,0,0.0,0.0,1.0,True,train
2025-03-26 18:00:00+00:00,43279099999,2025-03-26 06:00:00+00:00,12,29.0,33.0,29.0,27.3,0.5,-0.13052619222005168,0.9914448613738104,0.992098522791769,0.12546123335273648,-0.29999999999999716,-0.11036383235143166,1.6999999999999993,2.777380952380952,1.9364825248788067,0,0.0,0.0,1.0,True,train
2025-03-26 19:00:00+00:00,43279099999,2025-03-26 06:00:00+00:00,13,29.0,33.0,29.0,26.6,0.5416666666666666,0.13052619222005157,0.9914448613738104,0.9941098647022418,0.10837701279187609,-0.29999999999999716,-0.1015396275320217,2.3999999999999986,3.477380952380951,1.9364825248788067,0,0.0,0.0,1.0,True,train
2025-03-26 20:00:00+00:00,43279099999,2025-03-26 06:00:00+00:00,14,28.0,33.0,28.0,26.0,0.5833333333333334,0.3826834323650898,0.9238795325112867,0.9941098647022418,0.10837701279187609,-0.29999999999999716,-0.09342096717437842,2.0,4.0773809523809526,1.9364825248788067,0,0.0,0.0,1.0,True,train
2025-03-26 21:00:00+00:00,43279099999,2025-03-26 06:00:00+00:00,15,27.0,33.0,28.0,25.3,0.625,0.6087614290087207,0.7933533402912352,0.9941098647022418,0.10837701279187609,-0.29999999999999716,-0.08595143905805622,2.6999999999999993,4.777380952380952,1.9364825248788067,0,0.0,0.0,1.0,True,train
2025-03-26 22:00:00+00:00,43279099999,2025-03-26 06:00:00+00:00,16,27.0,33.0,27.0,24.8,0.6666666666666666,0.7933533402912352,0.6087614290087207,0.9941098647022418,0.10837701279187609,-0.29999999999999716,-0.07907914143471728,2.1999999999999993,5.277380952380952,1.9364825248788067,0,0.0,0.0,1.0,True,train
2025-03-26 23:00:00+00:00,43279099999,2025-03-26 06:00:00+00:00,17,27.0,33.0,27.0,24.4,0.7083333333333334,0.9238795325112867,0.38268343236508984,0.9941098647022418,0.10837701279187609,-0.29999999999999716,-0.07275632239069392,2.6000000000000014,5.677380952380954,1.9364825248788067,0,0.0,0.0,1.0,True,train
2025-03-27 00:00:00+00:00,43279099999,2025-03-26 06:00:00+00:00,18,26.0,33.0,26.0,24.1,0.75,0.9914448613738104,0.1305261922200517,0.9941098647022418,0.10837701279187609,-0.29999999999999716,-0.06693904804452831,1.8999999999999986,5.977380952380951,1.9364825248788067,0,0.0,0.0,1.0,True,train
2025-03-27 01:00:00+00:00,43279099999,2025-03-26 06:00:00+00:00,19,26.0,33.0,26.0,24.2,0.7916666666666666,0.9914448613738104,-0.1305261922200516,0.9941098647022418,0.10837701279187609,-0.29999999999999716,-0.0615868972739722,1.8000000000000007,5.877380952380953,1.9364825248788067,0,0.0,0.0,1.0,True,train
2025-03-27 02:00:00+00:00,43279099999,2025-03-26 06:00:00+00:00,20,27.0,33.0,26.0,26.1,0.8333333333333334,0.9238795325112868,-0.3826834323650895,0.9941098647022418,0.10837701279187609,-0.29999999999999716,-0.056662680851268014,-0.10000000000000142,3.977380952380951,1.9364825248788067,0,0.0,0.0,1.0,True,train
2025-03-27 03:00:00+00:00,43279099999,2025-03-26 06:00:00+00:00,21,29.0,33.0,29.0,29.1,0.875,0.7933533402912352,-0.6087614290087207,0.9941098647022418,0.10837701279187609,-0.29999999999999716,-0.05213218303513305,-0.10000000000000142,0.9773809523809511,1.9364825248788067,0,0.0,0.0,1.0,True,train
2025-03-27 04:00:00+00:00,43279099999,2025-03-26 06:00:00+00:00,22,30.0,33.0,30.0,31.9,0.9166666666666666,0.6087614290087209,-0.793353340291235,0.9941098647022418,0.10837701279187609,-0.29999999999999716,-0.04796392382390772,-1.8999999999999986,-1.822619047619046,1.9364825248788067,0,0.0,0.0,1.0,True,train
2025-03-27 05:00:00+00:00,43279099999,2025-03-26 06:00:00+00:00,23,32.0,33.0,32.0,34.6,0.9583333333333334,0.3826834323650899,-0.9238795325112867,0.9941098647022418,0.10837701279187609,-0.29999999999999716,-0.04412894021789262,-2.6000000000000014,-4.522619047619049,1.9364825248788067,0,0.0,0.0,1.0,True,train
2025-03-27 06:00:00+00:00,43279099999,2025-03-26 06:00:00+00:00,24,34.0,33.0,33.0,36.9,1.0,0.130526192220052,-0.9914448613738104,0.9941098647022418,0.10837701279187609,-0.29999999999999716,-0.04060058497098343,-3.8999999999999986,-6.822619047619046,1.9364825248788067,0,0.0,0.0,1.0,True,train
2025-03-27 07:00:00+00:00,43279099999,2025-03-26 06:00:00+00:00,25,35.0,33.0,33.0,38.3,1.0416666666666667,-0.13052619222005177,-0.9914448613738104,0.9941098647022418,0.10837701279187609,-0.29999999999999716,-0.037354341433236536,-5.299999999999997,-8.222619047619045,1.9364825248788067,0,0.0,0.0,1.0,True,train
2025-03-27 08:00:00+00:00,43279099999,2025-03-26 06:00:00+00:00,26,36.0,33.0,33.0,38.0,1.0833333333333333,-0.38268343236508967,-0.9238795325112868,0.9941098647022418,0.10837701279187609,-0.29999999999999716,-0.03436765319780599,-5.0,-7.9226190476190474,1.9364825248788067,0,0.0,0.0,1.0,True,train
2025-03-27 09:00:00+00:00,43279099999,2025-03-26 06:00:00+00:00,27,37.0,33.0,32.0,35.4,1.125,-0.6087614290087207,-0.7933533402912352,0.9941098647022418,0.10837701279187609,-0.29999999999999716,-0.031619767368559,-3.3999999999999986,-5.322619047619046,1.9364825248788067,0,0.0,0.0,1.0,True,train
2025-03-27 10:00:00+00:00,43279099999,2025-03-26 06:00:00+00:00,28,38.0,33.0,32.0,34.2,1.1666666666666667,-0.7933533402912349,-0.6087614290087209,0.9941098647022418,0.10837701279187609,-0.29999999999999716,-0.02909159035932124,-2.200000000000003,-4.12261904761905,1.9364825248788067,0,0.0,0.0,1.0,True,train
2025-03-27 11:00:00+00:00,43279099999,2025-03-26 06:00:00+00:00,29,38.0,33.0,32.0,33.0,1.2083333333333333,-0.9238795325112868,-0.3826834323650895,0.9941098647022418,0.10837701279187609,-0.29999999999999716,-0.02676555522277778,-1.0,-2.9226190476190474,1.9364825248788067,0,0.0,0.0,1.0,True,train
2025-03-27 12:00:00+00:00,43279099999,2025-03-26 06:00:00+00:00,30,35.0,33.0,31.0,31.4,1.25,-0.9914448613738104,-0.13052619222005163,0.9941098647022418,0.10837701279187609,-0.29999999999999716,-0.024625499587169405,-0.3999999999999986,-1.322619047619046,1.9364825248788067,0,0.0,0.0,1.0,True,train
2025-03-27 13:00:00+00:00,43279099999,2025-03-26 06:00:00+00:00,31,33.0,33.0,30.0,29.7,1.2916666666666667,-0.9914448613738105,0.13052619222005127,0.9941098647022418,0.10837701279187609,-0.29999999999999716,-0.022656553352631916,0.3000000000000007,0.37738095238095326,1.9364825248788067,0,0.0,0.0,1.0,True,train
2025-03-27 14:00:00+00:00,43279099999,2025-03-26 06:00:00+00:00,32,32.0,33.0,29.0,29.0,1.3333333333333333,-0.923879532511287,0.38268343236508917,0.9941098647022418,0.10837701279187609,-0.29999999999999716,-0.020845035366840264,0.0,1.0773809523809526,1.9364825248788067,0,0.0,0.0,1.0,True,train
2025-03-27 15:00:00+00:00,43279099999,2025-03-26 06:00:00+00:00,33,31.0,33.0,29.0,28.6,1.375,-0.7933533402912357,0.6087614290087199,0.9941098647022418,0.10837701279187609,-0.29999999999999716,-0.01917835836201209,0.3999999999999986,1.4773809523809511,1.9364825248788067,0,0.0,0.0,1.0,True,train
2025-03-27 16:00:00+00:00,43279099999,2025-03-26 06:00:00+00:00,34,30.0,33.0,29.0,28.3,1.4166666666666667,-0.6087614290087209,0.7933533402912349,0.9941098647022418,0.10837701279187609,-0.29999999999999716,-0.017644941492728796,0.6999999999999993,1.7773809523809518,1.9364825248788067,0,0.0,0.0,1.0,True,train
2025-03-27 17:00:00+00:00,43279099999,2025-03-26 06:00:00+00:00,35,30.0,33.0,29.0,27.8,1.4583333333333333,-0.38268343236508956,0.9238795325112868,0.9941098647022418,0.10837701279187609,-0.29999999999999716,-0.016234129866846327,1.1999999999999993,2.277380952380952,1.9364825248788067,0,0.0,0.0,1.0,True,train
2025-03-27 18:00:00+00:00,43279099999,2025-03-26 06:00:00+00:00,36,30.0,33.0,29.0,27.3,1.5,-0.13052619222005168,0.9914448613738104,0.9941098647022418,0.10837701279187609,-0.29999999999999716,-0.014936120510359042,1.6999999999999993,2.777380952380952,1.9364825248788067,0,0.0,0.0,1.0,True,train
2025-03-27 19:00:00+00:00,43279099999,2025-03-26 06:00:00+00:00,37,,33.0,29.0,26.8,1.5416666666666667,0.13052619222005157,0.9914448613738104,0.9958270335100595,0.09126072172931188,-0.29999999999999716,-0.013741894251786312,2.1999999999999993,3.277380952380952,1.9364825248788067,0,0.0,0.0,1.0,False,train
2025-03-27 20:00:00+00:00,43279099999,2025-03-26 06:00:00+00:00,38,,33.0,28.0,26.3,1.5833333333333333,0.3826834323650898,0.9238795325112867,0.9958270335100595,0.09126072172931188,-0.29999999999999716,-0.012643153052782801,1.6999999999999993,3.777380952380952,1.9364825248788067,0,0.0,0.0,1.0,False,train
2025-03-27 21:00:00+00:00,43279099999,2025-03-26 06:00:00+00:00,39,,33.0,28.0,25.8,1.625,0.6087614290087207,0.7933533402912352,0.9958270335100595,0.09126072172931188,-0.29999999999999716,-0.011632262349516493,2.1999999999999993,4.277380952380952,1.9364825248788067,0,0.0,0.0,1.0,False,train
2025-03-27 22:00:00+00:00,43279099999,2025-03-26 06:00:00+00:00,40,,33.0,27.0,25.4,1.6666666666666667,0.7933533402912352,0.6087614290087207,0.9958270335100595,0.09126072172931188,-0.29999999999999716,-0.010702198004175618,1.6000000000000014,4.677380952380954,1.9364825248788067,0,0.0,0.0,1.0,False,train
2025-03-27 23:00:00+00:00,43279099999,2025-03-26 06:00:00+00:00,41,,33.0,27.0,25.2,1.7083333333333333,0.9238795325112867,0.38268343236508984,0.9958270335100595,0.09126072172931188,-0.29999999999999716,-0.009846497497998869,1.8000000000000007,4.877380952380953,1.9364825248788067,0,0.0,0.0,1.0,False,train
2025-03-28 00:00:00+00:00,43279099999,2025-03-26 06:00:00+00:00,42,,33.0,26.0,25.2,1.75,0.9914448613738104,0.1305261922200517,0.9958270335100595,0.09126072172931188,-0.29999999999999716,-0.009059215026695464,0.8000000000000007,4.877380952380953,1.9364825248788067,0,0.0,0.0,1.0,False,train
2025-03-28 01:00:00+00:00,43279099999,2025-03-26 06:00:00+00:00,43,,33.0,26.0,25.2,1.7916666666666667,0.9914448613738104,-0.1305261922200516,0.9958270335100595,0.09126072172931188,-0.29999999999999716,-0.008334880186237197,0.8000000000000007,4.877380952380953,1.9364825248788067,0,0.0,0.0,1.0,False,train
2025-03-28 02:00:00+00:00,43279099999,2025-03-26 06:00:00+00:00,44,,33.0,26.0,26.9,1.8333333333333333,0.9238795325112868,-0.3826834323650895,0.9958270335100595,0.09126072172931188,-0.29999999999999716,-0.007668459961952148,-0.8999999999999986,3.177380952380954,1.9364825248788067,0,0.0,0.0,1.0,False,train
2025-03-28 03:00:00+00:00,43279099999,2025-03-26 06:00:00+00:00,45,,33.0,29.0,29.7,1.875,0.7933533402912352,-0.6087614290087207,0.9958270335100595,0.09126072172931188,-0.29999999999999716,-0.007055323756802665,-0.6999999999999993,0.37738095238095326,1.9364825248788067,0,0.0,0.0,1.0,False,train
2025-03-28 04:00:00+00:00,43279099999,2025-03-26 06:00:00+00:00,46,32.0,33.0,30.0,33.0,1.9166666666666667,0.6087614290087209,-0.793353340291235,0.9958270335100595,0.09126072172931188,-0.29999999999999716,-0.006491211215847865,-3.0,-2.9226190476190474,1.9364825248788067,0,0.0,0.0,1.0,True,train
2025-03-28 05:00:00+00:00,43279099999,2025-03-26 06:00:00+00:00,47,33.0,33.0,32.0,36.0,1.9583333333333333,0.3826834323650899,-0.9238795325112867,0.9958270335100595,0.09126072172931188,-0.29999999999999716,-0.0059722026233200495,-4.0,-5.9226190476190474,1.9364825248788067,0,0.0,0.0,1.0,True,train
2025-03-28 06:00:00+00:00,43279099999,2025-03-26 06:00:00+00:00,48,35.0,33.0,33.0,38.1,2.0,0.130526192220052,-0.9914448613738104,0.9958270335100595,0.09126072172931188,-0.29999999999999716,-0.005494691666620201,-5.100000000000001,-8.022619047619049,1.9364825248788067,0,0.0,0.0,1.0,True,train
