date,state,demand
2022-01-01,Karnataka,11404.0
2022-01-02,Karnataka,10742.0
2022-01-03,Karnataka,11539.0
2022-01-04,Karnataka,12048.0
2022-01-05,Karnataka,11711.0
2022-01-06,Karnataka,12455.0
2022-01-07,Karnataka,12565.0
2022-01-08,Karnataka,12759.0
2022-01-09,Karnataka,11531.0
2022-01-10,Karnataka,12171.0
2022-01-11,Karnataka,12531.0
2022-01-12,Karnataka,12376.0
2022-01-13,Karnataka,12461.0
2022-01-14,Karnataka,13080.0
2022-01-15,Karnataka,12439.0
2022-01-16,Karnataka,11135.0
2022-01-17,Karnataka,12672.0
2022-01-18,Karnataka,12229.0
2022-01-19,Karnataka,12624.0
2022-01-20,Karnataka,13112.0
2022-01-21,Karnataka,13328.0
2022-01-22,Karnataka,13088.0
2022-01-23,Karnataka,12080.0
2022-01-24,Karnataka,13581.0
2022-01-25,Karnataka,13340.0
2022-01-26,Karnataka,12482.0
2022-01-27,Karnataka,13100.0
2022-01-28,Karnataka,13482.0
2022-01-29,Karnataka,13223.0
2022-01-30,Karnataka,13100.0
2022-01-31,Karnataka,13368.0
2022-02-01,Karnataka,13065.0
2022-02-02,Karnataka,13428.0
2022-02-03,Karnataka,13418.0
2022-02-04,Karnataka,13100.0
2022-02-05,Karnataka,13219.0
2022-02-06,Karnataka,12707.0
2022-02-07,Karnataka,13560.0
2022-02-08,Karnataka,13309.0
2022-02-09,Karnataka,13390.0
2022-02-10,Karnataka,13437.0
2022-02-11,Karnataka,13498.0
2022-02-12,Karnataka,13702.0
2022-02-13,Karnataka,13185.0
2022-02-14,Karnataka,13814.0
2022-02-15,Karnataka,14142.0
2022-02-16,Karnataka,13833.0
2022-02-17,Karnataka,13856.0
2022-02-18,Karnataka,13912.0
2022-02-19,Karnataka,13828.0
2022-02-20,Karnataka,13323.0
2022-02-21,Karnataka,14311.0
2022-02-22,Karnataka,14309.0
2022-02-23,Karnataka,14196.0
2022-02-24,Karnataka,14333.0
2022-02-25,Karnataka,14674.0
2022-02-26,Karnataka,14210.0
2022-02-27,Karnataka,13826.0
2022-02-28,Karnataka,14421.0
2022-03-01,Karnataka,14759.0
2022-03-02,Karnataka,14124.0
2022-03-03,Karnataka,13882.0
2022-03-04,Karnataka,14180.0
2022-03-05,Karnataka,14292.0
2022-03-06,Karnataka,13497.0
2022-03-07,Karnataka,14252.0
2022-03-08,Karnataka,14039.0
2022-03-09,Karnataka,14370.0
2022-03-10,Karnataka,14605.0
2022-03-11,Karnataka,14541.0
2022-03-12,Karnataka,14364.0
2022-03-13,Karnataka,13191.0
2022-03-14,Karnataka,14497.0
2022-03-15,Karnataka,14238.0
2022-03-16,Karnataka,14433.0
2022-03-17,Karnataka,14797.0
2022-03-18,Karnataka,14818.0
2022-03-19,Karnataka,14216.0
2022-03-20,Karnataka,12402.0
2022-03-21,Karnataka,13660.0
2022-03-22,Karnataka,13125.0
2022-03-23,Karnataka,13699.0
2022-03-24,Karnataka,13360.0
2022-03-25,Karnataka,13260.0
2022-03-26,Karnataka,13137.0
2022-03-27,Karnataka,12624.0
2022-03-28,Karnataka,13761.0
2022-03-29,Karnataka,13948.0
2022-03-30,Karnataka,14209.0
2022-03-31,Karnataka,13875.0
2022-04-01,Karnataka,14465.0
2022-04-02,Karnataka,13463.0
2022-04-03,Karnataka,12851.0
2022-04-04,Karnataka,14197.0
2022-04-05,Karnataka,14199.0
2022-04-06,Karnataka,14175.0
2022-04-07,Karnataka,14542.0
2022-04-08,Karnataka,14725.0
2022-04-09,Karnataka,14233.0
2022-04-10,Karnataka,13202.0
2022-04-11,Karnataka,13802.0
2022-04-12,Karnataka,13582.0
2022-04-13,Karnataka,14219.0
2022-04-14,Karnataka,12500.0
2022-04-15,Karnataka,11581.0
2022-04-16,Karnataka,11550.0
2022-04-17,Karnataka,9918.0
2022-04-18,Karnataka,11115.0
2022-04-19,Karnataka,10728.0
2022-04-20,Karnataka,10484.0
2022-04-21,Karnataka,11491.0
2022-04-22,Karnataka,11839.5
2022-04-23,Karnataka,12188.0
2022-04-24,Karnataka,10804.0
2022-04-25,Karnataka,13056.0
2022-04-26,Karnataka,12815.0
2022-04-27,Karnataka,13226.0
2022-04-28,Karnataka,13871.0
2022-04-29,Karnataka,13387.0
2022-04-30,Karnataka,12879.0
2022-05-01,Karnataka,11073.0
2022-05-02,Karnataka,12012.0
2022-05-03,Karnataka,12250.0
2022-05-04,Karnataka,12260.0
2022-05-05,Karnataka,11296.0
2022-05-06,Karnataka,11082.0
2022-05-07,Karnataka,10730.0
2022-05-08,Karnataka,9919.0
2022-05-09,Karnataka,10467.0
2022-05-10,Karnataka,10291.0
2022-05-11,Karnataka,10153.0
2022-05-12,Karnataka,9416.0
2022-05-13,Karnataka,9407.0
2022-05-14,Karnataka,9793.0
2022-05-15,Karnataka,8974.0
2022-05-16,Karnataka,10483.0
2022-05-17,Karnataka,9761.0
2022-05-18,Karnataka,8651.0
2022-05-19,Karnataka,8137.0
2022-05-20,Karnataka,7590.0
2022-05-21,Karnataka,7473.0
2022-05-22,Karnataka,7487.0
2022-05-23,Karnataka,8736.0
2022-05-24,Karnataka,9143.0
2022-05-25,Karnataka,9732.0
2022-05-26,Karnataka,10547.0
2022-05-27,Karnataka,10700.0
2022-05-28,Karnataka,10735.0
2022-05-29,Karnataka,10277.0
2022-05-30,Karnataka,11911.0
2022-05-31,Karnataka,11715.0
2022-06-01,Karnataka,11000.0
2022-06-02,Karnataka,11095.0
2022-06-03,Karnataka,10583.0
2022-06-04,Karnataka,10431.0
2022-06-05,Karnataka,9724.0
2022-06-06,Karnataka,9440.0
2022-06-07,Karnataka,9560.0
2022-06-08,Karnataka,9586.0
2022-06-09,Karnataka,9761.0
2022-06-10,Karnataka,10791.0
2022-06-11,Karnataka,10681.0
2022-06-12,Karnataka,10134.0
2022-06-13,Karnataka,11147.0
2022-06-14,Karnataka,11038.5
2022-06-15,Karnataka,10930.0
2022-06-16,Karnataka,10951.0
2022-06-17,Karnataka,10601.0
2022-06-18,Karnataka,10277.0
2022-06-19,Karnataka,8964.0
2022-06-20,Karnataka,9908.0
2022-06-21,Karnataka,10025.0
2022-06-22,Karnataka,9888.0
2022-06-23,Karnataka,10379.0
2022-06-24,Karnataka,9915.0
2022-06-25,Karnataka,9959.0
2022-06-26,Karnataka,9061.0
2022-06-27,Karnataka,10618.0
2022-06-28,Karnataka,11048.0
2022-06-29,Karnataka,11407.0
2022-06-30,Karnataka,11083.0
2022-07-01,Karnataka,10855.0
2022-07-02,Karnataka,10152.0
2022-07-03,Karnataka,9514.0
2022-07-04,Karnataka,10402.0
2022-07-05,Karnataka,9998.0
2022-07-06,Karnataka,9336.0
2022-07-07,Karnataka,8909.0
2022-07-08,Karnataka,8952.0
2022-07-09,Karnataka,8221.0
2022-07-10,Karnataka,7164.0
2022-07-11,Karnataka,8034.0
2022-07-12,Karnataka,8110.0
2022-07-13,Karnataka,8103.0
2022-07-14,Karnataka,8075.0
2022-07-15,Karnataka,8414.0
2022-07-16,Karnataka,8646.0
2022-07-17,Karnataka,7642.0
2022-07-18,Karnataka,8750.0
2022-07-19,Karnataka,9180.0
2022-07-20,Karnataka,9354.0
2022-07-21,Karnataka,9274.0
2022-07-22,Karnataka,10360.0
2022-07-23,Karnataka,9565.0
2022-07-24,Karnataka,8734.0
2022-07-25,Karnataka,10106.0
2022-07-26,Karnataka,10173.0
2022-07-27,Karnataka,10295.0
2022-07-28,Karnataka,9023.0
2022-07-29,Karnataka,9668.0
2022-07-30,Karnataka,8763.0
2022-07-31,Karnataka,7712.0
2022-08-01,Karnataka,8470.0
2022-08-02,Karnataka,7844.0
2022-08-03,Karnataka,8159.0
2022-08-04,Karnataka,8073.0
2022-08-05,Karnataka,8430.0
2022-08-06,Karnataka,7329.0
2022-08-07,Karnataka,6880.0
2022-08-08,Karnataka,7746.0
2022-08-09,Karnataka,7480.0
2022-08-10,Karnataka,7240.0
2022-08-11,Karnataka,7885.0
2022-08-12,Karnataka,8239.0
2022-08-13,Karnataka,8613.0
2022-08-14,Karnataka,8268.0
2022-08-15,Karnataka,8133.0
2022-08-16,Karnataka,9817.0
2022-08-17,Karnataka,10533.0
2022-08-18,Karnataka,10634.0
2022-08-19,Karnataka,11268.0
2022-08-20,Karnataka,11042.0
2022-08-21,Karnataka,10033.0
2022-08-22,Karnataka,10400.0
2022-08-23,Karnataka,10620.0
2022-08-24,Karnataka,11209.0
2022-08-25,Karnataka,10744.0
2022-08-26,Karnataka,10502.0
2022-08-27,Karnataka,9102.0
2022-08-28,Karnataka,8205.0
2022-08-29,Karnataka,9006.0
2022-08-30,Karnataka,9045.0
2022-08-31,Karnataka,8208.0
2022-09-01,Karnataka,8335.0
2022-09-02,Karnataka,8620.0
2022-09-03,Karnataka,9052.0
2022-09-04,Karnataka,8231.0
2022-09-05,Karnataka,8350.0
2022-09-06,Karnataka,7897.0
2022-09-07,Karnataka,8141.0
2022-09-08,Karnataka,8020.0
2022-09-09,Karnataka,8201.0
2022-09-10,Karnataka,7810.0
2022-09-11,Karnataka,6572.0
2022-09-12,Karnataka,7800.0
2022-09-13,Karnataka,8180.0
2022-09-14,Karnataka,8336.0
2022-09-15,Karnataka,8901.0
2022-09-16,Karnataka,8968.0
2022-09-17,Karnataka,9703.0
2022-09-18,Karnataka,9162.0
2022-09-19,Karnataka,10391.0
2022-09-20,Karnataka,10519.0
2022-09-21,Karnataka,10921.0
2022-09-22,Karnataka,11103.0
2022-09-23,Karnataka,11714.0
2022-09-24,Karnataka,11270.0
2022-09-25,Karnataka,11028.0
2022-09-26,Karnataka,11260.0
2022-09-27,Karnataka,11357.0
2022-09-28,Karnataka,11818.0
2022-09-29,Karnataka,11335.0
2022-09-30,Karnataka,10449.0
2022-10-01,Karnataka,8298.0
2022-10-02,Karnataka,7190.0
2022-10-03,Karnataka,8444.0
2022-10-04,Karnataka,8374.0
2022-10-05,Karnataka,8011.0
2022-10-06,Karnataka,9032.0
2022-10-07,Karnataka,9205.0
2022-10-08,Karnataka,8890.0
2022-10-09,Karnataka,8818.0
2022-10-10,Karnataka,8646.0
2022-10-11,Karnataka,8234.0
2022-10-12,Karnataka,8303.0
2022-10-13,Karnataka,8377.0
2022-10-14,Karnataka,8306.0
2022-10-15,Karnataka,7849.0
2022-10-16,Karnataka,7144.0
2022-10-17,Karnataka,7998.0
2022-10-18,Karnataka,8168.0
2022-10-19,Karnataka,8449.0
2022-10-20,Karnataka,8390.0
2022-10-21,Karnataka,8310.0
2022-10-22,Karnataka,7709.0
2022-10-23,Karnataka,7222.0
2022-10-24,Karnataka,7647.0
2022-10-25,Karnataka,8956.0
2022-10-26,Karnataka,8651.0
2022-10-27,Karnataka,9258.0
2022-10-28,Karnataka,10292.0
2022-10-29,Karnataka,9838.0
2022-10-30,Karnataka,9065.0
2022-10-31,Karnataka,9872.0
2022-11-01,Karnataka,9503.0
2022-11-02,Karnataka,9834.0
2022-11-03,Karnataka,9571.0
2022-11-04,Karnataka,9895.0
2022-11-05,Karnataka,10058.0
2022-11-06,Karnataka,9673.0
2022-11-07,Karnataka,10507.0
2022-11-08,Karnataka,10959.0
2022-11-09,Karnataka,11544.0
2022-11-10,Karnataka,11630.0
2022-11-11,Karnataka,11586.0
2022-11-12,Karnataka,10478.0
2022-11-13,Karnataka,9468.0
2022-11-14,Karnataka,10556.0
2022-11-15,Karnataka,11062.0
2022-11-16,Karnataka,11521.0
2022-11-17,Karnataka,11713.0
2022-11-18,Karnataka,12059.0
2022-11-19,Karnataka,11990.0
2022-11-20,Karnataka,11057.0
2022-11-21,Karnataka,12448.0
2022-11-22,Karnataka,11813.0
2022-11-23,Karnataka,11518.0
2022-11-24,Karnataka,10634.0
2022-11-25,Karnataka,11139.0
2022-11-26,Karnataka,11233.0
2022-11-27,Karnataka,10775.0
2022-11-28,Karnataka,11835.0
2022-11-29,Karnataka,11760.0
2022-11-30,Karnataka,11936.0
2022-12-01,Karnataka,12112.0
2022-12-02,Karnataka,12165.5
2022-12-03,Karnataka,12219.0
2022-12-04,Karnataka,11498.0
2022-12-05,Karnataka,12716.0
2022-12-06,Karnataka,12719.0
2022-12-07,Karnataka,12582.0
2022-12-08,Karnataka,12147.0
2022-12-09,Karnataka,12536.0
2022-12-10,Karnataka,11483.0
2022-12-11,Karnataka,8405.0
2022-12-12,Karnataka,9034.0
2022-12-13,Karnataka,9115.0
2022-12-14,Karnataka,9080.0
2022-12-15,Karnataka,9476.0
2022-12-16,Karnataka,9772.0
2022-12-17,Karnataka,10418.0
2022-12-18,Karnataka,9650.0
2022-12-19,Karnataka,11370.0
2022-12-20,Karnataka,11590.0
2022-12-21,Karnataka,12160.0
2022-12-22,Karnataka,12394.0
2022-12-23,Karnataka,13149.0
2022-12-24,Karnataka,12425.0
2022-12-25,Karnataka,11472.0
2022-12-26,Karnataka,11526.0
2022-12-27,Karnataka,12004.0
2022-12-28,Karnataka,12621.0
2022-12-29,Karnataka,12504.0
2022-12-30,Karnataka,12867.0
2022-12-31,Karnataka,13135.0
2023-01-01,Karnataka,12522.0
2023-01-02,Karnataka,12943.0
2023-01-03,Karnataka,13107.0
2023-01-04,Karnataka,13231.0
2023-01-05,Karnataka,12914.0
2023-01-06,Karnataka,13406.0
2023-01-07,Karnataka,13190.0
2023-01-08,Karnataka,11856.0
2023-01-09,Karnataka,13102.0
2023-01-10,Karnataka,13179.0
2023-01-11,Karnataka,13448.0
2023-01-12,Karnataka,13765.0
2023-01-13,Karnataka,14303.0
2023-01-14,Karnataka,14000.0
2023-01-15,Karnataka,13175.0
2023-01-16,Karnataka,13468.0
2023-01-17,Karnataka,13682.0
2023-01-18,Karnataka,13675.0
2023-01-19,Karnataka,14003.0
2023-01-20,Karnataka,14178.0
2023-01-21,Karnataka,13926.0
2023-01-22,Karnataka,13361.0
2023-01-23,Karnataka,13952.0
2023-01-24,Karnataka,13916.0
2023-01-25,Karnataka,14300.0
2023-01-26,Karnataka,13230.0
2023-01-27,Karnataka,14225.0
2023-01-28,Karnataka,14031.0
2023-01-29,Karnataka,12985.0
2023-01-30,Karnataka,14597.0
2023-01-31,Karnataka,14972.0
2023-02-01,Karnataka,14664.0
2023-02-02,Karnataka,14302.0
2023-02-03,Karnataka,14503.0
2023-02-04,Karnataka,14691.0
2023-02-05,Karnataka,14042.0
2023-02-06,Karnataka,14713.0
2023-02-07,Karnataka,14703.0
2023-02-08,Karnataka,15100.0
2023-02-09,Karnataka,14956.0
2023-02-10,Karnataka,14754.0
2023-02-11,Karnataka,14787.0
2023-02-12,Karnataka,13920.0
2023-02-13,Karnataka,14683.0
2023-02-14,Karnataka,14960.0
2023-02-15,Karnataka,14770.0
2023-02-16,Karnataka,14919.0
2023-02-17,Karnataka,15220.0
2023-02-18,Karnataka,15405.0
2023-02-19,Karnataka,14097.0
2023-02-20,Karnataka,15244.0
2023-02-21,Karnataka,15404.0
2023-02-22,Karnataka,15289.0
2023-02-23,Karnataka,15202.0
2023-02-24,Karnataka,15200.0
2023-02-25,Karnataka,15207.0
2023-02-26,Karnataka,14354.0
2023-02-27,Karnataka,15430.0
2023-02-28,Karnataka,15543.0
2023-03-01,Karnataka,15374.0
2023-03-02,Karnataka,14728.0
2023-03-03,Karnataka,15242.0
2023-03-04,Karnataka,14929.0
2023-03-05,Karnataka,14360.0
2023-03-06,Karnataka,15305.0
2023-03-07,Karnataka,14240.0
2023-03-08,Karnataka,14959.0
2023-03-09,Karnataka,15352.0
2023-03-10,Karnataka,15520.0
2023-03-11,Karnataka,15438.0
2023-03-12,Karnataka,13530.0
2023-03-13,Karnataka,15340.0
2023-03-14,Karnataka,15551.0
2023-03-15,Karnataka,15781.0
2023-03-16,Karnataka,15372.0
2023-03-17,Karnataka,14156.0
2023-03-18,Karnataka,13894.0
2023-03-19,Karnataka,12306.0
2023-03-20,Karnataka,14078.0
2023-03-21,Karnataka,14777.0
2023-03-22,Karnataka,14512.0
2023-03-23,Karnataka,14979.0
2023-03-24,Karnataka,15105.0
2023-03-25,Karnataka,15159.0
2023-03-26,Karnataka,13950.0
2023-03-27,Karnataka,15110.0
2023-03-28,Karnataka,15000.0
2023-03-29,Karnataka,15828.0
2023-03-30,Karnataka,15787.5
2023-03-31,Karnataka,15747.0
2023-04-01,Karnataka,15185.0
2023-04-02,Karnataka,14268.0
2023-04-03,Karnataka,15458.0
2023-04-04,Karnataka,14850.0
2023-04-05,Karnataka,15280.0
2023-04-06,Karnataka,15681.0
2023-04-07,Karnataka,14332.0
2023-04-08,Karnataka,13826.0
2023-04-09,Karnataka,13401.0
2023-04-10,Karnataka,15263.0
2023-04-11,Karnataka,15020.0
2023-04-12,Karnataka,15230.0
2023-04-13,Karnataka,15450.0
2023-04-14,Karnataka,15849.0
2023-04-15,Karnataka,14953.0
2023-04-16,Karnataka,14181.0
2023-04-17,Karnataka,15790.0
2023-04-18,Karnataka,15798.0
2023-04-19,Karnataka,15752.0
2023-04-20,Karnataka,16110.0
2023-04-21,Karnataka,15664.0
2023-04-22,Karnataka,14209.0
2023-04-23,Karnataka,13510.0
2023-04-24,Karnataka,15361.0
2023-04-25,Karnataka,15225.0
2023-04-26,Karnataka,14809.0
2023-04-27,Karnataka,15188.0
2023-04-28,Karnataka,15038.0
2023-04-29,Karnataka,14532.0
2023-04-30,Karnataka,12058.0
2023-05-01,Karnataka,11346.0
2023-05-02,Karnataka,12117.0
2023-05-03,Karnataka,12086.0
2023-05-04,Karnataka,13177.0
2023-05-05,Karnataka,13178.0
2023-05-06,Karnataka,12928.0
2023-05-07,Karnataka,11171.0
2023-05-08,Karnataka,12128.0
2023-05-09,Karnataka,11679.0
2023-05-10,Karnataka,9308.0
2023-05-11,Karnataka,11374.0
2023-05-12,Karnataka,11289.0
2023-05-13,Karnataka,11280.0
2023-05-14,Karnataka,10472.0
2023-05-15,Karnataka,12681.0
2023-05-16,Karnataka,13477.0
2023-05-17,Karnataka,14353.0
2023-05-18,Karnataka,14690.0
2023-05-19,Karnataka,15111.0
2023-05-20,Karnataka,15092.0
2023-05-21,Karnataka,12877.0
2023-05-22,Karnataka,12774.0
2023-05-23,Karnataka,12556.0
2023-05-24,Karnataka,12297.0
2023-05-25,Karnataka,12346.0
2023-05-26,Karnataka,12777.0
2023-05-27,Karnataka,13117.0
2023-05-28,Karnataka,12636.0
2023-05-29,Karnataka,14085.0
2023-05-30,Karnataka,13020.0
2023-05-31,Karnataka,12609.0
2023-06-01,Karnataka,12138.0
2023-06-02,Karnataka,11971.0
2023-06-03,Karnataka,12848.0
2023-06-04,Karnataka,11906.0
2023-06-05,Karnataka,12994.0
2023-06-06,Karnataka,13516.0
2023-06-07,Karnataka,13398.0
2023-06-08,Karnataka,13646.0
2023-06-09,Karnataka,13300.0
2023-06-10,Karnataka,12422.0
2023-06-11,Karnataka,11054.0
2023-06-12,Karnataka,12172.0
2023-06-13,Karnataka,12867.0
2023-06-14,Karnataka,12762.0
2023-06-15,Karnataka,13841.0
2023-06-16,Karnataka,13670.0
2023-06-17,Karnataka,13621.0
2023-06-18,Karnataka,13506.0
2023-06-19,Karnataka,14198.0
2023-06-20,Karnataka,12742.0
2023-06-21,Karnataka,12888.0
2023-06-22,Karnataka,11922.0
2023-06-23,Karnataka,12511.0
2023-06-24,Karnataka,11504.0
2023-06-25,Karnataka,10448.0
2023-06-26,Karnataka,10887.0
2023-06-27,Karnataka,12165.0
2023-06-28,Karnataka,12152.0
2023-06-29,Karnataka,12890.0
2023-06-30,Karnataka,11552.0
2023-07-01,Karnataka,12037.0
2023-07-02,Karnataka,11135.0
2023-07-03,Karnataka,12232.0
2023-07-04,Karnataka,11484.0
2023-07-05,Karnataka,10787.0
2023-07-06,Karnataka,10630.0
2023-07-07,Karnataka,10636.0
2023-07-08,Karnataka,10913.0
2023-07-09,Karnataka,9527.0
2023-07-10,Karnataka,11454.0
2023-07-11,Karnataka,11718.0
2023-07-12,Karnataka,12010.0
2023-07-13,Karnataka,11970.0
2023-07-14,Karnataka,12038.0
2023-07-15,Karnataka,12359.0
2023-07-16,Karnataka,10580.0
2023-07-17,Karnataka,12053.0
2023-07-18,Karnataka,11004.0
2023-07-19,Karnataka,10657.0
2023-07-20,Karnataka,10512.0
2023-07-21,Karnataka,10808.0
2023-07-22,Karnataka,10120.0
2023-07-23,Karnataka,9074.0
2023-07-24,Karnataka,9291.0
2023-07-25,Karnataka,8425.0
2023-07-26,Karnataka,8903.0
2023-07-27,Karnataka,8577.0
2023-07-28,Karnataka,9478.0
2023-07-29,Karnataka,9568.0
2023-07-30,Karnataka,8806.0
2023-07-31,Karnataka,10594.0
2023-08-01,Karnataka,11054.0
2023-08-02,Karnataka,11521.0
2023-08-03,Karnataka,12028.0
2023-08-04,Karnataka,12892.0
2023-08-05,Karnataka,13008.0
2023-08-06,Karnataka,12193.0
2023-08-07,Karnataka,13488.0
2023-08-08,Karnataka,13775.0
2023-08-09,Karnataka,14720.0
2023-08-10,Karnataka,14684.0
2023-08-11,Karnataka,15233.0
2023-08-12,Karnataka,14965.0
2023-08-13,Karnataka,13600.0
2023-08-14,Karnataka,15429.0
2023-08-15,Karnataka,14851.0
2023-08-16,Karnataka,15944.0
2023-08-17,Karnataka,15966.0
2023-08-18,Karnataka,15908.0
2023-08-19,Karnataka,14241.0
2023-08-20,Karnataka,12775.0
2023-08-21,Karnataka,15060.0
2023-08-22,Karnataka,15679.0
2023-08-23,Karnataka,16272.0
2023-08-24,Karnataka,16272.0
2023-08-25,Karnataka,16950.0
2023-08-26,Karnataka,15653.0
2023-08-27,Karnataka,14874.0
2023-08-28,Karnataka,15754.0
2023-08-29,Karnataka,16118.0
2023-08-30,Karnataka,16932.0
2023-08-31,Karnataka,15859.0
2023-09-01,Karnataka,14698.0
2023-09-02,Karnataka,13699.0
2023-09-03,Karnataka,12015.0
2023-09-04,Karnataka,11800.0
2023-09-05,Karnataka,11774.0
2023-09-06,Karnataka,11574.0
2023-09-07,Karnataka,11556.0
2023-09-08,Karnataka,12425.0
2023-09-09,Karnataka,12290.0
2023-09-10,Karnataka,11719.0
2023-09-11,Karnataka,13630.0
2023-09-12,Karnataka,13502.0
2023-09-13,Karnataka,13744.0
2023-09-14,Karnataka,14328.0
2023-09-15,Karnataka,14317.0
2023-09-16,Karnataka,13695.0
2023-09-17,Karnataka,12362.0
2023-09-18,Karnataka,12940.0
2023-09-19,Karnataka,13320.0
2023-09-20,Karnataka,13923.0
2023-09-21,Karnataka,14484.0
2023-09-22,Karnataka,14624.0
2023-09-23,Karnataka,13462.0
2023-09-24,Karnataka,11923.0
2023-09-25,Karnataka,12709.0
2023-09-26,Karnataka,12400.0
2023-09-27,Karnataka,12481.0
2023-09-28,Karnataka,12968.0
2023-09-29,Karnataka,11955.0
2023-09-30,Karnataka,12147.0
2023-10-01,Karnataka,10826.0
2023-10-02,Karnataka,11643.0
2023-10-03,Karnataka,13941.0
2023-10-04,Karnataka,14522.0
2023-10-05,Karnataka,14552.0
2023-10-06,Karnataka,15012.0
2023-10-07,Karnataka,15111.0
2023-10-08,Karnataka,14689.0
2023-10-09,Karnataka,15403.0
2023-10-10,Karnataka,14845.0
2023-10-11,Karnataka,14448.0
2023-10-12,Karnataka,13486.0
2023-10-13,Karnataka,14006.0
2023-10-14,Karnataka,14491.0
2023-10-15,Karnataka,13458.0
2023-10-16,Karnataka,15016.0
2023-10-17,Karnataka,14651.0
2023-10-18,Karnataka,14715.0
2023-10-19,Karnataka,15442.0
2023-10-20,Karnataka,15785.0
2023-10-21,Karnataka,15411.0
2023-10-22,Karnataka,14540.0
2023-10-23,Karnataka,14383.0
2023-10-24,Karnataka,13812.0
2023-10-25,Karnataka,15129.0
2023-10-26,Karnataka,15667.0
2023-10-27,Karnataka,15978.0
2023-10-28,Karnataka,15789.0
2023-10-29,Karnataka,15129.0
2023-10-30,Karnataka,15428.0
2023-10-31,Karnataka,15090.0
2023-11-01,Karnataka,13995.0
2023-11-02,Karnataka,14969.0
2023-11-03,Karnataka,15203.0
2023-11-04,Karnataka,14712.0
2023-11-05,Karnataka,13078.0
2023-11-06,Karnataka,12651.0
2023-11-07,Karnataka,11341.0
2023-11-08,Karnataka,11537.0
2023-11-09,Karnataka,10321.0
2023-11-10,Karnataka,10587.0
2023-11-11,Karnataka,10485.0
2023-11-12,Karnataka,10153.0
2023-11-13,Karnataka,11043.0
2023-11-14,Karnataka,11501.0
2023-11-15,Karnataka,12565.0
2023-11-16,Karnataka,12873.0
2023-11-17,Karnataka,13775.0
2023-11-18,Karnataka,13924.0
2023-11-19,Karnataka,12869.0
2023-11-20,Karnataka,13941.0
2023-11-21,Karnataka,13956.0
2023-11-22,Karnataka,14002.0
2023-11-23,Karnataka,13915.0
2023-11-24,Karnataka,13717.0
2023-11-25,Karnataka,13445.0
2023-11-26,Karnataka,11964.0
2023-11-27,Karnataka,13532.0
2023-11-28,Karnataka,13714.0
2023-11-29,Karnataka,13263.0
2023-11-30,Karnataka,13427.0
2023-12-01,Karnataka,13743.0
2023-12-02,Karnataka,13096.0
2023-12-03,Karnataka,12759.0
2023-12-04,Karnataka,13117.0
2023-12-05,Karnataka,13423.0
2023-12-06,Karnataka,14063.0
2023-12-07,Karnataka,14127.0
2023-12-08,Karnataka,14052.0
2023-12-09,Karnataka,13145.0
2023-12-10,Karnataka,12381.0
2023-12-11,Karnataka,13885.0
2023-12-12,Karnataka,13698.0
2023-12-13,Karnataka,14002.0
2023-12-14,Karnataka,14087.0
2023-12-15,Karnataka,14140.0
2023-12-16,Karnataka,14079.0
2023-12-17,Karnataka,13279.0
2023-12-18,Karnataka,13954.0
2023-12-19,Karnataka,14180.0
2023-12-20,Karnataka,14357.0
2023-12-21,Karnataka,14707.0
2023-12-22,Karnataka,15005.0
2023-12-23,Karnataka,14454.0
2023-12-24,Karnataka,13367.0
2023-12-25,Karnataka,14070.0
2023-12-26,Karnataka,14617.0
2023-12-27,Karnataka,14627.0
2023-12-28,Karnataka,14491.0
2023-12-29,Karnataka,14962.0
2023-12-30,Karnataka,14725.0
2023-12-31,Karnataka,13942.0
2024-01-01,Karnataka,14652.0
2024-01-02,Karnataka,15005.0
2024-01-03,Karnataka,15019.0
2024-01-04,Karnataka,14481.0
2024-01-05,Karnataka,14479.0
2024-01-06,Karnataka,14291.0
2024-01-07,Karnataka,12556.0
2024-01-08,Karnataka,13502.0
2024-01-09,Karnataka,13585.0
2024-01-10,Karnataka,13950.0
2024-01-11,Karnataka,14175.0
2024-01-12,Karnataka,14378.0
2024-01-13,Karnataka,14511.0
2024-01-14,Karnataka,14293.0
2024-01-15,Karnataka,14846.0
2024-01-16,Karnataka,15100.0
2024-01-17,Karnataka,15250.0
2024-01-18,Karnataka,15438.0
2024-01-19,Karnataka,15540.0
2024-01-20,Karnataka,15201.0
2024-01-21,Karnataka,13933.0
2024-01-22,Karnataka,15661.0
2024-01-23,Karnataka,15446.0
2024-01-24,Karnataka,15446.0
2024-01-25,Karnataka,15589.0
2024-01-26,Karnataka,14750.0
2024-01-27,Karnataka,14605.0
2024-01-28,Karnataka,13837.0
2024-01-29,Karnataka,15243.0
2024-01-30,Karnataka,15648.0
2024-01-31,Karnataka,15668.0
2024-02-01,Karnataka,16202.0
2024-02-02,Karnataka,16217.0
2024-02-03,Karnataka,16150.0
2024-02-04,Karnataka,14820.0
2024-02-05,Karnataka,15871.0
2024-02-06,Karnataka,16219.0
2024-02-07,Karnataka,16223.0
2024-02-08,Karnataka,16001.0
2024-02-09,Karnataka,16485.0
2024-02-10,Karnataka,16001.0
2024-02-11,Karnataka,15023.0
2024-02-12,Karnataka,15951.0
2024-02-13,Karnataka,16158.0
2024-02-14,Karnataka,16175.0
2024-02-15,Karnataka,16118.0
2024-02-16,Karnataka,16050.0
2024-02-17,Karnataka,15548.0
2024-02-18,Karnataka,15450.0
2024-02-19,Karnataka,16204.0
2024-02-20,Karnataka,16350.0
2024-02-21,Karnataka,16345.0
2024-02-22,Karnataka,16154.0
2024-02-23,Karnataka,16325.0
2024-02-24,Karnataka,16411.0
2024-02-25,Karnataka,15075.0
2024-02-26,Karnataka,15756.0
2024-02-27,Karnataka,16214.0
2024-02-28,Karnataka,16632.0
2024-02-29,Karnataka,16466.0
2024-03-01,Karnataka,16692.0
2024-03-02,Karnataka,16165.0
2024-03-03,Karnataka,15769.0
2024-03-04,Karnataka,16618.0
2024-03-05,Karnataka,16812.0
2024-03-06,Karnataka,16790.0
2024-03-07,Karnataka,16818.0
2024-03-08,Karnataka,17178.0
2024-03-09,Karnataka,16331.0
2024-03-10,Karnataka,15161.0
2024-03-11,Karnataka,17110.0
2024-03-12,Karnataka,17220.0
2024-03-13,Karnataka,16951.0
2024-03-14,Karnataka,16740.0
2024-03-15,Karnataka,16809.0
2024-03-16,Karnataka,16493.0
2024-03-17,Karnataka,15322.0
2024-03-18,Karnataka,16583.0
2024-03-19,Karnataka,16252.0
2024-03-20,Karnataka,16335.0
2024-03-21,Karnataka,16040.0
2024-03-22,Karnataka,16850.0
2024-03-23,Karnataka,15651.0
2024-03-24,Karnataka,15200.0
2024-03-25,Karnataka,16272.0
2024-03-26,Karnataka,16616.0
2024-03-27,Karnataka,16852.0
2024-03-28,Karnataka,16525.0
2024-03-29,Karnataka,16520.0
2024-03-30,Karnataka,16348.0
2024-03-31,Karnataka,15077.0
2024-04-01,Karnataka,16667.0
2024-04-02,Karnataka,16611.0
2024-04-03,Karnataka,16981.0
2024-04-04,Karnataka,16985.0
2024-04-05,Karnataka,16985.0
2024-04-06,Karnataka,16637.0
2024-04-07,Karnataka,15565.0
2024-04-08,Karnataka,16714.0
2024-04-09,Karnataka,15420.0
2024-04-10,Karnataka,16224.0
2024-04-11,Karnataka,16152.0
2024-04-12,Karnataka,16189.0
2024-04-13,Karnataka,15415.0
2024-04-14,Karnataka,14227.0
2024-04-15,Karnataka,15603.0
2024-04-16,Karnataka,16040.0
2024-04-17,Karnataka,16719.0
2024-04-18,Karnataka,16541.0
2024-04-19,Karnataka,15656.0
2024-04-20,Karnataka,13641.0
2024-04-21,Karnataka,13157.0
2024-04-22,Karnataka,15380.0
2024-04-23,Karnataka,15186.0
2024-04-24,Karnataka,15639.0
2024-04-25,Karnataka,16440.0
2024-04-26,Karnataka,15251.0
2024-04-27,Karnataka,16181.0
2024-04-28,Karnataka,15359.0
2022-01-01,Gujarat,16595.0
2022-01-02,Gujarat,16445.0
2022-01-03,Gujarat,16955.0
2022-01-04,Gujarat,16947.0
2022-01-05,Gujarat,16319.0
2022-01-06,Gujarat,15649.0
2022-01-07,Gujarat,16447.0
2022-01-08,Gujarat,16310.0
2022-01-09,Gujarat,15891.0
2022-01-10,Gujarat,16937.0
2022-01-11,Gujarat,16697.0
2022-01-12,Gujarat,16237.0
2022-01-13,Gujarat,17066.0
2022-01-14,Gujarat,12857.0
2022-01-15,Gujarat,15163.0
2022-01-16,Gujarat,16340.0
2022-01-17,Gujarat,17320.0
2022-01-18,Gujarat,17680.0
2022-01-19,Gujarat,17062.0
2022-01-20,Gujarat,17586.0
2022-01-21,Gujarat,16938.0
2022-01-22,Gujarat,16621.0
2022-01-23,Gujarat,16321.0
2022-01-24,Gujarat,16999.0
2022-01-25,Gujarat,17374.0
2022-01-26,Gujarat,15976.0
2022-01-27,Gujarat,17148.0
2022-01-28,Gujarat,17382.0
2022-01-29,Gujarat,16919.0
2022-01-30,Gujarat,16657.0
2022-01-31,Gujarat,17096.0
2022-02-01,Gujarat,16709.0
2022-02-02,Gujarat,16307.0
2022-02-03,Gujarat,16451.0
2022-02-04,Gujarat,16586.0
2022-02-05,Gujarat,16504.0
2022-02-06,Gujarat,16500.0
2022-02-07,Gujarat,16804.0
2022-02-08,Gujarat,16932.0
2022-02-09,Gujarat,16755.0
2022-02-10,Gujarat,16728.0
2022-02-11,Gujarat,16844.0
2022-02-12,Gujarat,16666.0
2022-02-13,Gujarat,16664.0
2022-02-14,Gujarat,16897.0
2022-02-15,Gujarat,16664.0
2022-02-16,Gujarat,16415.0
2022-02-17,Gujarat,16652.0
2022-02-18,Gujarat,17114.0
2022-02-19,Gujarat,17117.0
2022-02-20,Gujarat,16703.0
2022-02-21,Gujarat,17456.0
2022-02-22,Gujarat,17103.0
2022-02-23,Gujarat,16773.0
2022-02-24,Gujarat,17197.0
2022-02-25,Gujarat,16929.0
2022-02-26,Gujarat,17160.0
2022-02-27,Gujarat,16571.0
2022-02-28,Gujarat,17374.0
2022-03-01,Gujarat,16471.0
2022-03-02,Gujarat,16673.0
2022-03-03,Gujarat,16952.0
2022-03-04,Gujarat,16999.0
2022-03-05,Gujarat,17345.0
2022-03-06,Gujarat,17056.0
2022-03-07,Gujarat,17771.0
2022-03-08,Gujarat,17785.0
2022-03-09,Gujarat,17413.0
2022-03-10,Gujarat,17681.0
2022-03-11,Gujarat,18591.0
2022-03-12,Gujarat,18504.0
2022-03-13,Gujarat,17325.0
2022-03-14,Gujarat,18196.0
2022-03-15,Gujarat,18714.0
2022-03-16,Gujarat,18817.0
2022-03-17,Gujarat,18402.0
2022-03-18,Gujarat,16247.0
2022-03-19,Gujarat,17294.0
2022-03-20,Gujarat,17594.0
2022-03-21,Gujarat,18530.0
2022-03-22,Gujarat,17922.0
2022-03-23,Gujarat,18038.0
2022-03-24,Gujarat,18633.0
2022-03-25,Gujarat,18875.0
2022-03-26,Gujarat,18859.0
2022-03-27,Gujarat,17368.0
2022-03-28,Gujarat,18762.0
2022-03-29,Gujarat,19263.0
2022-03-30,Gujarat,18691.0
2022-03-31,Gujarat,19301.0
2022-04-01,Gujarat,18914.0
2022-04-02,Gujarat,19259.0
2022-04-03,Gujarat,18224.0
2022-04-04,Gujarat,19836.0
2022-04-05,Gujarat,19538.0
2022-04-06,Gujarat,19560.0
2022-04-07,Gujarat,19982.0
2022-04-08,Gujarat,20277.0
2022-04-09,Gujarat,20227.0
2022-04-10,Gujarat,19086.0
2022-04-11,Gujarat,19978.0
2022-04-12,Gujarat,20031.0
2022-04-13,Gujarat,19989.0
2022-04-14,Gujarat,20197.0
2022-04-15,Gujarat,19509.0
2022-04-16,Gujarat,19819.0
2022-04-17,Gujarat,19130.0
2022-04-18,Gujarat,20457.0
2022-04-19,Gujarat,19786.0
2022-04-20,Gujarat,19445.0
2022-04-21,Gujarat,20152.0
2022-04-22,Gujarat,20264.5
2022-04-23,Gujarat,20377.0
2022-04-24,Gujarat,19412.0
2022-04-25,Gujarat,20222.0
2022-04-26,Gujarat,20535.0
2022-04-27,Gujarat,20543.0
2022-04-28,Gujarat,20935.0
2022-04-29,Gujarat,21382.0
2022-04-30,Gujarat,21017.0
2022-05-01,Gujarat,19614.0
2022-05-02,Gujarat,20631.0
2022-05-03,Gujarat,19959.0
2022-05-04,Gujarat,20195.0
2022-05-05,Gujarat,20265.0
2022-05-06,Gujarat,20630.0
2022-05-07,Gujarat,20337.0
2022-05-08,Gujarat,19039.0
2022-05-09,Gujarat,20395.0
2022-05-10,Gujarat,20306.0
2022-05-11,Gujarat,20519.0
2022-05-12,Gujarat,20769.0
2022-05-13,Gujarat,20226.0
2022-05-14,Gujarat,20277.0
2022-05-15,Gujarat,18913.0
2022-05-16,Gujarat,20053.0
2022-05-17,Gujarat,20117.0
2022-05-18,Gujarat,19545.0
2022-05-19,Gujarat,19597.0
2022-05-20,Gujarat,20119.0
2022-05-21,Gujarat,18851.0
2022-05-22,Gujarat,17483.0
2022-05-23,Gujarat,19206.0
2022-05-24,Gujarat,19524.0
2022-05-25,Gujarat,19719.0
2022-05-26,Gujarat,19614.0
2022-05-27,Gujarat,19214.0
2022-05-28,Gujarat,19864.0
2022-05-29,Gujarat,19008.0
2022-05-30,Gujarat,19008.0
2022-05-31,Gujarat,20062.0
2022-06-01,Gujarat,19586.0
2022-06-02,Gujarat,20382.0
2022-06-03,Gujarat,20075.0
2022-06-04,Gujarat,20605.0
2022-06-05,Gujarat,19132.0
2022-06-06,Gujarat,20682.0
2022-06-07,Gujarat,21189.0
2022-06-08,Gujarat,20951.0
2022-06-09,Gujarat,21047.0
2022-06-10,Gujarat,21236.0
2022-06-11,Gujarat,20476.0
2022-06-12,Gujarat,18588.0
2022-06-13,Gujarat,18325.0
2022-06-14,Gujarat,18187.5
2022-06-15,Gujarat,18050.0
2022-06-16,Gujarat,18921.0
2022-06-17,Gujarat,19519.0
2022-06-18,Gujarat,19271.0
2022-06-19,Gujarat,18622.0
2022-06-20,Gujarat,19372.0
2022-06-21,Gujarat,19239.0
2022-06-22,Gujarat,18619.0
2022-06-23,Gujarat,18515.0
2022-06-24,Gujarat,18973.0
2022-06-25,Gujarat,19319.0
2022-06-26,Gujarat,18508.0
2022-06-27,Gujarat,18561.0
2022-06-28,Gujarat,18495.0
2022-06-29,Gujarat,18629.0
2022-06-30,Gujarat,18940.0
2022-07-01,Gujarat,17428.0
2022-07-02,Gujarat,15689.0
2022-07-03,Gujarat,14914.0
2022-07-04,Gujarat,16466.0
2022-07-05,Gujarat,16329.0
2022-07-06,Gujarat,14877.0
2022-07-07,Gujarat,15642.0
2022-07-08,Gujarat,14583.0
2022-07-09,Gujarat,14915.0
2022-07-10,Gujarat,13401.0
2022-07-11,Gujarat,14289.0
2022-07-12,Gujarat,14039.0
2022-07-13,Gujarat,13954.0
2022-07-14,Gujarat,14298.0
2022-07-15,Gujarat,14168.0
2022-07-16,Gujarat,14641.0
2022-07-17,Gujarat,13670.0
2022-07-18,Gujarat,14580.0
2022-07-19,Gujarat,14640.0
2022-07-20,Gujarat,14163.0
2022-07-21,Gujarat,15297.0
2022-07-22,Gujarat,14954.0
2022-07-23,Gujarat,14992.0
2022-07-24,Gujarat,13048.0
2022-07-25,Gujarat,14646.0
2022-07-26,Gujarat,14778.0
2022-07-27,Gujarat,14017.0
2022-07-28,Gujarat,15330.0
2022-07-29,Gujarat,15209.0
2022-07-30,Gujarat,15846.0
2022-07-31,Gujarat,14890.0
2022-08-01,Gujarat,15958.0
2022-08-02,Gujarat,15936.0
2022-08-03,Gujarat,16126.0
2022-08-04,Gujarat,16370.0
2022-08-05,Gujarat,15646.0
2022-08-06,Gujarat,15710.0
2022-08-07,Gujarat,14454.0
2022-08-08,Gujarat,15257.0
2022-08-09,Gujarat,15370.0
2022-08-10,Gujarat,15050.0
2022-08-11,Gujarat,13601.0
2022-08-12,Gujarat,13718.0
2022-08-13,Gujarat,14199.0
2022-08-14,Gujarat,13787.0
2022-08-15,Gujarat,12854.0
2022-08-16,Gujarat,14602.0
2022-08-17,Gujarat,13460.0
2022-08-18,Gujarat,12768.0
2022-08-19,Gujarat,11349.0
2022-08-20,Gujarat,12614.0
2022-08-21,Gujarat,12806.0
2022-08-22,Gujarat,14537.0
2022-08-23,Gujarat,14644.0
2022-08-24,Gujarat,14341.0
2022-08-25,Gujarat,14898.0
2022-08-26,Gujarat,15333.0
2022-08-27,Gujarat,15249.0
2022-08-28,Gujarat,15424.0
2022-08-29,Gujarat,16550.0
2022-08-30,Gujarat,17632.0
2022-08-31,Gujarat,17321.0
2022-09-01,Gujarat,17415.0
2022-09-02,Gujarat,18195.0
2022-09-03,Gujarat,19340.0
2022-09-04,Gujarat,18089.0
2022-09-05,Gujarat,19354.0
2022-09-06,Gujarat,19357.0
2022-09-07,Gujarat,19836.0
2022-09-08,Gujarat,20331.0
2022-09-09,Gujarat,18524.0
2022-09-10,Gujarat,18795.0
2022-09-11,Gujarat,15671.0
2022-09-12,Gujarat,15957.0
2022-09-13,Gujarat,15044.0
2022-09-14,Gujarat,14644.0
2022-09-15,Gujarat,14862.0
2022-09-16,Gujarat,15326.0
2022-09-17,Gujarat,15374.0
2022-09-18,Gujarat,14730.0
2022-09-19,Gujarat,16624.0
2022-09-20,Gujarat,16939.0
2022-09-21,Gujarat,17139.0
2022-09-22,Gujarat,18522.0
2022-09-23,Gujarat,18770.0
2022-09-24,Gujarat,19073.0
2022-09-25,Gujarat,18477.0
2022-09-26,Gujarat,19936.0
2022-09-27,Gujarat,19507.0
2022-09-28,Gujarat,20011.0
2022-09-29,Gujarat,20166.0
2022-09-30,Gujarat,20341.0
2022-10-01,Gujarat,20125.0
2022-10-02,Gujarat,19002.0
2022-10-03,Gujarat,19952.0
2022-10-04,Gujarat,20254.0
2022-10-05,Gujarat,18473.0
2022-10-06,Gujarat,20161.0
2022-10-07,Gujarat,19578.0
2022-10-08,Gujarat,18865.0
2022-10-09,Gujarat,17991.0
2022-10-10,Gujarat,19017.0
2022-10-11,Gujarat,19219.0
2022-10-12,Gujarat,18954.0
2022-10-13,Gujarat,19218.0
2022-10-14,Gujarat,19213.0
2022-10-15,Gujarat,19197.0
2022-10-16,Gujarat,17979.0
2022-10-17,Gujarat,19263.0
2022-10-18,Gujarat,19907.0
2022-10-19,Gujarat,19853.0
2022-10-20,Gujarat,20061.0
2022-10-21,Gujarat,19150.0
2022-10-22,Gujarat,17814.0
2022-10-23,Gujarat,15848.0
2022-10-24,Gujarat,13784.0
2022-10-25,Gujarat,13204.0
2022-10-26,Gujarat,12522.0
2022-10-27,Gujarat,14763.0
2022-10-28,Gujarat,15384.0
2022-10-29,Gujarat,16146.0
2022-10-30,Gujarat,16011.0
2022-10-31,Gujarat,17300.0
2022-11-01,Gujarat,17838.0
2022-11-02,Gujarat,17955.0
2022-11-03,Gujarat,18354.0
2022-11-04,Gujarat,18496.0
2022-11-05,Gujarat,18947.0
2022-11-06,Gujarat,18340.0
2022-11-07,Gujarat,19540.0
2022-11-08,Gujarat,19267.0
2022-11-09,Gujarat,18788.0
2022-11-10,Gujarat,19394.0
2022-11-11,Gujarat,19462.0
2022-11-12,Gujarat,19674.0
2022-11-13,Gujarat,18290.0
2022-11-14,Gujarat,19518.0
2022-11-15,Gujarat,19448.0
2022-11-16,Gujarat,19485.0
2022-11-17,Gujarat,19485.0
2022-11-18,Gujarat,19395.0
2022-11-19,Gujarat,19077.0
2022-11-20,Gujarat,18499.0
2022-11-21,Gujarat,19704.0
2022-11-22,Gujarat,19518.0
2022-11-23,Gujarat,18920.0
2022-11-24,Gujarat,19648.0
2022-11-25,Gujarat,19386.0
2022-11-26,Gujarat,19447.0
2022-11-27,Gujarat,18644.0
2022-11-28,Gujarat,19424.0
2022-11-29,Gujarat,19268.0
2022-11-30,Gujarat,18891.5
2022-12-01,Gujarat,18515.0
2022-12-02,Gujarat,18865.0
2022-12-03,Gujarat,19215.0
2022-12-04,Gujarat,18438.0
2022-12-05,Gujarat,18160.0
2022-12-06,Gujarat,19299.0
2022-12-07,Gujarat,19404.0
2022-12-08,Gujarat,19231.0
2022-12-09,Gujarat,18493.0
2022-12-10,Gujarat,18493.0
2022-12-11,Gujarat,18059.0
2022-12-12,Gujarat,19094.0
2022-12-13,Gujarat,19333.0
2022-12-14,Gujarat,18844.0
2022-12-15,Gujarat,19790.0
2022-12-16,Gujarat,19153.0
2022-12-17,Gujarat,19875.0
2022-12-18,Gujarat,18790.0
2022-12-19,Gujarat,20111.0
2022-12-20,Gujarat,19647.0
2022-12-21,Gujarat,19550.0
2022-12-22,Gujarat,19973.0
2022-12-23,Gujarat,19447.0
2022-12-24,Gujarat,19380.0
2022-12-25,Gujarat,18899.0
2022-12-26,Gujarat,19708.0
2022-12-27,Gujarat,19636.0
2022-12-28,Gujarat,19283.0
2022-12-29,Gujarat,19807.0
2022-12-30,Gujarat,19576.0
2022-12-31,Gujarat,19491.0
2023-01-01,Gujarat,18088.0
2023-01-02,Gujarat,19210.0
2023-01-03,Gujarat,19317.0
2023-01-04,Gujarat,18682.0
2023-01-05,Gujarat,19149.0
2023-01-06,Gujarat,18783.0
2023-01-07,Gujarat,19658.0
2023-01-08,Gujarat,19637.0
2023-01-09,Gujarat,18724.0
2023-01-10,Gujarat,18734.0
2023-01-11,Gujarat,18192.0
2023-01-12,Gujarat,18872.0
2023-01-13,Gujarat,19154.0
2023-01-14,Gujarat,14113.0
2023-01-15,Gujarat,15161.0
2023-01-16,Gujarat,17850.0
2023-01-17,Gujarat,18460.0
2023-01-18,Gujarat,17875.0
2023-01-19,Gujarat,18679.0
2023-01-20,Gujarat,18684.0
2023-01-21,Gujarat,18606.0
2023-01-22,Gujarat,17984.0
2023-01-23,Gujarat,18650.0
2023-01-24,Gujarat,18416.0
2023-01-25,Gujarat,18230.0
2023-01-26,Gujarat,16736.0
2023-01-27,Gujarat,17738.0
2023-01-28,Gujarat,18026.0
2023-01-29,Gujarat,16685.0
2023-01-30,Gujarat,16985.0
2023-01-31,Gujarat,17167.0
2023-02-01,Gujarat,16823.0
2023-02-02,Gujarat,17630.0
2023-02-03,Gujarat,17661.0
2023-02-04,Gujarat,18074.0
2023-02-05,Gujarat,16948.0
2023-02-06,Gujarat,17923.0
2023-02-07,Gujarat,17772.0
2023-02-08,Gujarat,17427.0
2023-02-09,Gujarat,18015.0
2023-02-10,Gujarat,18171.0
2023-02-11,Gujarat,17884.0
2023-02-12,Gujarat,17333.0
2023-02-13,Gujarat,18079.0
2023-02-14,Gujarat,17643.0
2023-02-15,Gujarat,17710.0
2023-02-16,Gujarat,18208.0
2023-02-17,Gujarat,18714.0
2023-02-18,Gujarat,17982.0
2023-02-19,Gujarat,17924.0
2023-02-20,Gujarat,19185.0
2023-02-21,Gujarat,18565.0
2023-02-22,Gujarat,18214.0
2023-02-23,Gujarat,18567.0
2023-02-24,Gujarat,18506.0
2023-02-25,Gujarat,18507.0
2023-02-26,Gujarat,17836.0
2023-02-27,Gujarat,18919.0
2023-02-28,Gujarat,18870.0
2023-03-01,Gujarat,18369.0
2023-03-02,Gujarat,19075.0
2023-03-03,Gujarat,19267.0
2023-03-04,Gujarat,19464.0
2023-03-05,Gujarat,18218.0
2023-03-06,Gujarat,18975.0
2023-03-07,Gujarat,16380.0
2023-03-08,Gujarat,14575.0
2023-03-09,Gujarat,16634.0
2023-03-10,Gujarat,18262.0
2023-03-11,Gujarat,18229.0
2023-03-12,Gujarat,17667.0
2023-03-13,Gujarat,19051.0
2023-03-14,Gujarat,18705.0
2023-03-15,Gujarat,18734.0
2023-03-16,Gujarat,18741.0
2023-03-17,Gujarat,18843.0
2023-03-18,Gujarat,18677.0
2023-03-19,Gujarat,16189.0
2023-03-20,Gujarat,17552.0
2023-03-21,Gujarat,17895.0
2023-03-22,Gujarat,17429.0
2023-03-23,Gujarat,18058.0
2023-03-24,Gujarat,18067.0
2023-03-25,Gujarat,18038.0
2023-03-26,Gujarat,17315.0
2023-03-27,Gujarat,18619.0
2023-03-28,Gujarat,18710.0
2023-03-29,Gujarat,18202.0
2023-03-30,Gujarat,17924.5
2023-03-31,Gujarat,17647.0
2023-04-01,Gujarat,17682.0
2023-04-02,Gujarat,16934.0
2023-04-03,Gujarat,18545.0
2023-04-04,Gujarat,18841.0
2023-04-05,Gujarat,18723.0
2023-04-06,Gujarat,19185.0
2023-04-07,Gujarat,19488.0
2023-04-08,Gujarat,19645.0
2023-04-09,Gujarat,18934.0
2023-04-10,Gujarat,20600.0
2023-04-11,Gujarat,20246.0
2023-04-12,Gujarat,19953.0
2023-04-13,Gujarat,20748.0
2023-04-14,Gujarat,20503.0
2023-04-15,Gujarat,20576.0
2023-04-16,Gujarat,19534.0
2023-04-17,Gujarat,21166.0
2023-04-18,Gujarat,21627.0
2023-04-19,Gujarat,21074.0
2023-04-20,Gujarat,21202.0
2023-04-21,Gujarat,20902.0
2023-04-22,Gujarat,20422.0
2023-04-23,Gujarat,18834.0
2023-04-24,Gujarat,20870.0
2023-04-25,Gujarat,21082.0
2023-04-26,Gujarat,20701.0
2023-04-27,Gujarat,21064.0
2023-04-28,Gujarat,20780.0
2023-04-29,Gujarat,18453.0
2023-04-30,Gujarat,16621.0
2023-05-01,Gujarat,17386.0
2023-05-02,Gujarat,17915.0
2023-05-03,Gujarat,18334.0
2023-05-04,Gujarat,18241.0
2023-05-05,Gujarat,19013.0
2023-05-06,Gujarat,19025.0
2023-05-07,Gujarat,17943.0
2023-05-08,Gujarat,20100.0
2023-05-09,Gujarat,20321.0
2023-05-10,Gujarat,20235.0
2023-05-11,Gujarat,20512.0
2023-05-12,Gujarat,20524.0
2023-05-13,Gujarat,20739.0
2023-05-14,Gujarat,19323.0
2023-05-15,Gujarat,21015.0
2023-05-16,Gujarat,20697.0
2023-05-17,Gujarat,20479.0
2023-05-18,Gujarat,20737.0
2023-05-19,Gujarat,20825.0
2023-05-20,Gujarat,21022.0
2023-05-21,Gujarat,19303.0
2023-05-22,Gujarat,21293.0
2023-05-23,Gujarat,21207.0
2023-05-24,Gujarat,21310.0
2023-05-25,Gujarat,20666.0
2023-05-26,Gujarat,20570.0
2023-05-27,Gujarat,20212.0
2023-05-28,Gujarat,19540.0
2023-05-29,Gujarat,19253.0
2023-05-30,Gujarat,18941.0
2023-05-31,Gujarat,19981.0
2023-06-01,Gujarat,20154.0
2023-06-02,Gujarat,21048.0
2023-06-03,Gujarat,21635.0
2023-06-04,Gujarat,17674.0
2023-06-05,Gujarat,21018.0
2023-06-06,Gujarat,21052.0
2023-06-07,Gujarat,21094.0
2023-06-08,Gujarat,22118.0
2023-06-09,Gujarat,22225.0
2023-06-10,Gujarat,21464.0
2023-06-11,Gujarat,18568.0
2023-06-12,Gujarat,18967.0
2023-06-13,Gujarat,18231.0
2023-06-14,Gujarat,16796.0
2023-06-15,Gujarat,14929.0
2023-06-16,Gujarat,12469.0
2023-06-17,Gujarat,13653.0
2023-06-18,Gujarat,14996.0
2023-06-19,Gujarat,17131.0
2023-06-20,Gujarat,17370.0
2023-06-21,Gujarat,18041.0
2023-06-22,Gujarat,19215.0
2023-06-23,Gujarat,19097.0
2023-06-24,Gujarat,18914.0
2023-06-25,Gujarat,16462.0
2023-06-26,Gujarat,16960.0
2023-06-27,Gujarat,16561.0
2023-06-28,Gujarat,16057.0
2023-06-29,Gujarat,15694.0
2023-06-30,Gujarat,15371.0
2023-07-01,Gujarat,14935.0
2023-07-02,Gujarat,14621.0
2023-07-03,Gujarat,16124.0
2023-07-04,Gujarat,17413.0
2023-07-05,Gujarat,17126.0
2023-07-06,Gujarat,16715.0
2023-07-07,Gujarat,16056.0
2023-07-08,Gujarat,15456.0
2023-07-09,Gujarat,14494.0
2023-07-10,Gujarat,15459.0
2023-07-11,Gujarat,15839.0
2023-07-12,Gujarat,15882.0
2023-07-13,Gujarat,16503.0
2023-07-14,Gujarat,17023.0
2023-07-15,Gujarat,16858.0
2023-07-16,Gujarat,15890.0
2023-07-17,Gujarat,17107.0
2023-07-18,Gujarat,17672.0
2023-07-19,Gujarat,16825.0
2023-07-20,Gujarat,16767.0
2023-07-21,Gujarat,16296.0
2023-07-22,Gujarat,16701.0
2023-07-23,Gujarat,14971.0
2023-07-24,Gujarat,15830.0
2023-07-25,Gujarat,16115.0
2023-07-26,Gujarat,16028.0
2023-07-27,Gujarat,16370.0
2023-07-28,Gujarat,16132.0
2023-07-29,Gujarat,15149.0
2023-07-30,Gujarat,14589.0
2023-07-31,Gujarat,15765.0
2023-08-01,Gujarat,15425.0
2023-08-02,Gujarat,15289.0
2023-08-03,Gujarat,16280.0
2023-08-04,Gujarat,16463.0
2023-08-05,Gujarat,16703.0
2023-08-06,Gujarat,15230.0
2023-08-07,Gujarat,17296.0
2023-08-08,Gujarat,17834.0
2023-08-09,Gujarat,18096.0
2023-08-10,Gujarat,18331.0
2023-08-11,Gujarat,18818.0
2023-08-12,Gujarat,19282.0
2023-08-13,Gujarat,18136.0
2023-08-14,Gujarat,20317.0
2023-08-15,Gujarat,18732.0
2023-08-16,Gujarat,20313.0
2023-08-17,Gujarat,20991.0
2023-08-18,Gujarat,21201.0
2023-08-19,Gujarat,22470.0
2023-08-20,Gujarat,20547.0
2023-08-21,Gujarat,20881.0
2023-08-22,Gujarat,21540.0
2023-08-23,Gujarat,21189.0
2023-08-24,Gujarat,21466.0
2023-08-25,Gujarat,21473.0
2023-08-26,Gujarat,22586.0
2023-08-27,Gujarat,21467.0
2023-08-28,Gujarat,22776.0
2023-08-29,Gujarat,22658.0
2023-08-30,Gujarat,19320.0
2023-08-31,Gujarat,22972.0
2023-09-01,Gujarat,24544.0
2023-09-02,Gujarat,24226.0
2023-09-03,Gujarat,23666.0
2023-09-04,Gujarat,24235.0
2023-09-05,Gujarat,23780.0
2023-09-06,Gujarat,22747.0
2023-09-07,Gujarat,18235.0
2023-09-08,Gujarat,18965.0
2023-09-09,Gujarat,19628.0
2023-09-10,Gujarat,19255.0
2023-09-11,Gujarat,21405.0
2023-09-12,Gujarat,21911.0
2023-09-13,Gujarat,22278.0
2023-09-14,Gujarat,22614.0
2023-09-15,Gujarat,22153.0
2023-09-16,Gujarat,21417.0
2023-09-17,Gujarat,17288.0
2023-09-18,Gujarat,15839.0
2023-09-19,Gujarat,15599.0
2023-09-20,Gujarat,16377.0
2023-09-21,Gujarat,17222.0
2023-09-22,Gujarat,17743.0
2023-09-23,Gujarat,17982.0
2023-09-24,Gujarat,16263.0
2023-09-25,Gujarat,18122.0
2023-09-26,Gujarat,18171.0
2023-09-27,Gujarat,18498.0
2023-09-28,Gujarat,17327.0
2023-09-29,Gujarat,19017.0
2023-09-30,Gujarat,18991.0
2023-10-01,Gujarat,18347.0
2023-10-02,Gujarat,19079.0
2023-10-03,Gujarat,20054.0
2023-10-04,Gujarat,20093.0
2023-10-05,Gujarat,20620.0
2023-10-06,Gujarat,21264.0
2023-10-07,Gujarat,20487.0
2023-10-08,Gujarat,19582.0
2023-10-09,Gujarat,20787.0
2023-10-10,Gujarat,20742.0
2023-10-11,Gujarat,20620.0
2023-10-12,Gujarat,21291.0
2023-10-13,Gujarat,21182.0
2023-10-14,Gujarat,21034.0
2023-10-15,Gujarat,19710.0
2023-10-16,Gujarat,21125.0
2023-10-17,Gujarat,20953.0
2023-10-18,Gujarat,20498.0
2023-10-19,Gujarat,21280.0
2023-10-20,Gujarat,21147.0
2023-10-21,Gujarat,21689.0
2023-10-22,Gujarat,20553.0
2023-10-23,Gujarat,21355.0
2023-10-24,Gujarat,19641.0
2023-10-25,Gujarat,20643.0
2023-10-26,Gujarat,21284.0
2023-10-27,Gujarat,21175.0
2023-10-28,Gujarat,20961.0
2023-10-29,Gujarat,20132.0
2023-10-30,Gujarat,21158.0
2023-10-31,Gujarat,21238.0
2023-11-01,Gujarat,20626.0
2023-11-02,Gujarat,21353.0
2023-11-03,Gujarat,21059.0
2023-11-04,Gujarat,21565.0
2023-11-05,Gujarat,20855.0
2023-11-06,Gujarat,21694.0
2023-11-07,Gujarat,21644.0
2023-11-08,Gujarat,21421.0
2023-11-09,Gujarat,21302.0
2023-11-10,Gujarat,21202.0
2023-11-11,Gujarat,19020.0
2023-11-12,Gujarat,14932.0
2023-11-13,Gujarat,14696.0
2023-11-14,Gujarat,12888.0
2023-11-15,Gujarat,15210.0
2023-11-16,Gujarat,16922.0
2023-11-17,Gujarat,17765.0
2023-11-18,Gujarat,18527.0
2023-11-19,Gujarat,18634.0
2023-11-20,Gujarat,19981.0
2023-11-21,Gujarat,20681.0
2023-11-22,Gujarat,19962.0
2023-11-23,Gujarat,20348.0
2023-11-24,Gujarat,20607.0
2023-11-25,Gujarat,20819.0
2023-11-26,Gujarat,16205.0
2023-11-27,Gujarat,14842.0
2023-11-28,Gujarat,15293.0
2023-11-29,Gujarat,15344.0
2023-11-30,Gujarat,16194.0
2023-12-01,Gujarat,17076.0
2023-12-02,Gujarat,17501.0
2023-12-03,Gujarat,17646.0
2023-12-04,Gujarat,18286.0
2023-12-05,Gujarat,18177.0
2023-12-06,Gujarat,18144.0
2023-12-07,Gujarat,19050.0
2023-12-08,Gujarat,19271.0
2023-12-09,Gujarat,19556.0
2023-12-10,Gujarat,19021.0
2023-12-11,Gujarat,19977.0
2023-12-12,Gujarat,20326.0
2023-12-13,Gujarat,19900.0
2023-12-14,Gujarat,20242.0
2023-12-15,Gujarat,20302.0
2023-12-16,Gujarat,20982.0
2023-12-17,Gujarat,20076.0
2023-12-18,Gujarat,20519.0
2023-12-19,Gujarat,20170.0
2023-12-20,Gujarat,20174.0
2023-12-21,Gujarat,20588.0
2023-12-22,Gujarat,21382.0
2023-12-23,Gujarat,20879.0
2023-12-24,Gujarat,20385.0
2023-12-25,Gujarat,21408.0
2023-12-26,Gujarat,21128.0
2023-12-27,Gujarat,20607.0
2023-12-28,Gujarat,21328.0
2023-12-29,Gujarat,21370.0
2023-12-30,Gujarat,21160.0
2023-12-31,Gujarat,20596.0
2024-01-01,Gujarat,20388.0
2024-01-02,Gujarat,19210.0
2024-01-03,Gujarat,20260.0
2024-01-04,Gujarat,20395.0
2024-01-05,Gujarat,21235.0
2024-01-06,Gujarat,20951.0
2024-01-07,Gujarat,20556.0
2024-01-08,Gujarat,20978.0
2024-01-09,Gujarat,21037.0
2024-01-10,Gujarat,20686.0
2024-01-11,Gujarat,21450.0
2024-01-12,Gujarat,21861.0
2024-01-13,Gujarat,21520.0
2024-01-14,Gujarat,15589.0
2024-01-15,Gujarat,18638.0
2024-01-16,Gujarat,20628.0
2024-01-17,Gujarat,21159.0
2024-01-18,Gujarat,21007.0
2024-01-19,Gujarat,21616.0
2024-01-20,Gujarat,21528.0
2024-01-21,Gujarat,20487.0
2024-01-22,Gujarat,18546.0
2024-01-23,Gujarat,20527.0
2024-01-24,Gujarat,20632.0
2024-01-25,Gujarat,21017.0
2024-01-26,Gujarat,19566.0
2024-01-27,Gujarat,20575.0
2024-01-28,Gujarat,20555.0
2024-01-29,Gujarat,21542.0
2024-01-30,Gujarat,21021.0
2024-01-31,Gujarat,20572.0
2024-02-01,Gujarat,20346.0
2024-02-02,Gujarat,20511.0
2024-02-03,Gujarat,20795.0
2024-02-04,Gujarat,20482.0
2024-02-05,Gujarat,21248.0
2024-02-06,Gujarat,20810.0
2024-02-07,Gujarat,20391.0
2024-02-08,Gujarat,19994.0
2024-02-09,Gujarat,20205.0
2024-02-10,Gujarat,20209.0
2024-02-11,Gujarat,19428.0
2024-02-12,Gujarat,20576.0
2024-02-13,Gujarat,20613.0
2024-02-14,Gujarat,19478.0
2024-02-15,Gujarat,20146.0
2024-02-16,Gujarat,20099.0
2024-02-17,Gujarat,20416.0
2024-02-18,Gujarat,19270.0
2024-02-19,Gujarat,20086.0
2024-02-20,Gujarat,20392.0
2024-02-21,Gujarat,19826.0
2024-02-22,Gujarat,19317.0
2024-02-23,Gujarat,19239.0
2024-02-24,Gujarat,19550.0
2024-02-25,Gujarat,19098.0
2024-02-26,Gujarat,19983.0
2024-02-27,Gujarat,20151.0
2024-02-28,Gujarat,19812.0
2024-02-29,Gujarat,20254.0
2024-03-01,Gujarat,20340.0
2024-03-02,Gujarat,19992.0
2024-03-03,Gujarat,17203.0
2024-03-04,Gujarat,18575.0
2024-03-05,Gujarat,18860.0
2024-03-06,Gujarat,18569.0
2024-03-07,Gujarat,19566.0
2024-03-08,Gujarat,18427.0
2024-03-09,Gujarat,19731.0
2024-03-10,Gujarat,19725.0
2024-03-11,Gujarat,20417.0
2024-03-12,Gujarat,20553.0
2024-03-13,Gujarat,19967.0
2024-03-14,Gujarat,20462.0
2024-03-15,Gujarat,20690.0
2024-03-16,Gujarat,21041.0
2024-03-17,Gujarat,19910.0
2024-03-18,Gujarat,21388.0
2024-03-19,Gujarat,21220.0
2024-03-20,Gujarat,20831.0
2024-03-21,Gujarat,21339.0
2024-03-22,Gujarat,21186.0
2024-03-23,Gujarat,21202.0
2024-03-24,Gujarat,19574.0
2024-03-25,Gujarat,15632.0
2024-03-26,Gujarat,19854.0
2024-03-27,Gujarat,20708.0
2024-03-28,Gujarat,21515.0
2024-03-29,Gujarat,21843.0
2024-03-30,Gujarat,21639.0
2024-03-31,Gujarat,20027.0
2024-04-01,Gujarat,20870.0
2024-04-02,Gujarat,21305.0
2024-04-03,Gujarat,20487.0
2024-04-04,Gujarat,21250.0
2024-04-05,Gujarat,21435.0
2024-04-06,Gujarat,21408.0
2024-04-07,Gujarat,20529.0
2024-04-08,Gujarat,22399.0
2024-04-09,Gujarat,22843.0
2024-04-10,Gujarat,22133.0
2024-04-11,Gujarat,22237.0
2024-04-12,Gujarat,22231.0
2024-04-13,Gujarat,22439.0
2024-04-14,Gujarat,21583.0
2024-04-15,Gujarat,22851.0
2024-04-16,Gujarat,22891.0
2024-04-17,Gujarat,22322.0
2024-04-18,Gujarat,23289.0
2024-04-19,Gujarat,23916.0
2024-04-20,Gujarat,22312.0
2024-04-21,Gujarat,20642.0
2024-04-22,Gujarat,22440.0
2024-04-23,Gujarat,22451.0
2024-04-24,Gujarat,22377.0
2024-04-25,Gujarat,23074.0
2024-04-26,Gujarat,22855.0
2024-04-27,Gujarat,23547.0
2024-04-28,Gujarat,21790.0
2022-01-01,Delhi,4470.0
2022-01-02,Delhi,4034.0
2022-01-03,Delhi,4467.0
2022-01-04,Delhi,4441.0
2022-01-05,Delhi,4322.0
2022-01-06,Delhi,4269.0
2022-01-07,Delhi,4559.0
2022-01-08,Delhi,3345.0
2022-01-09,Delhi,3760.0
2022-01-10,Delhi,4573.0
2022-01-11,Delhi,4505.0
2022-01-12,Delhi,4615.0
2022-01-13,Delhi,4577.0
2022-01-14,Delhi,5087.0
2022-01-15,Delhi,4045.0
2022-01-16,Delhi,4125.0
2022-01-17,Delhi,4823.0
2022-01-18,Delhi,4898.0
2022-01-19,Delhi,4950.0
2022-01-20,Delhi,4788.0
2022-01-21,Delhi,5040.0
2022-01-22,Delhi,3912.0
2022-01-23,Delhi,4151.0
2022-01-24,Delhi,4828.0
2022-01-25,Delhi,4918.0
2022-01-26,Delhi,4187.0
2022-01-27,Delhi,4708.0
2022-01-28,Delhi,4997.0
2022-01-29,Delhi,4330.0
2022-01-30,Delhi,4341.0
2022-01-31,Delhi,4489.0
2022-02-01,Delhi,4572.0
2022-02-02,Delhi,4648.0
2022-02-03,Delhi,4520.0
2022-02-04,Delhi,4796.0
2022-02-05,Delhi,4626.0
2022-02-06,Delhi,4236.0
2022-02-07,Delhi,4361.0
2022-02-08,Delhi,4116.0
2022-02-09,Delhi,4196.0
2022-02-10,Delhi,4117.0
2022-02-11,Delhi,4321.0
2022-02-12,Delhi,3930.0
2022-02-13,Delhi,3851.0
2022-02-14,Delhi,3939.0
2022-02-15,Delhi,3917.0
2022-02-16,Delhi,3985.0
2022-02-17,Delhi,3819.0
2022-02-18,Delhi,3959.0
2022-02-19,Delhi,3560.0
2022-02-20,Delhi,3649.0
2022-02-21,Delhi,3705.0
2022-02-22,Delhi,3756.0
2022-02-23,Delhi,3871.0
2022-02-24,Delhi,3759.0
2022-02-25,Delhi,3858.0
2022-02-26,Delhi,3545.0
2022-02-27,Delhi,3577.0
2022-02-28,Delhi,3667.0
2022-03-01,Delhi,3946.0
2022-03-02,Delhi,3624.0
2022-03-03,Delhi,3655.0
2022-03-04,Delhi,3796.0
2022-03-05,Delhi,3428.0
2022-03-06,Delhi,3532.0
2022-03-07,Delhi,3673.0
2022-03-08,Delhi,3574.0
2022-03-09,Delhi,3589.0
2022-03-10,Delhi,3594.0
2022-03-11,Delhi,3660.0
2022-03-12,Delhi,3394.0
2022-03-13,Delhi,3354.0
2022-03-14,Delhi,3572.0
2022-03-15,Delhi,3734.0
2022-03-16,Delhi,3841.0
2022-03-17,Delhi,3797.0
2022-03-18,Delhi,2865.0
2022-03-19,Delhi,3387.0
2022-03-20,Delhi,3498.0
2022-03-21,Delhi,4041.0
2022-03-22,Delhi,3954.0
2022-03-23,Delhi,4004.0
2022-03-24,Delhi,3977.0
2022-03-25,Delhi,4004.0
2022-03-26,Delhi,4004.0
2022-03-27,Delhi,3558.0
2022-03-28,Delhi,4025.0
2022-03-29,Delhi,4241.0
2022-03-30,Delhi,4445.0
2022-03-31,Delhi,4588.0
2022-04-01,Delhi,4416.0
2022-04-02,Delhi,4111.0
2022-04-03,Delhi,4184.0
2022-04-04,Delhi,4494.0
2022-04-05,Delhi,4590.0
2022-04-06,Delhi,4675.0
2022-04-07,Delhi,4857.0
2022-04-08,Delhi,4999.0
2022-04-09,Delhi,4803.0
2022-04-10,Delhi,4936.0
2022-04-11,Delhi,5390.0
2022-04-12,Delhi,5197.0
2022-04-13,Delhi,5224.0
2022-04-14,Delhi,5057.0
2022-04-15,Delhi,4975.0
2022-04-16,Delhi,4974.0
2022-04-17,Delhi,5146.0
2022-04-18,Delhi,5584.0
2022-04-19,Delhi,5628.0
2022-04-20,Delhi,5652.0
2022-04-21,Delhi,5632.0
2022-04-22,Delhi,5357.0
2022-04-23,Delhi,5082.0
2022-04-24,Delhi,5194.0
2022-04-25,Delhi,5525.0
2022-04-26,Delhi,5602.0
2022-04-27,Delhi,5739.0
2022-04-28,Delhi,5942.0
2022-04-29,Delhi,6096.0
2022-04-30,Delhi,5970.0
2022-05-01,Delhi,5993.0
2022-05-02,Delhi,6123.0
2022-05-03,Delhi,6197.0
2022-05-04,Delhi,6121.0
2022-05-05,Delhi,5371.0
2022-05-06,Delhi,5463.0
2022-05-07,Delhi,5426.0
2022-05-08,Delhi,5762.0
2022-05-09,Delhi,6057.0
2022-05-10,Delhi,6189.0
2022-05-11,Delhi,6520.0
2022-05-12,Delhi,6752.0
2022-05-13,Delhi,6781.0
2022-05-14,Delhi,6714.0
2022-05-15,Delhi,6631.0
2022-05-16,Delhi,6686.0
2022-05-17,Delhi,6679.0
2022-05-18,Delhi,6657.0
2022-05-19,Delhi,7008.0
2022-05-20,Delhi,6815.0
2022-05-21,Delhi,6412.0
2022-05-22,Delhi,5935.0
2022-05-23,Delhi,6052.0
2022-05-24,Delhi,4462.0
2022-05-25,Delhi,4771.0
2022-05-26,Delhi,5115.0
2022-05-27,Delhi,5680.0
2022-05-28,Delhi,6133.0
2022-05-29,Delhi,5967.0
2022-05-30,Delhi,6357.0
2022-05-31,Delhi,6115.0
2022-06-01,Delhi,6091.0
2022-06-02,Delhi,6442.0
2022-06-03,Delhi,6518.0
2022-06-04,Delhi,6543.0
2022-06-05,Delhi,6576.0
2022-06-06,Delhi,6692.0
2022-06-07,Delhi,6797.0
2022-06-08,Delhi,6824.0
2022-06-09,Delhi,7048.0
2022-06-10,Delhi,7089.0
2022-06-11,Delhi,6967.0
2022-06-12,Delhi,6935.0
2022-06-13,Delhi,7202.0
2022-06-14,Delhi,7214.5
2022-06-15,Delhi,7227.0
2022-06-16,Delhi,7187.0
2022-06-17,Delhi,6708.0
2022-06-18,Delhi,5325.0
2022-06-19,Delhi,5178.0
2022-06-20,Delhi,5010.0
2022-06-21,Delhi,5273.0
2022-06-22,Delhi,5536.0
2022-06-23,Delhi,5587.0
2022-06-24,Delhi,5614.0
2022-06-25,Delhi,5790.0
2022-06-26,Delhi,6700.0
2022-06-27,Delhi,7168.0
2022-06-28,Delhi,7528.0
2022-06-29,Delhi,7770.0
2022-06-30,Delhi,7130.0
2022-07-01,Delhi,5289.0
2022-07-02,Delhi,5651.0
2022-07-03,Delhi,5918.0
2022-07-04,Delhi,6580.0
2022-07-05,Delhi,6983.0
2022-07-06,Delhi,7279.0
2022-07-07,Delhi,7284.0
2022-07-08,Delhi,7411.0
2022-07-09,Delhi,7181.0
2022-07-10,Delhi,6133.0
2022-07-11,Delhi,6528.0
2022-07-12,Delhi,6318.0
2022-07-13,Delhi,6257.0
2022-07-14,Delhi,6173.0
2022-07-15,Delhi,6773.0
2022-07-16,Delhi,6681.0
2022-07-17,Delhi,6046.0
2022-07-18,Delhi,6847.0
2022-07-19,Delhi,6816.0
2022-07-20,Delhi,6571.0
2022-07-21,Delhi,5821.0
2022-07-22,Delhi,5691.0
2022-07-23,Delhi,5485.0
2022-07-24,Delhi,5655.0
2022-07-25,Delhi,5770.0
2022-07-26,Delhi,5876.0
2022-07-27,Delhi,5897.0
2022-07-28,Delhi,5692.0
2022-07-29,Delhi,5479.0
2022-07-30,Delhi,4978.0
2022-07-31,Delhi,5070.0
2022-08-01,Delhi,5468.0
2022-08-02,Delhi,6089.0
2022-08-03,Delhi,5967.0
2022-08-04,Delhi,5814.0
2022-08-05,Delhi,5481.0
2022-08-06,Delhi,5578.0
2022-08-07,Delhi,5421.0
2022-08-08,Delhi,5776.0
2022-08-09,Delhi,6233.0
2022-08-10,Delhi,6388.0
2022-08-11,Delhi,6328.0
2022-08-12,Delhi,5873.0
2022-08-13,Delhi,5866.0
2022-08-14,Delhi,5792.0
2022-08-15,Delhi,5148.0
2022-08-16,Delhi,5096.0
2022-08-17,Delhi,5486.0
2022-08-18,Delhi,5808.0
2022-08-19,Delhi,5711.0
2022-08-20,Delhi,5647.0
2022-08-21,Delhi,6064.0
2022-08-22,Delhi,6267.0
2022-08-23,Delhi,6111.0
2022-08-24,Delhi,5783.0
2022-08-25,Delhi,5862.0
2022-08-26,Delhi,6100.0
2022-08-27,Delhi,5910.0
2022-08-28,Delhi,5945.0
2022-08-29,Delhi,6027.0
2022-08-30,Delhi,5866.0
2022-08-31,Delhi,6253.0
2022-09-01,Delhi,6479.0
2022-09-02,Delhi,6440.0
2022-09-03,Delhi,6298.0
2022-09-04,Delhi,6288.0
2022-09-05,Delhi,6429.0
2022-09-06,Delhi,6488.0
2022-09-07,Delhi,6482.0
2022-09-08,Delhi,6634.0
2022-09-09,Delhi,6614.0
2022-09-10,Delhi,6542.0
2022-09-11,Delhi,6272.0
2022-09-12,Delhi,6444.0
2022-09-13,Delhi,6282.0
2022-09-14,Delhi,5947.0
2022-09-15,Delhi,5226.0
2022-09-16,Delhi,4582.0
2022-09-17,Delhi,4746.0
2022-09-18,Delhi,5094.0
2022-09-19,Delhi,5318.0
2022-09-20,Delhi,5332.0
2022-09-21,Delhi,5167.0
2022-09-22,Delhi,4718.0
2022-09-23,Delhi,4573.0
2022-09-24,Delhi,4146.0
2022-09-25,Delhi,3987.0
2022-09-26,Delhi,4612.0
2022-09-27,Delhi,4771.0
2022-09-28,Delhi,4896.0
2022-09-29,Delhi,5018.0
2022-09-30,Delhi,5062.0
2022-10-01,Delhi,4722.0
2022-10-02,Delhi,4510.0
2022-10-03,Delhi,4803.0
2022-10-04,Delhi,4944.0
2022-10-05,Delhi,4693.0
2022-10-06,Delhi,4616.0
2022-10-07,Delhi,4450.0
2022-10-08,Delhi,3795.0
2022-10-09,Delhi,3422.0
2022-10-10,Delhi,3730.0
2022-10-11,Delhi,3874.0
2022-10-12,Delhi,4013.0
2022-10-13,Delhi,3995.0
2022-10-14,Delhi,4001.0
2022-10-15,Delhi,3668.0
2022-10-16,Delhi,3470.0
2022-10-17,Delhi,4003.0
2022-10-18,Delhi,3954.0
2022-10-19,Delhi,4015.0
2022-10-20,Delhi,4047.0
2022-10-21,Delhi,4043.0
2022-10-22,Delhi,3765.0
2022-10-23,Delhi,3279.0
2022-10-24,Delhi,2994.0
2022-10-25,Delhi,3108.0
2022-10-26,Delhi,3047.0
2022-10-27,Delhi,3429.0
2022-10-28,Delhi,3663.0
2022-10-29,Delhi,3466.0
2022-10-30,Delhi,3237.0
2022-10-31,Delhi,3556.0
2022-11-01,Delhi,3663.0
2022-11-02,Delhi,3721.0
2022-11-03,Delhi,3725.0
2022-11-04,Delhi,3847.0
2022-11-05,Delhi,3646.0
2022-11-06,Delhi,3504.0
2022-11-07,Delhi,3767.0
2022-11-08,Delhi,3752.0
2022-11-09,Delhi,3713.0
2022-11-10,Delhi,3831.0
2022-11-11,Delhi,3756.0
2022-11-12,Delhi,3469.0
2022-11-13,Delhi,3364.0
2022-11-14,Delhi,3539.0
2022-11-15,Delhi,3525.0
2022-11-16,Delhi,3576.0
2022-11-17,Delhi,3528.0
2022-11-18,Delhi,3717.0
2022-11-19,Delhi,3439.0
2022-11-20,Delhi,3554.0
2022-11-21,Delhi,3529.0
2022-11-22,Delhi,3591.0
2022-11-23,Delhi,3614.0
2022-11-24,Delhi,3560.0
2022-11-25,Delhi,3678.0
2022-11-26,Delhi,3525.0
2022-11-27,Delhi,3608.0
2022-11-28,Delhi,3581.0
2022-11-29,Delhi,3617.0
2022-11-30,Delhi,3629.5
2022-12-01,Delhi,3642.0
2022-12-02,Delhi,3646.0
2022-12-03,Delhi,3650.0
2022-12-04,Delhi,3346.0
2022-12-05,Delhi,3662.0
2022-12-06,Delhi,3766.0
2022-12-07,Delhi,3834.0
2022-12-08,Delhi,3604.0
2022-12-09,Delhi,3939.0
2022-12-10,Delhi,3779.0
2022-12-11,Delhi,3809.0
2022-12-12,Delhi,3794.0
2022-12-13,Delhi,3829.0
2022-12-14,Delhi,3942.0
2022-12-15,Delhi,3860.0
2022-12-16,Delhi,4084.0
2022-12-17,Delhi,3814.0
2022-12-18,Delhi,4057.0
2022-12-19,Delhi,3867.0
2022-12-20,Delhi,4070.0
2022-12-21,Delhi,4256.0
2022-12-22,Delhi,4242.0
2022-12-23,Delhi,4560.0
2022-12-24,Delhi,4284.0
2022-12-25,Delhi,4485.0
2022-12-26,Delhi,4691.0
2022-12-27,Delhi,4675.0
2022-12-28,Delhi,4868.0
2022-12-29,Delhi,4686.0
2022-12-30,Delhi,4841.0
2022-12-31,Delhi,4455.0
2023-01-01,Delhi,4588.0
2023-01-02,Delhi,4580.0
2023-01-03,Delhi,4826.0
2023-01-04,Delhi,5040.0
2023-01-05,Delhi,5225.0
2023-01-06,Delhi,5399.0
2023-01-07,Delhi,5091.0
2023-01-08,Delhi,5137.0
2023-01-09,Delhi,5466.0
2023-01-10,Delhi,5385.0
2023-01-11,Delhi,5376.0
2023-01-12,Delhi,5080.0
2023-01-13,Delhi,5050.0
2023-01-14,Delhi,4733.0
2023-01-15,Delhi,4785.0
2023-01-16,Delhi,4878.0
2023-01-17,Delhi,5001.0
2023-01-18,Delhi,5079.0
2023-01-19,Delhi,4828.0
2023-01-20,Delhi,4863.0
2023-01-21,Delhi,4482.0
2023-01-22,Delhi,4541.0
2023-01-23,Delhi,4396.0
2023-01-24,Delhi,4380.0
2023-01-25,Delhi,4475.0
2023-01-26,Delhi,3943.0
2023-01-27,Delhi,4646.0
2023-01-28,Delhi,4358.0
2023-01-29,Delhi,4433.0
2023-01-30,Delhi,4570.0
2023-01-31,Delhi,4611.0
2023-02-01,Delhi,4557.0
2023-02-02,Delhi,4406.0
2023-02-03,Delhi,4584.0
2023-02-04,Delhi,4107.0
2023-02-05,Delhi,4197.0
2023-02-06,Delhi,4037.0
2023-02-07,Delhi,4064.0
2023-02-08,Delhi,4078.0
2023-02-09,Delhi,3967.0
2023-02-10,Delhi,4021.0
2023-02-11,Delhi,3836.0
2023-02-12,Delhi,3794.0
2023-02-13,Delhi,3883.0
2023-02-14,Delhi,4001.0
2023-02-15,Delhi,4053.0
2023-02-16,Delhi,3811.0
2023-02-17,Delhi,3998.0
2023-02-18,Delhi,3921.0
2023-02-19,Delhi,3600.0
2023-02-20,Delhi,3660.0
2023-02-21,Delhi,3748.0
2023-02-22,Delhi,3855.0
2023-02-23,Delhi,3663.0
2023-02-24,Delhi,3932.0
2023-02-25,Delhi,3541.0
2023-02-26,Delhi,3512.0
2023-02-27,Delhi,3710.0
2023-02-28,Delhi,3684.0
2023-03-01,Delhi,3707.0
2023-03-02,Delhi,3694.0
2023-03-03,Delhi,3797.0
2023-03-04,Delhi,3562.0
2023-03-05,Delhi,3450.0
2023-03-06,Delhi,3610.0
2023-03-07,Delhi,3619.0
2023-03-08,Delhi,2444.0
2023-03-09,Delhi,3187.0
2023-03-10,Delhi,3578.0
2023-03-11,Delhi,3387.0
2023-03-12,Delhi,3363.0
2023-03-13,Delhi,3623.0
2023-03-14,Delhi,3744.0
2023-03-15,Delhi,3725.0
2023-03-16,Delhi,3752.0
2023-03-17,Delhi,3884.0
2023-03-18,Delhi,3509.0
2023-03-19,Delhi,3424.0
2023-03-20,Delhi,3633.0
2023-03-21,Delhi,3559.0
2023-03-22,Delhi,3845.0
2023-03-23,Delhi,3631.0
2023-03-24,Delhi,3802.0
2023-03-25,Delhi,3480.0
2023-03-26,Delhi,3335.0
2023-03-27,Delhi,3566.0
2023-03-28,Delhi,3642.0
2023-03-29,Delhi,3648.0
2023-03-30,Delhi,3673.5
2023-03-31,Delhi,3699.0
2023-04-01,Delhi,3411.0
2023-04-02,Delhi,3360.0
2023-04-03,Delhi,3588.0
2023-04-04,Delhi,3550.0
2023-04-05,Delhi,3666.0
2023-04-06,Delhi,3632.0
2023-04-07,Delhi,3766.0
2023-04-08,Delhi,3544.0
2023-04-09,Delhi,3409.0
2023-04-10,Delhi,3812.0
2023-04-11,Delhi,3908.0
2023-04-12,Delhi,4126.0
2023-04-13,Delhi,4276.0
2023-04-14,Delhi,4305.0
2023-04-15,Delhi,4291.0
2023-04-16,Delhi,4371.0
2023-04-17,Delhi,5059.0
2023-04-18,Delhi,5324.0
2023-04-19,Delhi,5232.0
2023-04-20,Delhi,5028.0
2023-04-21,Delhi,4680.0
2023-04-22,Delhi,4310.0
2023-04-23,Delhi,3934.0
2023-04-24,Delhi,4082.0
2023-04-25,Delhi,4174.0
2023-04-26,Delhi,4445.0
2023-04-27,Delhi,4626.0
2023-04-28,Delhi,4395.0
2023-04-29,Delhi,4048.0
2023-04-30,Delhi,3791.0
2023-05-01,Delhi,3607.0
2023-05-02,Delhi,3682.0
2023-05-03,Delhi,3944.0
2023-05-04,Delhi,3670.0
2023-05-05,Delhi,3940.0
2023-05-06,Delhi,3826.0
2023-05-07,Delhi,3816.0
2023-05-08,Delhi,4460.0
2023-05-09,Delhi,4518.0
2023-05-10,Delhi,4595.0
2023-05-11,Delhi,4808.0
2023-05-12,Delhi,5145.0
2023-05-13,Delhi,5197.0
2023-05-14,Delhi,5188.0
2023-05-15,Delhi,5661.0
2023-05-16,Delhi,5691.0
2023-05-17,Delhi,5867.0
2023-05-18,Delhi,5593.0
2023-05-19,Delhi,5458.0
2023-05-20,Delhi,5391.0
2023-05-21,Delhi,5948.0
2023-05-22,Delhi,6427.0
2023-05-23,Delhi,6785.0
2023-05-24,Delhi,6142.0
2023-05-25,Delhi,5569.0
2023-05-26,Delhi,4991.0
2023-05-27,Delhi,5051.0
2023-05-28,Delhi,4780.0
2023-05-29,Delhi,4782.0
2023-05-30,Delhi,4871.0
2023-05-31,Delhi,4462.0
2023-06-01,Delhi,4298.0
2023-06-02,Delhi,4567.0
2023-06-03,Delhi,4618.0
2023-06-04,Delhi,4805.0
2023-06-05,Delhi,5493.0
2023-06-06,Delhi,5511.0
2023-06-07,Delhi,5664.0
2023-06-08,Delhi,5971.0
2023-06-09,Delhi,6387.0
2023-06-10,Delhi,6285.0
2023-06-11,Delhi,6101.0
2023-06-12,Delhi,6782.0
2023-06-13,Delhi,7043.0
2023-06-14,Delhi,7089.0
2023-06-15,Delhi,6799.0
2023-06-16,Delhi,6587.0
2023-06-17,Delhi,6531.0
2023-06-18,Delhi,6308.0
2023-06-19,Delhi,6255.0
2023-06-20,Delhi,6304.0
2023-06-21,Delhi,6382.0
2023-06-22,Delhi,6880.0
2023-06-23,Delhi,6933.0
2023-06-24,Delhi,6829.0
2023-06-25,Delhi,6283.0
2023-06-26,Delhi,5460.0
2023-06-27,Delhi,5755.0
2023-06-28,Delhi,5980.0
2023-06-29,Delhi,5651.0
2023-06-30,Delhi,5770.0
2023-07-01,Delhi,5634.0
2023-07-02,Delhi,6170.0
2023-07-03,Delhi,6953.0
2023-07-04,Delhi,6696.0
2023-07-05,Delhi,6540.0
2023-07-06,Delhi,5989.0
2023-07-07,Delhi,6099.0
2023-07-08,Delhi,5790.0
2023-07-09,Delhi,4838.0
2023-07-10,Delhi,5322.0
2023-07-11,Delhi,5260.0
2023-07-12,Delhi,5607.0
2023-07-13,Delhi,6055.0
2023-07-14,Delhi,5862.0
2023-07-15,Delhi,5714.0
2023-07-16,Delhi,5721.0
2023-07-17,Delhi,6165.0
2023-07-18,Delhi,5879.0
2023-07-19,Delhi,6466.0
2023-07-20,Delhi,7018.0
2023-07-21,Delhi,7344.0
2023-07-22,Delhi,6924.0
2023-07-23,Delhi,6792.0
2023-07-24,Delhi,7101.0
2023-07-25,Delhi,7220.0
2023-07-26,Delhi,6671.0
2023-07-27,Delhi,6180.0
2023-07-28,Delhi,6073.0
2023-07-29,Delhi,5263.0
2023-07-30,Delhi,5978.0
2023-07-31,Delhi,6527.0
2023-08-01,Delhi,6736.0
2023-08-02,Delhi,7005.0
2023-08-03,Delhi,6835.0
2023-08-04,Delhi,6405.0
2023-08-05,Delhi,6125.0
2023-08-06,Delhi,6169.0
2023-08-07,Delhi,6269.0
2023-08-08,Delhi,6309.0
2023-08-09,Delhi,6277.0
2023-08-10,Delhi,6548.0
2023-08-11,Delhi,6588.0
2023-08-12,Delhi,6374.0
2023-08-13,Delhi,6069.0
2023-08-14,Delhi,6139.0
2023-08-15,Delhi,6023.0
2023-08-16,Delhi,6780.0
2023-08-17,Delhi,6912.0
2023-08-18,Delhi,7114.0
2023-08-19,Delhi,6902.0
2023-08-20,Delhi,6745.0
2023-08-21,Delhi,7186.0
2023-08-22,Delhi,7315.0
2023-08-23,Delhi,6331.0
2023-08-24,Delhi,5875.0
2023-08-25,Delhi,6185.0
2023-08-26,Delhi,5926.0
2023-08-27,Delhi,5855.0
2023-08-28,Delhi,6426.0
2023-08-29,Delhi,6427.0
2023-08-30,Delhi,6352.0
2023-08-31,Delhi,6523.0
2023-09-01,Delhi,6681.0
2023-09-02,Delhi,6575.0
2023-09-03,Delhi,6533.0
2023-09-04,Delhi,6642.0
2023-09-05,Delhi,6953.0
2023-09-06,Delhi,6716.0
2023-09-07,Delhi,6371.0
2023-09-08,Delhi,5963.0
2023-09-09,Delhi,5920.0
2023-09-10,Delhi,4526.0
2023-09-11,Delhi,5233.0
2023-09-12,Delhi,5654.0
2023-09-13,Delhi,6206.0
2023-09-14,Delhi,6729.0
2023-09-15,Delhi,6404.0
2023-09-16,Delhi,5943.0
2023-09-17,Delhi,5162.0
2023-09-18,Delhi,5495.0
2023-09-19,Delhi,6009.0
2023-09-20,Delhi,6320.0
2023-09-21,Delhi,6543.0
2023-09-22,Delhi,6475.0
2023-09-23,Delhi,6338.0
2023-09-24,Delhi,5383.0
2023-09-25,Delhi,5645.0
2023-09-26,Delhi,5736.0
2023-09-27,Delhi,5640.0
2023-09-28,Delhi,5313.0
2023-09-29,Delhi,5413.0
2023-09-30,Delhi,5163.0
2023-10-01,Delhi,5068.0
2023-10-02,Delhi,4600.0
2023-10-03,Delhi,4755.0
2023-10-04,Delhi,4869.0
2023-10-05,Delhi,4843.0
2023-10-06,Delhi,4925.0
2023-10-07,Delhi,4861.0
2023-10-08,Delhi,5277.0
2023-10-09,Delhi,5500.0
2023-10-10,Delhi,5487.0
2023-10-11,Delhi,5040.0
2023-10-12,Delhi,4863.0
2023-10-13,Delhi,4958.0
2023-10-14,Delhi,4715.0
2023-10-15,Delhi,4523.0
2023-10-16,Delhi,4511.0
2023-10-17,Delhi,4022.0
2023-10-18,Delhi,4095.0
2023-10-19,Delhi,4078.0
2023-10-20,Delhi,4067.0
2023-10-21,Delhi,3812.0
2023-10-22,Delhi,3570.0
2023-10-23,Delhi,3979.0
2023-10-24,Delhi,3480.0
2023-10-25,Delhi,4006.0
2023-10-26,Delhi,4028.0
2023-10-27,Delhi,4038.0
2023-10-28,Delhi,3817.0
2023-10-29,Delhi,3656.0
2023-10-30,Delhi,4048.0
2023-10-31,Delhi,4124.0
2023-11-01,Delhi,4186.0
2023-11-02,Delhi,4153.0
2023-11-03,Delhi,4140.0
2023-11-04,Delhi,3903.0
2023-11-05,Delhi,3819.0
2023-11-06,Delhi,4026.0
2023-11-07,Delhi,4002.0
2023-11-08,Delhi,4047.0
2023-11-09,Delhi,4031.0
2023-11-10,Delhi,4097.0
2023-11-11,Delhi,3572.0
2023-11-12,Delhi,3025.0
2023-11-13,Delhi,2872.0
2023-11-14,Delhi,3205.0
2023-11-15,Delhi,3554.0
2023-11-16,Delhi,3536.0
2023-11-17,Delhi,3808.0
2023-11-18,Delhi,3558.0
2023-11-19,Delhi,3465.0
2023-11-20,Delhi,3504.0
2023-11-21,Delhi,3548.0
2023-11-22,Delhi,3724.0
2023-11-23,Delhi,3656.0
2023-11-24,Delhi,3911.0
2023-11-25,Delhi,3698.0
2023-11-26,Delhi,3825.0
2023-11-27,Delhi,3859.0
2023-11-28,Delhi,3749.0
2023-11-29,Delhi,3829.0
2023-11-30,Delhi,3784.0
2023-12-01,Delhi,3978.0
2023-12-02,Delhi,3658.0
2023-12-03,Delhi,3793.0
2023-12-04,Delhi,3769.0
2023-12-05,Delhi,3824.0
2023-12-06,Delhi,3837.0
2023-12-07,Delhi,3816.0
2023-12-08,Delhi,4032.0
2023-12-09,Delhi,3826.0
2023-12-10,Delhi,3885.0
2023-12-11,Delhi,3890.0
2023-12-12,Delhi,3950.0
2023-12-13,Delhi,4061.0
2023-12-14,Delhi,3740.0
2023-12-15,Delhi,3992.0
2023-12-16,Delhi,4003.0
2023-12-17,Delhi,4097.0
2023-12-18,Delhi,4096.0
2023-12-19,Delhi,4154.0
2023-12-20,Delhi,4338.0
2023-12-21,Delhi,4287.0
2023-12-22,Delhi,4570.0
2023-12-23,Delhi,4253.0
2023-12-24,Delhi,4253.0
2023-12-25,Delhi,4358.0
2023-12-26,Delhi,4382.0
2023-12-27,Delhi,4500.0
2023-12-28,Delhi,4515.0
2023-12-29,Delhi,4813.0
2023-12-30,Delhi,4441.0
2023-12-31,Delhi,4600.0
2024-01-01,Delhi,5062.0
2024-01-02,Delhi,4881.0
2024-01-03,Delhi,5250.0
2024-01-04,Delhi,5159.0
2024-01-05,Delhi,5413.0
2024-01-06,Delhi,5100.0
2024-01-07,Delhi,5087.0
2024-01-08,Delhi,5256.0
2024-01-09,Delhi,5372.0
2024-01-10,Delhi,5526.0
2024-01-11,Delhi,5370.0
2024-01-12,Delhi,5665.0
2024-01-13,Delhi,5316.0
2024-01-14,Delhi,5442.0
2024-01-15,Delhi,5454.0
2024-01-16,Delhi,5376.0
2024-01-17,Delhi,5523.0
2024-01-18,Delhi,5414.0
2024-01-19,Delhi,5769.0
2024-01-20,Delhi,5282.0
2024-01-21,Delhi,5430.0
2024-01-22,Delhi,5746.0
2024-01-23,Delhi,5391.0
2024-01-24,Delhi,5640.0
2024-01-25,Delhi,5520.0
2024-01-26,Delhi,4847.0
2024-01-27,Delhi,4968.0
2024-01-28,Delhi,5020.0
2024-01-29,Delhi,5122.0
2024-01-30,Delhi,5176.0
2024-01-31,Delhi,5296.0
2024-02-01,Delhi,4993.0
2024-02-02,Delhi,5338.0
2024-02-03,Delhi,4893.0
2024-02-04,Delhi,4861.0
2024-02-05,Delhi,4803.0
2024-02-06,Delhi,4793.0
2024-02-07,Delhi,4764.0
2024-02-08,Delhi,4701.0
2024-02-09,Delhi,4840.0
2024-02-10,Delhi,4573.0
2024-02-11,Delhi,4521.0
2024-02-12,Delhi,4497.0
2024-02-13,Delhi,4465.0
2024-02-14,Delhi,4673.0
2024-02-15,Delhi,4267.0
2024-02-16,Delhi,4498.0
2024-02-17,Delhi,4130.0
2024-02-18,Delhi,4113.0
2024-02-19,Delhi,4081.0
2024-02-20,Delhi,4049.0
2024-02-21,Delhi,4144.0
2024-02-22,Delhi,4019.0
2024-02-23,Delhi,4168.0
2024-02-24,Delhi,3952.0
2024-02-25,Delhi,4067.0
2024-02-26,Delhi,3943.0
2024-02-27,Delhi,4059.0
2024-02-28,Delhi,4089.0
2024-02-29,Delhi,4014.0
2024-03-01,Delhi,4114.0
2024-03-02,Delhi,3699.0
2024-03-03,Delhi,3838.0
2024-03-04,Delhi,3918.0
2024-03-05,Delhi,4028.0
2024-03-06,Delhi,4191.0
2024-03-07,Delhi,4022.0
2024-03-08,Delhi,4419.0
2024-03-09,Delhi,3744.0
2024-03-10,Delhi,3755.0
2024-03-11,Delhi,3908.0
2024-03-12,Delhi,3811.0
2024-03-13,Delhi,3854.0
2024-03-14,Delhi,3752.0
2024-03-15,Delhi,3956.0
2024-03-16,Delhi,3619.0
2024-03-17,Delhi,3582.0
2024-03-18,Delhi,3754.0
2024-03-19,Delhi,3762.0
2024-03-20,Delhi,3860.0
2024-03-21,Delhi,3692.0
2024-03-22,Delhi,4090.0
2024-03-23,Delhi,3750.0
2024-03-24,Delhi,3405.0
2024-03-25,Delhi,2682.0
2024-03-26,Delhi,3453.0
2024-03-27,Delhi,3892.0
2024-03-28,Delhi,4020.0
2024-03-29,Delhi,4177.0
2024-03-30,Delhi,4040.0
2024-03-31,Delhi,3829.0
2024-04-01,Delhi,3976.0
2024-04-02,Delhi,3922.0
2024-04-03,Delhi,4089.0
2024-04-04,Delhi,4293.0
2024-04-05,Delhi,4413.0
2024-04-06,Delhi,4070.0
2024-04-07,Delhi,3757.0
2024-04-08,Delhi,4317.0
2024-04-09,Delhi,4307.0
2024-04-10,Delhi,4345.0
2024-04-11,Delhi,4188.0
2024-04-12,Delhi,4683.0
2024-04-13,Delhi,4343.0
2024-04-14,Delhi,3737.0
2024-04-15,Delhi,4386.0
2024-04-16,Delhi,4532.0
2024-04-17,Delhi,4116.0
2024-04-18,Delhi,4780.0
2024-04-19,Delhi,5036.0
2024-04-20,Delhi,4640.0
2024-04-21,Delhi,4552.0
2024-04-22,Delhi,4884.0
2024-04-23,Delhi,5002.0
2024-04-24,Delhi,4857.0
2024-04-25,Delhi,5074.0
2024-04-26,Delhi,5333.0
2024-04-27,Delhi,4963.0
2024-04-28,Delhi,4984.0
2022-01-01,Maharashtra,22712.0
2022-01-02,Maharashtra,23321.0
2022-01-03,Maharashtra,24111.0
2022-01-04,Maharashtra,24563.0
2022-01-05,Maharashtra,24974.0
2022-01-06,Maharashtra,24964.0
2022-01-07,Maharashtra,24454.0
2022-01-08,Maharashtra,24416.0
2022-01-09,Maharashtra,22839.0
2022-01-10,Maharashtra,23606.0
2022-01-11,Maharashtra,24024.0
2022-01-12,Maharashtra,24590.0
2022-01-13,Maharashtra,24836.0
2022-01-14,Maharashtra,24782.0
2022-01-15,Maharashtra,23934.0
2022-01-16,Maharashtra,23131.0
2022-01-17,Maharashtra,24194.0
2022-01-18,Maharashtra,24490.0
2022-01-19,Maharashtra,24749.0
2022-01-20,Maharashtra,25067.0
2022-01-21,Maharashtra,25023.0
2022-01-22,Maharashtra,24843.0
2022-01-23,Maharashtra,23996.0
2022-01-24,Maharashtra,24906.0
2022-01-25,Maharashtra,24778.0
2022-01-26,Maharashtra,22270.0
2022-01-27,Maharashtra,24750.0
2022-01-28,Maharashtra,24933.0
2022-01-29,Maharashtra,24258.0
2022-01-30,Maharashtra,24647.0
2022-01-31,Maharashtra,25542.0
2022-02-01,Maharashtra,25355.0
2022-02-02,Maharashtra,25568.0
2022-02-03,Maharashtra,25596.0
2022-02-04,Maharashtra,25671.0
2022-02-05,Maharashtra,25222.0
2022-02-06,Maharashtra,24642.0
2022-02-07,Maharashtra,25790.0
2022-02-08,Maharashtra,25955.0
2022-02-09,Maharashtra,25494.0
2022-02-10,Maharashtra,25719.0
2022-02-11,Maharashtra,25490.0
2022-02-12,Maharashtra,25919.0
2022-02-13,Maharashtra,25330.0
2022-02-14,Maharashtra,25511.0
2022-02-15,Maharashtra,25920.0
2022-02-16,Maharashtra,26223.0
2022-02-17,Maharashtra,26118.0
2022-02-18,Maharashtra,25802.0
2022-02-19,Maharashtra,26043.0
2022-02-20,Maharashtra,24849.0
2022-02-21,Maharashtra,25674.0
2022-02-22,Maharashtra,25820.0
2022-02-23,Maharashtra,25558.0
2022-02-24,Maharashtra,26307.0
2022-02-25,Maharashtra,25794.0
2022-02-26,Maharashtra,26034.0
2022-02-27,Maharashtra,25462.0
2022-02-28,Maharashtra,26066.0
2022-03-01,Maharashtra,25585.0
2022-03-02,Maharashtra,26028.0
2022-03-03,Maharashtra,26222.0
2022-03-04,Maharashtra,25961.0
2022-03-05,Maharashtra,25873.0
2022-03-06,Maharashtra,25310.0
2022-03-07,Maharashtra,26438.0
2022-03-08,Maharashtra,26301.0
2022-03-09,Maharashtra,25792.0
2022-03-10,Maharashtra,26180.0
2022-03-11,Maharashtra,26010.0
2022-03-12,Maharashtra,25474.0
2022-03-13,Maharashtra,24895.0
2022-03-14,Maharashtra,26288.0
2022-03-15,Maharashtra,27212.0
2022-03-16,Maharashtra,27368.0
2022-03-17,Maharashtra,27918.0
2022-03-18,Maharashtra,24704.0
2022-03-19,Maharashtra,26720.0
2022-03-20,Maharashtra,26210.0
2022-03-21,Maharashtra,27400.0
2022-03-22,Maharashtra,27658.0
2022-03-23,Maharashtra,27401.0
2022-03-24,Maharashtra,28016.0
2022-03-25,Maharashtra,27731.0
2022-03-26,Maharashtra,27590.0
2022-03-27,Maharashtra,25931.0
2022-03-28,Maharashtra,27202.0
2022-03-29,Maharashtra,27784.0
2022-03-30,Maharashtra,27975.0
2022-03-31,Maharashtra,27853.0
2022-04-01,Maharashtra,26555.0
2022-04-02,Maharashtra,26261.0
2022-04-03,Maharashtra,25956.0
2022-04-04,Maharashtra,28259.0
2022-04-05,Maharashtra,28489.0
2022-04-06,Maharashtra,28465.0
2022-04-07,Maharashtra,28914.0
2022-04-08,Maharashtra,28343.0
2022-04-09,Maharashtra,28095.0
2022-04-10,Maharashtra,27225.0
2022-04-11,Maharashtra,27513.0
2022-04-12,Maharashtra,28611.0
2022-04-13,Maharashtra,28514.0
2022-04-14,Maharashtra,28846.0
2022-04-15,Maharashtra,27232.0
2022-04-16,Maharashtra,27367.0
2022-04-17,Maharashtra,26086.0
2022-04-18,Maharashtra,27726.0
2022-04-19,Maharashtra,27557.0
2022-04-20,Maharashtra,28385.0
2022-04-21,Maharashtra,27036.0
2022-04-22,Maharashtra,27623.0
2022-04-23,Maharashtra,28210.0
2022-04-24,Maharashtra,26468.0
2022-04-25,Maharashtra,27625.0
2022-04-26,Maharashtra,27834.0
2022-04-27,Maharashtra,28060.0
2022-04-28,Maharashtra,28354.0
2022-04-29,Maharashtra,27971.0
2022-04-30,Maharashtra,27166.0
2022-05-01,Maharashtra,26208.0
2022-05-02,Maharashtra,27969.0
2022-05-03,Maharashtra,27263.0
2022-05-04,Maharashtra,27289.0
2022-05-05,Maharashtra,27210.0
2022-05-06,Maharashtra,26947.0
2022-05-07,Maharashtra,27216.0
2022-05-08,Maharashtra,26320.0
2022-05-09,Maharashtra,27287.0
2022-05-10,Maharashtra,26444.0
2022-05-11,Maharashtra,27742.0
2022-05-12,Maharashtra,27087.0
2022-05-13,Maharashtra,26133.0
2022-05-14,Maharashtra,26148.0
2022-05-15,Maharashtra,25290.0
2022-05-16,Maharashtra,26997.0
2022-05-17,Maharashtra,27105.0
2022-05-18,Maharashtra,26695.0
2022-05-19,Maharashtra,25972.0
2022-05-20,Maharashtra,24356.0
2022-05-21,Maharashtra,23553.0
2022-05-22,Maharashtra,22998.0
2022-05-23,Maharashtra,25105.0
2022-05-24,Maharashtra,26087.0
2022-05-25,Maharashtra,25735.0
2022-05-26,Maharashtra,25705.0
2022-05-27,Maharashtra,25344.0
2022-05-28,Maharashtra,24907.0
2022-05-29,Maharashtra,24399.0
2022-05-30,Maharashtra,26709.0
2022-05-31,Maharashtra,26420.0
2022-06-01,Maharashtra,25390.0
2022-06-02,Maharashtra,25313.0
2022-06-03,Maharashtra,25581.0
2022-06-04,Maharashtra,25736.0
2022-06-05,Maharashtra,24991.0
2022-06-06,Maharashtra,26083.0
2022-06-07,Maharashtra,26425.0
2022-06-08,Maharashtra,26972.0
2022-06-09,Maharashtra,25103.0
2022-06-10,Maharashtra,25019.0
2022-06-11,Maharashtra,23377.0
2022-06-12,Maharashtra,21114.0
2022-06-13,Maharashtra,23624.0
2022-06-14,Maharashtra,24161.5
2022-06-15,Maharashtra,24699.0
2022-06-16,Maharashtra,24581.0
2022-06-17,Maharashtra,24574.0
2022-06-18,Maharashtra,24668.0
2022-06-19,Maharashtra,22813.0
2022-06-20,Maharashtra,23474.0
2022-06-21,Maharashtra,23439.0
2022-06-22,Maharashtra,24223.0
2022-06-23,Maharashtra,22739.0
2022-06-24,Maharashtra,22338.0
2022-06-25,Maharashtra,21632.0
2022-06-26,Maharashtra,20840.0
2022-06-27,Maharashtra,21706.0
2022-06-28,Maharashtra,21501.0
2022-06-29,Maharashtra,22103.0
2022-06-30,Maharashtra,21873.0
2022-07-01,Maharashtra,21216.0
2022-07-02,Maharashtra,21169.0
2022-07-03,Maharashtra,21231.0
2022-07-04,Maharashtra,22540.0
2022-07-05,Maharashtra,21517.0
2022-07-06,Maharashtra,20908.0
2022-07-07,Maharashtra,20913.0
2022-07-08,Maharashtra,21044.0
2022-07-09,Maharashtra,19744.0
2022-07-10,Maharashtra,18794.0
2022-07-11,Maharashtra,19494.0
2022-07-12,Maharashtra,19873.0
2022-07-13,Maharashtra,19346.0
2022-07-14,Maharashtra,19174.0
2022-07-15,Maharashtra,19387.0
2022-07-16,Maharashtra,19863.0
2022-07-17,Maharashtra,19140.0
2022-07-18,Maharashtra,20187.0
2022-07-19,Maharashtra,20118.0
2022-07-20,Maharashtra,20082.0
2022-07-21,Maharashtra,20546.0
2022-07-22,Maharashtra,20658.0
2022-07-23,Maharashtra,20522.0
2022-07-24,Maharashtra,19649.0
2022-07-25,Maharashtra,20814.0
2022-07-26,Maharashtra,21129.0
2022-07-27,Maharashtra,20988.0
2022-07-28,Maharashtra,20987.0
2022-07-29,Maharashtra,20873.0
2022-07-30,Maharashtra,20842.0
2022-07-31,Maharashtra,20275.0
2022-08-01,Maharashtra,21730.0
2022-08-02,Maharashtra,22035.0
2022-08-03,Maharashtra,21961.0
2022-08-04,Maharashtra,21580.0
2022-08-05,Maharashtra,21390.0
2022-08-06,Maharashtra,21095.0
2022-08-07,Maharashtra,19563.0
2022-08-08,Maharashtra,20391.0
2022-08-09,Maharashtra,19829.0
2022-08-10,Maharashtra,20138.0
2022-08-11,Maharashtra,19664.0
2022-08-12,Maharashtra,19942.0
2022-08-13,Maharashtra,19940.0
2022-08-14,Maharashtra,19244.0
2022-08-15,Maharashtra,18639.0
2022-08-16,Maharashtra,20246.0
2022-08-17,Maharashtra,20837.0
2022-08-18,Maharashtra,20834.0
2022-08-19,Maharashtra,20398.0
2022-08-20,Maharashtra,20951.0
2022-08-21,Maharashtra,20000.0
2022-08-22,Maharashtra,21151.0
2022-08-23,Maharashtra,21989.0
2022-08-24,Maharashtra,21977.0
2022-08-25,Maharashtra,22493.0
2022-08-26,Maharashtra,23568.0
2022-08-27,Maharashtra,22857.0
2022-08-28,Maharashtra,22971.0
2022-08-29,Maharashtra,24178.0
2022-08-30,Maharashtra,24127.0
2022-08-31,Maharashtra,21643.0
2022-09-01,Maharashtra,21600.0
2022-09-02,Maharashtra,22470.0
2022-09-03,Maharashtra,22550.0
2022-09-04,Maharashtra,20615.0
2022-09-05,Maharashtra,21375.0
2022-09-06,Maharashtra,21818.0
2022-09-07,Maharashtra,21589.0
2022-09-08,Maharashtra,20929.0
2022-09-09,Maharashtra,19856.0
2022-09-10,Maharashtra,21178.0
2022-09-11,Maharashtra,19781.0
2022-09-12,Maharashtra,20851.0
2022-09-13,Maharashtra,20974.0
2022-09-14,Maharashtra,21049.0
2022-09-15,Maharashtra,20731.0
2022-09-16,Maharashtra,19955.0
2022-09-17,Maharashtra,20771.0
2022-09-18,Maharashtra,19695.0
2022-09-19,Maharashtra,20440.0
2022-09-20,Maharashtra,21038.0
2022-09-21,Maharashtra,20747.0
2022-09-22,Maharashtra,20444.0
2022-09-23,Maharashtra,20777.0
2022-09-24,Maharashtra,21252.0
2022-09-25,Maharashtra,20629.0
2022-09-26,Maharashtra,21654.0
2022-09-27,Maharashtra,22028.0
2022-09-28,Maharashtra,22137.0
2022-09-29,Maharashtra,21828.0
2022-09-30,Maharashtra,21389.0
2022-10-01,Maharashtra,21730.0
2022-10-02,Maharashtra,20857.0
2022-10-03,Maharashtra,22081.0
2022-10-04,Maharashtra,22513.0
2022-10-05,Maharashtra,20386.0
2022-10-06,Maharashtra,22454.0
2022-10-07,Maharashtra,21100.0
2022-10-08,Maharashtra,21424.0
2022-10-09,Maharashtra,20325.0
2022-10-10,Maharashtra,21557.0
2022-10-11,Maharashtra,21595.0
2022-10-12,Maharashtra,21882.0
2022-10-13,Maharashtra,21464.0
2022-10-14,Maharashtra,21025.0
2022-10-15,Maharashtra,21542.0
2022-10-16,Maharashtra,20410.0
2022-10-17,Maharashtra,21664.0
2022-10-18,Maharashtra,21997.0
2022-10-19,Maharashtra,22344.0
2022-10-20,Maharashtra,22122.0
2022-10-21,Maharashtra,21616.0
2022-10-22,Maharashtra,21047.0
2022-10-23,Maharashtra,19438.0
2022-10-24,Maharashtra,18267.0
2022-10-25,Maharashtra,18375.0
2022-10-26,Maharashtra,17646.0
2022-10-27,Maharashtra,19732.0
2022-10-28,Maharashtra,20171.0
2022-10-29,Maharashtra,20694.0
2022-10-30,Maharashtra,20173.0
2022-10-31,Maharashtra,21818.0
2022-11-01,Maharashtra,22027.0
2022-11-02,Maharashtra,22219.0
2022-11-03,Maharashtra,22621.0
2022-11-04,Maharashtra,23002.0
2022-11-05,Maharashtra,23215.0
2022-11-06,Maharashtra,22524.0
2022-11-07,Maharashtra,24055.0
2022-11-08,Maharashtra,24593.0
2022-11-09,Maharashtra,24696.0
2022-11-10,Maharashtra,24849.0
2022-11-11,Maharashtra,24280.0
2022-11-12,Maharashtra,24480.0
2022-11-13,Maharashtra,23511.0
2022-11-14,Maharashtra,24861.0
2022-11-15,Maharashtra,25573.0
2022-11-16,Maharashtra,25264.0
2022-11-17,Maharashtra,25540.0
2022-11-18,Maharashtra,24887.0
2022-11-19,Maharashtra,24786.0
2022-11-20,Maharashtra,23957.0
2022-11-21,Maharashtra,24671.0
2022-11-22,Maharashtra,25242.0
2022-11-23,Maharashtra,25408.0
2022-11-24,Maharashtra,25586.0
2022-11-25,Maharashtra,25610.0
2022-11-26,Maharashtra,25860.0
2022-11-27,Maharashtra,25266.0
2022-11-28,Maharashtra,25927.0
2022-11-29,Maharashtra,25645.0
2022-11-30,Maharashtra,25558.0
2022-12-01,Maharashtra,25471.0
2022-12-02,Maharashtra,25897.0
2022-12-03,Maharashtra,26323.0
2022-12-04,Maharashtra,25705.0
2022-12-05,Maharashtra,26220.0
2022-12-06,Maharashtra,26779.0
2022-12-07,Maharashtra,26808.0
2022-12-08,Maharashtra,26276.0
2022-12-09,Maharashtra,24658.0
2022-12-10,Maharashtra,25413.0
2022-12-11,Maharashtra,25509.0
2022-12-12,Maharashtra,25825.0
2022-12-13,Maharashtra,27063.0
2022-12-14,Maharashtra,26367.0
2022-12-15,Maharashtra,26261.0
2022-12-16,Maharashtra,26077.0
2022-12-17,Maharashtra,26690.0
2022-12-18,Maharashtra,25325.0
2022-12-19,Maharashtra,26293.0
2022-12-20,Maharashtra,26670.0
2022-12-21,Maharashtra,27108.0
2022-12-22,Maharashtra,27072.0
2022-12-23,Maharashtra,26866.0
2022-12-24,Maharashtra,26249.0
2022-12-25,Maharashtra,25433.0
2022-12-26,Maharashtra,26019.0
2022-12-27,Maharashtra,27234.0
2022-12-28,Maharashtra,26949.0
2022-12-29,Maharashtra,26884.0
2022-12-30,Maharashtra,27088.0
2022-12-31,Maharashtra,26531.0
2023-01-01,Maharashtra,25161.0
2023-01-02,Maharashtra,26488.0
2023-01-03,Maharashtra,26831.0
2023-01-04,Maharashtra,24584.0
2023-01-05,Maharashtra,27209.0
2023-01-06,Maharashtra,27399.0
2023-01-07,Maharashtra,27065.0
2023-01-08,Maharashtra,25834.0
2023-01-09,Maharashtra,26129.0
2023-01-10,Maharashtra,26901.0
2023-01-11,Maharashtra,26888.0
2023-01-12,Maharashtra,27451.0
2023-01-13,Maharashtra,27269.0
2023-01-14,Maharashtra,27140.0
2023-01-15,Maharashtra,26522.0
2023-01-16,Maharashtra,26673.0
2023-01-17,Maharashtra,27238.0
2023-01-18,Maharashtra,27470.0
2023-01-19,Maharashtra,27232.0
2023-01-20,Maharashtra,26720.0
2023-01-21,Maharashtra,27180.0
2023-01-22,Maharashtra,26356.0
2023-01-23,Maharashtra,27110.0
2023-01-24,Maharashtra,27631.0
2023-01-25,Maharashtra,27288.0
2023-01-26,Maharashtra,23065.0
2023-01-27,Maharashtra,26678.0
2023-01-28,Maharashtra,26872.0
2023-01-29,Maharashtra,26835.0
2023-01-30,Maharashtra,26616.0
2023-01-31,Maharashtra,27860.0
2023-02-01,Maharashtra,27424.0
2023-02-02,Maharashtra,27372.0
2023-02-03,Maharashtra,26991.0
2023-02-04,Maharashtra,27228.0
2023-02-05,Maharashtra,26654.0
2023-02-06,Maharashtra,27483.0
2023-02-07,Maharashtra,27500.0
2023-02-08,Maharashtra,27809.0
2023-02-09,Maharashtra,27789.0
2023-02-10,Maharashtra,27644.0
2023-02-11,Maharashtra,27305.0
2023-02-12,Maharashtra,26208.0
2023-02-13,Maharashtra,27090.0
2023-02-14,Maharashtra,27426.0
2023-02-15,Maharashtra,27557.0
2023-02-16,Maharashtra,27604.0
2023-02-17,Maharashtra,27699.0
2023-02-18,Maharashtra,27810.0
2023-02-19,Maharashtra,26790.0
2023-02-20,Maharashtra,27944.0
2023-02-21,Maharashtra,28451.0
2023-02-22,Maharashtra,28499.0
2023-02-23,Maharashtra,28264.0
2023-02-24,Maharashtra,27720.0
2023-02-25,Maharashtra,27745.0
2023-02-26,Maharashtra,26825.0
2023-02-27,Maharashtra,28108.0
2023-02-28,Maharashtra,28059.0
2023-03-01,Maharashtra,27740.0
2023-03-02,Maharashtra,28288.0
2023-03-03,Maharashtra,28520.0
2023-03-04,Maharashtra,28566.0
2023-03-05,Maharashtra,27184.0
2023-03-06,Maharashtra,28092.0
2023-03-07,Maharashtra,26436.5
2023-03-08,Maharashtra,24781.0
2023-03-09,Maharashtra,26746.0
2023-03-10,Maharashtra,27240.0
2023-03-11,Maharashtra,27221.0
2023-03-12,Maharashtra,26697.0
2023-03-13,Maharashtra,27691.0
2023-03-14,Maharashtra,27830.0
2023-03-15,Maharashtra,27885.0
2023-03-16,Maharashtra,25820.0
2023-03-17,Maharashtra,25674.0
2023-03-18,Maharashtra,25313.0
2023-03-19,Maharashtra,23716.0
2023-03-20,Maharashtra,25481.0
2023-03-21,Maharashtra,26116.0
2023-03-22,Maharashtra,25974.0
2023-03-23,Maharashtra,26924.0
2023-03-24,Maharashtra,27041.0
2023-03-25,Maharashtra,26912.0
2023-03-26,Maharashtra,25890.0
2023-03-27,Maharashtra,26907.0
2023-03-28,Maharashtra,27353.0
2023-03-29,Maharashtra,27060.0
2023-03-30,Maharashtra,26974.5
2023-03-31,Maharashtra,26889.0
2023-04-01,Maharashtra,25532.0
2023-04-02,Maharashtra,25611.0
2023-04-03,Maharashtra,27010.0
2023-04-04,Maharashtra,27708.0
2023-04-05,Maharashtra,27434.0
2023-04-06,Maharashtra,27429.0
2023-04-07,Maharashtra,27349.0
2023-04-08,Maharashtra,25620.0
2023-04-09,Maharashtra,24808.0
2023-04-10,Maharashtra,26632.0
2023-04-11,Maharashtra,27433.0
2023-04-12,Maharashtra,27451.0
2023-04-13,Maharashtra,27902.0
2023-04-14,Maharashtra,27617.0
2023-04-15,Maharashtra,26611.0
2023-04-16,Maharashtra,25533.0
2023-04-17,Maharashtra,27899.0
2023-04-18,Maharashtra,28584.0
2023-04-19,Maharashtra,28165.0
2023-04-20,Maharashtra,28305.0
2023-04-21,Maharashtra,27145.0
2023-04-22,Maharashtra,26374.0
2023-04-23,Maharashtra,24635.0
2023-04-24,Maharashtra,27068.0
2023-04-25,Maharashtra,27500.0
2023-04-26,Maharashtra,27150.0
2023-04-27,Maharashtra,25976.0
2023-04-28,Maharashtra,24673.0
2023-04-29,Maharashtra,23374.0
2023-04-30,Maharashtra,21864.0
2023-05-01,Maharashtra,20766.0
2023-05-02,Maharashtra,23867.0
2023-05-03,Maharashtra,24329.0
2023-05-04,Maharashtra,24416.0
2023-05-05,Maharashtra,23971.0
2023-05-06,Maharashtra,24614.0
2023-05-07,Maharashtra,23745.0
2023-05-08,Maharashtra,25809.0
2023-05-09,Maharashtra,25524.0
2023-05-10,Maharashtra,26046.0
2023-05-11,Maharashtra,26948.0
2023-05-12,Maharashtra,26495.0
2023-05-13,Maharashtra,26270.0
2023-05-14,Maharashtra,26055.0
2023-05-15,Maharashtra,27301.0
2023-05-16,Maharashtra,26818.0
2023-05-17,Maharashtra,27404.0
2023-05-18,Maharashtra,27626.0
2023-05-19,Maharashtra,27399.0
2023-05-20,Maharashtra,27254.0
2023-05-21,Maharashtra,26942.0
2023-05-22,Maharashtra,27426.0
2023-05-23,Maharashtra,27607.0
2023-05-24,Maharashtra,28121.0
2023-05-25,Maharashtra,27073.0
2023-05-26,Maharashtra,26570.0
2023-05-27,Maharashtra,26772.0
2023-05-28,Maharashtra,25977.0
2023-05-29,Maharashtra,27273.0
2023-05-30,Maharashtra,27226.0
2023-05-31,Maharashtra,27694.0
2023-06-01,Maharashtra,28075.0
2023-06-02,Maharashtra,27020.0
2023-06-03,Maharashtra,27881.0
2023-06-04,Maharashtra,26132.0
2023-06-05,Maharashtra,26446.0
2023-06-06,Maharashtra,27838.0
2023-06-07,Maharashtra,27870.0
2023-06-08,Maharashtra,28153.0
2023-06-09,Maharashtra,28165.0
2023-06-10,Maharashtra,27481.0
2023-06-11,Maharashtra,25723.0
2023-06-12,Maharashtra,26977.0
2023-06-13,Maharashtra,27111.0
2023-06-14,Maharashtra,27048.0
2023-06-15,Maharashtra,26926.0
2023-06-16,Maharashtra,25925.0
2023-06-17,Maharashtra,27188.0
2023-06-18,Maharashtra,26212.0
2023-06-19,Maharashtra,28474.0
2023-06-20,Maharashtra,28469.0
2023-06-21,Maharashtra,28546.0
2023-06-22,Maharashtra,27644.0
2023-06-23,Maharashtra,27008.0
2023-06-24,Maharashtra,25478.0
2023-06-25,Maharashtra,22603.0
2023-06-26,Maharashtra,23687.0
2023-06-27,Maharashtra,23510.0
2023-06-28,Maharashtra,22713.0
2023-06-29,Maharashtra,21705.0
2023-06-30,Maharashtra,21822.0
2023-07-01,Maharashtra,22091.0
2023-07-02,Maharashtra,22248.0
2023-07-03,Maharashtra,23766.0
2023-07-04,Maharashtra,24535.0
2023-07-05,Maharashtra,23313.0
2023-07-06,Maharashtra,22248.0
2023-07-07,Maharashtra,22492.0
2023-07-08,Maharashtra,22345.0
2023-07-09,Maharashtra,21433.0
2023-07-10,Maharashtra,23093.0
2023-07-11,Maharashtra,24048.0
2023-07-12,Maharashtra,23519.0
2023-07-13,Maharashtra,23777.0
2023-07-14,Maharashtra,23431.0
2023-07-15,Maharashtra,23327.0
2023-07-16,Maharashtra,22057.0
2023-07-17,Maharashtra,22843.0
2023-07-18,Maharashtra,22723.0
2023-07-19,Maharashtra,21745.0
2023-07-20,Maharashtra,22246.0
2023-07-21,Maharashtra,22298.0
2023-07-22,Maharashtra,21601.0
2023-07-23,Maharashtra,20704.0
2023-07-24,Maharashtra,22002.0
2023-07-25,Maharashtra,22378.0
2023-07-26,Maharashtra,21935.0
2023-07-27,Maharashtra,21779.0
2023-07-28,Maharashtra,21131.0
2023-07-29,Maharashtra,20963.0
2023-07-30,Maharashtra,20164.0
2023-07-31,Maharashtra,21618.0
2023-08-01,Maharashtra,22067.0
2023-08-02,Maharashtra,22464.0
2023-08-03,Maharashtra,22722.0
2023-08-04,Maharashtra,22453.0
2023-08-05,Maharashtra,22409.0
2023-08-06,Maharashtra,21868.0
2023-08-07,Maharashtra,23346.0
2023-08-08,Maharashtra,24154.0
2023-08-09,Maharashtra,24336.0
2023-08-10,Maharashtra,24885.0
2023-08-11,Maharashtra,24808.0
2023-08-12,Maharashtra,24951.0
2023-08-13,Maharashtra,24904.0
2023-08-14,Maharashtra,25210.0
2023-08-15,Maharashtra,23327.0
2023-08-16,Maharashtra,25600.0
2023-08-17,Maharashtra,26056.0
2023-08-18,Maharashtra,25798.0
2023-08-19,Maharashtra,25013.0
2023-08-20,Maharashtra,23620.0
2023-08-21,Maharashtra,24880.0
2023-08-22,Maharashtra,25392.0
2023-08-23,Maharashtra,24824.0
2023-08-24,Maharashtra,25490.0
2023-08-25,Maharashtra,25500.0
2023-08-26,Maharashtra,25497.0
2023-08-27,Maharashtra,24352.0
2023-08-28,Maharashtra,25766.0
2023-08-29,Maharashtra,26658.0
2023-08-30,Maharashtra,27395.0
2023-08-31,Maharashtra,27996.0
2023-09-01,Maharashtra,27462.0
2023-09-02,Maharashtra,27678.0
2023-09-03,Maharashtra,26426.0
2023-09-04,Maharashtra,25851.0
2023-09-05,Maharashtra,25969.0
2023-09-06,Maharashtra,26278.0
2023-09-07,Maharashtra,24627.0
2023-09-08,Maharashtra,23694.0
2023-09-09,Maharashtra,23232.0
2023-09-10,Maharashtra,22323.0
2023-09-11,Maharashtra,23588.0
2023-09-12,Maharashtra,24182.0
2023-09-13,Maharashtra,24803.0
2023-09-14,Maharashtra,26020.0
2023-09-15,Maharashtra,24771.0
2023-09-16,Maharashtra,24094.0
2023-09-17,Maharashtra,23065.0
2023-09-18,Maharashtra,24975.0
2023-09-19,Maharashtra,22881.0
2023-09-20,Maharashtra,25786.0
2023-09-21,Maharashtra,26044.0
2023-09-22,Maharashtra,24216.0
2023-09-23,Maharashtra,23012.0
2023-09-24,Maharashtra,21827.0
2023-09-25,Maharashtra,22852.0
2023-09-26,Maharashtra,22882.0
2023-09-27,Maharashtra,22536.0
2023-09-28,Maharashtra,21779.0
2023-09-29,Maharashtra,21900.0
2023-09-30,Maharashtra,22902.0
2023-10-01,Maharashtra,21483.0
2023-10-02,Maharashtra,22591.0
2023-10-03,Maharashtra,23652.0
2023-10-04,Maharashtra,24771.0
2023-10-05,Maharashtra,24325.0
2023-10-06,Maharashtra,24463.0
2023-10-07,Maharashtra,24966.0
2023-10-08,Maharashtra,24953.0
2023-10-09,Maharashtra,26620.0
2023-10-10,Maharashtra,27229.0
2023-10-11,Maharashtra,27816.0
2023-10-12,Maharashtra,27871.0
2023-10-13,Maharashtra,28007.0
2023-10-14,Maharashtra,27784.0
2023-10-15,Maharashtra,27156.0
2023-10-16,Maharashtra,28075.0
2023-10-17,Maharashtra,28206.0
2023-10-18,Maharashtra,28059.0
2023-10-19,Maharashtra,28181.0
2023-10-20,Maharashtra,27992.0
2023-10-21,Maharashtra,27651.0
2023-10-22,Maharashtra,27235.0
2023-10-23,Maharashtra,28094.0
2023-10-24,Maharashtra,24710.0
2023-10-25,Maharashtra,27612.0
2023-10-26,Maharashtra,28004.0
2023-10-27,Maharashtra,27304.0
2023-10-28,Maharashtra,27277.0
2023-10-29,Maharashtra,26645.0
2023-10-30,Maharashtra,27622.0
2023-10-31,Maharashtra,27760.0
2023-11-01,Maharashtra,27717.0
2023-11-02,Maharashtra,27952.0
2023-11-03,Maharashtra,27577.0
2023-11-04,Maharashtra,28048.0
2023-11-05,Maharashtra,26678.0
2023-11-06,Maharashtra,28068.0
2023-11-07,Maharashtra,28040.0
2023-11-08,Maharashtra,28104.0
2023-11-09,Maharashtra,28356.0
2023-11-10,Maharashtra,28006.0
2023-11-11,Maharashtra,26400.0
2023-11-12,Maharashtra,23470.0
2023-11-13,Maharashtra,23161.0
2023-11-14,Maharashtra,23436.0
2023-11-15,Maharashtra,24087.0
2023-11-16,Maharashtra,25851.0
2023-11-17,Maharashtra,26407.0
2023-11-18,Maharashtra,26508.0
2023-11-19,Maharashtra,25601.0
2023-11-20,Maharashtra,27249.0
2023-11-21,Maharashtra,27641.0
2023-11-22,Maharashtra,27451.0
2023-11-23,Maharashtra,27844.0
2023-11-24,Maharashtra,27776.0
2023-11-25,Maharashtra,27615.0
2023-11-26,Maharashtra,26352.0
2023-11-27,Maharashtra,23817.0
2023-11-28,Maharashtra,23545.0
2023-11-29,Maharashtra,23465.0
2023-11-30,Maharashtra,23042.0
2023-12-01,Maharashtra,22606.0
2023-12-02,Maharashtra,23090.0
2023-12-03,Maharashtra,21882.0
2023-12-04,Maharashtra,23816.0
2023-12-05,Maharashtra,24002.0
2023-12-06,Maharashtra,24672.0
2023-12-07,Maharashtra,23917.0
2023-12-08,Maharashtra,23465.0
2023-12-09,Maharashtra,23572.0
2023-12-10,Maharashtra,22865.0
2023-12-11,Maharashtra,24542.0
2023-12-12,Maharashtra,25348.0
2023-12-13,Maharashtra,25637.0
2023-12-14,Maharashtra,25984.0
2023-12-15,Maharashtra,25946.0
2023-12-16,Maharashtra,26140.0
2023-12-17,Maharashtra,25387.0
2023-12-18,Maharashtra,26372.0
2023-12-19,Maharashtra,26550.0
2023-12-20,Maharashtra,26716.0
2023-12-21,Maharashtra,26503.0
2023-12-22,Maharashtra,27068.0
2023-12-23,Maharashtra,26616.0
2023-12-24,Maharashtra,26120.0
2023-12-25,Maharashtra,26589.0
2023-12-26,Maharashtra,27557.0
2023-12-27,Maharashtra,27755.0
2023-12-28,Maharashtra,27291.0
2023-12-29,Maharashtra,27468.0
2023-12-30,Maharashtra,26870.0
2023-12-31,Maharashtra,25994.0
2024-01-01,Maharashtra,26125.0
2024-01-02,Maharashtra,26871.0
2024-01-03,Maharashtra,27314.0
2024-01-04,Maharashtra,27492.0
2024-01-05,Maharashtra,27013.0
2024-01-06,Maharashtra,27237.0
2024-01-07,Maharashtra,26073.0
2024-01-08,Maharashtra,26858.0
2024-01-09,Maharashtra,28074.0
2024-01-10,Maharashtra,27341.0
2024-01-11,Maharashtra,26268.0
2024-01-12,Maharashtra,27655.0
2024-01-13,Maharashtra,27693.0
2024-01-14,Maharashtra,27163.0
2024-01-15,Maharashtra,27196.0
2024-01-16,Maharashtra,27573.0
2024-01-17,Maharashtra,27714.0
2024-01-18,Maharashtra,27813.0
2024-01-19,Maharashtra,27597.0
2024-01-20,Maharashtra,27842.0
2024-01-21,Maharashtra,27055.0
2024-01-22,Maharashtra,28151.0
2024-01-23,Maharashtra,27966.0
2024-01-24,Maharashtra,27587.0
2024-01-25,Maharashtra,27560.0
2024-01-26,Maharashtra,24175.0
2024-01-27,Maharashtra,27911.0
2024-01-28,Maharashtra,27568.0
2024-01-29,Maharashtra,28651.0
2024-01-30,Maharashtra,28479.0
2024-01-31,Maharashtra,28384.0
2024-02-01,Maharashtra,27582.0
2024-02-02,Maharashtra,27650.0
2024-02-03,Maharashtra,27355.0
2024-02-04,Maharashtra,27443.0
2024-02-05,Maharashtra,28473.0
2024-02-06,Maharashtra,28700.0
2024-02-07,Maharashtra,28969.0
2024-02-08,Maharashtra,28298.0
2024-02-09,Maharashtra,28270.0
2024-02-10,Maharashtra,27933.0
2024-02-11,Maharashtra,27006.0
2024-02-12,Maharashtra,27935.0
2024-02-13,Maharashtra,27980.0
2024-02-14,Maharashtra,28694.0
2024-02-15,Maharashtra,28535.0
2024-02-16,Maharashtra,28101.0
2024-02-17,Maharashtra,28014.0
2024-02-18,Maharashtra,27305.0
2024-02-19,Maharashtra,28660.0
2024-02-20,Maharashtra,28450.0
2024-02-21,Maharashtra,28456.0
2024-02-22,Maharashtra,28324.0
2024-02-23,Maharashtra,27758.0
2024-02-24,Maharashtra,27635.0
2024-02-25,Maharashtra,26722.0
2024-02-26,Maharashtra,28060.0
2024-02-27,Maharashtra,27749.0
2024-02-28,Maharashtra,27905.0
2024-02-29,Maharashtra,27973.0
2024-03-01,Maharashtra,27519.0
2024-03-02,Maharashtra,26971.0
2024-03-03,Maharashtra,25878.0
2024-03-04,Maharashtra,27364.0
2024-03-05,Maharashtra,27306.0
2024-03-06,Maharashtra,27135.0
2024-03-07,Maharashtra,27097.0
2024-03-08,Maharashtra,27220.0
2024-03-09,Maharashtra,27113.0
2024-03-10,Maharashtra,26509.0
2024-03-11,Maharashtra,27627.0
2024-03-12,Maharashtra,28428.0
2024-03-13,Maharashtra,28282.0
2024-03-14,Maharashtra,27808.0
2024-03-15,Maharashtra,27450.0
2024-03-16,Maharashtra,27537.0
2024-03-17,Maharashtra,26246.0
2024-03-18,Maharashtra,27715.0
2024-03-19,Maharashtra,27749.0
2024-03-20,Maharashtra,27029.0
2024-03-21,Maharashtra,27443.0
2024-03-22,Maharashtra,28084.0
2024-03-23,Maharashtra,27740.0
2024-03-24,Maharashtra,26968.0
2024-03-25,Maharashtra,24208.0
2024-03-26,Maharashtra,27975.0
2024-03-27,Maharashtra,28304.0
2024-03-28,Maharashtra,28735.0
2024-03-29,Maharashtra,28179.0
2024-03-30,Maharashtra,27655.0
2024-03-31,Maharashtra,25852.0
2024-04-01,Maharashtra,27234.0
2024-04-02,Maharashtra,27737.0
2024-04-03,Maharashtra,28228.0
2024-04-04,Maharashtra,28292.0
2024-04-05,Maharashtra,27844.0
2024-04-06,Maharashtra,28112.0
2024-04-07,Maharashtra,26392.0
2024-04-08,Maharashtra,27845.0
2024-04-09,Maharashtra,26835.0
2024-04-10,Maharashtra,27661.0
2024-04-11,Maharashtra,25581.0
2024-04-12,Maharashtra,25766.0
2024-04-13,Maharashtra,25240.0
2024-04-14,Maharashtra,24468.0
2024-04-15,Maharashtra,27896.0
2024-04-16,Maharashtra,28310.0
2024-04-17,Maharashtra,28909.0
2024-04-18,Maharashtra,28705.0
2024-04-19,Maharashtra,28446.0
2024-04-20,Maharashtra,27734.0
2024-04-21,Maharashtra,26318.0
2024-04-22,Maharashtra,27682.0
2024-04-23,Maharashtra,27722.0
2024-04-24,Maharashtra,27653.0
2024-04-25,Maharashtra,27775.0
2024-04-26,Maharashtra,27183.0
2024-04-27,Maharashtra,28331.0
2024-04-28,Maharashtra,27184.0
2022-01-01,Tamil Nadu,12620.0
2022-01-02,Tamil Nadu,10730.0
2022-01-03,Tamil Nadu,13130.0
2022-01-04,Tamil Nadu,13707.0
2022-01-05,Tamil Nadu,14042.0
2022-01-06,Tamil Nadu,14127.0
2022-01-07,Tamil Nadu,14176.0
2022-01-08,Tamil Nadu,14606.0
2022-01-09,Tamil Nadu,12777.0
2022-01-10,Tamil Nadu,14298.0
2022-01-11,Tamil Nadu,14671.0
2022-01-12,Tamil Nadu,14807.0
2022-01-13,Tamil Nadu,14631.0
2022-01-14,Tamil Nadu,12319.0
2022-01-15,Tamil Nadu,11692.0
2022-01-16,Tamil Nadu,11086.0
2022-01-17,Tamil Nadu,13368.0
2022-01-18,Tamil Nadu,14141.0
2022-01-19,Tamil Nadu,14137.0
2022-01-20,Tamil Nadu,14305.0
2022-01-21,Tamil Nadu,14883.0
2022-01-22,Tamil Nadu,14862.0
2022-01-23,Tamil Nadu,12965.0
2022-01-24,Tamil Nadu,14406.0
2022-01-25,Tamil Nadu,14522.0
2022-01-26,Tamil Nadu,13692.0
2022-01-27,Tamil Nadu,14499.0
2022-01-28,Tamil Nadu,14541.0
2022-01-29,Tamil Nadu,14972.0
2022-01-30,Tamil Nadu,13557.0
2022-01-31,Tamil Nadu,15290.0
2022-02-01,Tamil Nadu,14796.0
2022-02-02,Tamil Nadu,15120.0
2022-02-03,Tamil Nadu,15174.0
2022-02-04,Tamil Nadu,15589.0
2022-02-05,Tamil Nadu,15641.0
2022-02-06,Tamil Nadu,13695.0
2022-02-07,Tamil Nadu,15225.0
2022-02-08,Tamil Nadu,15741.0
2022-02-09,Tamil Nadu,15696.0
2022-02-10,Tamil Nadu,15665.0
2022-02-11,Tamil Nadu,15060.0
2022-02-12,Tamil Nadu,14945.0
2022-02-13,Tamil Nadu,13369.0
2022-02-14,Tamil Nadu,14806.0
2022-02-15,Tamil Nadu,15158.0
2022-02-16,Tamil Nadu,15263.0
2022-02-17,Tamil Nadu,15480.0
2022-02-18,Tamil Nadu,15912.0
2022-02-19,Tamil Nadu,14758.0
2022-02-20,Tamil Nadu,14277.0
2022-02-21,Tamil Nadu,15819.0
2022-02-22,Tamil Nadu,16262.0
2022-02-23,Tamil Nadu,15746.0
2022-02-24,Tamil Nadu,15876.0
2022-02-25,Tamil Nadu,15673.0
2022-02-26,Tamil Nadu,16206.0
2022-02-27,Tamil Nadu,14732.0
2022-02-28,Tamil Nadu,15710.0
2022-03-01,Tamil Nadu,16151.0
2022-03-02,Tamil Nadu,15483.0
2022-03-03,Tamil Nadu,15938.0
2022-03-04,Tamil Nadu,15927.0
2022-03-05,Tamil Nadu,15673.0
2022-03-06,Tamil Nadu,14357.0
2022-03-07,Tamil Nadu,14944.0
2022-03-08,Tamil Nadu,15313.0
2022-03-09,Tamil Nadu,15507.0
2022-03-10,Tamil Nadu,15587.0
2022-03-11,Tamil Nadu,15738.0
2022-03-12,Tamil Nadu,15826.0
2022-03-13,Tamil Nadu,14083.0
2022-03-14,Tamil Nadu,15724.0
2022-03-15,Tamil Nadu,15975.0
2022-03-16,Tamil Nadu,15954.0
2022-03-17,Tamil Nadu,16402.0
2022-03-18,Tamil Nadu,16095.0
2022-03-19,Tamil Nadu,15912.0
2022-03-20,Tamil Nadu,14521.0
2022-03-21,Tamil Nadu,16042.0
2022-03-22,Tamil Nadu,16162.0
2022-03-23,Tamil Nadu,16336.0
2022-03-24,Tamil Nadu,16328.0
2022-03-25,Tamil Nadu,16267.0
2022-03-26,Tamil Nadu,16257.0
2022-03-27,Tamil Nadu,15282.0
2022-03-28,Tamil Nadu,17063.0
2022-03-29,Tamil Nadu,17196.0
2022-03-30,Tamil Nadu,16859.0
2022-03-31,Tamil Nadu,16842.0
2022-04-01,Tamil Nadu,16939.0
2022-04-02,Tamil Nadu,17061.0
2022-04-03,Tamil Nadu,15023.0
2022-04-04,Tamil Nadu,16471.0
2022-04-05,Tamil Nadu,16647.0
2022-04-06,Tamil Nadu,16758.0
2022-04-07,Tamil Nadu,16509.0
2022-04-08,Tamil Nadu,16713.0
2022-04-09,Tamil Nadu,16983.0
2022-04-10,Tamil Nadu,14582.0
2022-04-11,Tamil Nadu,15480.0
2022-04-12,Tamil Nadu,15534.0
2022-04-13,Tamil Nadu,15470.0
2022-04-14,Tamil Nadu,14095.0
2022-04-15,Tamil Nadu,14832.0
2022-04-16,Tamil Nadu,15480.0
2022-04-17,Tamil Nadu,13429.0
2022-04-18,Tamil Nadu,15001.0
2022-04-19,Tamil Nadu,15821.0
2022-04-20,Tamil Nadu,16136.0
2022-04-21,Tamil Nadu,16316.0
2022-04-22,Tamil Nadu,16528.5
2022-04-23,Tamil Nadu,16741.0
2022-04-24,Tamil Nadu,14395.0
2022-04-25,Tamil Nadu,16727.0
2022-04-26,Tamil Nadu,16919.0
2022-04-27,Tamil Nadu,17107.0
2022-04-28,Tamil Nadu,17370.0
2022-04-29,Tamil Nadu,17563.0
2022-04-30,Tamil Nadu,17137.0
2022-05-01,Tamil Nadu,15733.0
2022-05-02,Tamil Nadu,16492.0
2022-05-03,Tamil Nadu,16627.0
2022-05-04,Tamil Nadu,16754.0
2022-05-05,Tamil Nadu,16229.0
2022-05-06,Tamil Nadu,16906.0
2022-05-07,Tamil Nadu,16224.0
2022-05-08,Tamil Nadu,14395.0
2022-05-09,Tamil Nadu,15798.0
2022-05-10,Tamil Nadu,14462.0
2022-05-11,Tamil Nadu,14513.0
2022-05-12,Tamil Nadu,15146.0
2022-05-13,Tamil Nadu,14983.0
2022-05-14,Tamil Nadu,15259.0
2022-05-15,Tamil Nadu,12707.0
2022-05-16,Tamil Nadu,14506.0
2022-05-17,Tamil Nadu,14457.0
2022-05-18,Tamil Nadu,14745.0
2022-05-19,Tamil Nadu,14885.0
2022-05-20,Tamil Nadu,15000.0
2022-05-21,Tamil Nadu,15218.0
2022-05-22,Tamil Nadu,13377.0
2022-05-23,Tamil Nadu,16664.0
2022-05-24,Tamil Nadu,16298.0
2022-05-25,Tamil Nadu,16497.0
2022-05-26,Tamil Nadu,16266.0
2022-05-27,Tamil Nadu,16325.0
2022-05-28,Tamil Nadu,16013.0
2022-05-29,Tamil Nadu,14558.0
2022-05-30,Tamil Nadu,16401.0
2022-05-31,Tamil Nadu,16604.0
2022-06-01,Tamil Nadu,16314.0
2022-06-02,Tamil Nadu,16733.0
2022-06-03,Tamil Nadu,17517.0
2022-06-04,Tamil Nadu,16670.0
2022-06-05,Tamil Nadu,15430.0
2022-06-06,Tamil Nadu,16175.0
2022-06-07,Tamil Nadu,15791.0
2022-06-08,Tamil Nadu,15969.0
2022-06-09,Tamil Nadu,16841.0
2022-06-10,Tamil Nadu,16416.0
2022-06-11,Tamil Nadu,16621.0
2022-06-12,Tamil Nadu,15149.0
2022-06-13,Tamil Nadu,16267.0
2022-06-14,Tamil Nadu,15996.0
2022-06-15,Tamil Nadu,15725.0
2022-06-16,Tamil Nadu,15330.0
2022-06-17,Tamil Nadu,15324.0
2022-06-18,Tamil Nadu,14738.0
2022-06-19,Tamil Nadu,13455.0
2022-06-20,Tamil Nadu,14914.0
2022-06-21,Tamil Nadu,14821.0
2022-06-22,Tamil Nadu,15144.0
2022-06-23,Tamil Nadu,15467.0
2022-06-24,Tamil Nadu,15885.0
2022-06-25,Tamil Nadu,15421.0
2022-06-26,Tamil Nadu,14142.0
2022-06-27,Tamil Nadu,16202.0
2022-06-28,Tamil Nadu,16520.0
2022-06-29,Tamil Nadu,16700.0
2022-06-30,Tamil Nadu,16507.0
2022-07-01,Tamil Nadu,16834.0
2022-07-02,Tamil Nadu,16128.0
2022-07-03,Tamil Nadu,14366.0
2022-07-04,Tamil Nadu,15972.0
2022-07-05,Tamil Nadu,15618.0
2022-07-06,Tamil Nadu,15512.0
2022-07-07,Tamil Nadu,15638.0
2022-07-08,Tamil Nadu,15441.0
2022-07-09,Tamil Nadu,15657.0
2022-07-10,Tamil Nadu,13454.0
2022-07-11,Tamil Nadu,14539.0
2022-07-12,Tamil Nadu,14936.0
2022-07-13,Tamil Nadu,15259.0
2022-07-14,Tamil Nadu,15641.0
2022-07-15,Tamil Nadu,15929.0
2022-07-16,Tamil Nadu,15120.0
2022-07-17,Tamil Nadu,13321.0
2022-07-18,Tamil Nadu,15290.0
2022-07-19,Tamil Nadu,15690.0
2022-07-20,Tamil Nadu,15689.0
2022-07-21,Tamil Nadu,15236.0
2022-07-22,Tamil Nadu,14987.0
2022-07-23,Tamil Nadu,14365.0
2022-07-24,Tamil Nadu,12812.0
2022-07-25,Tamil Nadu,14776.0
2022-07-26,Tamil Nadu,14665.0
2022-07-27,Tamil Nadu,14412.0
2022-07-28,Tamil Nadu,14395.0
2022-07-29,Tamil Nadu,15155.0
2022-07-30,Tamil Nadu,14321.0
2022-07-31,Tamil Nadu,12697.0
2022-08-01,Tamil Nadu,14140.0
2022-08-02,Tamil Nadu,14433.0
2022-08-03,Tamil Nadu,13370.0
2022-08-04,Tamil Nadu,13832.0
2022-08-05,Tamil Nadu,13868.0
2022-08-06,Tamil Nadu,13531.0
2022-08-07,Tamil Nadu,12016.0
2022-08-08,Tamil Nadu,14435.0
2022-08-09,Tamil Nadu,14933.0
2022-08-10,Tamil Nadu,15278.0
2022-08-11,Tamil Nadu,15883.0
2022-08-12,Tamil Nadu,15941.0
2022-08-13,Tamil Nadu,15780.0
2022-08-14,Tamil Nadu,13920.0
2022-08-15,Tamil Nadu,13659.0
2022-08-16,Tamil Nadu,16058.0
2022-08-17,Tamil Nadu,15932.0
2022-08-18,Tamil Nadu,15982.0
2022-08-19,Tamil Nadu,15906.0
2022-08-20,Tamil Nadu,15550.0
2022-08-21,Tamil Nadu,13840.0
2022-08-22,Tamil Nadu,14937.0
2022-08-23,Tamil Nadu,15506.0
2022-08-24,Tamil Nadu,15249.0
2022-08-25,Tamil Nadu,14307.0
2022-08-26,Tamil Nadu,14079.0
2022-08-27,Tamil Nadu,13851.0
2022-08-28,Tamil Nadu,11735.0
2022-08-29,Tamil Nadu,13881.0
2022-08-30,Tamil Nadu,14172.0
2022-08-31,Tamil Nadu,12287.0
2022-09-01,Tamil Nadu,13535.0
2022-09-02,Tamil Nadu,13888.0
2022-09-03,Tamil Nadu,14122.0
2022-09-04,Tamil Nadu,12193.0
2022-09-05,Tamil Nadu,14499.0
2022-09-06,Tamil Nadu,14434.0
2022-09-07,Tamil Nadu,13940.0
2022-09-08,Tamil Nadu,13830.0
2022-09-09,Tamil Nadu,14355.0
2022-09-10,Tamil Nadu,13911.0
2022-09-11,Tamil Nadu,12542.0
2022-09-12,Tamil Nadu,15313.0
2022-09-13,Tamil Nadu,15727.0
2022-09-14,Tamil Nadu,15804.0
2022-09-15,Tamil Nadu,15965.0
2022-09-16,Tamil Nadu,15853.0
2022-09-17,Tamil Nadu,15655.0
2022-09-18,Tamil Nadu,13780.0
2022-09-19,Tamil Nadu,16029.0
2022-09-20,Tamil Nadu,16094.0
2022-09-21,Tamil Nadu,16390.0
2022-09-22,Tamil Nadu,16315.0
2022-09-23,Tamil Nadu,16174.0
2022-09-24,Tamil Nadu,16045.0
2022-09-25,Tamil Nadu,14408.0
2022-09-26,Tamil Nadu,15404.0
2022-09-27,Tamil Nadu,15670.0
2022-09-28,Tamil Nadu,15251.0
2022-09-29,Tamil Nadu,15581.0
2022-09-30,Tamil Nadu,15295.0
2022-10-01,Tamil Nadu,14382.0
2022-10-02,Tamil Nadu,12398.0
2022-10-03,Tamil Nadu,14740.0
2022-10-04,Tamil Nadu,14488.0
2022-10-05,Tamil Nadu,14347.0
2022-10-06,Tamil Nadu,15080.0
2022-10-07,Tamil Nadu,15532.0
2022-10-08,Tamil Nadu,14803.0
2022-10-09,Tamil Nadu,12879.0
2022-10-10,Tamil Nadu,14434.0
2022-10-11,Tamil Nadu,14694.0
2022-10-12,Tamil Nadu,14789.0
2022-10-13,Tamil Nadu,14961.0
2022-10-14,Tamil Nadu,14770.0
2022-10-15,Tamil Nadu,14162.0
2022-10-16,Tamil Nadu,12200.0
2022-10-17,Tamil Nadu,14558.0
2022-10-18,Tamil Nadu,14364.0
2022-10-19,Tamil Nadu,14331.0
2022-10-20,Tamil Nadu,14448.0
2022-10-21,Tamil Nadu,14259.0
2022-10-22,Tamil Nadu,13421.0
2022-10-23,Tamil Nadu,11062.0
2022-10-24,Tamil Nadu,10168.0
2022-10-25,Tamil Nadu,12300.0
2022-10-26,Tamil Nadu,13888.0
2022-10-27,Tamil Nadu,14433.0
2022-10-28,Tamil Nadu,14585.0
2022-10-29,Tamil Nadu,13647.0
2022-10-30,Tamil Nadu,12955.0
2022-10-31,Tamil Nadu,14401.0
2022-11-01,Tamil Nadu,13947.0
2022-11-02,Tamil Nadu,13670.0
2022-11-03,Tamil Nadu,13827.0
2022-11-04,Tamil Nadu,13754.0
2022-11-05,Tamil Nadu,13103.0
2022-11-06,Tamil Nadu,11536.0
2022-11-07,Tamil Nadu,14077.0
2022-11-08,Tamil Nadu,14494.0
2022-11-09,Tamil Nadu,14555.0
2022-11-10,Tamil Nadu,14584.0
2022-11-11,Tamil Nadu,12806.0
2022-11-12,Tamil Nadu,13056.0
2022-11-13,Tamil Nadu,10994.0
2022-11-14,Tamil Nadu,13292.0
2022-11-15,Tamil Nadu,13752.0
2022-11-16,Tamil Nadu,13875.0
2022-11-17,Tamil Nadu,14611.0
2022-11-18,Tamil Nadu,14169.0
2022-11-19,Tamil Nadu,13886.0
2022-11-20,Tamil Nadu,11879.0
2022-11-21,Tamil Nadu,13892.0
2022-11-22,Tamil Nadu,14459.0
2022-11-23,Tamil Nadu,14649.0
2022-11-24,Tamil Nadu,14548.0
2022-11-25,Tamil Nadu,14743.0
2022-11-26,Tamil Nadu,15070.0
2022-11-27,Tamil Nadu,12965.0
2022-11-28,Tamil Nadu,14502.0
2022-11-29,Tamil Nadu,14480.0
2022-11-30,Tamil Nadu,14535.5
2022-12-01,Tamil Nadu,14591.0
2022-12-02,Tamil Nadu,14467.0
2022-12-03,Tamil Nadu,14343.0
2022-12-04,Tamil Nadu,12177.0
2022-12-05,Tamil Nadu,14254.0
2022-12-06,Tamil Nadu,14333.0
2022-12-07,Tamil Nadu,14189.0
2022-12-08,Tamil Nadu,14064.0
2022-12-09,Tamil Nadu,12662.0
2022-12-10,Tamil Nadu,12684.0
2022-12-11,Tamil Nadu,11346.0
2022-12-12,Tamil Nadu,13008.0
2022-12-13,Tamil Nadu,13621.0
2022-12-14,Tamil Nadu,13793.0
2022-12-15,Tamil Nadu,14021.0
2022-12-16,Tamil Nadu,14275.0
2022-12-17,Tamil Nadu,14223.0
2022-12-18,Tamil Nadu,12599.0
2022-12-19,Tamil Nadu,14455.0
2022-12-20,Tamil Nadu,14437.0
2022-12-21,Tamil Nadu,14886.0
2022-12-22,Tamil Nadu,15043.0
2022-12-23,Tamil Nadu,15221.0
2022-12-24,Tamil Nadu,15663.0
2022-12-25,Tamil Nadu,13044.0
2022-12-26,Tamil Nadu,13876.0
2022-12-27,Tamil Nadu,13856.0
2022-12-28,Tamil Nadu,14183.0
2022-12-29,Tamil Nadu,14703.0
2022-12-30,Tamil Nadu,14928.0
2022-12-31,Tamil Nadu,14738.0
2023-01-01,Tamil Nadu,13131.0
2023-01-02,Tamil Nadu,14888.0
2023-01-03,Tamil Nadu,15328.0
2023-01-04,Tamil Nadu,15436.0
2023-01-05,Tamil Nadu,15281.0
2023-01-06,Tamil Nadu,15785.0
2023-01-07,Tamil Nadu,14868.0
2023-01-08,Tamil Nadu,13851.0
2023-01-09,Tamil Nadu,15180.0
2023-01-10,Tamil Nadu,16063.0
2023-01-11,Tamil Nadu,15407.0
2023-01-12,Tamil Nadu,15564.0
2023-01-13,Tamil Nadu,15823.0
2023-01-14,Tamil Nadu,15374.0
2023-01-15,Tamil Nadu,12562.0
2023-01-16,Tamil Nadu,12226.0
2023-01-17,Tamil Nadu,13185.0
2023-01-18,Tamil Nadu,14703.0
2023-01-19,Tamil Nadu,14837.0
2023-01-20,Tamil Nadu,15415.0
2023-01-21,Tamil Nadu,15384.0
2023-01-22,Tamil Nadu,14558.0
2023-01-23,Tamil Nadu,15212.0
2023-01-24,Tamil Nadu,15242.0
2023-01-25,Tamil Nadu,15375.0
2023-01-26,Tamil Nadu,13667.0
2023-01-27,Tamil Nadu,15494.0
2023-01-28,Tamil Nadu,16001.0
2023-01-29,Tamil Nadu,14592.0
2023-01-30,Tamil Nadu,15721.0
2023-01-31,Tamil Nadu,15493.0
2023-02-01,Tamil Nadu,14981.0
2023-02-02,Tamil Nadu,15164.0
2023-02-03,Tamil Nadu,14978.0
2023-02-04,Tamil Nadu,14789.0
2023-02-05,Tamil Nadu,12904.0
2023-02-06,Tamil Nadu,14907.0
2023-02-07,Tamil Nadu,14965.0
2023-02-08,Tamil Nadu,15402.0
2023-02-09,Tamil Nadu,15471.0
2023-02-10,Tamil Nadu,15435.0
2023-02-11,Tamil Nadu,16260.0
2023-02-12,Tamil Nadu,13748.0
2023-02-13,Tamil Nadu,15603.0
2023-02-14,Tamil Nadu,15710.0
2023-02-15,Tamil Nadu,15846.0
2023-02-16,Tamil Nadu,16043.0
2023-02-17,Tamil Nadu,16497.0
2023-02-18,Tamil Nadu,16106.0
2023-02-19,Tamil Nadu,14938.0
2023-02-20,Tamil Nadu,15739.0
2023-02-21,Tamil Nadu,16196.0
2023-02-22,Tamil Nadu,16140.0
2023-02-23,Tamil Nadu,16370.0
2023-02-24,Tamil Nadu,16469.0
2023-02-25,Tamil Nadu,16783.0
2023-02-26,Tamil Nadu,15070.0
2023-02-27,Tamil Nadu,16333.0
2023-02-28,Tamil Nadu,16603.0
2023-03-01,Tamil Nadu,17213.0
2023-03-02,Tamil Nadu,17463.0
2023-03-03,Tamil Nadu,16225.0
2023-03-04,Tamil Nadu,17977.0
2023-03-05,Tamil Nadu,15113.0
2023-03-06,Tamil Nadu,16915.0
2023-03-07,Tamil Nadu,17413.0
2023-03-08,Tamil Nadu,16295.0
2023-03-09,Tamil Nadu,17159.0
2023-03-10,Tamil Nadu,17647.0
2023-03-11,Tamil Nadu,17469.0
2023-03-12,Tamil Nadu,15305.0
2023-03-13,Tamil Nadu,17294.0
2023-03-14,Tamil Nadu,17705.0
2023-03-15,Tamil Nadu,17749.0
2023-03-16,Tamil Nadu,18048.0
2023-03-17,Tamil Nadu,17658.0
2023-03-18,Tamil Nadu,17172.0
2023-03-19,Tamil Nadu,14027.0
2023-03-20,Tamil Nadu,15769.0
2023-03-21,Tamil Nadu,16443.0
2023-03-22,Tamil Nadu,16602.0
2023-03-23,Tamil Nadu,16599.0
2023-03-24,Tamil Nadu,16907.0
2023-03-25,Tamil Nadu,16552.0
2023-03-26,Tamil Nadu,14931.0
2023-03-27,Tamil Nadu,16713.0
2023-03-28,Tamil Nadu,17467.0
2023-03-29,Tamil Nadu,17512.0
2023-03-30,Tamil Nadu,17448.0
2023-03-31,Tamil Nadu,17384.0
2023-04-01,Tamil Nadu,17249.0
2023-04-02,Tamil Nadu,14905.0
2023-04-03,Tamil Nadu,17137.0
2023-04-04,Tamil Nadu,17749.0
2023-04-05,Tamil Nadu,17743.0
2023-04-06,Tamil Nadu,18252.0
2023-04-07,Tamil Nadu,17848.0
2023-04-08,Tamil Nadu,17731.0
2023-04-09,Tamil Nadu,15616.0
2023-04-10,Tamil Nadu,17824.0
2023-04-11,Tamil Nadu,18147.0
2023-04-12,Tamil Nadu,18667.0
2023-04-13,Tamil Nadu,18486.0
2023-04-14,Tamil Nadu,17469.0
2023-04-15,Tamil Nadu,18291.0
2023-04-16,Tamil Nadu,16685.0
2023-04-17,Tamil Nadu,18563.0
2023-04-18,Tamil Nadu,18882.0
2023-04-19,Tamil Nadu,19087.0
2023-04-20,Tamil Nadu,19387.0
2023-04-21,Tamil Nadu,18892.0
2023-04-22,Tamil Nadu,18628.0
2023-04-23,Tamil Nadu,15444.0
2023-04-24,Tamil Nadu,17066.0
2023-04-25,Tamil Nadu,16700.0
2023-04-26,Tamil Nadu,16930.0
2023-04-27,Tamil Nadu,17282.0
2023-04-28,Tamil Nadu,17593.0
2023-04-29,Tamil Nadu,17267.0
2023-04-30,Tamil Nadu,17267.0
2023-05-01,Tamil Nadu,13897.0
2023-05-02,Tamil Nadu,14632.0
2023-05-03,Tamil Nadu,14730.0
2023-05-04,Tamil Nadu,14614.0
2023-05-05,Tamil Nadu,14562.0
2023-05-06,Tamil Nadu,14421.0
2023-05-07,Tamil Nadu,12621.0
2023-05-08,Tamil Nadu,14524.0
2023-05-09,Tamil Nadu,15176.0
2023-05-10,Tamil Nadu,16205.0
2023-05-11,Tamil Nadu,16154.0
2023-05-12,Tamil Nadu,16310.0
2023-05-13,Tamil Nadu,16704.0
2023-05-14,Tamil Nadu,15530.0
2023-05-15,Tamil Nadu,17382.0
2023-05-16,Tamil Nadu,17618.0
2023-05-17,Tamil Nadu,18083.0
2023-05-18,Tamil Nadu,18658.0
2023-05-19,Tamil Nadu,18222.0
2023-05-20,Tamil Nadu,17949.0
2023-05-21,Tamil Nadu,16147.0
2023-05-22,Tamil Nadu,17228.0
2023-05-23,Tamil Nadu,17656.0
2023-05-24,Tamil Nadu,17578.0
2023-05-25,Tamil Nadu,18141.0
2023-05-26,Tamil Nadu,17621.0
2023-05-27,Tamil Nadu,17059.0
2023-05-28,Tamil Nadu,15667.0
2023-05-29,Tamil Nadu,17865.0
2023-05-30,Tamil Nadu,18141.0
2023-05-31,Tamil Nadu,18427.0
2023-06-01,Tamil Nadu,17527.0
2023-06-02,Tamil Nadu,18165.0
2023-06-03,Tamil Nadu,18184.0
2023-06-04,Tamil Nadu,16173.0
2023-06-05,Tamil Nadu,18084.0
2023-06-06,Tamil Nadu,17553.0
2023-06-07,Tamil Nadu,17553.0
2023-06-08,Tamil Nadu,17829.0
2023-06-09,Tamil Nadu,17909.0
2023-06-10,Tamil Nadu,17840.0
2023-06-11,Tamil Nadu,15922.0
2023-06-12,Tamil Nadu,17758.0
2023-06-13,Tamil Nadu,17190.0
2023-06-14,Tamil Nadu,17734.0
2023-06-15,Tamil Nadu,18014.0
2023-06-16,Tamil Nadu,18522.0
2023-06-17,Tamil Nadu,17597.0
2023-06-18,Tamil Nadu,15729.0
2023-06-19,Tamil Nadu,16693.0
2023-06-20,Tamil Nadu,16398.0
2023-06-21,Tamil Nadu,16222.0
2023-06-22,Tamil Nadu,16405.0
2023-06-23,Tamil Nadu,16465.0
2023-06-24,Tamil Nadu,16779.0
2023-06-25,Tamil Nadu,15053.0
2023-06-26,Tamil Nadu,17328.0
2023-06-27,Tamil Nadu,16807.0
2023-06-28,Tamil Nadu,17390.0
2023-06-29,Tamil Nadu,17376.0
2023-06-30,Tamil Nadu,17850.0
2023-07-01,Tamil Nadu,17381.0
2023-07-02,Tamil Nadu,15217.0
2023-07-03,Tamil Nadu,16258.0
2023-07-04,Tamil Nadu,16185.0
2023-07-05,Tamil Nadu,16159.0
2023-07-06,Tamil Nadu,16175.0
2023-07-07,Tamil Nadu,16465.0
2023-07-08,Tamil Nadu,16969.0
2023-07-09,Tamil Nadu,14934.0
2023-07-10,Tamil Nadu,16331.0
2023-07-11,Tamil Nadu,15810.0
2023-07-12,Tamil Nadu,16008.0
2023-07-13,Tamil Nadu,15631.0
2023-07-14,Tamil Nadu,16221.0
2023-07-15,Tamil Nadu,16302.0
2023-07-16,Tamil Nadu,15128.0
2023-07-17,Tamil Nadu,16762.0
2023-07-18,Tamil Nadu,17025.0
2023-07-19,Tamil Nadu,16797.0
2023-07-20,Tamil Nadu,17070.0
2023-07-21,Tamil Nadu,17190.0
2023-07-22,Tamil Nadu,17488.0
2023-07-23,Tamil Nadu,14980.0
2023-07-24,Tamil Nadu,16108.0
2023-07-25,Tamil Nadu,15827.0
2023-07-26,Tamil Nadu,15901.0
2023-07-27,Tamil Nadu,16548.0
2023-07-28,Tamil Nadu,17162.0
2023-07-29,Tamil Nadu,17455.0
2023-07-30,Tamil Nadu,15886.0
2023-07-31,Tamil Nadu,17774.0
2023-08-01,Tamil Nadu,18252.0
2023-08-02,Tamil Nadu,17813.0
2023-08-03,Tamil Nadu,17340.0
2023-08-04,Tamil Nadu,17881.0
2023-08-05,Tamil Nadu,17368.0
2023-08-06,Tamil Nadu,16385.0
2023-08-07,Tamil Nadu,17821.0
2023-08-08,Tamil Nadu,17552.0
2023-08-09,Tamil Nadu,17834.0
2023-08-10,Tamil Nadu,16355.0
2023-08-11,Tamil Nadu,16441.0
2023-08-12,Tamil Nadu,15755.0
2023-08-13,Tamil Nadu,14606.0
2023-08-14,Tamil Nadu,15685.0
2023-08-15,Tamil Nadu,14399.0
2023-08-16,Tamil Nadu,16722.0
2023-08-17,Tamil Nadu,17244.0
2023-08-18,Tamil Nadu,17212.0
2023-08-19,Tamil Nadu,16985.0
2023-08-20,Tamil Nadu,15340.0
2023-08-21,Tamil Nadu,17479.0
2023-08-22,Tamil Nadu,17587.0
2023-08-23,Tamil Nadu,17549.0
2023-08-24,Tamil Nadu,18023.0
2023-08-25,Tamil Nadu,17715.0
2023-08-26,Tamil Nadu,17852.0
2023-08-27,Tamil Nadu,15751.0
2023-08-28,Tamil Nadu,17716.0
2023-08-29,Tamil Nadu,16819.0
2023-08-30,Tamil Nadu,16274.0
2023-08-31,Tamil Nadu,15813.0
2023-09-01,Tamil Nadu,15984.0
2023-09-02,Tamil Nadu,15197.0
2023-09-03,Tamil Nadu,13691.0
2023-09-04,Tamil Nadu,15936.0
2023-09-05,Tamil Nadu,15747.0
2023-09-06,Tamil Nadu,16038.0
2023-09-07,Tamil Nadu,15728.0
2023-09-08,Tamil Nadu,16335.0
2023-09-09,Tamil Nadu,16553.0
2023-09-10,Tamil Nadu,14672.0
2023-09-11,Tamil Nadu,16809.0
2023-09-12,Tamil Nadu,16842.0
2023-09-13,Tamil Nadu,17035.0
2023-09-14,Tamil Nadu,16717.0
2023-09-15,Tamil Nadu,16998.0
2023-09-16,Tamil Nadu,16483.0
2023-09-17,Tamil Nadu,14111.0
2023-09-18,Tamil Nadu,14384.0
2023-09-19,Tamil Nadu,15795.0
2023-09-20,Tamil Nadu,16558.0
2023-09-21,Tamil Nadu,16402.0
2023-09-22,Tamil Nadu,16253.0
2023-09-23,Tamil Nadu,16388.0
2023-09-24,Tamil Nadu,14640.0
2023-09-25,Tamil Nadu,15965.0
2023-09-26,Tamil Nadu,16770.0
2023-09-27,Tamil Nadu,16083.0
2023-09-28,Tamil Nadu,16574.0
2023-09-29,Tamil Nadu,16097.0
2023-09-30,Tamil Nadu,16130.0
2023-10-01,Tamil Nadu,14471.0
2023-10-02,Tamil Nadu,14473.0
2023-10-03,Tamil Nadu,17048.0
2023-10-04,Tamil Nadu,17193.0
2023-10-05,Tamil Nadu,17386.0
2023-10-06,Tamil Nadu,17055.0
2023-10-07,Tamil Nadu,17023.0
2023-10-08,Tamil Nadu,15075.0
2023-10-09,Tamil Nadu,16741.0
2023-10-10,Tamil Nadu,16475.0
2023-10-11,Tamil Nadu,16587.0
2023-10-12,Tamil Nadu,16554.0
2023-10-13,Tamil Nadu,16197.0
2023-10-14,Tamil Nadu,16102.0
2023-10-15,Tamil Nadu,13620.0
2023-10-16,Tamil Nadu,15557.0
2023-10-17,Tamil Nadu,15709.0
2023-10-18,Tamil Nadu,16203.0
2023-10-19,Tamil Nadu,16406.0
2023-10-20,Tamil Nadu,16587.0
2023-10-21,Tamil Nadu,15975.0
2023-10-22,Tamil Nadu,14687.0
2023-10-23,Tamil Nadu,14051.0
2023-10-24,Tamil Nadu,15850.0
2023-10-25,Tamil Nadu,16988.0
2023-10-26,Tamil Nadu,17191.0
2023-10-27,Tamil Nadu,17071.0
2023-10-28,Tamil Nadu,17203.0
2023-10-29,Tamil Nadu,14969.0
2023-10-30,Tamil Nadu,15640.0
2023-10-31,Tamil Nadu,16142.0
2023-11-01,Tamil Nadu,16099.0
2023-11-02,Tamil Nadu,16071.0
2023-11-03,Tamil Nadu,15615.0
2023-11-04,Tamil Nadu,14911.0
2023-11-05,Tamil Nadu,12999.0
2023-11-06,Tamil Nadu,15297.0
2023-11-07,Tamil Nadu,15224.0
2023-11-08,Tamil Nadu,15023.0
2023-11-09,Tamil Nadu,15030.0
2023-11-10,Tamil Nadu,14510.0
2023-11-11,Tamil Nadu,12824.0
2023-11-12,Tamil Nadu,10679.0
2023-11-13,Tamil Nadu,11208.0
2023-11-14,Tamil Nadu,12780.0
2023-11-15,Tamil Nadu,13963.0
2023-11-16,Tamil Nadu,14997.0
2023-11-17,Tamil Nadu,15352.0
2023-11-18,Tamil Nadu,15325.0
2023-11-19,Tamil Nadu,13455.0
2023-11-20,Tamil Nadu,15275.0
2023-11-21,Tamil Nadu,15991.0
2023-11-22,Tamil Nadu,15019.0
2023-11-23,Tamil Nadu,15090.0
2023-11-24,Tamil Nadu,15076.0
2023-11-25,Tamil Nadu,14675.0
2023-11-26,Tamil Nadu,12107.0
2023-11-27,Tamil Nadu,14696.0
2023-11-28,Tamil Nadu,15296.0
2023-11-29,Tamil Nadu,14627.0
2023-11-30,Tamil Nadu,14907.0
2023-12-01,Tamil Nadu,15126.0
2023-12-02,Tamil Nadu,14552.0
2023-12-03,Tamil Nadu,12235.0
2023-12-04,Tamil Nadu,11765.0
2023-12-05,Tamil Nadu,13630.0
2023-12-06,Tamil Nadu,15032.0
2023-12-07,Tamil Nadu,15614.0
2023-12-08,Tamil Nadu,15296.0
2023-12-09,Tamil Nadu,15250.0
2023-12-10,Tamil Nadu,13084.0
2023-12-11,Tamil Nadu,15348.0
2023-12-12,Tamil Nadu,15234.0
2023-12-13,Tamil Nadu,15636.0
2023-12-14,Tamil Nadu,15721.0
2023-12-15,Tamil Nadu,15671.0
2023-12-16,Tamil Nadu,15319.0
2023-12-17,Tamil Nadu,13189.0
2023-12-18,Tamil Nadu,14243.0
2023-12-19,Tamil Nadu,14925.0
2023-12-20,Tamil Nadu,14911.0
2023-12-21,Tamil Nadu,15057.0
2023-12-22,Tamil Nadu,15186.0
2023-12-23,Tamil Nadu,15102.0
2023-12-24,Tamil Nadu,13578.0
2023-12-25,Tamil Nadu,14130.0
2023-12-26,Tamil Nadu,15518.0
2023-12-27,Tamil Nadu,15728.0
2023-12-28,Tamil Nadu,15920.0
2023-12-29,Tamil Nadu,15816.0
2023-12-30,Tamil Nadu,15477.0
2023-12-31,Tamil Nadu,14502.0
2024-01-01,Tamil Nadu,15217.0
2024-01-02,Tamil Nadu,15925.0
2024-01-03,Tamil Nadu,16138.0
2024-01-04,Tamil Nadu,16138.0
2024-01-05,Tamil Nadu,15532.0
2024-01-06,Tamil Nadu,15572.0
2024-01-07,Tamil Nadu,13917.0
2024-01-08,Tamil Nadu,14680.0
2024-01-09,Tamil Nadu,14480.0
2024-01-10,Tamil Nadu,14733.0
2024-01-11,Tamil Nadu,14859.0
2024-01-12,Tamil Nadu,15373.0
2024-01-13,Tamil Nadu,15107.0
2024-01-14,Tamil Nadu,13541.0
2024-01-15,Tamil Nadu,12413.0
2024-01-16,Tamil Nadu,12191.0
2024-01-17,Tamil Nadu,13610.0
2024-01-18,Tamil Nadu,15261.0
2024-01-19,Tamil Nadu,15601.0
2024-01-20,Tamil Nadu,15468.0
2024-01-21,Tamil Nadu,14008.0
2024-01-22,Tamil Nadu,16101.0
2024-01-23,Tamil Nadu,16134.0
2024-01-24,Tamil Nadu,16229.0
2024-01-25,Tamil Nadu,16614.0
2024-01-26,Tamil Nadu,14388.0
2024-01-27,Tamil Nadu,15995.0
2024-01-28,Tamil Nadu,14680.0
2024-01-29,Tamil Nadu,16261.0
2024-01-30,Tamil Nadu,16617.0
2024-01-31,Tamil Nadu,17035.0
2024-02-01,Tamil Nadu,17061.0
2024-02-02,Tamil Nadu,17813.0
2024-02-03,Tamil Nadu,16767.0
2024-02-04,Tamil Nadu,14866.0
2024-02-05,Tamil Nadu,16768.0
2024-02-06,Tamil Nadu,16804.0
2024-02-07,Tamil Nadu,16774.0
2024-02-08,Tamil Nadu,17153.0
2024-02-09,Tamil Nadu,17245.0
2024-02-10,Tamil Nadu,16935.0
2024-02-11,Tamil Nadu,14818.0
2024-02-12,Tamil Nadu,16736.0
2024-02-13,Tamil Nadu,17078.0
2024-02-14,Tamil Nadu,17261.0
2024-02-15,Tamil Nadu,17266.0
2024-02-16,Tamil Nadu,17554.0
2024-02-17,Tamil Nadu,16973.0
2024-02-18,Tamil Nadu,15232.0
2024-02-19,Tamil Nadu,17127.0
2024-02-20,Tamil Nadu,17598.0
2024-02-21,Tamil Nadu,17618.0
2024-02-22,Tamil Nadu,18015.0
2024-02-23,Tamil Nadu,18299.0
2024-02-24,Tamil Nadu,18161.0
2024-02-25,Tamil Nadu,15987.0
2024-02-26,Tamil Nadu,17714.0
2024-02-27,Tamil Nadu,17785.0
2024-02-28,Tamil Nadu,18060.0
2024-02-29,Tamil Nadu,18205.0
2024-03-01,Tamil Nadu,18162.0
2024-03-02,Tamil Nadu,18373.0
2024-03-03,Tamil Nadu,16210.0
2024-03-04,Tamil Nadu,17993.0
2024-03-05,Tamil Nadu,18467.0
2024-03-06,Tamil Nadu,18466.0
2024-03-07,Tamil Nadu,18467.0
2024-03-08,Tamil Nadu,18754.0
2024-03-09,Tamil Nadu,18293.0
2024-03-10,Tamil Nadu,16693.0
2024-03-11,Tamil Nadu,18605.0
2024-03-12,Tamil Nadu,18783.0
2024-03-13,Tamil Nadu,18787.0
2024-03-14,Tamil Nadu,19152.0
2024-03-15,Tamil Nadu,19305.0
2024-03-16,Tamil Nadu,18949.0
2024-03-17,Tamil Nadu,16799.0
2024-03-18,Tamil Nadu,18604.0
2024-03-19,Tamil Nadu,19013.0
2024-03-20,Tamil Nadu,18839.0
2024-03-21,Tamil Nadu,19281.0
2024-03-22,Tamil Nadu,19409.0
2024-03-23,Tamil Nadu,19131.0
2024-03-24,Tamil Nadu,16875.0
2024-03-25,Tamil Nadu,17711.0
2024-03-26,Tamil Nadu,18641.0
2024-03-27,Tamil Nadu,18601.0
2024-03-28,Tamil Nadu,19172.0
2024-03-29,Tamil Nadu,19204.0
2024-03-30,Tamil Nadu,18914.0
2024-03-31,Tamil Nadu,17304.0
2024-04-01,Tamil Nadu,19010.0
2024-04-02,Tamil Nadu,19378.0
2024-04-03,Tamil Nadu,19413.0
2024-04-04,Tamil Nadu,19455.0
2024-04-05,Tamil Nadu,19580.0
2024-04-06,Tamil Nadu,19506.0
2024-04-07,Tamil Nadu,18112.0
2024-04-08,Tamil Nadu,20125.0
2024-04-09,Tamil Nadu,19611.0
2024-04-10,Tamil Nadu,19557.0
2024-04-11,Tamil Nadu,19419.0
2024-04-12,Tamil Nadu,19414.0
2024-04-13,Tamil Nadu,19088.0
2024-04-14,Tamil Nadu,17382.0
2024-04-15,Tamil Nadu,19277.0
2024-04-16,Tamil Nadu,19764.0
2024-04-17,Tamil Nadu,19964.0
2024-04-18,Tamil Nadu,20341.0
2024-04-19,Tamil Nadu,18334.0
2024-04-20,Tamil Nadu,19537.0
2024-04-21,Tamil Nadu,18063.0
2024-04-22,Tamil Nadu,20077.0
2024-04-23,Tamil Nadu,19944.0
2024-04-24,Tamil Nadu,19849.0
2024-04-25,Tamil Nadu,20076.0
2024-04-26,Tamil Nadu,20583.0
2024-04-27,Tamil Nadu,20237.0
2024-04-28,Tamil Nadu,18429.0
