valid_time,station,origin,lead_hours,observed_c,persistence_c,yesterday_c,ecmwf_ifs_c,lead_days,hour_sin,hour_cos,year_sin,year_cos,recent_error_c,recent_error_decay_c,previous_day_difference_c,history_mean_difference_c,history_std_c,latest_source_age_hours,station_42410099999,station_43128599999,station_43279099999,scored,bias_corrected_c,ridge_corrected_c,timesfm_c,timesfm_p10_c,timesfm_p20_c,timesfm_p30_c,timesfm_p40_c,timesfm_p50_c,timesfm_p60_c,timesfm_p70_c,timesfm_p80_c,timesfm_p90_c,timesfm_nwp_c,timesfm_nwp_p10_c,timesfm_nwp_p20_c,timesfm_nwp_p30_c,timesfm_nwp_p40_c,timesfm_nwp_p50_c,timesfm_nwp_p60_c,timesfm_nwp_p70_c,timesfm_nwp_p80_c,timesfm_nwp_p90_c,split
2025-04-05 07:00:00+00:00,43128599999,2025-04-05 06:00:00+00:00,1,32.0,31.0,30.0,32.3,0.041666666666666664,-0.13052619222005177,-0.9914448613738104,0.9989315138848577,-0.046215046983708354,-0.6999999999999993,-0.6440310902405256,-2.299999999999997,-4.359523809523807,4.506215787734048,0,0.0,1.0,0.0,True,32.4192125984252,31.72989073976659,31.908937454223633,30.868925094604492,31.26422119140625,31.51906967163086,31.713428497314453,31.908937454223633,32.109130859375,32.309059143066406,32.54347229003906,32.91239929199219,32.059791564941406,30.95941734313965,31.397510528564453,31.668712615966797,31.865699768066406,32.059791564941406,32.26284408569336,32.461944580078125,32.697322845458984,33.05361557006836,development
2025-04-05 08:00:00+00:00,43128599999,2025-04-05 06:00:00+00:00,2,34.0,31.0,31.0,32.6,0.08333333333333333,-0.38268343236508967,-0.9238795325112868,0.9989315138848577,-0.046215046983708354,-0.6999999999999993,-0.5925372074234293,-1.6000000000000014,-4.659523809523812,4.506215787734048,0,0.0,1.0,0.0,True,32.7192125984252,32.229032104866285,32.47172164916992,31.20076560974121,31.70064926147461,32.010658264160156,32.25804138183594,32.47172164916992,32.68687438964844,32.94156265258789,33.25489044189453,33.70744705200195,32.71691131591797,31.341197967529297,31.91866111755371,32.26242446899414,32.50727462768555,32.71691131591797,32.94026184082031,33.17628860473633,33.456748962402344,33.883026123046875,development
2025-04-05 09:00:00+00:00,43128599999,2025-04-05 06:00:00+00:00,3,34.0,31.0,31.0,32.9,0.125,-0.6087614290087207,-0.7933533402912352,0.9989315138848577,-0.046215046983708354,-0.6999999999999993,-0.5451605481499828,-1.8999999999999986,-4.959523809523809,4.506215787734048,0,0.0,1.0,0.0,True,33.0192125984252,32.53422817740952,32.832542419433594,31.391756057739258,31.952611923217773,32.297821044921875,32.57685470581055,32.832542419433594,33.08475875854492,33.36505889892578,33.707298278808594,34.2177734375,33.19968032836914,31.682626724243164,32.30873107910156,32.68639373779297,32.955162048339844,33.19968032836914,33.45512008666992,33.70439910888672,33.99630355834961,34.4627685546875,development
2025-04-05 10:00:00+00:00,43128599999,2025-04-05 06:00:00+00:00,4,34.0,31.0,31.0,32.7,0.16666666666666666,-0.7933533402912349,-0.6087614290087209,0.9989315138848577,-0.046215046983708354,-0.6999999999999993,-0.501571917401652,-1.7000000000000028,-4.759523809523813,4.506215787734048,0,0.0,1.0,0.0,True,32.8192125984252,32.46241955399691,32.65086364746094,31.0120906829834,31.64542007446289,32.02143478393555,32.36725997924805,32.65086364746094,32.91633605957031,33.23617935180664,33.56682205200195,34.11693572998047,33.242042541503906,31.540510177612305,32.25546646118164,32.653167724609375,32.97482681274414,33.242042541503906,33.502098083496094,33.791412353515625,34.10574722290039,34.602237701416016,development
2025-04-05 11:00:00+00:00,43128599999,2025-04-05 06:00:00+00:00,5,34.0,31.0,31.0,32.3,0.20833333333333334,-0.9238795325112868,-0.3826834323650895,0.9989315138848577,-0.046215046983708354,-0.6999999999999993,-0.46146844114031016,-1.2999999999999972,-4.359523809523807,4.506215787734048,0,0.0,1.0,0.0,True,32.4192125984252,32.24432056065737,32.142417907714844,30.374006271362305,31.056333541870117,31.49213218688965,31.833328247070312,32.142417907714844,32.429542541503906,32.746822357177734,33.148094177246094,33.78321838378906,32.57614517211914,30.74184226989746,31.50473403930664,31.966217041015625,32.29001998901367,32.57614517211914,32.848262786865234,33.14607238769531,33.51203155517578,34.07302474975586,development
2025-04-05 12:00:00+00:00,43128599999,2025-04-05 06:00:00+00:00,6,,31.0,31.0,31.5,0.25,-0.9914448613738104,-0.13052619222005163,0.9989315138848577,-0.046215046983708354,-0.6999999999999993,-0.424571461798843,-0.5,-3.55952380952381,4.506215787734048,0,0.0,1.0,0.0,False,31.619212598425197,31.718073822787215,31.364845275878906,29.47888946533203,30.208866119384766,30.67707633972168,31.047067642211914,31.364845275878906,31.67893409729004,32.0318603515625,32.49787902832031,33.201385498046875,31.854433059692383,29.806758880615234,30.646955490112305,31.18938636779785,31.548316955566406,31.854433059692383,32.167091369628906,32.48707580566406,32.90956497192383,33.53410720825195,development
2025-04-05 13:00:00+00:00,43128599999,2025-04-05 06:00:00+00:00,7,32.0,31.0,30.0,29.1,0.2916666666666667,-0.9914448613738105,0.13052619222005127,0.9989315138848577,-0.046215046983708354,-0.6999999999999993,-0.39062460203903254,0.8999999999999986,-1.1595238095238116,4.506215787734048,0,0.0,1.0,0.0,True,29.219212598425198,29.725892621230578,30.252193450927734,28.212251663208008,29.013437271118164,29.536697387695312,29.891189575195312,30.252193450927734,30.591402053833008,30.999183654785156,31.494976043701172,32.26179504394531,30.412273406982422,28.145172119140625,29.0687313079834,29.674612045288086,30.06931495666504,30.412273406982422,30.757972717285156,31.154186248779297,31.589324951171875,32.267669677734375,development
2025-04-05 14:00:00+00:00,43128599999,2025-04-05 06:00:00+00:00,8,30.0,31.0,30.0,27.7,0.3333333333333333,-0.923879532511287,0.38268343236508917,0.9989315138848577,-0.046215046983708354,-0.6999999999999993,-0.359391983322814,2.3000000000000007,0.2404761904761905,4.506215787734048,0,0.0,1.0,0.0,True,27.819212598425196,28.723215866608026,28.91036033630371,26.72164535522461,27.580041885375977,28.133758544921875,28.550052642822266,28.91036033630371,29.287822723388672,29.716106414794922,30.256696701049805,31.05644989013672,28.734752655029297,26.2823429107666,27.283096313476562,27.953563690185547,28.39084815979004,28.734752655029297,29.079517364501953,29.45722198486328,29.928369522094727,30.613866806030273,development
2025-04-05 15:00:00+00:00,43128599999,2025-04-05 06:00:00+00:00,9,29.0,31.0,27.0,26.8,0.375,-0.7933533402912357,0.6087614290087199,0.9989315138848577,-0.046215046983708354,-0.6999999999999993,-0.33065658691870997,0.1999999999999993,1.140476190476189,4.506215787734048,0,0.0,1.0,0.0,True,26.919212598425197,27.46516697975781,27.734760284423828,25.491228103637695,26.35963249206543,26.933006286621094,27.347671508789062,27.734760284423828,28.145809173583984,28.60116195678711,29.17438316345215,30.01961326599121,27.711923599243164,25.157867431640625,26.18333625793457,26.889575958251953,27.344161987304688,27.711923599243164,28.081037521362305,28.47410011291504,28.97272491455078,29.683080673217773,development
2025-04-05 16:00:00+00:00,43128599999,2025-04-05 06:00:00+00:00,10,28.0,31.0,26.0,25.8,0.4166666666666667,-0.6087614290087209,0.7933533402912349,0.9989315138848577,-0.046215046983708354,-0.6999999999999993,-0.3042187459549544,0.1999999999999993,2.140476190476189,4.506215787734048,0,0.0,1.0,0.0,True,25.919212598425197,26.536748736499966,26.948883056640625,24.620588302612305,25.51665496826172,26.09354019165039,26.53049659729004,26.948883056640625,27.372230529785156,27.832653045654297,28.429136276245117,29.34202766418457,26.723093032836914,24.17935562133789,25.15380096435547,25.866451263427734,26.335830688476562,26.723093032836914,27.098278045654297,27.505950927734375,28.029781341552734,28.7844295501709,development
2025-04-05 17:00:00+00:00,43128599999,2025-04-05 06:00:00+00:00,11,27.0,31.0,26.0,25.1,0.4583333333333333,-0.38268343236508956,0.9238795325112868,0.9989315138848577,-0.046215046983708354,-0.6999999999999993,-0.27989475804139285,0.8999999999999986,2.8404761904761884,4.506215787734048,0,0.0,1.0,0.0,True,25.219212598425198,26.03583642575429,26.33392906188965,23.95890998840332,24.891111373901367,25.455617904663086,25.903697967529297,26.33392906188965,26.77893829345703,27.235572814941406,27.840213775634766,28.774934768676758,25.875165939331055,23.40485954284668,24.35784149169922,25.02459144592285,25.481372833251953,25.875165939331055,26.255250930786133,26.665504455566406,27.1977596282959,27.969928741455078,development
2025-04-05 18:00:00+00:00,43128599999,2025-04-05 06:00:00+00:00,12,26.0,31.0,25.0,24.5,0.5,-0.13052619222005168,0.9914448613738104,0.9989315138848577,-0.046215046983708354,-0.6999999999999993,-0.25751560882000935,0.5,3.44047619047619,4.506215787734048,0,0.0,1.0,0.0,True,24.619212598425197,25.379507959938014,25.65372085571289,23.309276580810547,24.196313858032227,24.762474060058594,25.205663681030273,25.65372085571289,26.104080200195312,26.61006736755371,27.23713493347168,28.17572784423828,25.293855667114258,22.99181365966797,23.862579345703125,24.469999313354492,24.901445388793945,25.293855667114258,25.674203872680664,26.12500762939453,26.666236877441406,27.43028450012207,development
2025-04-05 19:00:00+00:00,43128599999,2025-04-05 06:00:00+00:00,13,26.0,31.0,24.0,24.0,0.5416666666666666,0.13052619222005157,0.9914448613738104,0.9979887423155984,-0.06339140486951038,-0.6999999999999993,-0.23692579757471932,0.0,3.94047619047619,4.506215787734048,0,0.0,1.0,0.0,True,24.119212598425197,24.814561339802328,24.89624786376953,22.5090389251709,23.427080154418945,23.98421287536621,24.439163208007812,24.89624786376953,25.347169876098633,25.831401824951172,26.463542938232422,27.406787872314453,24.585859298706055,22.414899826049805,23.24068832397461,23.783920288085938,24.1861572265625,24.585859298706055,24.955333709716797,25.375709533691406,25.910350799560547,26.6645565032959,development
2025-04-05 20:00:00+00:00,43128599999,2025-04-05 06:00:00+00:00,14,26.0,31.0,24.0,23.4,0.5833333333333334,0.3826834323650898,0.9238795325112867,0.9979887423155984,-0.06339140486951038,-0.6999999999999993,-0.21798225674021815,0.6000000000000014,4.540476190476191,4.506215787734048,0,0.0,1.0,0.0,True,23.519212598425195,24.32538332384304,24.190515518188477,21.795124053955078,22.697311401367188,23.294767379760742,23.746967315673828,24.190515518188477,24.649274826049805,25.192951202392578,25.828508377075195,26.897708892822266,24.027366638183594,21.99039649963379,22.762304306030273,23.268220901489258,23.661054611206055,24.027366638183594,24.402355194091797,24.869327545166016,25.402029037475586,26.252870559692383,development
2025-04-05 21:00:00+00:00,43128599999,2025-04-05 06:00:00+00:00,15,26.0,31.0,24.0,23.6,0.625,0.6087614290087207,0.7933533402912352,0.9979887423155984,-0.06339140486951038,-0.6999999999999993,-0.20055335780213285,0.3999999999999986,4.340476190476188,4.506215787734048,0,0.0,1.0,0.0,True,23.719212598425198,24.44301994321435,23.952579498291016,21.528884887695312,22.467334747314453,23.075220108032227,23.520263671875,23.952579498291016,24.409564971923828,24.917741775512695,25.59649658203125,26.68016242980957,23.855182647705078,21.831497192382812,22.58995246887207,23.084697723388672,23.475139617919922,23.855182647705078,24.24445343017578,24.710708618164062,25.280851364135742,26.151168823242188,development
2025-04-05 22:00:00+00:00,43128599999,2025-04-05 06:00:00+00:00,16,25.0,31.0,23.0,23.4,0.6666666666666666,0.7933533402912352,0.6087614290087207,0.9979887423155984,-0.06339140486951038,-0.6999999999999993,-0.18451799668100854,-0.3999999999999986,4.540476190476191,4.506215787734048,0,0.0,1.0,0.0,True,23.519212598425195,24.01867928017266,23.256683349609375,20.774240493774414,21.742586135864258,22.347492218017578,22.82769775390625,23.256683349609375,23.719573974609375,24.252050399780273,24.967670440673828,26.10299301147461,23.372177124023438,21.464588165283203,22.19150161743164,22.637880325317383,23.03245735168457,23.372177124023438,23.755260467529297,24.20423698425293,24.794189453125,25.626262664794922,development
2025-04-05 23:00:00+00:00,43128599999,2025-04-05 06:00:00+00:00,17,25.0,31.0,22.0,23.1,0.7083333333333334,0.9238795325112867,0.38268343236508984,0.9979887423155984,-0.06339140486951038,-0.6999999999999993,-0.1697647522449539,-1.1000000000000014,4.840476190476188,4.506215787734048,0,0.0,1.0,0.0,True,23.219212598425198,23.503864774032714,22.36362075805664,19.80425453186035,20.81199836730957,21.4433536529541,21.921960830688477,22.36362075805664,22.83909797668457,23.4388484954834,24.211389541625977,25.440387725830078,22.821975708007812,20.8958797454834,21.625734329223633,22.067903518676758,22.457487106323242,22.821975708007812,23.200725555419922,23.697097778320312,24.30377197265625,25.18701171875,development
2025-04-06 00:00:00+00:00,43128599999,2025-04-05 06:00:00+00:00,18,25.0,31.0,22.0,22.7,0.75,0.9914448613738104,0.1305261922200517,0.9979887423155984,-0.06339140486951038,-0.6999999999999993,-0.15619111210390071,-0.6999999999999993,5.2404761904761905,4.506215787734048,0,0.0,1.0,0.0,True,22.819212598425196,23.115810458041086,21.943593978881836,19.40111541748047,20.409425735473633,21.043712615966797,21.502269744873047,21.943593978881836,22.43180274963379,23.01111602783203,23.838886260986328,25.089183807373047,22.336610794067383,20.390335083007812,21.133686065673828,21.605117797851562,21.970422744750977,22.336610794067383,22.718704223632812,23.191680908203125,23.814064025878906,24.714706420898438,development
2025-04-06 01:00:00+00:00,43128599999,2025-04-05 06:00:00+00:00,19,24.0,31.0,22.0,22.7,0.7916666666666666,0.9914448613738104,-0.1305261922200516,0.9979887423155984,-0.06339140486951038,-0.6999999999999993,-0.14370276030593634,-0.6999999999999993,5.2404761904761905,4.506215787734048,0,0.0,1.0,0.0,True,22.819212598425196,23.040057146412664,22.532360076904297,19.90843963623047,20.9700927734375,21.616233825683594,22.077402114868164,22.532360076904297,23.036287307739258,23.682477951049805,24.51478385925293,25.782154083251953,22.615501403808594,20.616424560546875,21.405319213867188,21.881515502929688,22.25226402282715,22.615501403808594,22.99911117553711,23.486812591552734,24.102188110351562,24.992544174194336,development
2025-04-06 02:00:00+00:00,43128599999,2025-04-05 06:00:00+00:00,20,25.0,31.0,25.0,24.3,0.8333333333333334,0.9238795325112868,-0.3826834323650895,0.9979887423155984,-0.06339140486951038,-0.6999999999999993,-0.13221292198629314,0.6999999999999993,3.640476190476189,4.506215787734048,0,0.0,1.0,0.0,True,24.419212598425197,24.85845921312603,24.3885440826416,21.540138244628906,22.67172622680664,23.36193084716797,23.871158599853516,24.3885440826416,24.957853317260742,25.647445678710938,26.5048885345459,27.7822208404541,24.121875762939453,21.821319580078125,22.709190368652344,23.251131057739258,23.68791389465332,24.121875762939453,24.587549209594727,25.117942810058594,25.758466720581055,26.667367935180664,development
2025-04-06 03:00:00+00:00,43128599999,2025-04-05 06:00:00+00:00,21,27.0,31.0,27.0,27.0,0.875,0.7933533402912352,-0.6087614290087207,0.9979887423155984,-0.06339140486951038,-0.6999999999999993,-0.12164176041531148,0.0,0.9404761904761898,4.506215787734048,0,0.0,1.0,0.0,True,27.119212598425197,27.336880360287886,26.92269515991211,24.07909393310547,25.201133728027344,25.909860610961914,26.403871536254883,26.92269515991211,27.482810974121094,28.11700439453125,28.87963104248047,30.060348510742188,26.806413650512695,24.583904266357422,25.46585464477539,26.012426376342773,26.40235710144043,26.806413650512695,27.221744537353516,27.663124084472656,28.19121742248535,28.970932006835938,development
2025-04-06 04:00:00+00:00,43128599999,2025-04-05 06:00:00+00:00,22,29.0,31.0,29.0,29.8,0.9166666666666666,0.6087614290087209,-0.793353340291235,0.9979887423155984,-0.06339140486951038,-0.6999999999999993,-0.11191582225578563,-0.8000000000000007,-1.859523809523811,4.506215787734048,0,0.0,1.0,0.0,True,29.919212598425197,29.908443608145106,28.912351608276367,25.9488525390625,27.11920166015625,27.859970092773438,28.391761779785156,28.912351608276367,29.473342895507812,30.085411071777344,30.8092041015625,31.92393684387207,29.313030242919922,26.882919311523438,27.84518814086914,28.465476989746094,28.900964736938477,29.313030242919922,29.73756980895996,30.15545082092285,30.666790008544922,31.40745735168457,development
2025-04-06 05:00:00+00:00,43128599999,2025-04-05 06:00:00+00:00,23,32.0,31.0,31.0,31.8,0.9583333333333334,0.3826834323650899,-0.9238795325112867,0.9979887423155984,-0.06339140486951038,-0.6999999999999993,-0.10296752717508366,-0.8000000000000007,-3.859523809523811,4.506215787734048,0,0.0,1.0,0.0,True,31.919212598425197,31.871647357050083,30.635066986083984,27.522722244262695,28.729413986206055,29.507427215576172,30.0728759765625,30.635066986083984,31.20543670654297,31.777557373046875,32.45614242553711,33.51494598388672,31.063289642333984,28.594402313232422,29.581687927246094,30.22104835510254,30.64959144592285,31.063289642333984,31.477676391601562,31.85715103149414,32.316104888916016,32.98136901855469,development
2025-04-06 06:00:00+00:00,43128599999,2025-04-05 06:00:00+00:00,24,,31.0,31.0,33.3,1.0,0.130526192220052,-0.9914448613738104,0.9979887423155984,-0.06339140486951038,-0.6999999999999993,-0.09473469826562879,-2.299999999999997,-5.359523809523807,4.506215787734048,0,0.0,1.0,0.0,False,33.4192125984252,33.040058779430595,31.537458419799805,28.593015670776367,29.756149291992188,30.481552124023438,31.013568878173828,31.537458419799805,32.06717300415039,32.61262512207031,33.219703674316406,34.21307373046875,32.25478744506836,29.899988174438477,30.901809692382812,31.500152587890625,31.896883010864258,32.25478744506836,32.62717819213867,32.97800827026367,33.3527946472168,33.96420669555664,development
2025-04-06 07:00:00+00:00,43128599999,2025-04-05 06:00:00+00:00,25,34.0,31.0,30.0,34.4,1.0416666666666667,-0.13052619222005177,-0.9914448613738104,0.9979887423155984,-0.06339140486951038,-0.6999999999999993,-0.08716013001088599,-4.399999999999999,-6.459523809523809,4.506215787734048,0,0.0,1.0,0.0,True,34.5192125984252,33.704939551638034,32.18672561645508,29.235403060913086,30.42015838623047,31.142715454101562,31.672882080078125,32.18672561645508,32.693416595458984,33.227909088134766,33.8180046081543,34.81583023071289,32.906761169433594,30.547679901123047,31.567136764526367,32.172935485839844,32.55628967285156,32.906761169433594,33.25819778442383,33.59413528442383,33.97586441040039,34.55335235595703,development
2025-04-06 08:00:00+00:00,43128599999,2025-04-05 06:00:00+00:00,26,35.0,31.0,31.0,34.8,1.0833333333333333,-0.38268343236508967,-0.9238795325112868,0.9979887423155984,-0.06339140486951038,-0.6999999999999993,-0.08019119079488134,-3.799999999999997,-6.859523809523807,4.506215787734048,0,0.0,1.0,0.0,True,34.9192125984252,34.266526839795205,32.68987274169922,29.755857467651367,30.916515350341797,31.63675308227539,32.17106628417969,32.68987274169922,33.18328857421875,33.70520782470703,34.29745101928711,35.29690933227539,33.42991638183594,31.092851638793945,32.095977783203125,32.70225524902344,33.0791130065918,33.42991638183594,33.749061584472656,34.069889068603516,34.43637466430664,35.00790786743164,development
2025-04-06 09:00:00+00:00,43128599999,2025-04-05 06:00:00+00:00,27,,31.0,31.0,34.8,1.125,-0.6087614290087207,-0.7933533402912352,0.9979887423155984,-0.06339140486951038,-0.6999999999999993,-0.07377945719330496,-3.799999999999997,-6.859523809523807,4.506215787734048,0,0.0,1.0,0.0,False,34.9192125984252,34.32202611182045,32.86752700805664,29.93535614013672,31.125391006469727,31.837446212768555,32.377403259277344,32.86752700805664,33.33530807495117,33.8571662902832,34.45614242553711,35.472782135009766,33.860923767089844,31.515064239501953,32.557952880859375,33.14519500732422,33.52275848388672,33.860923767089844,34.16470718383789,34.48649597167969,34.83993148803711,35.41649627685547,development
2025-04-06 10:00:00+00:00,43128599999,2025-04-05 06:00:00+00:00,28,36.0,31.0,31.0,34.8,1.1666666666666667,-0.7933533402912349,-0.6087614290087209,0.9979887423155984,-0.06339140486951038,-0.6999999999999993,-0.06788037750508347,-3.799999999999997,-6.859523809523807,4.506215787734048,0,0.0,1.0,0.0,True,34.9192125984252,34.393459198623,32.790672302246094,29.80636215209961,31.005084991455078,31.739198684692383,32.29883575439453,32.790672302246094,33.272666931152344,33.81238555908203,34.45458984375,35.53908920288086,33.841705322265625,31.4251766204834,32.484127044677734,33.101322174072266,33.49723434448242,33.841705322265625,34.182579040527344,34.52241897583008,34.92331314086914,35.567073822021484,development
2025-04-06 11:00:00+00:00,43128599999,2025-04-05 06:00:00+00:00,29,35.0,31.0,31.0,34.4,1.2083333333333333,-0.9238795325112868,-0.3826834323650895,0.9979887423155984,-0.06339140486951038,-0.6999999999999993,-0.06245296218648201,-3.3999999999999986,-6.459523809523809,4.506215787734048,0,0.0,1.0,0.0,True,34.5192125984252,34.16297124809149,32.08894348144531,29.13998031616211,30.330055236816406,31.050779342651367,31.603515625,32.08894348144531,32.54069900512695,33.06177520751953,33.738494873046875,34.896121978759766,33.1297607421875,30.648357391357422,31.728456497192383,32.35588836669922,32.765419006347656,33.1297607421875,33.462745666503906,33.81367874145508,34.25104522705078,34.96337127685547,development
2025-04-06 12:00:00+00:00,43128599999,2025-04-05 06:00:00+00:00,30,35.0,31.0,31.0,32.7,1.25,-0.9914448613738104,-0.13052619222005163,0.9979887423155984,-0.06339140486951038,-0.6999999999999993,-0.0574594990367291,-1.7000000000000028,-4.759523809523813,4.506215787734048,0,0.0,1.0,0.0,True,32.8192125984252,32.92014318854966,31.395526885986328,28.474424362182617,29.65361213684082,30.377771377563477,30.923654556274414,31.395526885986328,31.83829116821289,32.38353729248047,33.096073150634766,34.335205078125,32.131591796875,29.631624221801758,30.688663482666016,31.34145736694336,31.768583297729492,32.131591796875,32.46379852294922,32.8484992980957,33.31852722167969,34.08924102783203,development
2025-04-06 13:00:00+00:00,43128599999,2025-04-05 06:00:00+00:00,31,32.0,31.0,30.0,29.5,1.2916666666666667,-0.9914448613738105,0.13052619222005127,0.9979887423155984,-0.06339140486951038,-0.6999999999999993,-0.05286529115614158,0.5,-1.5595238095238102,4.506215787734048,0,0.0,1.0,0.0,True,29.619212598425197,30.290645689313685,30.19080352783203,27.2364444732666,28.453746795654297,29.187936782836914,29.728158950805664,30.19080352783203,30.648868560791016,31.226959228515625,31.995176315307617,33.35567092895508,30.516971588134766,28.0311336517334,29.093650817871094,29.734189987182617,30.16408348083496,30.516971588134766,30.848814010620117,31.249067306518555,31.754650115966797,32.598289489746094,development
2025-04-06 14:00:00+00:00,43128599999,2025-04-05 06:00:00+00:00,32,29.0,31.0,30.0,28.6,1.3333333333333333,-0.923879532511287,0.38268343236508917,0.9979887423155984,-0.06339140486951038,-0.6999999999999993,-0.04863841585596103,1.3999999999999986,-0.6595238095238116,4.506215787734048,0,0.0,1.0,0.0,True,28.719212598425198,29.670088700019758,28.90902328491211,25.961647033691406,27.16322898864746,27.88037872314453,28.43281364440918,28.90902328491211,29.38486099243164,29.97344207763672,30.772903442382812,32.182212829589844,28.98122215270996,26.453643798828125,27.502681732177734,28.14612579345703,28.59939956665039,28.98122215270996,29.353134155273438,29.76137351989746,30.29031753540039,31.168758392333984,development
2025-04-06 15:00:00+00:00,43128599999,2025-04-05 06:00:00+00:00,33,28.0,31.0,27.0,27.0,1.375,-0.7933533402912357,0.6087614290087199,0.9979887423155984,-0.06339140486951038,-0.6999999999999993,-0.044749502844695255,0.0,0.9404761904761898,4.506215787734048,0,0.0,1.0,0.0,True,27.119212598425197,27.854687124588487,27.723928451538086,24.79759407043457,25.988584518432617,26.68486976623535,27.23380470275879,27.723928451538086,28.216506958007812,28.81855583190918,29.62983512878418,31.062355041503906,27.675561904907227,25.06464385986328,26.12432861328125,26.789997100830078,27.270170211791992,27.675561904907227,28.065336227416992,28.497610092163086,29.05523109436035,29.96151351928711,development
2025-04-06 16:00:00+00:00,43128599999,2025-04-05 06:00:00+00:00,34,28.0,31.0,26.0,26.5,1.4166666666666667,-0.6087614290087209,0.7933533402912349,0.9979887423155984,-0.06339140486951038,-0.6999999999999993,-0.041171530149700875,-0.5,1.4404761904761898,4.506215787734048,0,0.0,1.0,0.0,True,26.619212598425197,27.309869872275048,26.83159637451172,23.951265335083008,25.129459381103516,25.808746337890625,26.35314178466797,26.83159637451172,27.353622436523438,27.96185874938965,28.79413604736328,30.237895965576172,26.886615753173828,24.313230514526367,25.35312271118164,26.00437355041504,26.493112564086914,26.886615753173828,27.299222946166992,27.734115600585938,28.29059600830078,29.200950622558594,development
2025-04-06 17:00:00+00:00,43128599999,2025-04-05 06:00:00+00:00,35,27.0,31.0,26.0,26.2,1.4583333333333333,-0.38268343236508956,0.9238795325112868,0.9979887423155984,-0.06339140486951038,-0.6999999999999993,-0.03787963635597509,-0.1999999999999993,1.7404761904761905,4.506215787734048,0,0.0,1.0,0.0,True,26.319212598425196,27.114857915063507,26.115224838256836,23.199438095092773,24.36041259765625,25.052492141723633,25.585979461669922,26.115224838256836,26.648685455322266,27.287532806396484,28.096450805664062,29.571020126342773,26.07656478881836,23.48920249938965,24.507061004638672,25.16957664489746,25.647781372070312,26.07656478881836,26.479671478271484,26.928714752197266,27.46990394592285,28.388973236083984,development
2025-04-06 18:00:00+00:00,43128599999,2025-04-05 06:00:00+00:00,36,27.0,31.0,25.0,25.7,1.5,-0.13052619222005168,0.9914448613738104,0.9979887423155984,-0.06339140486951038,-0.6999999999999993,-0.03485094785750473,-0.6999999999999993,2.2404761904761905,4.506215787734048,0,0.0,1.0,0.0,True,25.819212598425196,26.529969634692904,25.437599182128906,22.510902404785156,23.700336456298828,24.370361328125,24.90586280822754,25.437599182128906,25.992727279663086,26.61899185180664,27.43659782409668,28.935222625732422,25.55467987060547,22.967655181884766,23.99947738647461,24.633399963378906,25.111881256103516,25.55467987060547,25.973751068115234,26.413908004760742,26.959753036499023,27.903430938720703,development
2025-04-06 19:00:00+00:00,43128599999,2025-04-05 06:00:00+00:00,37,26.0,31.0,24.0,25.5,1.5416666666666667,0.13052619222005157,0.9914448613738104,0.9967506498213929,-0.08054900421874167,-0.6999999999999993,-0.032064419920835,-1.5,2.44047619047619,4.506215787734048,0,0.0,1.0,0.0,True,25.619212598425197,26.194217676259964,24.652297973632812,21.702281951904297,22.861064910888672,23.535478591918945,24.125560760498047,24.652297973632812,25.206701278686523,25.836057662963867,26.646991729736328,28.157968521118164,24.676252365112305,22.054670333862305,23.070892333984375,23.716266632080078,24.243051528930664,24.676252365112305,25.096471786499023,25.544837951660156,26.10773277282715,27.051864624023438,development
2025-04-06 20:00:00+00:00,43128599999,2025-04-05 06:00:00+00:00,38,26.0,31.0,24.0,25.1,1.5833333333333333,0.3826834323650898,0.9238795325112867,0.9967506498213929,-0.08054900421874167,-0.6999999999999993,-0.029500690456493454,-1.1000000000000014,2.8404761904761884,4.506215787734048,0,0.0,1.0,0.0,True,25.219212598425198,25.85589484925632,24.298486709594727,21.328092575073242,22.468772888183594,23.19037437438965,23.76494789123535,24.298486709594727,24.858278274536133,25.49648666381836,26.30967903137207,27.93173599243164,24.3186092376709,21.731456756591797,22.72048568725586,23.386932373046875,23.885986328125,24.3186092376709,24.734333038330078,25.189233779907227,25.726776123046875,26.720767974853516,development
2025-04-06 21:00:00+00:00,43128599999,2025-04-05 06:00:00+00:00,39,25.0,31.0,24.0,24.1,1.625,0.6087614290087207,0.7933533402912352,0.9967506498213929,-0.08054900421874167,-0.6999999999999993,-0.027141945482205377,-0.10000000000000142,3.8404761904761884,4.506215787734048,0,0.0,1.0,0.0,True,24.219212598425198,25.027903342287907,23.997657775878906,20.932430267333984,22.13585090637207,22.86819076538086,23.46433448791504,23.997657775878906,24.531139373779297,25.160903930664062,26.035734176635742,27.77738380432129,23.96019172668457,21.356502532958984,22.368011474609375,23.03592300415039,23.537166595458984,23.96019172668457,24.36408042907715,24.804519653320312,25.386768341064453,26.428104400634766,development
2025-04-06 22:00:00+00:00,43128599999,2025-04-05 06:00:00+00:00,40,25.0,31.0,23.0,23.8,1.6666666666666667,0.7933533402912352,0.6087614290087207,0.9967506498213929,-0.08054900421874167,-0.6999999999999993,-0.024971795343076652,-0.8000000000000007,4.140476190476189,4.506215787734048,0,0.0,1.0,0.0,True,23.919212598425197,24.520255300017077,23.43646240234375,20.306541442871094,21.518951416015625,22.309171676635742,22.898395538330078,23.43646240234375,23.96795654296875,24.629858016967773,25.58599090576172,27.51737403869629,23.390901565551758,20.783205032348633,21.79656982421875,22.480844497680664,22.96831512451172,23.390901565551758,23.794065475463867,24.25232696533203,24.88601303100586,26.022056579589844,development
2025-04-06 23:00:00+00:00,43128599999,2025-04-05 06:00:00+00:00,41,25.0,31.0,22.0,23.4,1.7083333333333333,0.9238795325112867,0.38268343236508984,0.9967506498213929,-0.08054900421874167,-0.6999999999999993,-0.022975160828664222,-1.3999999999999986,4.540476190476191,4.506215787734048,0,0.0,1.0,0.0,True,23.519212598425195,23.922529492250415,22.5297908782959,19.363481521606445,20.650768280029297,21.451091766357422,22.02338409423828,22.5297908782959,23.069164276123047,23.7947940826416,24.85848045349121,26.956806182861328,22.719669342041016,20.07256317138672,21.14250373840332,21.838891983032227,22.31952667236328,22.719669342041016,23.13707160949707,23.644577026367188,24.323116302490234,25.532451629638672,development
2025-04-07 00:00:00+00:00,43128599999,2025-04-05 06:00:00+00:00,42,24.0,31.0,22.0,23.1,1.75,0.9914448613738104,0.1305261922200517,0.9967506498213929,-0.08054900421874167,-0.6999999999999993,-0.02113816839562293,-1.1000000000000014,4.840476190476188,4.506215787734048,0,0.0,1.0,0.0,True,23.219212598425198,23.608635601574413,22.051902770996094,18.79317283630371,20.097957611083984,20.932449340820312,21.535491943359375,22.051902770996094,22.64604949951172,23.439590454101562,24.637008666992188,26.880868911743164,22.323463439941406,19.69853401184082,20.77153778076172,21.471813201904297,21.93461799621582,22.323463439941406,22.74346351623535,23.26604461669922,23.966779708862305,25.244064331054688,development
2025-04-07 01:00:00+00:00,43128599999,2025-04-05 06:00:00+00:00,43,24.0,31.0,22.0,22.8,1.7916666666666667,0.9914448613738104,-0.1305261922200516,0.9967506498213929,-0.08054900421874167,-0.6999999999999993,-0.019448053767886955,-0.8000000000000007,5.140476190476189,4.506215787734048,0,0.0,1.0,0.0,True,22.919212598425197,23.293963351800762,22.39907455444336,19.107513427734375,20.450244903564453,21.270034790039062,21.8449649810791,22.39907455444336,23.01439666748047,23.849449157714844,25.118844985961914,27.497894287109375,22.504697799682617,19.80385971069336,20.908464431762695,21.626752853393555,22.08504867553711,22.504697799682617,22.941852569580078,23.47536849975586,24.20029640197754,25.550451278686523,development
2025-04-07 02:00:00+00:00,43128599999,2025-04-05 06:00:00+00:00,44,26.0,31.0,25.0,25.1,1.8333333333333333,0.9238795325112868,-0.3826834323650895,0.9967506498213929,-0.08054900421874167,-0.6999999999999993,-0.017893073244555163,-0.10000000000000142,2.8404761904761884,4.506215787734048,0,0.0,1.0,0.0,True,25.219212598425198,25.657291535698175,24.03600311279297,20.623817443847656,22.004661560058594,22.83772087097168,23.45574188232422,24.03600311279297,24.717676162719727,25.58395767211914,26.904937744140625,29.285385131835938,24.053510665893555,21.076967239379883,22.300247192382812,23.07468605041504,23.59185791015625,24.053510665893555,24.566387176513672,25.133455276489258,25.913177490234375,27.285205841064453,development
2025-04-07 03:00:00+00:00,43128599999,2025-04-05 06:00:00+00:00,45,28.0,31.0,27.0,28.0,1.875,0.7933533402912352,-0.6087614290087207,0.9967506498213929,-0.08054900421874167,-0.6999999999999993,-0.01646242209920636,-1.0,-0.0595238095238102,4.506215787734048,0,0.0,1.0,0.0,True,28.119212598425197,28.28915430715645,26.45103645324707,22.929645538330078,24.31891632080078,25.173677444458008,25.82830238342285,26.45103645324707,27.13353729248047,28.00323486328125,29.248558044433594,31.508041381835938,27.02954864501953,23.92810821533203,25.1946964263916,25.986520767211914,26.541852951049805,27.02954864501953,27.52371597290039,28.07286262512207,28.798954010009766,30.103145599365234,development
2025-04-07 04:00:00+00:00,43128599999,2025-04-05 06:00:00+00:00,46,31.0,31.0,29.0,30.7,1.9166666666666667,0.6087614290087209,-0.793353340291235,0.9967506498213929,-0.08054900421874167,-0.6999999999999993,-0.015146159503645147,-1.6999999999999993,-2.7595238095238095,4.506215787734048,0,0.0,1.0,0.0,True,30.819212598425196,30.779359312823626,28.602384567260742,25.003921508789062,26.40131950378418,27.25737953186035,27.928279876708984,28.602384567260742,29.29853057861328,30.108896255493164,31.279865264892578,33.34473419189453,29.743303298950195,26.13890838623047,27.557701110839844,28.4645938873291,29.128084182739258,29.743303298950195,30.3232364654541,30.928071975708008,31.697860717773438,32.98173522949219,development
2025-04-07 05:00:00+00:00,43128599999,2025-04-05 06:00:00+00:00,47,33.0,31.0,31.0,32.5,1.9583333333333333,0.3826834323650899,-0.9238795325112867,0.9967506498213929,-0.08054900421874167,-0.6999999999999993,-0.013935139454413565,-1.5,-4.55952380952381,4.506215787734048,0,0.0,1.0,0.0,True,32.6192125984252,32.58309139376982,30.377046585083008,26.768596649169922,28.183517456054688,29.027305603027344,29.712961196899414,30.377046585083008,31.074796676635742,31.826040267944336,32.8330078125,34.690093994140625,31.25967025756836,28.00760269165039,29.363122940063477,30.19222640991211,30.752788543701172,31.25967025756836,31.74867820739746,32.240692138671875,32.84481430053711,33.929237365722656,development
2025-04-07 06:00:00+00:00,43128599999,2025-04-05 06:00:00+00:00,48,35.0,31.0,31.0,33.7,2.0,0.130526192220052,-0.9914448613738104,0.9967506498213929,-0.08054900421874167,-0.6999999999999993,-0.012820947222113912,-2.700000000000003,-5.759523809523813,4.506215787734048,0,0.0,1.0,0.0,True,33.8192125984252,33.513898514435915,31.372623443603516,28.00318717956543,29.34286117553711,30.125398635864258,30.771106719970703,31.372623443603516,32.023189544677734,32.68248748779297,33.517730712890625,35.09529495239258,32.137752532958984,29.168100357055664,30.471033096313477,31.229686737060547,31.715938568115234,32.137752532958984,32.56260299682617,32.964778900146484,33.46470642089844,34.35658264160156,development
2025-04-05 07:00:00+00:00,43279099999,2025-04-05 06:00:00+00:00,1,32.0,32.0,33.0,32.8,0.041666666666666664,-0.13052619222005177,-0.9914448613738104,0.9989315138848577,-0.046215046983708354,-0.10000000000000142,-0.09200444146293364,0.20000000000000284,-2.8297619047619023,2.4212000056005665,0,0.0,0.0,1.0,True,33.83820870994248,33.95290870294756,32.21931076049805,31.506500244140625,31.771718978881836,31.953022003173828,32.091827392578125,32.21931076049805,32.35244369506836,32.491249084472656,32.668636322021484,32.949615478515625,31.82240104675293,31.10205078125,31.37232208251953,31.55389404296875,31.694263458251953,31.82240104675293,31.95275115966797,32.0906867980957,32.263465881347656,32.54852294921875,development
2025-04-05 08:00:00+00:00,43279099999,2025-04-05 06:00:00+00:00,2,32.0,32.0,33.0,32.8,0.08333333333333333,-0.38268343236508967,-0.9238795325112868,0.9989315138848577,-0.046215046983708354,-0.10000000000000142,-0.08464817248906262,0.20000000000000284,-2.8297619047619023,2.4212000056005665,0,0.0,0.0,1.0,True,33.83820870994248,33.98927194582451,32.322200775146484,31.38030242919922,31.7286376953125,31.96363067626953,32.15451431274414,32.322200775146484,32.491310119628906,32.68776321411133,32.93735122680664,33.31159973144531,31.814247131347656,30.8684024810791,31.21937370300293,31.459217071533203,31.650989532470703,31.814247131347656,31.978458404541016,32.16391372680664,32.39531707763672,32.76068115234375,development
2025-04-05 09:00:00+00:00,43279099999,2025-04-05 06:00:00+00:00,3,31.0,32.0,32.0,31.7,0.125,-0.6087614290087207,-0.7933533402912352,0.9989315138848577,-0.046215046983708354,-0.10000000000000142,-0.0778800783071416,0.3000000000000007,-1.7297619047619044,2.4212000056005665,0,0.0,0.0,1.0,True,32.738208709942484,32.971060495148706,32.347145080566406,31.25093650817871,31.655057907104492,31.93311882019043,32.15204620361328,32.347145080566406,32.54775619506836,32.75981140136719,33.03964614868164,33.482784271240234,31.665002822875977,30.602270126342773,30.99091911315918,31.26580047607422,31.476409912109375,31.665002822875977,31.85651969909668,32.05862045288086,32.322513580322266,32.74015426635742,development
2025-04-05 10:00:00+00:00,43279099999,2025-04-05 06:00:00+00:00,4,31.0,32.0,32.0,31.0,0.16666666666666666,-0.7933533402912349,-0.6087614290087209,0.9989315138848577,-0.046215046983708354,-0.10000000000000142,-0.07165313105737994,1.0,-1.029761904761905,2.4212000056005665,0,0.0,0.0,1.0,True,32.03820870994248,32.49413510862506,32.22021484375,31.04794692993164,31.49536895751953,31.773550033569336,32.01560592651367,32.22021484375,32.42934799194336,32.66265869140625,32.957000732421875,33.435569763183594,31.630008697509766,30.51717185974121,30.943288803100586,31.210920333862305,31.433502197265625,31.630008697509766,31.830646514892578,32.05470275878906,32.32891845703125,32.770328521728516,development
2025-04-05 11:00:00+00:00,43279099999,2025-04-05 06:00:00+00:00,5,32.0,32.0,32.0,30.4,0.20833333333333334,-0.9238795325112868,-0.3826834323650895,0.9989315138848577,-0.046215046983708354,-0.10000000000000142,-0.06592406302004532,1.6000000000000014,-0.4297619047619037,2.4212000056005665,0,0.0,0.0,1.0,True,31.43820870994248,32.10704761369952,31.662994384765625,30.443893432617188,30.917945861816406,31.215431213378906,31.453079223632812,31.662994384765625,31.8602237701416,32.09714889526367,32.40498352050781,32.919219970703125,31.031705856323242,29.893096923828125,30.331315994262695,30.611865997314453,30.83392906188965,31.031705856323242,31.222288131713867,31.449569702148438,31.733104705810547,32.19034194946289,development
2025-04-05 12:00:00+00:00,43279099999,2025-04-05 06:00:00+00:00,6,31.0,32.0,31.0,29.4,0.25,-0.9914448613738104,-0.13052619222005163,0.9989315138848577,-0.046215046983708354,-0.10000000000000142,-0.06065306597126421,1.6000000000000014,0.5702380952380963,2.4212000056005665,0,0.0,0.0,1.0,True,30.43820870994248,31.2008465301088,30.817718505859375,29.571025848388672,30.067398071289062,30.365453720092773,30.612274169921875,30.817718505859375,31.024580001831055,31.249055862426758,31.563467025756836,32.071903228759766,30.316410064697266,29.1705265045166,29.621137619018555,29.898080825805664,30.127626419067383,30.316410064697266,30.51034927368164,30.730257034301758,31.01319694519043,31.461519241333008,development
2025-04-05 13:00:00+00:00,43279099999,2025-04-05 06:00:00+00:00,7,30.0,32.0,30.0,28.6,0.2916666666666667,-0.9914448613738105,0.13052619222005127,0.9989315138848577,-0.046215046983708354,-0.10000000000000142,-0.055803514577005504,1.3999999999999986,1.3702380952380935,2.4212000056005665,0,0.0,0.0,1.0,True,29.638208709942482,30.451928074701485,30.273635864257812,29.05254364013672,29.555809020996094,29.85032081604004,30.064605712890625,30.273635864257812,30.479833602905273,30.69768524169922,30.99876594543457,31.511104583740234,29.802127838134766,28.684831619262695,29.14448356628418,29.414384841918945,29.612260818481445,29.802127838134766,29.997549057006836,30.213979721069336,30.48095703125,30.93537139892578,development
2025-04-05 14:00:00+00:00,43279099999,2025-04-05 06:00:00+00:00,8,30.0,32.0,30.0,28.3,0.3333333333333333,-0.923879532511287,0.38268343236508917,0.9989315138848577,-0.046215046983708354,-0.10000000000000142,-0.05134171190325993,1.6999999999999993,1.6702380952380942,2.4212000056005665,0,0.0,0.0,1.0,True,29.33820870994248,30.301576973411787,29.78493881225586,28.599130630493164,29.087953567504883,29.377233505249023,29.595563888549805,29.78493881225586,29.973852157592773,30.19004249572754,30.49072265625,30.979598999023438,29.255220413208008,28.175107955932617,28.61469268798828,28.877126693725586,29.075178146362305,29.255220413208008,29.437767028808594,29.643199920654297,29.903900146484375,30.338287353515625,development
2025-04-05 15:00:00+00:00,43279099999,2025-04-05 06:00:00+00:00,9,30.0,32.0,30.0,28.2,0.375,-0.7933533402912357,0.6087614290087199,0.9989315138848577,-0.046215046983708354,-0.10000000000000142,-0.04723665527410214,1.8000000000000007,1.7702380952380956,2.4212000056005665,0,0.0,0.0,1.0,True,29.23820870994248,30.297400885868075,29.64284896850586,28.515060424804688,28.974773406982422,29.264297485351562,29.463056564331055,29.64284896850586,29.8258056640625,30.01847267150879,30.289987564086914,30.770273208618164,29.29320526123047,28.265865325927734,28.67618179321289,28.9385986328125,29.118383407592773,29.29320526123047,29.467824935913086,29.655147552490234,29.905284881591797,30.323040008544922,development
2025-04-05 16:00:00+00:00,43279099999,2025-04-05 06:00:00+00:00,10,30.0,32.0,30.0,28.3,0.4166666666666667,-0.6087614290087209,0.7933533402912349,0.9989315138848577,-0.046215046983708354,-0.10000000000000142,-0.04345982085070844,1.6999999999999993,1.6702380952380942,2.4212000056005665,0,0.0,0.0,1.0,True,29.33820870994248,30.434724429495965,29.574281692504883,28.464998245239258,28.933462142944336,29.212162017822266,29.405044555664062,29.574281692504883,29.75501823425293,29.93781852722168,30.19527816772461,30.647747039794922,29.408084869384766,28.413700103759766,28.81443977355957,29.064678192138672,29.24366569519043,29.408084869384766,29.58071517944336,29.757234573364258,30.00640869140625,30.41753578186035,development
2025-04-05 17:00:00+00:00,43279099999,2025-04-05 06:00:00+00:00,11,30.0,32.0,30.0,27.8,0.4583333333333333,-0.38268343236508956,0.9238795325112868,0.9989315138848577,-0.046215046983708354,-0.10000000000000142,-0.039984965434485306,2.1999999999999993,2.170238095238094,2.4212000056005665,0,0.0,0.0,1.0,True,28.83820870994248,30.083070522297884,29.46308708190918,28.35614585876465,28.8302001953125,29.09905242919922,29.286190032958984,29.46308708190918,29.63861846923828,29.813840866088867,30.065311431884766,30.502309799194336,29.375896453857422,28.378135681152344,28.78432273864746,29.032669067382812,29.20545196533203,29.375896453857422,29.54154396057129,29.716075897216797,29.95981788635254,30.36369514465332,development
2025-04-05 18:00:00+00:00,43279099999,2025-04-05 06:00:00+00:00,12,30.0,32.0,30.0,27.2,0.5,-0.13052619222005168,0.9914448613738104,0.9989315138848577,-0.046215046983708354,-0.10000000000000142,-0.036787944117144755,2.8000000000000007,2.7702380952380956,2.4212000056005665,0,0.0,0.0,1.0,True,28.23820870994248,29.63183651774537,29.304304122924805,28.187253952026367,28.669431686401367,28.94029998779297,29.13070297241211,29.304304122924805,29.478761672973633,29.66787338256836,29.911602020263672,30.335769653320312,29.260974884033203,28.25582504272461,28.664119720458984,28.913684844970703,29.093158721923828,29.260974884033203,29.42783546447754,29.61115074157715,29.845069885253906,30.249439239501953,development
2025-04-05 19:00:00+00:00,43279099999,2025-04-05 06:00:00+00:00,13,29.0,32.0,30.0,27.0,0.5416666666666666,0.13052619222005157,0.9914448613738104,0.9979887423155984,-0.06339140486951038,-0.10000000000000142,-0.033846542510674704,3.0,2.970238095238095,2.4212000056005665,0,0.0,0.0,1.0,True,28.03820870994248,29.5075932979877,29.260597229003906,28.126436233520508,28.6097354888916,28.896940231323242,29.083091735839844,29.260597229003906,29.42919158935547,29.615236282348633,29.853038787841797,30.25894546508789,29.23988151550293,28.210100173950195,28.620912551879883,28.879390716552734,29.060863494873047,29.23988151550293,29.407428741455078,29.587156295776367,29.82360076904297,30.215097427368164,development
2025-04-05 20:00:00+00:00,43279099999,2025-04-05 06:00:00+00:00,14,29.0,32.0,29.0,26.7,0.5833333333333334,0.3826834323650898,0.9238795325112867,0.9979887423155984,-0.06339140486951038,-0.10000000000000142,-0.03114032239146021,2.3000000000000007,3.2702380952380956,2.4212000056005665,0,0.0,0.0,1.0,True,27.73820870994248,29.035727245227754,28.935184478759766,27.758922576904297,28.273324966430664,28.56825065612793,28.765850067138672,28.935184478759766,29.110851287841797,29.3133544921875,29.54526710510254,29.98224449157715,28.9704647064209,27.904783248901367,28.337539672851562,28.609176635742188,28.796749114990234,28.9704647064209,29.139684677124023,29.332101821899414,29.568708419799805,29.990680694580078,development
2025-04-05 21:00:00+00:00,43279099999,2025-04-05 06:00:00+00:00,15,28.0,32.0,29.0,26.2,0.625,0.6087614290087207,0.7933533402912352,0.9979887423155984,-0.06339140486951038,-0.10000000000000142,-0.028650479686019418,2.8000000000000007,3.7702380952380956,2.4212000056005665,0,0.0,0.0,1.0,True,27.23820870994248,28.599550871347674,28.646045684814453,27.417821884155273,27.939516067504883,28.25440788269043,28.466930389404297,28.646045684814453,28.834239959716797,29.025074005126953,29.27859115600586,29.70331382751465,28.685340881347656,27.600025177001953,28.03260612487793,28.309484481811523,28.505369186401367,28.685340881347656,28.86684226989746,29.049400329589844,29.298988342285156,29.715389251708984,development
2025-04-05 22:00:00+00:00,43279099999,2025-04-05 06:00:00+00:00,16,28.0,32.0,29.0,25.8,0.6666666666666666,0.7933533402912352,0.6087614290087207,0.9979887423155984,-0.06339140486951038,-0.10000000000000142,-0.02635971381157305,3.1999999999999993,4.170238095238094,2.4212000056005665,0,0.0,0.0,1.0,True,26.83820870994248,28.225540056681,28.221281051635742,26.959592819213867,27.497182846069336,27.818037033081055,28.043960571289062,28.221281051635742,28.40475845336914,28.60706901550293,28.864452362060547,29.308019638061523,28.30861473083496,27.20594596862793,27.64727783203125,27.930038452148438,28.135414123535156,28.30861473083496,28.49513053894043,28.687604904174805,28.950817108154297,29.386981964111328,development
2025-04-05 23:00:00+00:00,43279099999,2025-04-05 06:00:00+00:00,17,28.0,32.0,28.0,25.6,0.7083333333333334,0.9238795325112867,0.38268343236508984,0.9979887423155984,-0.06339140486951038,-0.10000000000000142,-0.024252107463565212,2.3999999999999986,4.3702380952380935,2.4212000056005665,0,0.0,0.0,1.0,True,26.638208709942482,27.784561214548734,27.82154083251953,26.52964973449707,27.080902099609375,27.406482696533203,27.634946823120117,27.82154083251953,28.008441925048828,28.23080062866211,28.4967098236084,28.966751098632812,27.855499267578125,26.708894729614258,27.17197036743164,27.450397491455078,27.664335250854492,27.855499267578125,28.04986000061035,28.270158767700195,28.551788330078125,29.022048950195312,development
2025-04-06 00:00:00+00:00,43279099999,2025-04-05 06:00:00+00:00,18,27.0,32.0,28.0,25.6,0.75,0.9914448613738104,0.1305261922200517,0.9979887423155984,-0.06339140486951038,-0.10000000000000142,-0.022313016014843298,2.3999999999999986,4.3702380952380935,2.4212000056005665,0,0.0,0.0,1.0,True,26.638208709942482,27.705764778432062,27.43349838256836,26.034000396728516,26.609619140625,26.97176742553711,27.22149085998535,27.43349838256836,27.650421142578125,27.886295318603516,28.209047317504883,28.74532699584961,27.51233673095703,26.28826332092285,26.773513793945312,27.081539154052734,27.30050277709961,27.51233673095703,27.722776412963867,27.95718002319336,28.275146484375,28.7887020111084,development
2025-04-06 01:00:00+00:00,43279099999,2025-04-05 06:00:00+00:00,19,27.0,32.0,28.0,25.6,0.7916666666666666,0.9914448613738104,-0.1305261922200516,0.9979887423155984,-0.06339140486951038,-0.10000000000000142,-0.020528965757991218,2.3999999999999986,4.3702380952380935,2.4212000056005665,0,0.0,0.0,1.0,True,26.638208709942482,27.626187066627914,27.388578414916992,25.996335983276367,26.575035095214844,26.92774772644043,27.17523956298828,27.388578414916992,27.602474212646484,27.863285064697266,28.202009201049805,28.755102157592773,27.2596492767334,26.087602615356445,26.56269073486328,26.853660583496094,27.06732177734375,27.2596492767334,27.455116271972656,27.68730354309082,28.006189346313477,28.512582778930664,development
2025-04-06 02:00:00+00:00,43279099999,2025-04-05 06:00:00+00:00,20,29.0,32.0,29.0,27.1,0.8333333333333334,0.9238795325112868,-0.3826834323650895,0.9979887423155984,-0.06339140486951038,-0.10000000000000142,-0.01888756028375645,1.8999999999999986,2.8702380952380935,2.4212000056005665,0,0.0,0.0,1.0,True,28.138208709942482,28.93882126962066,28.172191619873047,26.682405471801758,27.272689819335938,27.643783569335938,27.9257755279541,28.172191619873047,28.4267578125,28.727785110473633,29.096981048583984,29.710474014282227,28.10369873046875,26.8238468170166,27.324525833129883,27.635234832763672,27.877227783203125,28.10369873046875,28.33376693725586,28.594873428344727,28.933603286743164,29.484025955200195,development
2025-04-06 03:00:00+00:00,43279099999,2025-04-05 06:00:00+00:00,21,30.0,32.0,30.0,29.1,0.875,0.7933533402912352,-0.6087614290087207,0.9979887423155984,-0.06339140486951038,-0.10000000000000142,-0.01737739434504476,0.8999999999999986,0.8702380952380935,2.4212000056005665,0,0.0,0.0,1.0,True,30.138208709942482,30.653581725716755,29.624025344848633,28.168338775634766,28.75434112548828,29.11615753173828,29.384246826171875,29.624025344848633,29.86556053161621,30.163816452026367,30.520837783813477,31.141460418701172,29.578351974487305,28.325822830200195,28.824941635131836,29.133495330810547,29.364412307739258,29.578351974487305,29.790359497070312,30.04037094116211,30.357675552368164,30.909130096435547,development
2025-04-06 04:00:00+00:00,43279099999,2025-04-05 06:00:00+00:00,22,31.0,32.0,30.0,31.2,0.9166666666666666,0.6087614290087209,-0.793353340291235,0.9979887423155984,-0.06339140486951038,-0.10000000000000142,-0.015987974607969618,-1.1999999999999993,-1.2297619047619044,2.4212000056005665,0,0.0,0.0,1.0,True,32.238208709942484,32.249795328153304,30.718080520629883,29.229137420654297,29.81892967224121,30.189090728759766,30.46932029724121,30.718080520629883,30.972488403320312,31.274465560913086,31.645097732543945,32.295597076416016,30.596492767333984,29.29871368408203,29.808603286743164,30.12990379333496,30.373645782470703,30.596492767333984,30.817365646362305,31.067527770996094,31.40108299255371,31.97220802307129,development
2025-04-06 05:00:00+00:00,43279099999,2025-04-05 06:00:00+00:00,23,33.0,32.0,32.0,33.0,0.9583333333333334,0.3826834323650899,-0.9238795325112867,0.9979887423155984,-0.06339140486951038,-0.10000000000000142,-0.014709646739297888,-1.0,-3.029761904761905,2.4212000056005665,0,0.0,0.0,1.0,True,34.03820870994248,34.05355145663174,31.875822067260742,30.248414993286133,30.86988067626953,31.271419525146484,31.58478355407715,31.875822067260742,32.17637634277344,32.49817657470703,32.9106559753418,33.607601165771484,31.88697052001953,30.37850570678711,30.94782257080078,31.318599700927734,31.61301040649414,31.88697052001953,32.153076171875,32.435359954833984,32.82102966308594,33.46225357055664,development
2025-04-06 06:00:00+00:00,43279099999,2025-04-05 06:00:00+00:00,24,34.0,32.0,32.0,34.0,1.0,0.130526192220052,-0.9914448613738104,0.9979887423155984,-0.06339140486951038,-0.10000000000000142,-0.013533528323661462,-2.0,-4.029761904761905,2.4212000056005665,0,0.0,0.0,1.0,True,35.03820870994248,34.827673384139096,32.427249908447266,30.856081008911133,31.46697235107422,31.850133895874023,32.14736557006836,32.427249908447266,32.70722198486328,33.01777267456055,33.41890335083008,34.127464294433594,32.527740478515625,30.86629867553711,31.494670867919922,31.894329071044922,32.22433853149414,32.527740478515625,32.82442092895508,33.14107894897461,33.55713653564453,34.26219177246094,development
2025-04-06 07:00:00+00:00,43279099999,2025-04-05 06:00:00+00:00,25,35.0,32.0,33.0,33.2,1.0416666666666667,-0.13052619222005177,-0.9914448613738104,0.9979887423155984,-0.06339140486951038,-0.10000000000000142,-0.012451447144412472,-0.20000000000000284,-3.229761904761908,2.4212000056005665,0,0.0,0.0,1.0,True,34.238208709942484,34.4254106065199,32.50273132324219,30.906780242919922,31.520477294921875,31.905101776123047,32.21923065185547,32.50273132324219,32.7931022644043,33.11515808105469,33.54939270019531,34.32649230957031,32.26128387451172,30.782400131225586,31.34754753112793,31.705364227294922,31.995960235595703,32.26128387451172,32.519065856933594,32.79710388183594,33.193790435791016,33.88839340209961,development
2025-04-06 08:00:00+00:00,43279099999,2025-04-05 06:00:00+00:00,26,34.0,32.0,33.0,33.6,1.0833333333333333,-0.38268343236508967,-0.9238795325112868,0.9979887423155984,-0.06339140486951038,-0.10000000000000142,-0.011455884399268935,-0.6000000000000014,-3.6297619047619065,2.4212000056005665,0,0.0,0.0,1.0,True,34.63820870994248,34.77291595160683,32.51451110839844,30.939502716064453,31.5371036529541,31.91830062866211,32.23029327392578,32.51451110839844,32.80500793457031,33.140018463134766,33.606788635253906,34.41160202026367,32.28636932373047,30.792675018310547,31.350400924682617,31.71460723876953,32.01496505737305,32.28636932373047,32.54945373535156,32.85026550292969,33.29338073730469,34.02915573120117,development
2025-04-06 09:00:00+00:00,43279099999,2025-04-05 06:00:00+00:00,27,33.0,32.0,32.0,33.2,1.125,-0.6087614290087207,-0.7933533402912352,0.9979887423155984,-0.06339140486951038,-0.10000000000000142,-0.010539922456186583,-1.2000000000000028,-3.229761904761908,2.4212000056005665,0,0.0,0.0,1.0,True,34.238208709942484,34.30108928183818,32.47615432739258,30.864864349365234,31.489503860473633,31.886192321777344,32.1983528137207,32.47615432739258,32.757415771484375,33.110252380371094,33.59748077392578,34.418373107910156,32.24609375,30.7141056060791,31.29356575012207,31.66730499267578,31.970582962036133,32.24609375,32.51933288574219,32.85209655761719,33.3270263671875,34.08103561401367,development
2025-04-06 10:00:00+00:00,43279099999,2025-04-05 06:00:00+00:00,28,32.0,32.0,32.0,32.6,1.1666666666666667,-0.7933533402912349,-0.6087614290087209,0.9979887423155984,-0.06339140486951038,-0.10000000000000142,-0.009697196786440643,-0.6000000000000014,-2.6297619047619065,2.4212000056005665,0,0.0,0.0,1.0,True,33.63820870994248,33.900593896044015,32.340484619140625,30.67377471923828,31.309833526611328,31.722679138183594,32.04704284667969,32.340484619140625,32.6476936340332,33.02099609375,33.5306510925293,34.37541198730469,32.165428161621094,30.70162010192871,31.2633113861084,31.623836517333984,31.905668258666992,32.165428161621094,32.43914031982422,32.77358627319336,33.247684478759766,33.993614196777344,development
2025-04-06 11:00:00+00:00,43279099999,2025-04-05 06:00:00+00:00,29,32.0,32.0,32.0,31.3,1.2083333333333333,-0.9238795325112868,-0.3826834323650895,0.9979887423155984,-0.06339140486951038,-0.10000000000000142,-0.008921851740926138,0.6999999999999993,-1.3297619047619058,2.4212000056005665,0,0.0,0.0,1.0,True,32.338208709942485,32.96326093724341,31.6456298828125,30.056432723999023,30.675365447998047,31.0731201171875,31.374982833862305,31.6456298828125,31.919437408447266,32.25634002685547,32.73101806640625,33.53129196166992,31.4555721282959,30.12061882019043,30.646642684936523,30.97919273376465,31.22507667541504,31.4555721282959,31.69028091430664,31.986051559448242,32.40593719482422,33.08674240112305,development
2025-04-06 12:00:00+00:00,43279099999,2025-04-05 06:00:00+00:00,30,31.0,32.0,31.0,30.3,1.25,-0.9914448613738104,-0.13052619222005163,0.9979887423155984,-0.06339140486951038,-0.10000000000000142,-0.008208499862389997,0.6999999999999993,-0.3297619047619058,2.4212000056005665,0,0.0,0.0,1.0,True,31.33820870994248,32.05543151210018,30.716875076293945,29.201915740966797,29.79693603515625,30.170495986938477,30.458803176879883,30.716875076293945,30.961288452148438,31.267202377319336,31.704303741455078,32.44627380371094,30.671142578125,29.409513473510742,29.908048629760742,30.22732925415039,30.460739135742188,30.671142578125,30.87749481201172,31.13637924194336,31.503639221191406,32.11423110961914,development
2025-04-06 13:00:00+00:00,43279099999,2025-04-05 06:00:00+00:00,31,31.0,32.0,30.0,29.2,1.2916666666666667,-0.9914448613738105,0.13052619222005127,0.9979887423155984,-0.06339140486951038,-0.10000000000000142,-0.007552184450877484,0.8000000000000007,0.7702380952380956,2.4212000056005665,0,0.0,0.0,1.0,True,30.23820870994248,31.069953933207664,30.067262649536133,28.632530212402344,29.217145919799805,29.56986427307129,29.830108642578125,30.067262649536133,30.309648513793945,30.597583770751953,30.99819564819336,31.705833435058594,30.06504249572754,28.866424560546875,29.354454040527344,29.655675888061523,29.873226165771484,30.06504249572754,30.2631893157959,30.496679306030273,30.826181411743164,31.387590408325195,development
2025-04-06 14:00:00+00:00,43279099999,2025-04-05 06:00:00+00:00,32,30.0,32.0,30.0,29.0,1.3333333333333333,-0.923879532511287,0.38268343236508917,0.9979887423155984,-0.06339140486951038,-0.10000000000000142,-0.006948345122280253,1.0,0.9702380952380949,2.4212000056005665,0,0.0,0.0,1.0,True,30.03820870994248,30.996578129530125,29.66023826599121,28.310768127441406,28.869659423828125,29.20277214050293,29.433704376220703,29.66023826599121,29.88903045654297,30.145397186279297,30.510826110839844,31.169403076171875,29.65587043762207,28.513212203979492,28.979902267456055,29.265779495239258,29.46877670288086,29.65587043762207,29.84410858154297,30.05655288696289,30.347888946533203,30.860382080078125,development
2025-04-06 15:00:00+00:00,43279099999,2025-04-05 06:00:00+00:00,33,30.0,32.0,30.0,28.9,1.375,-0.7933533402912357,0.6087614290087199,0.9979887423155984,-0.06339140486951038,-0.10000000000000142,-0.006392786120670848,1.1000000000000014,1.0702380952380963,2.4212000056005665,0,0.0,0.0,1.0,True,29.93820870994248,30.99113388831021,29.496475219726562,28.23438835144043,28.77272605895996,29.073801040649414,29.297733306884766,29.496475219726562,29.709562301635742,29.950471878051758,30.287189483642578,30.878387451171875,29.67328643798828,28.584735870361328,29.042762756347656,29.306163787841797,29.500558853149414,29.67328643798828,29.85251808166504,30.053815841674805,30.328617095947266,30.7974853515625,development
2025-04-06 16:00:00+00:00,43279099999,2025-04-05 06:00:00+00:00,34,30.0,32.0,30.0,28.7,1.4166666666666667,-0.6087614290087209,0.7933533402912349,0.9979887423155984,-0.06339140486951038,-0.10000000000000142,-0.005881647164243072,1.3000000000000007,1.2702380952380956,2.4212000056005665,0,0.0,0.0,1.0,True,29.73820870994248,30.892229697296717,29.419565200805664,28.21464729309082,28.740234375,29.027830123901367,29.23781967163086,29.419565200805664,29.621986389160156,29.840349197387695,30.15229606628418,30.699655532836914,29.585039138793945,28.51734161376953,28.97119140625,29.23065757751465,29.422531127929688,29.585039138793945,29.7652587890625,29.956193923950195,30.215299606323242,30.655181884765625,development
2025-04-06 17:00:00+00:00,43279099999,2025-04-05 06:00:00+00:00,35,30.0,32.0,30.0,28.4,1.4583333333333333,-0.38268343236508956,0.9238795325112868,0.9979887423155984,-0.06339140486951038,-0.10000000000000142,-0.005411376622282238,1.6000000000000014,1.5702380952380963,2.4212000056005665,0,0.0,0.0,1.0,True,29.43820870994248,30.696209639143845,29.31908416748047,28.1181583404541,28.63833999633789,28.93381690979004,29.127090454101562,29.31908416748047,29.51333236694336,29.73505210876465,30.021326065063477,30.571165084838867,29.619083404541016,28.549470901489258,29.00250244140625,29.268924713134766,29.448339462280273,29.619083404541016,29.794057846069336,29.987224578857422,30.23244857788086,30.679094314575195,development
2025-04-06 18:00:00+00:00,43279099999,2025-04-05 06:00:00+00:00,36,30.0,32.0,30.0,28.1,1.5,-0.13052619222005168,0.9914448613738104,0.9979887423155984,-0.06339140486951038,-0.10000000000000142,-0.004978706836786465,1.8999999999999986,1.8702380952380935,2.4212000056005665,0,0.0,0.0,1.0,True,29.138208709942482,30.479048972449956,29.177593231201172,27.935874938964844,28.48613929748535,28.779481887817383,28.987531661987305,29.177593231201172,29.387285232543945,29.611452102661133,29.912343978881836,30.455934524536133,29.529178619384766,28.426931381225586,28.894878387451172,29.160541534423828,29.352149963378906,29.529178619384766,29.71946144104004,29.915695190429688,30.177701950073242,30.626323699951172,development
2025-04-06 19:00:00+00:00,43279099999,2025-04-05 06:00:00+00:00,37,30.0,32.0,30.0,27.5,1.5416666666666667,0.13052619222005157,0.9914448613738104,0.9967506498213929,-0.08054900421874167,-0.10000000000000142,-0.004580631417262213,2.5,2.470238095238095,2.4212000056005665,0,0.0,0.0,1.0,True,28.53820870994248,30.040976832441096,29.06723403930664,27.814117431640625,28.372264862060547,28.666942596435547,28.878583908081055,29.06723403930664,29.26279640197754,29.49796485900879,29.786449432373047,30.322664260864258,29.416799545288086,28.279071807861328,28.75892448425293,29.028348922729492,29.235092163085938,29.416799545288086,29.595693588256836,29.804489135742188,30.05712890625,30.510175704956055,development
2025-04-06 20:00:00+00:00,43279099999,2025-04-05 06:00:00+00:00,38,30.0,32.0,29.0,27.2,1.5833333333333333,0.3826834323650898,0.9238795325112867,0.9967506498213929,-0.08054900421874167,-0.10000000000000142,-0.004214384350927701,1.8000000000000007,2.7702380952380956,2.4212000056005665,0,0.0,0.0,1.0,True,28.23820870994248,29.568274761252464,28.75660514831543,27.43594741821289,28.013450622558594,28.336557388305664,28.55459976196289,28.75660514831543,28.9566650390625,29.18657875061035,29.473726272583008,30.01924705505371,29.13336944580078,27.96907615661621,28.44764518737793,28.72761344909668,28.941001892089844,29.13336944580078,29.3183536529541,29.523839950561523,29.78308868408203,30.271638870239258,development
2025-04-06 21:00:00+00:00,43279099999,2025-04-05 06:00:00+00:00,39,29.0,32.0,29.0,26.9,1.625,0.6087614290087207,0.7933533402912352,0.9967506498213929,-0.08054900421874167,-0.10000000000000142,-0.003877420783172256,2.1000000000000014,3.0702380952380963,2.4212000056005665,0,0.0,0.0,1.0,True,27.93820870994248,29.28803653124301,28.49460220336914,27.08346176147461,27.71529197692871,28.059947967529297,28.295061111450195,28.49460220336914,28.692230224609375,28.920225143432617,29.226909637451172,29.778371810913086,28.894506454467773,27.68509864807129,28.190444946289062,28.481693267822266,28.701766967773438,28.894506454467773,29.081531524658203,29.290756225585938,29.56624984741211,30.075777053833008,development
2025-04-06 22:00:00+00:00,43279099999,2025-04-05 06:00:00+00:00,40,28.0,32.0,29.0,26.6,1.6666666666666667,0.7933533402912352,0.6087614290087207,0.9967506498213929,-0.08054900421874167,-0.10000000000000142,-0.00356739933472529,2.3999999999999986,3.3702380952380935,2.4212000056005665,0,0.0,0.0,1.0,True,27.638208709942482,28.991671701233013,28.041826248168945,26.520221710205078,27.194908142089844,27.577796936035156,27.830589294433594,28.041826248168945,28.24673080444336,28.481130599975586,28.808937072753906,29.388343811035156,28.503398895263672,27.245256423950195,27.767654418945312,28.07196807861328,28.30327606201172,28.503398895263672,28.701087951660156,28.9260311126709,29.22659683227539,29.80744743347168,development
2025-04-06 23:00:00+00:00,43279099999,2025-04-05 06:00:00+00:00,41,28.0,32.0,28.0,26.3,1.7083333333333333,0.9238795325112867,0.38268343236508984,0.9967506498213929,-0.08054900421874167,-0.10000000000000142,-0.0032821658326663674,1.6999999999999993,3.670238095238094,2.4212000056005665,0,0.0,0.0,1.0,True,27.33820870994248,28.471688108315583,27.590242385864258,25.919509887695312,26.654497146606445,27.07762908935547,27.363178253173828,27.590242385864258,27.811817169189453,28.086570739746094,28.4464054107666,29.094268798828125,27.991628646850586,26.656173706054688,27.210205078125,27.531333923339844,27.779926300048828,27.991628646850586,28.210224151611328,28.471975326538086,28.815271377563477,29.47307586669922,development
2025-04-07 00:00:00+00:00,43279099999,2025-04-05 06:00:00+00:00,42,28.0,32.0,28.0,26.0,1.75,0.9914448613738104,0.1305261922200517,0.9967506498213929,-0.08054900421874167,-0.10000000000000142,-0.003019738342231893,2.0,3.970238095238095,2.4212000056005665,0,0.0,0.0,1.0,True,27.03820870994248,28.157231661883834,27.187366485595703,25.477367401123047,26.23280906677246,26.67169952392578,26.96609878540039,27.187366485595703,27.42708396911621,27.7214298248291,28.10622787475586,28.800443649291992,27.502727508544922,26.1190128326416,26.696998596191406,27.031410217285156,27.285079956054688,27.502727508544922,27.73659324645996,28.024295806884766,28.408931732177734,29.12237548828125,development
2025-04-07 01:00:00+00:00,43279099999,2025-04-05 06:00:00+00:00,43,28.0,32.0,28.0,26.1,1.7916666666666667,0.9914448613738104,-0.1305261922200516,0.9967506498213929,-0.08054900421874167,-0.10000000000000142,-0.0027782933954124647,1.8999999999999986,3.8702380952380935,2.4212000056005665,0,0.0,0.0,1.0,True,27.138208709942482,28.15545647174213,27.26988410949707,25.435129165649414,26.22043800354004,26.69703483581543,27.0074520111084,27.26988410949707,27.531518936157227,27.86008071899414,28.287185668945312,29.05914306640625,27.372234344482422,25.903865814208984,26.498605728149414,26.855152130126953,27.12070655822754,27.372234344482422,27.630210876464844,27.94305992126465,28.374094009399414,29.165172576904297,development
2025-04-07 02:00:00+00:00,43279099999,2025-04-05 06:00:00+00:00,44,29.0,32.0,29.0,28.0,1.8333333333333333,0.9238795325112868,-0.3826834323650895,0.9967506498213929,-0.08054900421874167,-0.10000000000000142,-0.0025561533206507766,1.0,1.970238095238095,2.4212000056005665,0,0.0,0.0,1.0,True,29.03820870994248,29.78099823983873,28.067293167114258,26.247509002685547,27.033206939697266,27.495820999145508,27.80741310119629,28.067293167114258,28.346052169799805,28.67551040649414,29.130290985107422,29.916221618652344,28.34197425842285,26.900938034057617,27.497468948364258,27.838090896606445,28.10322380065918,28.34197425842285,28.601675033569336,28.9083309173584,29.349964141845703,30.150550842285156,development
2025-04-07 03:00:00+00:00,43279099999,2025-04-05 06:00:00+00:00,45,30.0,32.0,30.0,29.9,1.875,0.7933533402912352,-0.6087614290087207,0.9967506498213929,-0.08054900421874167,-0.10000000000000142,-0.002351774585600944,0.10000000000000142,0.07023809523809632,2.4212000056005665,0,0.0,0.0,1.0,True,30.93820870994248,31.41693850929087,29.511577606201172,27.68411636352539,28.474958419799805,28.934478759765625,29.246835708618164,29.511577606201172,29.800199508666992,30.148637771606445,30.613162994384766,31.408123016357422,29.825422286987305,28.29212188720703,28.919170379638672,29.287105560302734,29.572593688964844,29.825422286987305,30.097810745239258,30.417783737182617,30.872909545898438,31.699037551879883,development
2025-04-07 04:00:00+00:00,43279099999,2025-04-05 06:00:00+00:00,46,32.0,32.0,30.0,32.0,1.9166666666666667,0.6087614290087209,-0.793353340291235,0.9967506498213929,-0.08054900421874167,-0.10000000000000142,-0.00216373707194934,-2.0,-2.029761904761905,2.4212000056005665,0,0.0,0.0,1.0,True,33.03820870994248,33.012722885554304,30.589618682861328,28.75698471069336,29.52992820739746,29.987747192382812,30.302043914794922,30.589618682861328,30.875577926635742,31.232080459594727,31.70456314086914,32.51914596557617,30.907657623291016,29.140918731689453,29.827373504638672,30.24894142150879,30.594764709472656,30.907657623291016,31.211536407470703,31.57403564453125,32.0671272277832,32.92582321166992,development
2025-04-07 05:00:00+00:00,43279099999,2025-04-05 06:00:00+00:00,47,33.0,32.0,32.0,33.4,1.9583333333333333,0.3826834323650899,-0.9238795325112867,0.9967506498213929,-0.08054900421874167,-0.10000000000000142,-0.0019907342077733967,-1.3999999999999986,-3.4297619047619037,2.4212000056005665,0,0.0,0.0,1.0,True,34.43820870994248,34.50266947097661,31.713890075683594,29.67584991455078,30.494094848632812,30.995227813720703,31.36815643310547,31.713890075683594,32.074771881103516,32.48926544189453,33.02751159667969,33.92747116088867,32.06876754760742,30.210323333740234,30.93559455871582,31.379425048828125,31.745203018188477,32.06876754760742,32.39295959472656,32.76884841918945,33.260169982910156,34.1395149230957,development
2025-04-07 06:00:00+00:00,43279099999,2025-04-05 06:00:00+00:00,48,34.0,32.0,32.0,34.3,2.0,0.130526192220052,-0.9914448613738104,0.9967506498213929,-0.08054900421874167,-0.10000000000000142,-0.0018315638888734438,-2.299999999999997,-4.329761904761902,2.4212000056005665,0,0.0,0.0,1.0,True,35.33820870994248,35.198074407394344,32.29047393798828,30.4354248046875,31.19432258605957,31.636165618896484,31.978578567504883,32.29047393798828,32.60490417480469,32.97865295410156,33.48759460449219,34.338016510009766,32.40583038330078,30.43460464477539,31.178895950317383,31.652313232421875,32.05119323730469,32.40583038330078,32.740501403808594,33.11641311645508,33.61619186401367,34.483123779296875,development
2025-04-07 07:00:00+00:00,43128599999,2025-04-07 06:00:00+00:00,1,35.0,35.0,34.0,34.7,0.041666666666666664,-0.13052619222005177,-0.9914448613738104,0.9967506498213929,-0.08054900421874167,0.8999999999999986,0.8280399731663897,-0.7000000000000028,-7.045238095238098,4.163314978472963,0,0.0,1.0,0.0,True,34.8192125984252,35.19133795278923,35.74971389770508,34.76540756225586,35.16238021850586,35.416015625,35.58722686767578,35.74971389770508,35.92046356201172,36.059661865234375,36.21565628051758,36.49000549316406,35.83312225341797,34.83365249633789,35.200626373291016,35.46198654174805,35.65061950683594,35.83312225341797,36.013301849365234,36.188499450683594,36.398338317871094,36.74189376831055,development
2025-04-07 08:00:00+00:00,43128599999,2025-04-07 06:00:00+00:00,2,35.0,35.0,35.0,35.1,0.08333333333333333,-0.38268343236508967,-0.9238795325112868,0.9967506498213929,-0.08054900421874167,0.8999999999999986,0.7618335524015515,-0.10000000000000142,-7.445238095238096,4.163314978472963,0,0.0,1.0,0.0,True,35.2192125984252,35.7267813717276,36.40630340576172,35.11858367919922,35.65743637084961,35.98110580444336,36.20708084106445,36.40630340576172,36.5967903137207,36.807151794433594,37.07136154174805,37.458457946777344,36.464332580566406,35.309326171875,35.75478744506836,36.030860900878906,36.25381851196289,36.464332580566406,36.66350173950195,36.888587951660156,37.16917419433594,37.59879684448242,development
2025-04-07 09:00:00+00:00,43128599999,2025-04-07 06:00:00+00:00,3,36.0,35.0,35.0,35.5,0.125,-0.6087614290087207,-0.7933533402912352,0.9967506498213929,-0.08054900421874167,0.8999999999999986,0.7009207047642633,-0.5,-7.845238095238095,4.163314978472963,0,0.0,1.0,0.0,True,35.6192125984252,36.071641758814216,36.52007293701172,34.99612045288086,35.628517150878906,36.00749969482422,36.276123046875,36.52007293701172,36.786842346191406,37.03584289550781,37.32234191894531,37.761409759521484,36.67443084716797,35.45590591430664,35.93663787841797,36.23515319824219,36.45644760131836,36.67443084716797,36.92023468017578,37.15263366699219,37.42821502685547,37.88017272949219,development
2025-04-07 10:00:00+00:00,43128599999,2025-04-07 06:00:00+00:00,4,37.0,35.0,36.0,35.5,0.16666666666666666,-0.7933533402912349,-0.6087614290087209,0.9967506498213929,-0.08054900421874167,0.8999999999999986,0.6448781795164094,0.5,-7.845238095238095,4.163314978472963,0,0.0,1.0,0.0,True,35.6192125984252,36.33289233146582,36.02156066894531,34.231712341308594,34.986812591552734,35.37958526611328,35.73778533935547,36.02156066894531,36.314239501953125,36.64261245727539,36.97228240966797,37.50276184082031,36.524497985839844,35.258235931396484,35.75372314453125,36.04095458984375,36.29848098754883,36.524497985839844,36.75957489013672,37.021575927734375,37.31822967529297,37.810890197753906,development
2025-04-07 11:00:00+00:00,43128599999,2025-04-07 06:00:00+00:00,5,36.0,35.0,35.0,35.2,0.20833333333333334,-0.9238795325112868,-0.3826834323650895,0.9967506498213929,-0.08054900421874167,0.8999999999999986,0.5933165671803985,-0.20000000000000284,-7.545238095238098,4.163314978472963,0,0.0,1.0,0.0,True,35.3192125984252,35.94844938073173,34.99907684326172,32.987396240234375,33.82411193847656,34.293006896972656,34.6644401550293,34.99907684326172,35.329586029052734,35.70785140991211,36.13664245605469,36.776458740234375,35.75625991821289,34.44927215576172,34.957862854003906,35.274261474609375,35.52637481689453,35.75625991821289,35.991844177246094,36.2689208984375,36.601627349853516,37.107032775878906,development
2025-04-07 12:00:00+00:00,43128599999,2025-04-07 06:00:00+00:00,6,35.0,35.0,35.0,33.4,0.25,-0.9914448613738104,-0.13052619222005163,0.9967506498213929,-0.08054900421874167,0.8999999999999986,0.5458775937413692,1.6000000000000014,-5.7452380952380935,4.163314978472963,0,0.0,1.0,0.0,True,33.5192125984252,34.60853476133684,34.04939651489258,31.827272415161133,32.73785400390625,33.26591110229492,33.686767578125,34.04939651489258,34.41746520996094,34.8287353515625,35.33478927612305,36.06266784667969,34.67264938354492,33.32046890258789,33.830318450927734,34.173095703125,34.435829162597656,34.67264938354492,34.92280960083008,35.181182861328125,35.53113555908203,36.06339645385742,development
2025-04-07 13:00:00+00:00,43128599999,2025-04-07 06:00:00+00:00,7,33.0,35.0,32.0,30.2,0.2916666666666667,-0.9914448613738105,0.13052619222005127,0.9967506498213929,-0.08054900421874167,0.8999999999999986,0.5022316311930416,1.8000000000000007,-2.545238095238094,4.163314978472963,0,0.0,1.0,0.0,True,30.319212598425196,31.537906574559784,32.41147994995117,29.999343872070312,30.9787540435791,31.56159210205078,32.01482009887695,32.41147994995117,32.829811096191406,33.29443359375,33.80626678466797,34.576961517333984,32.22523498535156,30.842628479003906,31.375202178955078,31.709747314453125,31.991334915161133,32.22523498535156,32.4957160949707,32.786624908447266,33.10481262207031,33.64372634887695,development
2025-04-07 14:00:00+00:00,43128599999,2025-04-07 06:00:00+00:00,8,31.0,35.0,29.0,29.2,0.3333333333333333,-0.923879532511287,0.38268343236508917,0.9967506498213929,-0.08054900421874167,0.8999999999999986,0.4620754071293321,-0.1999999999999993,-1.5452380952380942,4.163314978472963,0,0.0,1.0,0.0,True,29.319212598425196,30.1872954879608,30.429401397705078,27.82114601135254,28.87015151977539,29.508277893066406,29.99540901184082,30.429401397705078,30.85525894165039,31.32497215270996,31.898405075073242,32.7168083190918,30.46428871154785,28.994455337524414,29.56403160095215,29.93177032470703,30.215747833251953,30.46428871154785,30.712783813476562,30.98638153076172,31.325946807861328,31.861093521118164,development
2025-04-07 15:00:00+00:00,43128599999,2025-04-07 06:00:00+00:00,9,29.0,35.0,28.0,28.4,0.375,-0.7933533402912357,0.6087614290087199,0.9967506498213929,-0.08054900421874167,0.8999999999999986,0.42512989746691254,-0.3999999999999986,-0.7452380952380935,4.163314978472963,0,0.0,1.0,0.0,True,28.519212598425195,29.408029573206303,29.049713134765625,26.366487503051758,27.4355525970459,28.093372344970703,28.606369018554688,29.049713134765625,29.502262115478516,29.991361618041992,30.579082489013672,31.44755744934082,29.13338851928711,27.674819946289062,28.23430061340332,28.6082706451416,28.889972686767578,29.13338851928711,29.390811920166016,29.679363250732422,30.026830673217773,30.559993743896484,development
2025-04-07 16:00:00+00:00,43128599999,2025-04-07 06:00:00+00:00,10,29.0,35.0,28.0,27.3,0.4166666666666667,-0.6087614290087209,0.7933533402912349,0.9967506498213929,-0.08054900421874167,0.8999999999999986,0.39113838765636977,0.6999999999999993,0.3547619047619044,4.163314978472963,0,0.0,1.0,0.0,True,27.419212598425197,28.591615450369474,28.618017196655273,25.906633377075195,26.954774856567383,27.623186111450195,28.150117874145508,28.618017196655273,29.07456398010254,29.563901901245117,30.15923309326172,31.032142639160156,28.431682586669922,26.98201560974121,27.52896499633789,27.90153694152832,28.185470581054688,28.431682586669922,28.679990768432617,28.96151351928711,29.315937042236328,29.84708023071289,development
2025-04-07 17:00:00+00:00,43128599999,2025-04-07 06:00:00+00:00,11,27.0,35.0,27.0,26.5,0.4583333333333333,-0.38268343236508956,0.9238795325112868,0.9967506498213929,-0.08054900421874167,0.8999999999999986,0.35986468891036205,0.5,1.154761904761905,4.163314978472963,0,0.0,1.0,0.0,True,26.619212598425197,27.780537915527866,27.89691925048828,25.230201721191406,26.27385139465332,26.91242218017578,27.420164108276367,27.89691925048828,28.369956970214844,28.842334747314453,29.419824600219727,30.29096794128418,27.865619659423828,26.41134262084961,26.983539581298828,27.338348388671875,27.609363555908203,27.865619659423828,28.12104034423828,28.387296676635742,28.735755920410156,29.24376678466797,development
2025-04-07 18:00:00+00:00,43128599999,2025-04-07 06:00:00+00:00,12,26.0,35.0,27.0,25.6,0.5,-0.13052619222005168,0.9914448613738104,0.9967506498213929,-0.08054900421874167,0.8999999999999986,0.3310914970542976,1.3999999999999986,2.0547619047619037,4.163314978472963,0,0.0,1.0,0.0,True,25.719212598425198,27.082820713879087,27.015823364257812,24.457073211669922,25.44970703125,26.06055450439453,26.54254150390625,27.015823364257812,27.47562026977539,27.95367431640625,28.51450538635254,29.358842849731445,27.064411163330078,25.64275360107422,26.192258834838867,26.544506072998047,26.810039520263672,27.064411163330078,27.3170223236084,27.59605598449707,27.92986297607422,28.40540885925293,development
2025-04-07 19:00:00+00:00,43128599999,2025-04-07 06:00:00+00:00,13,26.0,35.0,26.0,25.1,0.5416666666666666,0.13052619222005157,0.9914448613738104,0.9952176027737294,-0.09768276782171598,0.8999999999999986,0.3046188825960675,0.8999999999999986,2.5547619047619037,4.163314978472963,0,0.0,1.0,0.0,True,25.219212598425198,26.502037828226598,26.189897537231445,23.715274810791016,24.69606590270996,25.27617073059082,25.73409652709961,26.189897537231445,26.60825538635254,27.055408477783203,27.569747924804688,28.381242752075195,26.337745666503906,24.942476272583008,25.481220245361328,25.81999969482422,26.078447341918945,26.337745666503906,26.565462112426758,26.814544677734375,27.123958587646484,27.58717155456543,development
2025-04-07 20:00:00+00:00,43128599999,2025-04-07 06:00:00+00:00,14,25.0,35.0,26.0,24.6,0.5833333333333334,0.3826834323650898,0.9238795325112867,0.9952176027737294,-0.09768276782171598,0.8999999999999986,0.2802629015231375,1.3999999999999986,3.0547619047619037,4.163314978472963,0,0.0,1.0,0.0,True,24.719212598425198,26.075743550246447,25.76653289794922,23.352928161621094,24.31131935119629,24.885025024414062,25.338165283203125,25.76653289794922,26.187931060791016,26.64093589782715,27.107587814331055,27.964622497558594,25.744359970092773,24.371671676635742,24.90606117248535,25.263647079467773,25.50640296936035,25.744359970092773,25.970388412475586,26.23900032043457,26.519412994384766,27.002567291259766,development
2025-04-07 21:00:00+00:00,43128599999,2025-04-07 06:00:00+00:00,15,24.0,35.0,25.0,24.2,0.625,0.6087614290087207,0.7933533402912352,0.9952176027737294,-0.09768276782171598,0.8999999999999986,0.2578543171741707,0.8000000000000007,3.454761904761906,4.163314978472963,0,0.0,1.0,0.0,True,24.319212598425196,25.497077407977656,25.585559844970703,23.163267135620117,24.16870880126953,24.744495391845703,25.185640335083008,25.585559844970703,25.985607147216797,26.38238525390625,26.897106170654297,27.762954711914062,25.497417449951172,24.156848907470703,24.686649322509766,25.024917602539062,25.281291961669922,25.497417449951172,25.71565818786621,25.946212768554688,26.232622146606445,26.697023391723633,development
2025-04-07 22:00:00+00:00,43128599999,2025-04-07 06:00:00+00:00,16,25.0,35.0,25.0,23.8,0.6666666666666666,0.7933533402912352,0.6087614290087207,0.9952176027737294,-0.09768276782171598,0.8999999999999986,0.23723742430415373,1.1999999999999993,3.8547619047619044,4.163314978472963,0,0.0,1.0,0.0,True,23.919212598425197,25.11488221492896,24.94445037841797,22.49873161315918,23.535411834716797,24.11625862121582,24.57035255432129,24.94445037841797,25.332691192626953,25.73471450805664,26.250036239624023,27.130661010742188,25.082355499267578,23.73382568359375,24.26349639892578,24.604509353637695,24.87496566772461,25.082355499267578,25.301715850830078,25.538005828857422,25.827184677124023,26.304927825927734,development
2025-04-07 23:00:00+00:00,43128599999,2025-04-07 06:00:00+00:00,17,24.0,35.0,25.0,23.4,0.7083333333333334,0.9238795325112867,0.38268343236508984,0.9952176027737294,-0.09768276782171598,0.8999999999999986,0.21826896717208347,1.6000000000000014,4.2547619047619065,4.163314978472963,0,0.0,1.0,0.0,True,23.519212598425195,24.721613856583325,24.313669204711914,21.768064498901367,22.87060546875,23.480541229248047,23.933414459228516,24.313669204711914,24.66653060913086,25.098186492919922,25.615978240966797,26.50532341003418,24.308616638183594,22.927581787109375,23.474300384521484,23.811668395996094,24.08951187133789,24.308616638183594,24.50368881225586,24.752975463867188,25.049638748168945,25.53538703918457,development
2025-04-08 00:00:00+00:00,43128599999,2025-04-07 06:00:00+00:00,18,24.0,35.0,24.0,22.7,0.75,0.9914448613738104,0.1305261922200517,0.9952176027737294,-0.09768276782171598,0.8999999999999986,0.2008171441335865,1.3000000000000007,4.954761904761906,4.163314978472963,0,0.0,1.0,0.0,True,22.819212598425196,23.875466087528334,24.105205535888672,21.432239532470703,22.578815460205078,23.245956420898438,23.706228256225586,24.105205535888672,24.49146842956543,24.921483993530273,25.503450393676758,26.421323776245117,23.769683837890625,22.364267349243164,22.912179946899414,23.285877227783203,23.55401611328125,23.769683837890625,23.981088638305664,24.223201751708984,24.54084014892578,25.057571411132812,development
2025-04-08 01:00:00+00:00,43128599999,2025-04-07 06:00:00+00:00,19,,35.0,24.0,22.7,0.7916666666666666,0.9914448613738104,-0.1305261922200516,0.9952176027737294,-0.09768276782171598,0.8999999999999986,0.18476069182191807,1.3000000000000007,4.954761904761906,4.163314978472963,0,0.0,1.0,0.0,False,22.819212598425196,23.789514375431313,24.03045654296875,21.188156127929688,22.445491790771484,23.131872177124023,23.607330322265625,24.03045654296875,24.41796875,24.883106231689453,25.476097106933594,26.435474395751953,23.707963943481445,22.253604888916016,22.839332580566406,23.21064567565918,23.491243362426758,23.707963943481445,23.903215408325195,24.165761947631836,24.507108688354492,25.032499313354492,development
2025-04-08 02:00:00+00:00,43128599999,2025-04-07 06:00:00+00:00,20,25.0,35.0,26.0,24.9,0.8333333333333334,0.9238795325112868,-0.3826834323650895,0.9952176027737294,-0.09768276782171598,0.8999999999999986,0.16998804255380537,1.1000000000000014,2.7547619047619065,4.163314978472963,0,0.0,1.0,0.0,True,25.019212598425195,25.856707621264096,25.8039608001709,22.84384536743164,24.136445999145508,24.837799072265625,25.347074508666992,25.8039608001709,26.223407745361328,26.69240951538086,27.281362533569336,28.215770721435547,25.374919891357422,23.841867446899414,24.448347091674805,24.83071517944336,25.114906311035156,25.374919891357422,25.604808807373047,25.883543014526367,26.225261688232422,26.76717185974121,development
2025-04-08 03:00:00+00:00,43128599999,2025-04-07 06:00:00+00:00,21,27.0,35.0,28.0,27.1,0.875,0.7933533402912352,-0.6087614290087207,0.9952176027737294,-0.09768276782171598,0.8999999999999986,0.15639654910540038,0.8999999999999986,0.5547619047619037,4.163314978472963,0,0.0,1.0,0.0,True,27.219212598425198,27.934727713914995,27.97037124633789,24.834815979003906,26.209524154663086,26.969114303588867,27.496795654296875,27.97037124633789,28.402799606323242,28.871049880981445,29.430221557617188,30.348705291748047,27.371854782104492,25.85810089111328,26.465795516967773,26.846677780151367,27.118698120117188,27.371854782104492,27.594331741333008,27.868698120117188,28.186630249023438,28.72356605529785,development
2025-04-08 04:00:00+00:00,43128599999,2025-04-07 06:00:00+00:00,22,28.0,35.0,31.0,29.5,0.9166666666666666,0.6087614290087209,-0.793353340291235,0.9952176027737294,-0.09768276782171598,0.8999999999999986,0.1438917714717243,1.5,-1.845238095238095,4.163314978472963,0,0.0,1.0,0.0,True,29.619212598425197,30.39688159694896,30.629003524780273,27.342470169067383,28.78291893005371,29.592649459838867,30.15094757080078,30.629003524780273,31.094213485717773,31.546905517578125,32.08694839477539,32.97686004638672,30.006946563720703,28.460121154785156,29.086124420166016,29.469371795654297,29.757659912109375,30.006946563720703,30.249238967895508,30.509660720825195,30.836606979370117,31.369115829467773,development
2025-04-08 05:00:00+00:00,43128599999,2025-04-07 06:00:00+00:00,23,31.0,35.0,33.0,31.6,0.9583333333333334,0.3826834323650899,-0.9238795325112867,0.9952176027737294,-0.09768276782171598,0.8999999999999986,0.1323868206536789,1.3999999999999986,-3.9452380952380963,4.163314978472963,0,0.0,1.0,0.0,True,31.719212598425198,32.43113153157865,32.54304504394531,28.944475173950195,30.497997283935547,31.38555145263672,31.990650177001953,32.54304504394531,33.060123443603516,33.550811767578125,34.109519958496094,35.0039176940918,32.1725959777832,30.49428939819336,31.16977310180664,31.585569381713867,31.882766723632812,32.1725959777832,32.44706726074219,32.722347259521484,33.06809616088867,33.60834503173828,development
2025-04-08 06:00:00+00:00,43128599999,2025-04-07 06:00:00+00:00,24,32.0,35.0,35.0,33.1,1.0,0.130526192220052,-0.9914448613738104,0.9952176027737294,-0.09768276782171598,0.8999999999999986,0.12180175491295124,1.8999999999999986,-5.445238095238096,4.163314978472963,0,0.0,1.0,0.0,True,33.2192125984252,34.0167153407286,33.65842056274414,30.229997634887695,31.766216278076172,32.585166931152344,33.15422058105469,33.65842056274414,34.11568069458008,34.56409454345703,35.05106735229492,35.88117599487305,33.6400146484375,32.007286071777344,32.69700622558594,33.08332061767578,33.371856689453125,33.6400146484375,33.90280532836914,34.168128967285156,34.48935317993164,35.015499114990234,development
2025-04-08 07:00:00+00:00,43128599999,2025-04-07 06:00:00+00:00,25,33.0,35.0,34.0,34.2,1.0416666666666667,-0.13052619222005177,-0.9914448613738104,0.9952176027737294,-0.09768276782171598,0.8999999999999986,0.11206302429971049,-0.20000000000000284,-6.545238095238098,4.163314978472963,0,0.0,1.0,0.0,True,34.3192125984252,34.67541047037181,34.53175354003906,31.11684799194336,32.68714904785156,33.50293731689453,34.04372787475586,34.53175354003906,34.96809387207031,35.41980743408203,35.897605895996094,36.73173522949219,34.41288757324219,32.76915740966797,33.45479965209961,33.84294891357422,34.13026809692383,34.41288757324219,34.660133361816406,34.9373779296875,35.26945877075195,35.83897018432617,development
2025-04-08 08:00:00+00:00,43128599999,2025-04-07 06:00:00+00:00,26,34.0,35.0,35.0,34.9,1.0833333333333333,-0.38268343236508967,-0.9238795325112868,0.9952176027737294,-0.09768276782171598,0.8999999999999986,0.1031029595934188,0.10000000000000142,-7.2452380952380935,4.163314978472963,0,0.0,1.0,0.0,True,35.0192125984252,35.46636766957157,35.190643310546875,31.881824493408203,33.42779541015625,34.21985626220703,34.72951889038086,35.190643310546875,35.6152229309082,36.04375457763672,36.507102966308594,37.31058120727539,35.19468307495117,33.49878692626953,34.20970916748047,34.610050201416016,34.90339279174805,35.19468307495117,35.44985580444336,35.72757339477539,36.088233947753906,36.65031433105469,development
2025-04-08 09:00:00+00:00,43128599999,2025-04-07 06:00:00+00:00,27,35.0,35.0,35.0,35.3,1.125,-0.6087614290087207,-0.7933533402912352,0.9952176027737294,-0.09768276782171598,0.8999999999999986,0.09485930210567775,-0.29999999999999716,-7.645238095238092,4.163314978472963,0,0.0,1.0,0.0,True,35.4192125984252,35.83004554412241,35.56695556640625,32.1440544128418,33.76942825317383,34.59422302246094,35.10696029663086,35.56695556640625,35.98185348510742,36.451541900634766,36.94898223876953,37.818206787109375,35.73603820800781,34.020835876464844,34.759422302246094,35.17170333862305,35.45137023925781,35.73603820800781,35.96586990356445,36.26114273071289,36.60527038574219,37.19739532470703,development
2025-04-08 10:00:00+00:00,43128599999,2025-04-07 06:00:00+00:00,28,,35.0,36.0,34.7,1.1666666666666667,-0.7933533402912349,-0.6087614290087209,0.9952176027737294,-0.09768276782171598,0.8999999999999986,0.08727477107796441,1.2999999999999972,-7.045238095238098,4.163314978472963,0,0.0,1.0,0.0,False,34.8192125984252,35.63848708714344,35.0761604309082,31.476102828979492,33.16510772705078,34.048561096191406,34.59716796875,35.0761604309082,35.55396270751953,36.06398391723633,36.64366912841797,37.59483337402344,35.54937744140625,33.743377685546875,34.50460433959961,34.952030181884766,35.26720428466797,35.54937744140625,35.833370208740234,36.15119934082031,36.53614044189453,37.16469955444336,development
2025-04-08 11:00:00+00:00,43128599999,2025-04-07 06:00:00+00:00,29,34.0,35.0,35.0,33.9,1.2083333333333333,-0.9238795325112868,-0.3826834323650895,0.9952176027737294,-0.09768276782171598,0.8999999999999986,0.08029666566833397,1.1000000000000014,-6.2452380952380935,4.163314978472963,0,0.0,1.0,0.0,True,34.0192125984252,34.878204500764994,34.24773025512695,30.345260620117188,32.134708404541016,33.09496307373047,33.704036712646484,34.24773025512695,34.7786750793457,35.349727630615234,36.037803649902344,37.1224250793457,34.72421646118164,32.8956184387207,33.676002502441406,34.123085021972656,34.43145751953125,34.72421646118164,35.00910949707031,35.307315826416016,35.69550323486328,36.33456802368164,development
2025-04-08 12:00:00+00:00,43128599999,2025-04-07 06:00:00+00:00,30,34.0,35.0,35.0,32.1,1.25,-0.9914448613738104,-0.13052619222005163,0.9952176027737294,-0.09768276782171598,0.8999999999999986,0.0738764987615088,2.8999999999999986,-4.445238095238096,4.163314978472963,0,0.0,1.0,0.0,True,32.2192125984252,33.552944955342696,33.243629455566406,29.10845375061035,30.973405838012695,31.98374366760254,32.65506362915039,33.243629455566406,33.805904388427734,34.440147399902344,35.176727294921875,36.35966491699219,33.34238052368164,31.517101287841797,32.27228546142578,32.74414825439453,33.06358337402344,33.34238052368164,33.60858154296875,33.919044494628906,34.29813766479492,34.92576599121094,development
2025-04-08 13:00:00+00:00,43128599999,2025-04-07 06:00:00+00:00,31,32.0,35.0,32.0,29.9,1.2916666666666667,-0.9914448613738105,0.13052619222005127,0.9952176027737294,-0.09768276782171598,0.8999999999999986,0.06796966005789629,2.1000000000000014,-2.2452380952380935,4.163314978472963,0,0.0,1.0,0.0,True,30.019212598425195,31.279336677302428,31.558420181274414,27.55978012084961,29.44089698791504,30.4033145904541,31.03175163269043,31.558420181274414,32.053035736083984,32.6331901550293,33.33505630493164,34.49613952636719,31.51033592224121,29.622135162353516,30.438148498535156,30.907320022583008,31.22662353515625,31.51033592224121,31.782381057739258,32.098880767822266,32.49008560180664,33.132652282714844,development
2025-04-08 14:00:00+00:00,43128599999,2025-04-07 06:00:00+00:00,32,30.0,35.0,29.0,28.7,1.3333333333333333,-0.923879532511287,0.38268343236508917,0.9952176027737294,-0.09768276782171598,0.8999999999999986,0.06253510610052129,0.3000000000000007,-1.0452380952380942,4.163314978472963,0,0.0,1.0,0.0,True,28.819212598425196,29.784423525041685,29.942672729492188,25.800371170043945,27.703350067138672,28.716337203979492,29.385133743286133,29.942672729492188,30.473526000976562,31.05664825439453,31.781789779663086,33.0090217590332,29.789344787597656,27.85317039489746,28.67143440246582,29.139385223388672,29.48711585998535,29.789344787597656,30.068851470947266,30.384721755981445,30.770719528198242,31.421728134155273,development
2025-04-08 15:00:00+00:00,43128599999,2025-04-07 06:00:00+00:00,33,30.0,35.0,28.0,27.2,1.375,-0.7933533402912357,0.6087614290087199,0.9952176027737294,-0.09768276782171598,0.8999999999999986,0.057535075086036724,0.8000000000000007,0.4547619047619058,4.163314978472963,0,0.0,1.0,0.0,True,27.319212598425196,28.46809538052536,28.681682586669922,24.54157257080078,26.453323364257812,27.447826385498047,28.126527786254883,28.681682586669922,29.197914123535156,29.769794464111328,30.491779327392578,31.715269088745117,27.952316284179688,25.943937301635742,26.805206298828125,27.28778648376465,27.638641357421875,27.952316284179688,28.237430572509766,28.555381774902344,28.9534912109375,29.607261657714844,development
2025-04-08 16:00:00+00:00,43128599999,2025-04-07 06:00:00+00:00,34,28.0,35.0,28.0,25.9,1.4166666666666667,-0.6087614290087209,0.7933533402912349,0.9952176027737294,-0.09768276782171598,0.8999999999999986,0.05293482447818681,2.1000000000000014,1.7547619047619065,4.163314978472963,0,0.0,1.0,0.0,True,26.019212598425195,27.505474759092188,28.12552261352539,24.012096405029297,25.909563064575195,26.91428565979004,27.586898803710938,28.12552261352539,28.660768508911133,29.232065200805664,29.93914794921875,31.147598266601562,27.111257553100586,25.11497688293457,25.972713470458984,26.461475372314453,26.830135345458984,27.111257553100586,27.41292953491211,27.730072021484375,28.12381362915039,28.76129913330078,development
2025-04-08 17:00:00+00:00,43128599999,2025-04-07 06:00:00+00:00,35,28.0,35.0,27.0,25.2,1.4583333333333333,-0.38268343236508956,0.9238795325112868,0.9952176027737294,-0.09768276782171598,0.8999999999999986,0.048702389600539374,1.8000000000000007,2.454761904761906,4.163314978472963,0,0.0,1.0,0.0,True,25.319212598425196,26.78241210343013,27.45265007019043,23.363998413085938,25.234527587890625,26.232219696044922,26.884672164916992,27.45265007019043,27.97435760498047,28.56415557861328,29.241968154907227,30.40113067626953,26.316801071166992,24.290292739868164,25.146326065063477,25.662370681762695,26.006078720092773,26.316801071166992,26.607555389404297,26.945714950561523,27.3217830657959,27.907405853271484,development
2025-04-08 18:00:00+00:00,43128599999,2025-04-07 06:00:00+00:00,36,27.0,35.0,27.0,24.5,1.5,-0.13052619222005168,0.9914448613738104,0.9952176027737294,-0.09768276782171598,0.8999999999999986,0.04480836153107748,2.5,3.154761904761905,4.163314978472963,0,0.0,1.0,0.0,True,24.619212598425197,26.250290971422547,26.658403396606445,22.631380081176758,24.4920597076416,25.43896484375,26.10041618347168,26.658403396606445,27.20160484313965,27.7639102935791,28.416244506835938,29.586973190307617,25.712833404541016,23.65074920654297,24.53150749206543,25.031723022460938,25.388057708740234,25.712833404541016,26.00704574584961,26.33230972290039,26.710336685180664,27.306528091430664,development
2025-04-08 19:00:00+00:00,43128599999,2025-04-07 06:00:00+00:00,37,26.0,35.0,26.0,24.0,1.5416666666666667,0.13052619222005157,0.9914448613738104,0.9933900548258936,-0.11478762552212701,0.8999999999999986,0.04122568275535926,2.0,3.654761904761905,4.163314978472963,0,0.0,1.0,0.0,True,24.119212598425197,25.678158935079516,25.92229461669922,21.996227264404297,23.82634162902832,24.718486785888672,25.377050399780273,25.92229461669922,26.43217658996582,26.977731704711914,27.599443435668945,28.738603591918945,25.02050018310547,22.93039894104004,23.838165283203125,24.325103759765625,24.704914093017578,25.02050018310547,25.315534591674805,25.63711166381836,25.998624801635742,26.58955955505371,development
2025-04-08 20:00:00+00:00,43128599999,2025-04-07 06:00:00+00:00,38,25.0,35.0,26.0,23.7,1.5833333333333333,0.3826834323650898,0.9238795325112867,0.9933900548258936,-0.11478762552212701,0.8999999999999986,0.03792945915834871,2.3000000000000007,3.954761904761906,4.163314978472963,0,0.0,1.0,0.0,True,23.819212598425196,25.416096140914043,25.682254791259766,21.83362579345703,23.614633560180664,24.51889419555664,25.14093017578125,25.682254791259766,26.182207107543945,26.707927703857422,27.294090270996094,28.428375244140625,24.760848999023438,22.67072105407715,23.560131072998047,24.082918167114258,24.446338653564453,24.760848999023438,25.042388916015625,25.352785110473633,25.684696197509766,26.27039337158203,development
2025-04-08 21:00:00+00:00,43128599999,2025-04-07 06:00:00+00:00,39,24.0,35.0,25.0,23.3,1.625,0.6087614290087207,0.7933533402912352,0.9933900548258936,-0.11478762552212701,0.8999999999999986,0.03489678704854975,1.6999999999999993,4.354761904761904,4.163314978472963,0,0.0,1.0,0.0,True,23.419212598425197,24.84435256541785,25.436779022216797,21.64702796936035,23.4085693359375,24.304044723510742,24.932186126708984,25.436779022216797,25.903091430664062,26.404830932617188,27.009180068969727,28.139673233032227,24.378543853759766,22.21862030029297,23.148502349853516,23.6737060546875,24.068382263183594,24.378543853759766,24.658573150634766,24.97431182861328,25.331342697143555,25.93194007873535,development
2025-04-08 22:00:00+00:00,43128599999,2025-04-07 06:00:00+00:00,40,24.0,35.0,25.0,22.5,1.6666666666666667,0.7933533402912352,0.6087614290087207,0.9933900548258936,-0.11478762552212701,0.8999999999999986,0.03210659401252711,2.5,5.154761904761905,4.163314978472963,0,0.0,1.0,0.0,True,22.619212598425197,24.155111805350234,24.776084899902344,21.002676010131836,22.747251510620117,23.66322898864746,24.270431518554688,24.776084899902344,25.21567153930664,25.71599006652832,26.344282150268555,27.49955940246582,23.83443832397461,21.627254486083984,22.57510757446289,23.12275505065918,23.516033172607422,23.83443832397461,24.112558364868164,24.427574157714844,24.797725677490234,25.447086334228516,development
2025-04-08 23:00:00+00:00,43128599999,2025-04-07 06:00:00+00:00,41,23.0,35.0,25.0,22.0,1.7083333333333333,0.9238795325112867,0.38268343236508984,0.9933900548258936,-0.11478762552212701,0.8999999999999986,0.02953949249399684,3.0,5.654761904761905,4.163314978472963,0,0.0,1.0,0.0,True,22.119212598425197,23.6893496142887,24.07668685913086,20.188068389892578,21.997638702392578,22.940017700195312,23.576478958129883,24.07668685913086,24.54146957397461,25.097248077392578,25.759523391723633,26.963924407958984,23.179363250732422,20.797279357910156,21.847021102905273,22.418472290039062,22.847606658935547,23.179363250732422,23.490768432617188,23.842084884643555,24.268579483032227,24.975257873535156,development
2025-04-09 00:00:00+00:00,43128599999,2025-04-07 06:00:00+00:00,42,21.0,35.0,24.0,21.6,1.75,0.9914448613738104,0.1305261922200517,0.9933900548258936,-0.11478762552212701,0.8999999999999986,0.027177645080086608,2.3999999999999986,6.054761904761904,4.163314978472963,0,0.0,1.0,0.0,True,21.719212598425198,23.083654122591774,23.79663848876953,19.967588424682617,21.751134872436523,22.673852920532227,23.306833267211914,23.79663848876953,24.265609741210938,24.836257934570312,25.54016876220703,26.7507381439209,22.601028442382812,20.239992141723633,21.287368774414062,21.856788635253906,22.266437530517578,22.601028442382812,22.91183090209961,23.269399642944336,23.703187942504883,24.424448013305664,development
2025-04-09 01:00:00+00:00,43128599999,2025-04-07 06:00:00+00:00,43,23.0,35.0,24.0,21.6,1.7916666666666667,0.9914448613738104,-0.1305261922200516,0.9933900548258936,-0.11478762552212701,0.8999999999999986,0.025004640558711787,2.3999999999999986,6.054761904761904,4.163314978472963,0,0.0,1.0,0.0,True,21.719212598425198,23.002662646336848,23.845064163208008,19.946535110473633,21.73634910583496,22.698699951171875,23.318098068237305,23.845064163208008,24.364973068237305,24.951446533203125,25.68808364868164,26.96718978881836,22.753761291503906,20.409589767456055,21.453685760498047,22.02229881286621,22.403284072875977,22.753761291503906,23.074798583984375,23.436260223388672,23.878704071044922,24.650901794433594,development
2025-04-09 02:00:00+00:00,43128599999,2025-04-07 06:00:00+00:00,44,24.0,35.0,26.0,23.7,1.8333333333333333,0.9238795325112868,-0.3826834323650895,0.9933900548258936,-0.11478762552212701,0.8999999999999986,0.023005379885856627,2.3000000000000007,3.954761904761906,4.163314978472963,0,0.0,1.0,0.0,True,23.819212598425196,24.996065870473164,25.351972579956055,21.5672550201416,23.28878402709961,24.21072769165039,24.822113037109375,25.351972579956055,25.868438720703125,26.418617248535156,27.146085739135742,28.317623138427734,24.088489532470703,21.67942237854004,22.766740798950195,23.33423614501953,23.733097076416016,24.088489532470703,24.438461303710938,24.81338119506836,25.28476333618164,26.065675735473633,development
2025-04-09 03:00:00+00:00,43128599999,2025-04-07 06:00:00+00:00,45,28.0,35.0,28.0,26.5,1.875,0.7933533402912352,-0.6087614290087207,0.9933900548258936,-0.11478762552212701,0.8999999999999986,0.021165971270408163,1.5,1.154761904761905,4.163314978472963,0,0.0,1.0,0.0,True,26.619212598425197,27.548406665984956,27.501745223999023,23.616901397705078,25.386219024658203,26.335371017456055,26.957656860351562,27.501745223999023,28.04865264892578,28.61104393005371,29.342500686645508,30.518054962158203,26.317245483398438,23.958419799804688,25.04766082763672,25.595979690551758,25.982343673706055,26.317245483398438,26.636306762695312,26.992687225341797,27.440834045410156,28.185749053955078,development
2025-04-09 04:00:00+00:00,43128599999,2025-04-07 06:00:00+00:00,46,30.0,35.0,31.0,28.9,1.9166666666666667,0.6087614290087209,-0.793353340291235,0.9933900548258936,-0.11478762552212701,0.8999999999999986,0.01947363364754375,2.1000000000000014,-1.2452380952380935,4.163314978472963,0,0.0,1.0,0.0,True,29.019212598425195,30.014423584576964,29.849502563476562,25.736183166503906,27.587425231933594,28.577178955078125,29.234718322753906,29.849502563476562,30.39630126953125,30.979433059692383,31.697446823120117,32.87411880493164,28.822551727294922,26.324447631835938,27.48892593383789,28.07440185546875,28.459768295288086,28.822551727294922,29.1378231048584,29.500782012939453,29.94605255126953,30.7049560546875,development
2025-04-09 05:00:00+00:00,43128599999,2025-04-07 06:00:00+00:00,47,32.0,35.0,33.0,31.0,1.9583333333333333,0.3826834323650899,-0.9238795325112867,0.9933900548258936,-0.11478762552212701,0.8999999999999986,0.01791660786996029,2.0,-3.345238095238095,4.163314978472963,0,0.0,1.0,0.0,True,31.119212598425197,32.052227683495346,31.776973724365234,27.02374267578125,29.10536766052246,30.244991302490234,31.051788330078125,31.776973724365234,32.47416305541992,33.165103912353516,33.98866653442383,35.318424224853516,30.71134376525879,27.735492706298828,29.115175247192383,29.792757034301758,30.285900115966797,30.71134376525879,31.11212921142578,31.542102813720703,32.06646728515625,32.92586898803711,development
2025-04-09 06:00:00+00:00,43128599999,2025-04-07 06:00:00+00:00,48,33.0,35.0,35.0,32.4,2.0,0.130526192220052,-0.9914448613738104,0.9933900548258936,-0.11478762552212701,0.8999999999999986,0.016484074999860734,2.6000000000000014,-4.7452380952380935,4.163314978472963,0,0.0,1.0,0.0,True,32.5192125984252,33.56272782266956,32.84062957763672,27.867555618286133,30.072389602661133,31.25860023498535,32.103858947753906,32.84062957763672,33.528411865234375,34.215030670166016,35.038902282714844,36.37275695800781,31.836233139038086,28.561595916748047,30.093765258789062,30.860515594482422,31.381656646728516,31.836233139038086,32.253875732421875,32.67959976196289,33.238075256347656,34.14506530761719,development
2025-04-07 07:00:00+00:00,43279099999,2025-04-07 06:00:00+00:00,1,34.0,34.0,35.0,34.5,0.041666666666666664,-0.13052619222005177,-0.9914448613738104,0.9967506498213929,-0.08054900421874167,-1.6000000000000014,-1.4720710634069185,0.5,-4.553571428571427,1.8716523403114151,0,0.0,0.0,1.0,True,35.53820870994248,35.10680260702664,33.9246826171875,33.27553176879883,33.524818420410156,33.69466018676758,33.814735412597656,33.9246826171875,34.03166961669922,34.12617492675781,34.23094940185547,34.41836166381836,34.2181510925293,33.514312744140625,33.772132873535156,33.95566177368164,34.09025955200195,34.2181510925293,34.34379959106445,34.46768569946289,34.61536407470703,34.85341262817383,development
2025-04-07 08:00:00+00:00,43279099999,2025-04-07 06:00:00+00:00,2,35.0,34.0,34.0,34.4,0.08333333333333333,-0.38268343236508967,-0.9238795325112868,0.9967506498213929,-0.08054900421874167,-1.6000000000000014,-1.354370759824984,-0.3999999999999986,-4.453571428571426,1.8716523403114151,0,0.0,0.0,1.0,True,35.43820870994248,34.892287777383,33.6541633605957,32.80870819091797,33.13182830810547,33.352046966552734,33.518775939941406,33.6541633605957,33.782554626464844,33.9308967590332,34.10672378540039,34.371463775634766,34.08424377441406,33.250492095947266,33.55864715576172,33.76987075805664,33.93626022338867,34.08424377441406,34.22254180908203,34.38524627685547,34.583343505859375,34.875389099121094,development
2025-04-07 09:00:00+00:00,43279099999,2025-04-07 06:00:00+00:00,3,34.0,34.0,33.0,33.9,0.125,-0.6087614290087207,-0.7933533402912352,0.9967506498213929,-0.08054900421874167,-1.6000000000000014,-1.2460812529142489,-0.8999999999999986,-3.9535714285714256,1.8716523403114151,0,0.0,0.0,1.0,True,34.93820870994248,34.380469540984265,33.10514831542969,32.180877685546875,32.53446578979492,32.76854705810547,32.946388244628906,33.10514831542969,33.27190017700195,33.43930435180664,33.64192581176758,33.957515716552734,33.62236785888672,32.75960159301758,33.08631134033203,33.302207946777344,33.46583557128906,33.62236785888672,33.78862762451172,33.95930480957031,34.16462707519531,34.486228942871094,development
2025-04-07 10:00:00+00:00,43279099999,2025-04-07 06:00:00+00:00,4,33.0,34.0,32.0,33.1,0.16666666666666666,-0.7933533402912349,-0.6087614290087209,0.9967506498213929,-0.08054900421874167,-1.6000000000000014,-1.1464500969180638,-1.1000000000000014,-3.1535714285714285,1.8716523403114151,0,0.0,0.0,1.0,True,34.13820870994248,33.64661387267133,32.67101287841797,31.73105239868164,32.09886169433594,32.316078186035156,32.508121490478516,32.67101287841797,32.847530364990234,33.03792953491211,33.25861358642578,33.606380462646484,33.12370300292969,32.29914855957031,32.617164611816406,32.80674362182617,32.973079681396484,33.12370300292969,33.285499572753906,33.461463928222656,33.67383575439453,34.01295471191406,development
2025-04-07 11:00:00+00:00,43279099999,2025-04-07 06:00:00+00:00,5,32.0,34.0,32.0,31.9,0.20833333333333334,-0.9238795325112868,-0.3826834323650895,0.9967506498213929,-0.08054900421874167,-1.6000000000000014,-1.0547850083207109,0.10000000000000142,-1.9535714285714256,1.8716523403114151,0,0.0,0.0,1.0,True,32.93820870994248,32.820107382950226,32.10731887817383,31.18154525756836,31.542755126953125,31.7628173828125,31.938100814819336,32.10731887817383,32.276123046875,32.47632598876953,32.717952728271484,33.09428405761719,32.52341079711914,31.74456787109375,32.04401397705078,32.22898864746094,32.37964630126953,32.52341079711914,32.6684684753418,32.843055725097656,33.05942153930664,33.38384246826172,development
2025-04-07 12:00:00+00:00,43279099999,2025-04-07 06:00:00+00:00,6,32.0,34.0,31.0,30.8,0.25,-0.9914448613738104,-0.13052619222005163,0.9967506498213929,-0.08054900421874167,-1.6000000000000014,-0.9704490555402143,0.1999999999999993,-0.8535714285714278,1.8716523403114151,0,0.0,0.0,1.0,True,31.83820870994248,31.863800726389755,31.31081199645996,30.40437126159668,30.7573299407959,30.97536849975586,31.14989471435547,31.31081199645996,31.48689842224121,31.671669006347656,31.929567337036133,32.31184005737305,31.672060012817383,30.9438419342041,31.223522186279297,31.398347854614258,31.54486083984375,31.672060012817383,31.81450843811035,31.96993064880371,32.177852630615234,32.487850189208984,development
2025-04-07 13:00:00+00:00,43279099999,2025-04-07 06:00:00+00:00,7,31.0,34.0,31.0,29.9,0.2916666666666667,-0.9914448613738105,0.13052619222005127,0.9967506498213929,-0.08054900421874167,-1.6000000000000014,-0.8928562332320762,1.1000000000000014,0.04642857142857437,1.8716523403114151,0,0.0,0.0,1.0,True,30.93820870994248,31.274465899120973,30.625558853149414,29.734180450439453,30.099966049194336,30.316940307617188,30.47048568725586,30.625558853149414,30.803258895874023,30.993026733398438,31.23042869567871,31.616731643676758,30.890491485595703,30.194522857666016,30.476449966430664,30.64251136779785,30.774822235107422,30.890491485595703,31.033483505249023,31.18425941467285,31.360525131225586,31.66600799560547,development
2025-04-07 14:00:00+00:00,43279099999,2025-04-07 06:00:00+00:00,8,30.0,34.0,30.0,29.6,0.3333333333333333,-0.923879532511287,0.38268343236508917,0.9967506498213929,-0.08054900421874167,-1.6000000000000014,-0.821467390452148,0.3999999999999986,0.34642857142857153,1.8716523403114151,0,0.0,0.0,1.0,True,30.638208709942482,30.936078493039894,30.170576095581055,29.254913330078125,29.628849029541016,29.8448486328125,30.009435653686523,30.170576095581055,30.32941436767578,30.5129337310791,30.746410369873047,31.128986358642578,30.453519821166992,29.740514755249023,30.034618377685547,30.196331024169922,30.331790924072266,30.453519821166992,30.576868057250977,30.71003532409668,30.884057998657227,31.172836303710938,development
2025-04-07 15:00:00+00:00,43279099999,2025-04-07 06:00:00+00:00,9,30.0,34.0,30.0,29.4,0.375,-0.7933533402912357,0.6087614290087199,0.9967506498213929,-0.08054900421874167,-1.6000000000000014,-0.7557864843856241,0.6000000000000014,0.5464285714285744,1.8716523403114151,0,0.0,0.0,1.0,True,30.43820870994248,30.87554837802162,29.990671157836914,29.111419677734375,29.46342658996582,29.683612823486328,29.844581604003906,29.990671157836914,30.15057945251465,30.314598083496094,30.542098999023438,30.9158935546875,30.393653869628906,29.706510543823242,29.982481002807617,30.15605926513672,30.27951431274414,30.393653869628906,30.512874603271484,30.63541603088379,30.803661346435547,31.079599380493164,development
2025-04-07 16:00:00+00:00,43279099999,2025-04-07 06:00:00+00:00,10,30.0,34.0,30.0,29.3,0.4166666666666667,-0.6087614290087209,0.7933533402912349,0.9967506498213929,-0.08054900421874167,-1.6000000000000014,-0.6953571336113258,0.6999999999999993,0.6464285714285722,1.8716523403114151,0,0.0,0.0,1.0,True,30.33820870994248,30.8764052417819,29.97244644165039,29.10041046142578,29.44939613342285,29.662935256958008,29.823999404907227,29.97244644165039,30.13145637512207,30.293184280395508,30.51222038269043,30.879375457763672,30.425212860107422,29.753644943237305,30.01500129699707,30.18502426147461,30.313701629638672,30.425212860107422,30.539133071899414,30.66106414794922,30.83380126953125,31.103979110717773,development
2025-04-07 17:00:00+00:00,43279099999,2025-04-07 06:00:00+00:00,11,30.0,34.0,30.0,29.2,0.4583333333333333,-0.38268343236508956,0.9238795325112868,0.9967506498213929,-0.08054900421874167,-1.6000000000000014,-0.6397594469517563,0.8000000000000007,0.7464285714285737,1.8716523403114151,0,0.0,0.0,1.0,True,30.23820870994248,30.856788256518943,29.89358901977539,29.012237548828125,29.370141983032227,29.58072853088379,29.73335838317871,29.89358901977539,30.052906036376953,30.204187393188477,30.419109344482422,30.780925750732422,30.526418685913086,29.832340240478516,30.117244720458984,30.280241012573242,30.404640197753906,30.526418685913086,30.64040184020996,30.7625675201416,30.931190490722656,31.195497512817383,development
2025-04-07 18:00:00+00:00,43279099999,2025-04-07 06:00:00+00:00,12,30.0,34.0,30.0,28.9,0.5,-0.13052619222005168,0.9914448613738104,0.9967506498213929,-0.08054900421874167,-1.6000000000000014,-0.5886071058743083,1.1000000000000014,1.0464285714285744,1.8716523403114151,0,0.0,0.0,1.0,True,29.93820870994248,30.657748559143474,29.819053649902344,28.924026489257812,29.28517723083496,29.501359939575195,29.655139923095703,29.819053649902344,29.980571746826172,30.148717880249023,30.353227615356445,30.710670471191406,30.365633010864258,29.662456512451172,29.94249725341797,30.1197566986084,30.24140167236328,30.365633010864258,30.487337112426758,30.623390197753906,30.784883499145508,31.043527603149414,development
2025-04-07 19:00:00+00:00,43279099999,2025-04-07 06:00:00+00:00,13,29.0,34.0,30.0,28.5,0.5416666666666666,0.13052619222005157,0.9914448613738104,0.9952176027737294,-0.09768276782171598,-1.6000000000000014,-0.541544680170788,1.5,1.446428571428573,1.8716523403114151,0,0.0,0.0,1.0,True,29.53820870994248,30.3935395004857,29.703388214111328,28.763538360595703,29.139251708984375,29.365127563476562,29.53458595275879,29.703388214111328,29.8581600189209,30.01447105407715,30.221969604492188,30.57320213317871,30.107730865478516,29.3712215423584,29.655349731445312,29.833049774169922,29.971445083618164,30.107730865478516,30.224674224853516,30.353796005249023,30.5216121673584,30.777616500854492,development
2025-04-07 20:00:00+00:00,43279099999,2025-04-07 06:00:00+00:00,14,29.0,34.0,30.0,27.9,0.5833333333333334,0.3826834323650898,0.9238795325112867,0.9952176027737294,-0.09768276782171598,-1.6000000000000014,-0.49824515826335675,2.1000000000000014,2.0464285714285744,1.8716523403114151,0,0.0,0.0,1.0,True,28.93820870994248,29.91306331508841,29.433021545410156,28.437652587890625,28.83710289001465,29.09922981262207,29.27265167236328,29.433021545410156,29.593814849853516,29.774465560913086,29.978885650634766,30.376415252685547,29.78396224975586,29.006587982177734,29.31805419921875,29.526348114013672,29.657634735107422,29.78396224975586,29.90252685546875,30.053606033325195,30.21900749206543,30.504718780517578,development
2025-04-07 21:00:00+00:00,43279099999,2025-04-07 06:00:00+00:00,15,29.0,34.0,29.0,27.4,0.625,0.6087614290087207,0.7933533402912352,0.9952176027737294,-0.09768276782171598,-1.6000000000000014,-0.4584076749763046,1.6000000000000014,2.5464285714285744,1.8716523403114151,0,0.0,0.0,1.0,True,28.43820870994248,29.27828259885699,28.94310188293457,27.878833770751953,28.31644058227539,28.590702056884766,28.776639938354492,28.94310188293457,29.11749267578125,29.281583786010742,29.518434524536133,29.92650032043457,29.257667541503906,28.444549560546875,28.767335891723633,28.97963523864746,29.127811431884766,29.257667541503906,29.395429611206055,29.536190032958984,29.72410774230957,30.02016258239746,development
2025-04-07 22:00:00+00:00,43279099999,2025-04-07 06:00:00+00:00,16,28.0,34.0,28.0,27.0,0.6666666666666666,0.7933533402912352,0.6087614290087207,0.9952176027737294,-0.09768276782171598,-1.6000000000000014,-0.4217554209851632,1.0,2.946428571428573,1.8716523403114151,0,0.0,0.0,1.0,True,28.03820870994248,28.704600558402657,28.413354873657227,27.28516960144043,27.757543563842773,28.046985626220703,28.2471866607666,28.413354873657227,28.58991241455078,28.778108596801758,29.036785125732422,29.483850479125977,28.84402084350586,27.99370574951172,28.33437156677246,28.552814483642578,28.71380043029785,28.84402084350586,28.982913970947266,29.140283584594727,29.341888427734375,29.670562744140625,development
2025-04-07 23:00:00+00:00,43279099999,2025-04-07 06:00:00+00:00,17,28.0,34.0,28.0,26.6,0.7083333333333334,0.9238795325112867,0.38268343236508984,0.9952176027737294,-0.09768276782171598,-1.6000000000000014,-0.38803371941703824,1.3999999999999986,3.3464285714285715,1.8716523403114151,0,0.0,0.0,1.0,True,27.638208709942482,28.330157179101015,28.026920318603516,26.764629364013672,27.298839569091797,27.621540069580078,27.840675354003906,28.026920318603516,28.218660354614258,28.443395614624023,28.742225646972656,29.24083709716797,28.431053161621094,27.48257064819336,27.864845275878906,28.102096557617188,28.279767990112305,28.431053161621094,28.584226608276367,28.765182495117188,29.002548217773438,29.36443519592285,development
2025-04-08 00:00:00+00:00,43279099999,2025-04-07 06:00:00+00:00,18,28.0,34.0,28.0,26.1,0.75,0.9914448613738104,0.1305261922200517,0.9952176027737294,-0.09768276782171598,-1.6000000000000014,-0.35700825623748805,1.8999999999999986,3.8464285714285715,1.8716523403114151,0,0.0,0.0,1.0,True,27.138208709942482,27.869984338188132,27.66254425048828,26.382278442382812,26.919527053833008,27.25901985168457,27.476057052612305,27.66254425048828,27.86374855041504,28.08972930908203,28.409761428833008,28.922950744628906,27.923370361328125,26.904739379882812,27.31040382385254,27.579978942871094,27.762739181518555,27.923370361328125,28.09490966796875,28.290390014648438,28.549304962158203,28.95601463317871,development
2025-04-08 01:00:00+00:00,43279099999,2025-04-07 06:00:00+00:00,19,28.0,34.0,28.0,25.9,0.7916666666666666,0.9914448613738104,-0.1305261922200516,0.9952176027737294,-0.09768276782171598,-1.6000000000000014,-0.3284634521278551,2.1000000000000014,4.046428571428574,1.8716523403114151,0,0.0,0.0,1.0,True,26.93820870994248,27.643260308866825,27.593639373779297,26.222837448120117,26.814348220825195,27.158592224121094,27.390892028808594,27.593639373779297,27.799942016601562,28.051271438598633,28.380752563476562,28.908470153808594,27.70003318786621,26.605365753173828,27.046585083007812,27.32488250732422,27.527225494384766,27.70003318786621,27.875463485717773,28.093278884887695,28.371009826660156,28.790287017822266,development
2025-04-08 02:00:00+00:00,43279099999,2025-04-07 06:00:00+00:00,20,29.0,34.0,29.0,27.9,0.8333333333333334,0.9238795325112868,-0.3826834323650895,0.9952176027737294,-0.09768276782171598,-1.6000000000000014,-0.3022009645400992,1.1000000000000014,2.0464285714285744,1.8716523403114151,0,0.0,0.0,1.0,True,28.93820870994248,29.356459351803203,28.443239212036133,26.861038208007812,27.512754440307617,27.903099060058594,28.185161590576172,28.443239212036133,28.69515609741211,28.976221084594727,29.340295791625977,29.90713119506836,28.72906494140625,27.551414489746094,28.020734786987305,28.31368637084961,28.528074264526367,28.72906494140625,28.92314910888672,29.14162254333496,29.42588996887207,29.863079071044922,development
2025-04-08 03:00:00+00:00,43279099999,2025-04-07 06:00:00+00:00,21,31.0,34.0,30.0,30.2,0.875,0.7933533402912352,-0.6087614290087207,0.9952176027737294,-0.09768276782171598,-1.6000000000000014,-0.27803830952071246,-0.1999999999999993,-0.25357142857142634,1.8716523403114151,0,0.0,0.0,1.0,True,31.23820870994248,31.31437399697755,29.940921783447266,28.225048065185547,28.913921356201172,29.34868049621582,29.654401779174805,29.940921783447266,30.215633392333984,30.509700775146484,30.8607120513916,31.424781799316406,30.35572624206543,29.19673728942871,29.66244888305664,29.956378936767578,30.16348648071289,30.35572624206543,30.5372257232666,30.7414493560791,30.99679946899414,31.419429779052734,development
2025-04-08 04:00:00+00:00,43279099999,2025-04-07 06:00:00+00:00,22,32.0,34.0,32.0,32.4,0.9166666666666666,0.6087614290087209,-0.793353340291235,0.9952176027737294,-0.09768276782171598,-1.6000000000000014,-0.2558075937275105,-0.3999999999999986,-2.4535714285714256,1.8716523403114151,0,0.0,0.0,1.0,True,33.43820870994248,33.42028295974281,31.56037139892578,29.832979202270508,30.532920837402344,30.963520050048828,31.28079605102539,31.56037139892578,31.833419799804688,32.1041374206543,32.437339782714844,32.9724235534668,32.00992202758789,30.614051818847656,31.150094985961914,31.49639892578125,31.769561767578125,32.00992202758789,32.24026870727539,32.481998443603516,32.79437255859375,33.27172088623047,development
2025-04-08 05:00:00+00:00,43279099999,2025-04-07 06:00:00+00:00,23,33.0,34.0,33.0,33.8,0.9583333333333334,0.3826834323650899,-0.9238795325112867,0.9952176027737294,-0.09768276782171598,-1.6000000000000014,-0.23535434782876308,-0.7999999999999972,-3.853571428571424,1.8716523403114151,0,0.0,0.0,1.0,True,34.83820870994248,34.705527415122795,32.81597137451172,31.036035537719727,31.74760627746582,32.196449279785156,32.520263671875,32.81597137451172,33.089900970458984,33.35021209716797,33.670005798339844,34.187835693359375,33.45115661621094,31.957969665527344,32.528526306152344,32.902809143066406,33.18678283691406,33.45115661621094,33.69383239746094,33.944698333740234,34.27157211303711,34.77376937866211,development
2025-04-08 06:00:00+00:00,43279099999,2025-04-07 06:00:00+00:00,24,34.0,34.0,34.0,34.5,1.0,0.130526192220052,-0.9914448613738104,0.9952176027737294,-0.09768276782171598,-1.6000000000000014,-0.21653645317858053,-0.5,-4.553571428571427,1.8716523403114151,0,0.0,0.0,1.0,True,35.53820870994248,35.462839159011104,33.12018966674805,31.49846839904785,32.179962158203125,32.572784423828125,32.86699676513672,33.12018966674805,33.35311508178711,33.579830169677734,33.843177795410156,34.32239532470703,33.77370834350586,32.29999542236328,32.88043212890625,33.22782516479492,33.518280029296875,33.77370834350586,34.01828384399414,34.27480697631836,34.58411407470703,35.08262634277344,development
2025-04-08 07:00:00+00:00,43279099999,2025-04-07 06:00:00+00:00,25,34.0,34.0,35.0,34.5,1.0416666666666667,-0.13052619222005177,-0.9914448613738104,0.9952176027737294,-0.09768276782171598,-1.6000000000000014,-0.19922315431059692,0.5,-4.553571428571427,1.8716523403114151,0,0.0,0.0,1.0,True,35.53820870994248,35.69320469312175,33.24818420410156,31.653972625732422,32.31852722167969,32.717567443847656,33.00017547607422,33.24818420410156,33.4705810546875,33.696022033691406,33.960201263427734,34.44245529174805,33.85482406616211,32.486576080322266,33.02031707763672,33.35249710083008,33.61383056640625,33.85482406616211,34.07872009277344,34.31684875488281,34.60578918457031,35.08226013183594,development
2025-04-08 08:00:00+00:00,43279099999,2025-04-07 06:00:00+00:00,26,34.0,34.0,34.0,34.5,1.0833333333333333,-0.38268343236508967,-0.9238795325112868,0.9952176027737294,-0.09768276782171598,-1.6000000000000014,-0.18329415038830052,-0.5,-4.553571428571427,1.8716523403114151,0,0.0,0.0,1.0,True,35.53820870994248,35.5206829832089,33.084781646728516,31.508634567260742,32.1473274230957,32.545166015625,32.83529281616211,33.084781646728516,33.31389617919922,33.546016693115234,33.82708740234375,34.31919860839844,33.68723678588867,32.3525505065918,32.87006378173828,33.192073822021484,33.45150375366211,33.68723678588867,33.900665283203125,34.1308708190918,34.42453384399414,34.89601135253906,development
2025-04-08 09:00:00+00:00,43279099999,2025-04-07 06:00:00+00:00,27,34.0,34.0,33.0,34.1,1.125,-0.6087614290087207,-0.7933533402912352,0.9952176027737294,-0.09768276782171598,-1.6000000000000014,-0.1686387592989831,-1.1000000000000014,-4.1535714285714285,1.8716523403114151,0,0.0,0.0,1.0,True,35.13820870994248,35.053765094740875,32.740482330322266,31.225894927978516,31.842317581176758,32.22471237182617,32.49972152709961,32.740482330322266,32.96372604370117,33.21266555786133,33.50517272949219,34.01390838623047,33.40909957885742,32.07643127441406,32.59241485595703,32.90885543823242,33.162620544433594,33.40909957885742,33.63490676879883,33.895835876464844,34.19386672973633,34.6900520324707,development
2025-04-08 10:00:00+00:00,43279099999,2025-04-07 06:00:00+00:00,28,33.0,34.0,32.0,33.5,1.1666666666666667,-0.7933533402912349,-0.6087614290087209,0.9952176027737294,-0.09768276782171598,-1.6000000000000014,-0.1551551485830482,-1.5,-3.553571428571427,1.8716523403114151,0,0.0,0.0,1.0,True,34.53820870994248,34.44583821240428,32.3845100402832,30.970773696899414,31.54802703857422,31.904361724853516,32.163002014160156,32.3845100402832,32.60750961303711,32.8582763671875,33.15742874145508,33.64942932128906,33.10088348388672,31.93248748779297,32.40462875366211,32.683311462402344,32.9035758972168,33.10088348388672,33.29999542236328,33.53289031982422,33.807865142822266,34.258941650390625,development
2025-04-08 11:00:00+00:00,43279099999,2025-04-07 06:00:00+00:00,29,33.0,34.0,32.0,32.3,1.2083333333333333,-0.9238795325112868,-0.3826834323650895,0.9952176027737294,-0.09768276782171598,-1.6000000000000014,-0.1427496278548163,-0.29999999999999716,-2.353571428571424,1.8716523403114151,0,0.0,0.0,1.0,True,33.33820870994248,33.59101410624437,31.793712615966797,30.475597381591797,31.019275665283203,31.348859786987305,31.581462860107422,31.793712615966797,32.01077651977539,32.24820327758789,32.54957962036133,33.04706954956055,32.5412483215332,31.485118865966797,31.918106079101562,32.16801452636719,32.356300354003906,32.5412483215332,32.733863830566406,32.94126510620117,33.198814392089844,33.63327407836914,development
2025-04-08 12:00:00+00:00,43279099999,2025-04-07 06:00:00+00:00,30,32.0,34.0,31.0,31.1,1.25,-0.9914448613738104,-0.13052619222005163,0.9952176027737294,-0.09768276782171598,-1.6000000000000014,-0.1313359977982382,-0.10000000000000142,-1.1535714285714285,1.8716523403114151,0,0.0,0.0,1.0,True,32.13820870994248,32.530300325865525,31.16250991821289,29.94556427001953,30.452939987182617,30.75912094116211,30.971996307373047,31.16250991821289,31.353498458862305,31.58548927307129,31.87592887878418,32.36573791503906,31.714458465576172,30.836759567260742,31.200393676757812,31.42224884033203,31.573495864868164,31.714458465576172,31.861080169677734,32.037322998046875,32.25475311279297,32.62991714477539,development
2025-04-08 13:00:00+00:00,43279099999,2025-04-07 06:00:00+00:00,31,31.0,34.0,31.0,29.9,1.2916666666666667,-0.9914448613738105,0.13052619222005127,0.9952176027737294,-0.09768276782171598,-1.6000000000000014,-0.12083495121403813,1.1000000000000014,0.04642857142857437,1.8716523403114151,0,0.0,0.0,1.0,True,30.93820870994248,31.68193417685413,30.541824340820312,29.36734390258789,29.875547409057617,30.16783905029297,30.3618221282959,30.541824340820312,30.72540855407715,30.953475952148438,31.24282455444336,31.74146842956543,31.05181884765625,30.203990936279297,30.573543548583984,30.780298233032227,30.920148849487305,31.05181884765625,31.188934326171875,31.354595184326172,31.565710067749023,31.930418014526367,development
2025-04-08 14:00:00+00:00,43279099999,2025-04-07 06:00:00+00:00,32,30.0,34.0,30.0,29.5,1.3333333333333333,-0.923879532511287,0.38268343236508917,0.9952176027737294,-0.09768276782171598,-1.6000000000000014,-0.11117352195648257,0.5,0.44642857142857295,1.8716523403114151,0,0.0,0.0,1.0,True,30.53820870994248,31.24313932993756,30.12583351135254,28.993066787719727,29.482975006103516,29.756954193115234,29.95005989074707,30.12583351135254,30.30280303955078,30.513656616210938,30.793367385864258,31.28335189819336,30.580692291259766,29.757526397705078,30.112060546875,30.303142547607422,30.45123291015625,30.580692291259766,30.711620330810547,30.863143920898438,31.06062126159668,31.4012393951416,development
2025-04-08 15:00:00+00:00,43279099999,2025-04-07 06:00:00+00:00,33,30.0,34.0,30.0,29.4,1.375,-0.7933533402912357,0.6087614290087199,0.9952176027737294,-0.09768276782171598,-1.6000000000000014,-0.1022845779307322,0.6000000000000014,0.5464285714285744,1.8716523403114151,0,0.0,0.0,1.0,True,30.43820870994248,31.240672415078297,30.051700592041016,28.97298812866211,29.433502197265625,29.694196701049805,29.880727767944336,30.051700592041016,30.226430892944336,30.426950454711914,30.693683624267578,31.172452926635742,30.406728744506836,29.601776123046875,29.953659057617188,30.13963508605957,30.278406143188477,30.406728744506836,30.535444259643555,30.68014907836914,30.866012573242188,31.19391632080078,development
2025-04-08 16:00:00+00:00,43279099999,2025-04-07 06:00:00+00:00,34,30.0,34.0,30.0,29.3,1.4166666666666667,-0.6087614290087209,0.7933533402912349,0.9952176027737294,-0.09768276782171598,-1.6000000000000014,-0.0941063546278879,0.6999999999999993,0.6464285714285722,1.8716523403114151,0,0.0,0.0,1.0,True,30.33820870994248,31.22286115553168,29.9222354888916,28.85839080810547,29.318119049072266,29.574050903320312,29.757551193237305,29.9222354888916,30.09857177734375,30.293678283691406,30.55495834350586,31.025962829589844,30.34235191345215,29.52980613708496,29.878482818603516,30.072416305541992,30.22072982788086,30.34235191345215,30.474897384643555,30.618026733398438,30.79610824584961,31.117809295654297,development
2025-04-08 17:00:00+00:00,43279099999,2025-04-07 06:00:00+00:00,35,29.0,34.0,30.0,29.2,1.4583333333333333,-0.38268343236508956,0.9238795325112868,0.9952176027737294,-0.09768276782171598,-1.6000000000000014,-0.08658202595651465,0.8000000000000007,0.7464285714285737,1.8716523403114151,0,0.0,0.0,1.0,True,30.23820870994248,31.186068667688605,29.848276138305664,28.765724182128906,29.22756004333496,29.489973068237305,29.665111541748047,29.848276138305664,30.026716232299805,30.23736572265625,30.491769790649414,30.951030731201172,30.359384536743164,29.529476165771484,29.876615524291992,30.081890106201172,30.22264289855957,30.359384536743164,30.494478225708008,30.651933670043945,30.83230209350586,31.14496612548828,development
2025-04-08 18:00:00+00:00,43279099999,2025-04-07 06:00:00+00:00,36,30.0,34.0,30.0,28.8,1.5,-0.13052619222005168,0.9914448613738104,0.9952176027737294,-0.09768276782171598,-1.6000000000000014,-0.07965930938858239,1.1999999999999993,1.1464285714285722,1.8716523403114151,0,0.0,0.0,1.0,True,29.83820870994248,30.892873086117618,29.806272506713867,28.702959060668945,29.170194625854492,29.42982292175293,29.620800018310547,29.806272506713867,29.994792938232422,30.20470428466797,30.464218139648438,30.926620483398438,30.18208885192871,29.328227996826172,29.681127548217773,29.882627487182617,30.035011291503906,30.18208885192871,30.32354736328125,30.47979736328125,30.673439025878906,30.987260818481445,development
2025-04-08 19:00:00+00:00,43279099999,2025-04-07 06:00:00+00:00,37,29.0,34.0,30.0,28.2,1.5416666666666667,0.13052619222005157,0.9914448613738104,0.9933900548258936,-0.11478762552212701,-1.6000000000000014,-0.07329010267619442,1.8000000000000007,1.7464285714285737,1.8716523403114151,0,0.0,0.0,1.0,True,29.23820870994248,30.457890763422387,29.618186950683594,28.449264526367188,28.951215744018555,29.211538314819336,29.423145294189453,29.618186950683594,29.80042266845703,30.022668838500977,30.274675369262695,30.73597526550293,29.927169799804688,29.013286590576172,29.40386962890625,29.604644775390625,29.774629592895508,29.927169799804688,30.068204879760742,30.239219665527344,30.42308807373047,30.744022369384766,development
2025-04-08 20:00:00+00:00,43279099999,2025-04-07 06:00:00+00:00,38,29.0,34.0,30.0,27.6,1.5833333333333333,0.3826834323650898,0.9238795325112867,0.9933900548258936,-0.11478762552212701,-1.6000000000000014,-0.06743014961484231,2.3999999999999986,2.3464285714285715,1.8716523403114151,0,0.0,0.0,1.0,True,28.638208709942482,29.96403828316606,29.55205726623535,28.31159019470215,28.840801239013672,29.127239227294922,29.349422454833984,29.55205726623535,29.744049072265625,29.966798782348633,30.218582153320312,30.703527450561523,29.737024307250977,28.77634048461914,29.177934646606445,29.399133682250977,29.57560920715332,29.737024307250977,29.88426399230957,30.05622100830078,30.240680694580078,30.58036231994629,development
2025-04-08 21:00:00+00:00,43279099999,2025-04-07 06:00:00+00:00,39,29.0,34.0,29.0,27.1,1.625,0.6087614290087207,0.7933533402912352,0.9933900548258936,-0.11478762552212701,-1.6000000000000014,-0.06203873253075527,1.8999999999999986,2.8464285714285715,1.8716523403114151,0,0.0,0.0,1.0,True,28.138208709942482,29.316950781561143,29.19711685180664,27.868066787719727,28.436901092529297,28.75109100341797,28.99427032470703,29.19711685180664,29.389957427978516,29.612449645996094,29.896474838256836,30.405725479125977,29.253284454345703,28.217708587646484,28.654338836669922,28.893234252929688,29.091262817382812,29.253284454345703,29.410696029663086,29.58935546875,29.79521369934082,30.144948959350586,development
2025-04-08 22:00:00+00:00,43279099999,2025-04-07 06:00:00+00:00,40,28.0,34.0,28.0,26.7,1.6666666666666667,0.7933533402912352,0.6087614290087207,0.9933900548258936,-0.11478762552212701,-1.6000000000000014,-0.05707838935560388,1.3000000000000007,3.2464285714285737,1.8716523403114151,0,0.0,0.0,1.0,True,27.73820870994248,28.73194595196188,28.69957160949707,27.279741287231445,27.88533592224121,28.234329223632812,28.483551025390625,28.69957160949707,28.89531135559082,29.143980026245117,29.458492279052734,30.032976150512695,28.780241012573242,27.66459846496582,28.12828826904297,28.393756866455078,28.605615615844727,28.780241012573242,28.94645118713379,29.145658493041992,29.374242782592773,29.795997619628906,development
2025-04-08 23:00:00+00:00,43279099999,2025-04-07 06:00:00+00:00,41,28.0,34.0,28.0,26.2,1.7083333333333333,0.9238795325112867,0.38268343236508984,0.9933900548258936,-0.11478762552212701,-1.6000000000000014,-0.05251465332266118,1.8000000000000007,3.7464285714285737,1.8716523403114151,0,0.0,0.0,1.0,True,27.23820870994248,28.268731444771188,28.271955490112305,26.714872360229492,27.404008865356445,27.779024124145508,28.049562454223633,28.271955490112305,28.493051528930664,28.78158187866211,29.153989791870117,29.796850204467773,28.34527587890625,26.986482620239258,27.553546905517578,27.86473274230957,28.12750816345215,28.34527587890625,28.561622619628906,28.817005157470703,29.127870559692383,29.635757446289062,development
2025-04-09 00:00:00+00:00,43279099999,2025-04-07 06:00:00+00:00,42,28.0,34.0,28.0,25.9,1.75,0.9914448613738104,0.1305261922200517,0.9933900548258936,-0.11478762552212701,-1.6000000000000014,-0.048315813475709644,2.1000000000000014,4.046428571428574,1.8716523403114151,0,0.0,0.0,1.0,True,26.93820870994248,27.955681387728802,27.86785125732422,26.27569580078125,26.984336853027344,27.372283935546875,27.64845085144043,27.86785125732422,28.107328414916992,28.414613723754883,28.813350677490234,29.49055290222168,27.9207763671875,26.470779418945312,27.070722579956055,27.416261672973633,27.69107437133789,27.9207763671875,28.15900230407715,28.447071075439453,28.7869930267334,29.350969314575195,development
2025-04-09 01:00:00+00:00,43279099999,2025-04-07 06:00:00+00:00,43,28.0,34.0,28.0,25.9,1.7916666666666667,0.9914448613738104,-0.1305261922200516,0.9933900548258936,-0.11478762552212701,-1.6000000000000014,-0.04445269432659884,2.1000000000000014,4.046428571428574,1.8716523403114151,0,0.0,0.0,1.0,True,26.93820870994248,27.876846479311347,27.792646408081055,26.090240478515625,26.82040786743164,27.247840881347656,27.536149978637695,27.792646408081055,28.057783126831055,28.389938354492188,28.819007873535156,29.541778564453125,27.786758422851562,26.38198471069336,26.95440673828125,27.299482345581055,27.5500431060791,27.786758422851562,28.021728515625,28.29894256591797,28.643627166748047,29.222476959228516,development
2025-04-09 02:00:00+00:00,43279099999,2025-04-07 06:00:00+00:00,44,29.0,34.0,29.0,27.8,1.8333333333333333,0.9238795325112868,-0.3826834323650895,0.9933900548258936,-0.11478762552212701,-1.6000000000000014,-0.04089845313041188,1.1999999999999993,2.1464285714285722,1.8716523403114151,0,0.0,0.0,1.0,True,28.83820870994248,29.503578730324126,28.33534812927246,26.419160842895508,27.212980270385742,27.68999671936035,28.029966354370117,28.33534812927246,28.654172897338867,29.019296646118164,29.494123458862305,30.271581649780273,28.507232666015625,27.038421630859375,27.642793655395508,27.993276596069336,28.26670265197754,28.507232666015625,28.757434844970703,29.045867919921875,29.40253448486328,30.007707595825195,development
2025-04-09 03:00:00+00:00,43279099999,2025-04-07 06:00:00+00:00,45,30.0,34.0,30.0,30.3,1.875,0.7933533402912352,-0.6087614290087207,0.9933900548258936,-0.11478762552212701,-1.6000000000000014,-0.037628393369614606,-0.3000000000000007,-0.35357142857142776,1.8716523403114151,0,0.0,0.0,1.0,True,31.33820870994248,31.610736250803413,29.687950134277344,27.735868453979492,28.536758422851562,29.019460678100586,29.36915397644043,29.687950134277344,30.015743255615234,30.375377655029297,30.83324432373047,31.57744026184082,30.105966567993164,28.564117431640625,29.196758270263672,29.56382942199707,29.852846145629883,30.105966567993164,30.365768432617188,30.65628433227539,31.021677017211914,31.634662628173828,development
2025-04-09 04:00:00+00:00,43279099999,2025-04-07 06:00:00+00:00,46,31.0,34.0,32.0,32.6,1.9166666666666667,0.6087614290087209,-0.793353340291235,0.9933900548258936,-0.11478762552212701,-1.6000000000000014,-0.034619793151188974,-0.6000000000000014,-2.6535714285714285,1.8716523403114151,0,0.0,0.0,1.0,True,33.63820870994248,33.78813125377705,31.016664505004883,28.89157485961914,29.737140655517578,30.252607345581055,30.64878273010254,31.016664505004883,31.366994857788086,31.74587059020996,32.215667724609375,32.96649932861328,31.650571823120117,29.66936492919922,30.420289993286133,30.891916275024414,31.29020881652832,31.650571823120117,31.989055633544922,32.36091995239258,32.810340881347656,33.525390625,development
2025-04-09 05:00:00+00:00,43279099999,2025-04-07 06:00:00+00:00,47,33.0,34.0,33.0,34.5,1.9583333333333333,0.3826834323650899,-0.9238795325112867,0.9933900548258936,-0.11478762552212701,-1.6000000000000014,-0.03185174732437392,-1.5,-4.553571428571427,1.8716523403114151,0,0.0,0.0,1.0,True,35.53820870994248,35.45882548975719,32.146583557128906,30.043704986572266,30.886507034301758,31.389671325683594,31.787172317504883,32.146583557128906,32.48992919921875,32.84508514404297,33.27357482910156,34.00377655029297,32.835845947265625,30.861053466796875,31.630184173583984,32.09284210205078,32.491024017333984,32.835845947265625,33.16523361206055,33.518089294433594,33.9471435546875,34.658016204833984,development
2025-04-09 06:00:00+00:00,43279099999,2025-04-07 06:00:00+00:00,48,33.0,34.0,34.0,35.6,2.0,0.130526192220052,-0.9914448613738104,0.9933900548258936,-0.11478762552212701,-1.6000000000000014,-0.029305022221974713,-1.6000000000000014,-5.6535714285714285,1.8716523403114151,0,0.0,0.0,1.0,True,36.63820870994248,36.52373855577624,32.79383087158203,30.6817684173584,31.522184371948242,32.0226936340332,32.43429946899414,32.79383087158203,33.12406921386719,33.46200942993164,33.87238693237305,34.567474365234375,33.22051239013672,31.07514762878418,31.87165069580078,32.37930679321289,32.826297760009766,33.22051239013672,33.57939910888672,33.95122528076172,34.4044189453125,35.138240814208984,development
2025-04-09 07:00:00+00:00,43128599999,2025-04-09 06:00:00+00:00,1,33.0,33.0,33.0,34.0,0.041666666666666664,-0.13052619222005177,-0.9914448613738104,0.9933900548258936,-0.11478762552212701,-0.29999999999999716,-0.2760133243887944,-1.0,-5.9761904761904745,4.27193552228682,0,0.0,1.0,0.0,True,34.1192125984252,33.98386150351765,33.79343795776367,32.70533752441406,33.196250915527344,33.46234893798828,33.62957763671875,33.79343795776367,33.966270446777344,34.12010192871094,34.28199768066406,34.51387405395508,34.171630859375,33.18246078491211,33.558197021484375,33.81564712524414,33.99385070800781,34.171630859375,34.353721618652344,34.53227233886719,34.74648666381836,35.05513000488281,development
2025-04-09 08:00:00+00:00,43128599999,2025-04-09 06:00:00+00:00,2,34.0,33.0,34.0,34.6,0.08333333333333333,-0.38268343236508967,-0.9238795325112868,0.9933900548258936,-0.11478762552212701,-0.29999999999999716,-0.25394451746718183,-0.6000000000000014,-6.576190476190476,4.27193552228682,0,0.0,1.0,0.0,True,34.7192125984252,34.70755094426716,34.405948638916016,32.78717803955078,33.5087890625,33.90581130981445,34.183494567871094,34.405948638916016,34.61831283569336,34.84781265258789,35.10474395751953,35.44975280761719,35.02534866333008,33.759681701660156,34.270057678222656,34.57921600341797,34.81312942504883,35.02534866333008,35.23307418823242,35.449954986572266,35.71531295776367,36.09614181518555,development
2025-04-09 09:00:00+00:00,43128599999,2025-04-09 06:00:00+00:00,3,35.0,33.0,35.0,35.2,0.125,-0.6087614290087207,-0.7933533402912352,0.9933900548258936,-0.11478762552212701,-0.29999999999999716,-0.23364023492141925,-0.20000000000000284,-7.176190476190477,4.27193552228682,0,0.0,1.0,0.0,True,35.3192125984252,35.45008345099709,34.915855407714844,32.85072326660156,33.763275146484375,34.27306365966797,34.62430191040039,34.915855407714844,35.21184539794922,35.4718132019043,35.76659393310547,36.18403244018555,35.849082946777344,34.41166305541992,35.00790023803711,35.360076904296875,35.61579513549805,35.849082946777344,36.103843688964844,36.33835983276367,36.60871887207031,37.02238082885742,development
2025-04-09 10:00:00+00:00,43128599999,2025-04-09 06:00:00+00:00,4,35.0,33.0,35.0,35.6,0.16666666666666666,-0.7933533402912349,-0.6087614290087209,0.9933900548258936,-0.11478762552212701,-0.29999999999999716,-0.21495939317213475,-0.6000000000000014,-7.576190476190476,4.27193552228682,0,0.0,1.0,0.0,True,35.7192125984252,35.83949780264064,35.020606994628906,32.550079345703125,33.622310638427734,34.21274185180664,34.67924880981445,35.020606994628906,35.34170150756836,35.69841003417969,36.03969955444336,36.554237365722656,36.332664489746094,34.73359298706055,35.39909362792969,35.7760009765625,36.079750061035156,36.332664489746094,36.578121185302734,36.84768295288086,37.15077209472656,37.60266876220703,development
2025-04-09 11:00:00+00:00,43128599999,2025-04-09 06:00:00+00:00,5,35.0,33.0,34.0,34.7,0.20833333333333334,-0.9238795325112868,-0.3826834323650895,0.9933900548258936,-0.11478762552212701,-0.29999999999999716,-0.19777218906013125,-0.7000000000000028,-6.676190476190477,4.27193552228682,0,0.0,1.0,0.0,True,34.8192125984252,35.009495265296216,34.464019775390625,31.716917037963867,32.90651321411133,33.5995979309082,34.08331298828125,34.464019775390625,34.81697463989258,35.204429626464844,35.62245559692383,36.21043395996094,35.601131439208984,33.93267822265625,34.621063232421875,35.03099060058594,35.3392219543457,35.601131439208984,35.85737228393555,36.15184020996094,36.482704162597656,36.961341857910156,development
2025-04-09 12:00:00+00:00,43128599999,2025-04-09 06:00:00+00:00,6,34.0,33.0,34.0,32.6,0.25,-0.9914448613738104,-0.13052619222005163,0.9933900548258936,-0.11478762552212701,-0.29999999999999716,-0.1819591979137883,1.3999999999999986,-4.576190476190476,4.27193552228682,0,0.0,1.0,0.0,True,32.7192125984252,33.45711813777341,33.462867736816406,30.598365783691406,31.83001708984375,32.5537109375,33.069122314453125,33.462867736816406,33.840087890625,34.241050720214844,34.7375373840332,35.397369384765625,34.220428466796875,32.53019714355469,33.20429992675781,33.6319580078125,33.951900482177734,34.220428466796875,34.49005889892578,34.77286148071289,35.134639739990234,35.63638687133789,development
2025-04-09 13:00:00+00:00,43128599999,2025-04-09 06:00:00+00:00,7,32.0,33.0,32.0,30.1,0.2916666666666667,-0.9914448613738105,0.13052619222005127,0.9933900548258936,-0.11478762552212701,-0.29999999999999716,-0.16741054373101255,1.8999999999999986,-2.076190476190476,4.27193552228682,0,0.0,1.0,0.0,True,30.219212598425198,31.167704952209554,31.592836380004883,28.747331619262695,29.99800682067871,30.718364715576172,31.171178817749023,31.592836380004883,32.008140563964844,32.447059631347656,32.935333251953125,33.64218521118164,31.95714569091797,30.258014678955078,30.948902130126953,31.37228012084961,31.68682098388672,31.95714569091797,32.2408332824707,32.54769515991211,32.88673400878906,33.4129524230957,development
2025-04-09 14:00:00+00:00,43128599999,2025-04-09 06:00:00+00:00,8,30.0,33.0,30.0,29.2,0.3333333333333333,-0.923879532511287,0.38268343236508917,0.9933900548258936,-0.11478762552212701,-0.29999999999999716,-0.15402513570977613,0.8000000000000007,-1.1761904761904738,4.27193552228682,0,0.0,1.0,0.0,True,29.319212598425196,30.12652450880496,29.726619720458984,26.89623260498047,28.150634765625,28.86075782775879,29.320045471191406,29.726619720458984,30.122724533081055,30.563413619995117,31.075942993164062,31.8001651763916,30.255489349365234,28.517024993896484,29.230100631713867,29.65493392944336,29.971351623535156,30.255489349365234,30.529701232910156,30.81656265258789,31.170856475830078,31.680099487304688,development
2025-04-09 15:00:00+00:00,43128599999,2025-04-09 06:00:00+00:00,9,29.0,33.0,30.0,27.5,0.375,-0.7933533402912357,0.6087614290087199,0.9933900548258936,-0.11478762552212701,-0.29999999999999716,-0.14170996582230305,2.5,0.5238095238095255,4.27193552228682,0,0.0,1.0,0.0,True,27.619212598425197,28.87162316180999,28.501537322998047,25.75389862060547,26.945236206054688,27.643882751464844,28.10601806640625,28.501537322998047,28.902523040771484,29.33082389831543,29.849037170410156,30.59794807434082,28.92433738708496,27.195131301879883,27.883399963378906,28.33098602294922,28.652437210083008,28.92433738708496,29.207006454467773,29.50082015991211,29.871017456054688,30.38741111755371,development
2025-04-09 16:00:00+00:00,43128599999,2025-04-09 06:00:00+00:00,10,28.0,33.0,28.0,26.8,0.4166666666666667,-0.6087614290087209,0.7933533402912349,0.9933900548258936,-0.11478762552212701,-0.29999999999999716,-0.1303794625521222,1.1999999999999993,1.2238095238095248,4.27193552228682,0,0.0,1.0,0.0,True,26.919212598425197,27.960920598635784,27.85234832763672,25.18828773498535,26.327800750732422,27.00446891784668,27.46335792541504,27.85234832763672,28.241003036499023,28.66420555114746,29.174314498901367,29.930896759033203,28.14182472229004,26.436676025390625,27.103900909423828,27.53521728515625,27.8575439453125,28.14182472229004,28.411556243896484,28.702539443969727,29.075820922851562,29.606775283813477,development
2025-04-09 17:00:00+00:00,43128599999,2025-04-09 06:00:00+00:00,11,27.0,33.0,28.0,26.5,0.4583333333333333,-0.38268343236508956,0.9238795325112868,0.9933900548258936,-0.11478762552212701,-0.29999999999999716,-0.11995489630345307,1.5,1.5238095238095255,4.27193552228682,0,0.0,1.0,0.0,True,26.619212598425197,27.768456980863796,27.034032821655273,24.421733856201172,25.54368019104004,26.200605392456055,26.62967872619629,27.034032821655273,27.431652069091797,27.81179428100586,28.291521072387695,29.021345138549805,27.562271118164062,25.863243103027344,26.54865837097168,26.970752716064453,27.272865295410156,27.562271118164062,27.83942985534668,28.1267032623291,28.494951248168945,29.00214385986328,development
2025-04-09 18:00:00+00:00,43128599999,2025-04-09 06:00:00+00:00,12,26.0,33.0,27.0,26.2,0.5,-0.13052619222005168,0.9914448613738104,0.9933900548258936,-0.11478762552212701,-0.29999999999999716,-0.11036383235143166,0.8000000000000007,1.8238095238095262,4.27193552228682,0,0.0,1.0,0.0,True,26.319212598425196,27.342620603917595,26.297395706176758,23.784467697143555,24.85739517211914,25.478538513183594,25.898887634277344,26.297395706176758,26.67453384399414,27.060300827026367,27.5308837890625,28.242618560791016,27.08818817138672,25.42744255065918,26.092878341674805,26.5047550201416,26.803380966186523,27.08818817138672,27.36106300354004,27.66241455078125,28.029052734375,28.532197952270508,development
2025-04-09 19:00:00+00:00,43128599999,2025-04-09 06:00:00+00:00,13,27.0,33.0,26.0,25.6,0.5416666666666666,0.13052619222005157,0.9914448613738104,0.9912685467787256,-0.13185851571739118,-0.29999999999999716,-0.1015396275320217,0.3999999999999986,2.423809523809524,4.27193552228682,0,0.0,1.0,0.0,True,25.719212598425198,26.69702940133282,25.727825164794922,23.203594207763672,24.293041229248047,24.908262252807617,25.330978393554688,25.727825164794922,26.08408546447754,26.44012451171875,26.886476516723633,27.579137802124023,26.45950698852539,24.801801681518555,25.461803436279297,25.87091064453125,26.16745376586914,26.45950698852539,26.720691680908203,27.00124740600586,27.367036819458008,27.8587589263916,development
2025-04-09 20:00:00+00:00,43128599999,2025-04-09 06:00:00+00:00,14,26.0,33.0,25.0,25.2,0.5833333333333334,0.3826834323650898,0.9238795325112867,0.9912685467787256,-0.13185851571739118,-0.29999999999999716,-0.09342096717437842,-0.1999999999999993,2.823809523809526,4.27193552228682,0,0.0,1.0,0.0,True,25.319212598425196,26.14874342971953,25.13877296447754,22.63580894470215,23.716588973999023,24.344751358032227,24.757484436035156,25.13877296447754,25.484106063842773,25.855995178222656,26.265710830688477,27.00797462463379,25.778881072998047,24.099380493164062,24.777549743652344,25.202272415161133,25.49863052368164,25.778881072998047,26.04615020751953,26.35634422302246,26.69861602783203,27.23107147216797,development
2025-04-09 21:00:00+00:00,43128599999,2025-04-09 06:00:00+00:00,15,25.0,33.0,24.0,24.4,0.625,0.6087614290087207,0.7933533402912352,0.9912685467787256,-0.13185851571739118,-0.29999999999999716,-0.08595143905805622,-0.3999999999999986,3.623809523809527,4.27193552228682,0,0.0,1.0,0.0,True,24.519212598425195,25.26733741234529,24.612051010131836,21.98678207397461,23.156898498535156,23.811676025390625,24.24333381652832,24.612051010131836,24.964250564575195,25.30516815185547,25.750045776367188,26.496862411499023,25.18866539001465,23.462509155273438,24.149009704589844,24.585371017456055,24.904687881469727,25.18866539001465,25.45369529724121,25.749300003051758,26.108505249023438,26.64723777770996,development
2025-04-09 22:00:00+00:00,43128599999,2025-04-09 06:00:00+00:00,16,25.0,33.0,24.0,23.9,0.6666666666666666,0.7933533402912352,0.6087614290087207,0.9912685467787256,-0.13185851571739118,-0.29999999999999716,-0.07907914143471728,0.10000000000000142,4.123809523809527,4.27193552228682,0,0.0,1.0,0.0,True,24.019212598425195,24.81660981437679,24.36937141418457,21.652217864990234,22.897361755371094,23.560266494750977,24.01806640625,24.36937141418457,24.7203369140625,25.0567684173584,25.515893936157227,26.285404205322266,24.930252075195312,23.212976455688477,23.89284896850586,24.329051971435547,24.662405014038086,24.930252075195312,25.203262329101562,25.482872009277344,25.856287002563477,26.40143585205078,development
2025-04-09 23:00:00+00:00,43128599999,2025-04-09 06:00:00+00:00,17,26.0,33.0,23.0,23.2,0.7083333333333334,0.9238795325112867,0.38268343236508984,0.9912685467787256,-0.13185851571739118,-0.29999999999999716,-0.07275632239069392,-0.1999999999999993,4.823809523809526,4.27193552228682,0,0.0,1.0,0.0,True,23.319212598425196,23.98536867567687,23.911697387695312,21.073322296142578,22.401649475097656,23.102170944213867,23.545059204101562,23.911697387695312,24.24616241455078,24.619808197021484,25.091123580932617,25.890817642211914,24.459228515625,22.690561294555664,23.39900016784668,23.839080810546875,24.17475128173828,24.459228515625,24.73096466064453,25.051044464111328,25.43197250366211,26.015560150146484,development
2025-04-10 00:00:00+00:00,43128599999,2025-04-09 06:00:00+00:00,18,24.0,33.0,21.0,22.8,0.75,0.9914448613738104,0.1305261922200517,0.9912685467787256,-0.13185851571739118,-0.29999999999999716,-0.06693904804452831,-1.8000000000000007,5.223809523809525,4.27193552228682,0,0.0,1.0,0.0,True,22.919212598425197,23.170647602271856,23.443878173828125,20.497875213623047,21.883670806884766,22.607742309570312,23.06763458251953,23.443878173828125,23.795970916748047,24.17132568359375,24.70806312561035,25.486366271972656,24.01487922668457,22.23434066772461,22.944049835205078,23.411136627197266,23.732196807861328,24.01487922668457,24.274961471557617,24.57852554321289,24.97983169555664,25.57073211669922,development
2025-04-10 01:00:00+00:00,43128599999,2025-04-09 06:00:00+00:00,19,23.0,33.0,23.0,23.6,0.7916666666666666,0.9914448613738104,-0.1305261922200516,0.9912685467787256,-0.13185851571739118,-0.29999999999999716,-0.0615868972739722,-0.6000000000000014,4.423809523809524,4.27193552228682,0,0.0,1.0,0.0,True,23.719212598425198,24.14306954907356,23.568222045898438,20.498130798339844,21.988630294799805,22.71495819091797,23.180349349975586,23.568222045898438,23.919923782348633,24.33281707763672,24.87424659729004,25.664791107177734,24.457372665405273,22.624351501464844,23.375953674316406,23.84233856201172,24.171720504760742,24.457372665405273,24.720291137695312,25.039936065673828,25.455835342407227,26.05535888671875,development
2025-04-10 02:00:00+00:00,43128599999,2025-04-09 06:00:00+00:00,20,25.0,33.0,24.0,25.8,0.8333333333333334,0.9238795325112868,-0.3826834323650895,0.9912685467787256,-0.13185851571739118,-0.29999999999999716,-0.056662680851268014,-1.8000000000000007,2.223809523809525,4.27193552228682,0,0.0,1.0,0.0,True,25.919212598425197,26.005352237587605,25.044126510620117,21.84445571899414,23.39482879638672,24.138967514038086,24.632577896118164,25.044126510620117,25.427602767944336,25.855493545532227,26.388729095458984,27.152259826660156,26.208873748779297,24.30535888671875,25.077835083007812,25.551380157470703,25.89174461364746,26.208873748779297,26.50422477722168,26.820302963256836,27.243730545043945,27.843307495117188,development
2025-04-10 03:00:00+00:00,43128599999,2025-04-09 06:00:00+00:00,21,28.0,33.0,28.0,28.5,0.875,0.7933533402912352,-0.6087614290087207,0.9912685467787256,-0.13185851571739118,-0.29999999999999716,-0.05213218303513305,-0.5,-0.4761904761904745,4.27193552228682,0,0.0,1.0,0.0,True,28.619212598425197,28.905510781565916,27.212696075439453,23.855388641357422,25.468952178955078,26.274547576904297,26.78556251525879,27.212696075439453,27.616973876953125,28.051145553588867,28.546873092651367,29.291563034057617,28.558624267578125,26.60763168334961,27.408626556396484,27.902490615844727,28.243085861206055,28.558624267578125,28.851871490478516,29.180721282958984,29.570756912231445,30.18353271484375,development
2025-04-10 04:00:00+00:00,43128599999,2025-04-09 06:00:00+00:00,22,31.0,33.0,30.0,31.4,0.9166666666666666,0.6087614290087209,-0.793353340291235,0.9912685467787256,-0.13185851571739118,-0.29999999999999716,-0.04796392382390772,-1.3999999999999986,-3.376190476190473,4.27193552228682,0,0.0,1.0,0.0,True,31.519212598425195,31.553442057833614,29.376428604125977,25.773656845092773,27.51929473876953,28.38995361328125,28.937028884887695,29.376428604125977,29.803821563720703,30.239065170288086,30.71670913696289,31.42569351196289,31.077672958374023,29.034454345703125,29.878520965576172,30.398941040039062,30.76053237915039,31.077672958374023,31.385717391967773,31.709640502929688,32.11221694946289,32.71061706542969,development
2025-04-10 05:00:00+00:00,43128599999,2025-04-09 06:00:00+00:00,23,31.0,33.0,32.0,34.1,0.9583333333333334,0.3826834323650899,-0.9238795325112867,0.9912685467787256,-0.13185851571739118,-0.29999999999999716,-0.04412894021789262,-2.1000000000000014,-6.076190476190476,4.27193552228682,0,0.0,1.0,0.0,True,34.2192125984252,34.063294551272854,31.5616397857666,27.570947647094727,29.466611862182617,30.436058044433594,31.058120727539062,31.5616397857666,32.029415130615234,32.48405838012695,32.97373962402344,33.69016647338867,33.667236328125,31.444629669189453,32.3553466796875,32.92181396484375,33.30870819091797,33.667236328125,34.00946807861328,34.36201477050781,34.79068374633789,35.41652297973633,development
2025-04-10 06:00:00+00:00,43128599999,2025-04-09 06:00:00+00:00,24,34.0,33.0,33.0,35.5,1.0,0.130526192220052,-0.9914448613738104,0.9912685467787256,-0.13185851571739118,-0.29999999999999716,-0.04060058497098343,-2.5,-7.4761904761904745,4.27193552228682,0,0.0,1.0,0.0,True,35.6192125984252,35.363619308047845,32.69078063964844,28.66459083557129,30.63222885131836,31.595991134643555,32.20934295654297,32.69078063964844,33.12532424926758,33.55017852783203,33.98454666137695,34.62822341918945,35.094783782958984,32.92799758911133,33.854331970214844,34.38779067993164,34.75590515136719,35.094783782958984,35.423789978027344,35.76628494262695,36.16071319580078,36.75584411621094,development
2025-04-10 07:00:00+00:00,43128599999,2025-04-09 06:00:00+00:00,25,,33.0,33.0,35.8,1.0416666666666667,-0.13052619222005177,-0.9914448613738104,0.9912685467787256,-0.13185851571739118,-0.29999999999999716,-0.037354341433236536,-2.799999999999997,-7.776190476190472,4.27193552228682,0,0.0,1.0,0.0,False,35.9192125984252,35.612072191149046,33.344871520996094,28.921926498413086,31.151819229125977,32.195045471191406,32.84099197387695,33.344871520996094,33.7736701965332,34.212825775146484,34.64387512207031,35.31187057495117,35.460182189941406,33.23676681518555,34.17652130126953,34.730831146240234,35.10643005371094,35.460182189941406,35.7916145324707,36.14210510253906,36.55475616455078,37.18202209472656,development
2025-04-10 08:00:00+00:00,43128599999,2025-04-09 06:00:00+00:00,26,,33.0,34.0,36.3,1.0833333333333333,-0.38268343236508967,-0.9238795325112868,0.9912685467787256,-0.13185851571739118,-0.29999999999999716,-0.03436765319780599,-2.299999999999997,-8.276190476190472,4.27193552228682,0,0.0,1.0,0.0,False,36.4192125984252,36.25059037181142,33.907127380371094,28.892093658447266,31.466175079345703,32.631675720214844,33.36486053466797,33.907127380371094,34.364688873291016,34.810157775878906,35.252159118652344,35.9515495300293,36.08660888671875,33.78020095825195,34.75289535522461,35.321388244628906,35.71817398071289,36.08660888671875,36.42146301269531,36.770660400390625,37.20215606689453,37.82744598388672,development
2025-04-10 09:00:00+00:00,43128599999,2025-04-09 06:00:00+00:00,27,35.0,33.0,35.0,36.6,1.125,-0.6087614290087207,-0.7933533402912352,0.9912685467787256,-0.13185851571739118,-0.29999999999999716,-0.031619767368559,-1.6000000000000014,-8.576190476190476,4.27193552228682,0,0.0,1.0,0.0,True,36.7192125984252,36.75178940578524,34.29531478881836,28.753353118896484,31.535137176513672,32.92467498779297,33.72754669189453,34.29531478881836,34.73981857299805,35.21491241455078,35.66096115112305,36.40430450439453,36.77257537841797,34.38634490966797,35.396240234375,35.992958068847656,36.39118194580078,36.77257537841797,37.09794998168945,37.480003356933594,37.90385055541992,38.54571533203125,development
2025-04-10 10:00:00+00:00,43128599999,2025-04-09 06:00:00+00:00,28,36.0,33.0,35.0,36.2,1.1666666666666667,-0.7933533402912349,-0.6087614290087209,0.9912685467787256,-0.13185851571739118,-0.29999999999999716,-0.02909159035932124,-1.2000000000000028,-8.176190476190477,4.27193552228682,0,0.0,1.0,0.0,True,36.3192125984252,36.508603510856645,34.150733947753906,27.76527214050293,30.832406997680664,32.498382568359375,33.49785232543945,34.150733947753906,34.70317840576172,35.23139190673828,35.80434799194336,36.68239212036133,36.53362274169922,34.02262878417969,35.07939147949219,35.71611404418945,36.15162658691406,36.53362274169922,36.9079475402832,37.30618667602539,37.7762336730957,38.47235107421875,development
2025-04-10 11:00:00+00:00,43128599999,2025-04-09 06:00:00+00:00,29,,33.0,34.0,35.4,1.2083333333333333,-0.9238795325112868,-0.3826834323650895,0.9912685467787256,-0.13185851571739118,-0.29999999999999716,-0.02676555522277778,-1.3999999999999986,-7.376190476190473,4.27193552228682,0,0.0,1.0,0.0,False,35.5192125984252,35.75164507940817,33.32460021972656,26.653398513793945,29.819034576416016,31.534908294677734,32.60680389404297,33.32460021972656,33.90806579589844,34.47687530517578,35.119319915771484,36.104244232177734,35.673526763916016,33.156131744384766,34.20600128173828,34.83699035644531,35.2762565612793,35.673526763916016,36.04303741455078,36.43016052246094,36.91014862060547,37.62205123901367,development
2025-04-10 12:00:00+00:00,43128599999,2025-04-09 06:00:00+00:00,30,23.0,33.0,34.0,33.9,1.25,-0.9914448613738104,-0.13052619222005163,0.9912685467787256,-0.13185851571739118,-0.29999999999999716,-0.024625499587169405,0.10000000000000142,-5.876190476190473,4.27193552228682,0,0.0,1.0,0.0,True,34.0192125984252,34.66450488109725,32.307159423828125,25.668045043945312,28.830524444580078,30.50611686706543,31.5550594329834,32.307159423828125,32.95957565307617,33.637733459472656,34.384788513183594,35.500755310058594,34.60927963256836,31.996196746826172,33.06172561645508,33.716209411621094,34.191009521484375,34.60927963256836,34.996639251708984,35.42390441894531,35.934051513671875,36.68498229980469,development
2025-04-10 13:00:00+00:00,43128599999,2025-04-09 06:00:00+00:00,31,25.0,33.0,32.0,31.5,1.2916666666666667,-0.9914448613738105,0.13052619222005127,0.9912685467787256,-0.13185851571739118,-0.29999999999999716,-0.022656553352631916,0.5,-3.4761904761904745,4.27193552228682,0,0.0,1.0,0.0,True,31.619212598425197,32.44895091486014,30.35487937927246,24.46892738342285,27.413738250732422,28.886125564575195,29.741619110107422,30.35487937927246,30.88984489440918,31.473588943481445,32.14033508300781,33.18689727783203,32.33256912231445,29.865737915039062,30.898008346557617,31.518692016601562,31.951759338378906,32.33256912231445,32.68547058105469,33.081398010253906,33.56727981567383,34.30906295776367,development
2025-04-10 14:00:00+00:00,43128599999,2025-04-09 06:00:00+00:00,32,26.0,33.0,30.0,29.7,1.3333333333333333,-0.923879532511287,0.38268343236508917,0.9912685467787256,-0.13185851571739118,-0.29999999999999716,-0.020845035366840264,0.3000000000000007,-1.6761904761904738,4.27193552228682,0,0.0,1.0,0.0,True,29.819212598425196,30.698452456553202,28.677642822265625,23.30071449279785,26.025226593017578,27.335948944091797,28.105287551879883,28.677642822265625,29.186330795288086,29.7294979095459,30.37873077392578,31.43578338623047,30.33005714416504,27.93174934387207,28.920726776123047,29.517118453979492,29.951419830322266,30.33005714416504,30.686920166015625,31.07085418701172,31.53683853149414,32.25999450683594,development
2025-04-10 15:00:00+00:00,43128599999,2025-04-09 06:00:00+00:00,33,24.0,33.0,30.0,28.3,1.375,-0.7933533402912357,0.6087614290087199,0.9912685467787256,-0.13185851571739118,-0.29999999999999716,-0.01917835836201209,1.6999999999999993,-0.2761904761904752,4.27193552228682,0,0.0,1.0,0.0,True,28.419212598425197,29.674807625464332,27.543251037597656,22.585250854492188,25.120677947998047,26.292661666870117,27.001487731933594,27.543251037597656,28.036937713623047,28.55893898010254,29.213167190551758,30.266794204711914,28.873048782348633,26.50043296813965,27.486160278320312,28.065296173095703,28.4989013671875,28.873048782348633,29.223398208618164,29.592300415039062,30.049983978271484,30.764816284179688,development
2025-04-10 16:00:00+00:00,43128599999,2025-04-09 06:00:00+00:00,34,24.0,33.0,28.0,27.3,1.4166666666666667,-0.6087614290087209,0.7933533402912349,0.9912685467787256,-0.13185851571739118,-0.29999999999999716,-0.017644941492728796,0.6999999999999993,0.7238095238095248,4.27193552228682,0,0.0,1.0,0.0,True,27.419212598425197,28.52554381223538,26.816787719726562,22.120149612426758,24.553482055664062,25.633241653442383,26.30225372314453,26.816787719726562,27.312707901000977,27.820764541625977,28.470129013061523,29.50079345703125,27.871450424194336,25.554039001464844,26.516342163085938,27.08436393737793,27.520322799682617,27.871450424194336,28.226438522338867,28.58517074584961,29.04100227355957,29.737472534179688,development
2025-04-10 17:00:00+00:00,43128599999,2025-04-09 06:00:00+00:00,35,25.0,33.0,28.0,27.2,1.4583333333333333,-0.38268343236508956,0.9238795325112868,0.9912685467787256,-0.13185851571739118,-0.29999999999999716,-0.016234129866846327,0.8000000000000007,0.8238095238095262,4.27193552228682,0,0.0,1.0,0.0,True,27.319212598425196,28.48656710568609,26.168289184570312,21.665470123291016,23.980270385742188,25.00754737854004,25.629371643066406,26.168289184570312,26.636430740356445,27.15780258178711,27.760337829589844,28.774553298950195,27.44409942626953,25.19289779663086,26.11609649658203,26.683977127075195,27.077119827270508,27.44409942626953,27.776201248168945,28.15612030029297,28.581647872924805,29.235061645507812,development
2025-04-10 18:00:00+00:00,43128599999,2025-04-09 06:00:00+00:00,36,25.0,33.0,27.0,26.4,1.5,-0.13052619222005168,0.9914448613738104,0.9912685467787256,-0.13185851571739118,-0.29999999999999716,-0.014936120510359042,0.6000000000000014,1.623809523809527,4.27193552228682,0,0.0,1.0,0.0,True,26.519212598425195,27.665999516620477,25.629131317138672,21.24713897705078,23.531396865844727,24.48042106628418,25.111623764038086,25.629131317138672,26.11469268798828,26.611804962158203,27.20902442932129,28.226572036743164,26.862606048583984,24.653451919555664,25.57158660888672,26.102752685546875,26.503524780273438,26.862606048583984,27.201845169067383,27.557947158813477,27.985671997070312,28.649431228637695,development
2025-04-10 19:00:00+00:00,43128599999,2025-04-09 06:00:00+00:00,37,24.0,33.0,26.0,25.1,1.5416666666666667,0.13052619222005157,0.9914448613738104,0.9888537064205885,-0.1488903868564548,-0.29999999999999716,-0.013741894251786312,0.8999999999999986,2.923809523809524,4.27193552228682,0,0.0,1.0,0.0,True,25.219212598425198,26.469657344603025,25.110855102539062,20.850215911865234,23.064558029174805,23.968355178833008,24.598360061645508,25.110855102539062,25.57100486755371,26.054838180541992,26.619436264038086,27.604663848876953,26.10953712463379,23.8799991607666,24.808727264404297,25.337251663208008,25.750648498535156,26.10953712463379,26.447072982788086,26.81145668029785,27.235322952270508,27.895219802856445,development
2025-04-10 20:00:00+00:00,43128599999,2025-04-09 06:00:00+00:00,38,23.0,33.0,25.0,25.2,1.5833333333333333,0.3826834323650898,0.9238795325112867,0.9888537064205885,-0.1488903868564548,-0.29999999999999716,-0.012643153052782801,-0.1999999999999993,2.823809523809526,4.27193552228682,0,0.0,1.0,0.0,True,25.319212598425196,26.310631612594833,24.850509643554688,20.596452713012695,22.791446685791016,23.725168228149414,24.336082458496094,24.850509643554688,25.314306259155273,25.79564094543457,26.335723876953125,27.307392120361328,25.963552474975586,23.736299514770508,24.66257095336914,25.20648956298828,25.607271194458008,25.963552474975586,26.296640396118164,26.667051315307617,27.077470779418945,27.738792419433594,development
2025-04-10 21:00:00+00:00,43128599999,2025-04-09 06:00:00+00:00,39,23.0,33.0,24.0,25.4,1.625,0.6087614290087207,0.7933533402912352,0.9888537064205885,-0.1488903868564548,-0.29999999999999716,-0.011632262349516493,-1.3999999999999986,2.623809523809527,4.27193552228682,0,0.0,1.0,0.0,True,25.519212598425195,26.21045466274541,24.50226593017578,20.213916778564453,22.411849975585938,23.366456985473633,23.995271682739258,24.50226593017578,24.93309783935547,25.392187118530273,25.95671272277832,26.953746795654297,25.717004776000977,23.44286346435547,24.39107894897461,24.931949615478516,25.359066009521484,25.717004776000977,26.04290199279785,26.402896881103516,26.840871810913086,27.519201278686523,development
2025-04-10 22:00:00+00:00,43128599999,2025-04-09 06:00:00+00:00,40,23.0,33.0,24.0,24.6,1.6666666666666667,0.7933533402912352,0.6087614290087207,0.9888537064205885,-0.1488903868564548,-0.29999999999999716,-0.010702198004175618,-0.6000000000000014,3.423809523809524,4.27193552228682,0,0.0,1.0,0.0,True,24.719212598425198,25.522543064877535,24.11699676513672,19.773643493652344,22.000934600830078,22.989774703979492,23.605113983154297,24.11699676513672,24.532886505126953,24.9907283782959,25.566930770874023,26.596851348876953,25.22222900390625,22.911712646484375,23.880157470703125,24.447216033935547,24.86233139038086,25.22222900390625,25.546804428100586,25.912385940551758,26.36095428466797,27.089763641357422,development
2025-04-10 23:00:00+00:00,43128599999,2025-04-09 06:00:00+00:00,41,22.0,33.0,23.0,25.3,1.7083333333333333,0.9238795325112867,0.38268343236508984,0.9888537064205885,-0.1488903868564548,-0.29999999999999716,-0.009846497497998869,-2.3000000000000007,2.723809523809525,4.27193552228682,0,0.0,1.0,0.0,True,25.419212598425197,25.786299876452116,23.642929077148438,19.23858642578125,21.554800033569336,22.563819885253906,23.174697875976562,23.642929077148438,24.051040649414062,24.519697189331055,25.110671997070312,26.14557456970215,25.054494857788086,22.681440353393555,23.703292846679688,24.27924346923828,24.700897216796875,25.054494857788086,25.392738342285156,25.771133422851562,26.24587631225586,26.98969841003418,development
2025-04-11 00:00:00+00:00,43128599999,2025-04-09 06:00:00+00:00,42,22.0,33.0,21.0,24.9,1.75,0.9914448613738104,0.1305261922200517,0.9888537064205885,-0.1488903868564548,-0.29999999999999716,-0.009059215026695464,-3.8999999999999986,3.123809523809527,4.27193552228682,0,0.0,1.0,0.0,True,25.019212598425195,24.969781702905976,23.29414176940918,18.85222625732422,21.192520141601562,22.196834564208984,22.816478729248047,23.29414176940918,23.73261260986328,24.220840454101562,24.844627380371094,25.896303176879883,24.50200843811035,22.12904930114746,23.151817321777344,23.72270393371582,24.14873695373535,24.50200843811035,24.848419189453125,25.233291625976562,25.70351219177246,26.47900390625,development
2025-04-11 01:00:00+00:00,43128599999,2025-04-09 06:00:00+00:00,43,22.0,33.0,23.0,24.6,1.7916666666666667,0.9914448613738104,-0.1305261922200516,0.9888537064205885,-0.1488903868564548,-0.29999999999999716,-0.008334880186237197,-1.6000000000000014,3.423809523809524,4.27193552228682,0,0.0,1.0,0.0,True,24.719212598425198,25.078659988999735,23.467206954956055,18.938365936279297,21.310569763183594,22.362916946411133,22.968700408935547,23.467206954956055,23.938125610351562,24.438199996948242,25.073318481445312,26.162992477416992,24.545095443725586,22.096275329589844,23.13504981994629,23.7520751953125,24.16214942932129,24.545095443725586,24.909284591674805,25.312564849853516,25.792936325073242,26.616994857788086,development
2025-04-11 02:00:00+00:00,43128599999,2025-04-09 06:00:00+00:00,44,23.0,33.0,24.0,26.0,1.8333333333333333,0.9238795325112868,-0.3826834323650895,0.9888537064205885,-0.1488903868564548,-0.29999999999999716,-0.007668459961952148,-2.0,2.0238095238095255,4.27193552228682,0,0.0,1.0,0.0,True,26.119212598425197,26.312592193260656,24.658859252929688,20.032012939453125,22.425952911376953,23.50005340576172,24.130664825439453,24.658859252929688,25.171039581298828,25.690696716308594,26.348533630371094,27.393360137939453,25.972322463989258,23.502681732177734,24.565462112426758,25.170310974121094,25.595413208007812,25.972322463989258,26.35496711730957,26.75497055053711,27.237430572509766,28.035856246948242,development
2025-04-11 03:00:00+00:00,43128599999,2025-04-09 06:00:00+00:00,45,26.0,33.0,28.0,28.2,1.875,0.7933533402912352,-0.6087614290087207,0.9888537064205885,-0.1488903868564548,-0.29999999999999716,-0.007055323756802665,-0.1999999999999993,-0.1761904761904738,4.27193552228682,0,0.0,1.0,0.0,True,28.319212598425196,28.81958285935063,26.936351776123047,22.196237564086914,24.647994995117188,25.743013381958008,26.38592529296875,26.936351776123047,27.47223663330078,28.001047134399414,28.63117790222168,29.614505767822266,28.331003189086914,25.753742218017578,26.82513427734375,27.471664428710938,27.926164627075195,28.331003189086914,28.718204498291016,29.13458251953125,29.62839698791504,30.430349349975586,development
2025-04-11 04:00:00+00:00,43128599999,2025-04-09 06:00:00+00:00,46,28.0,33.0,30.0,30.3,1.9166666666666667,0.6087614290087209,-0.793353340291235,0.9888537064205885,-0.1488903868564548,-0.29999999999999716,-0.006491211215847865,-0.3000000000000007,-2.276190476190475,4.27193552228682,0,0.0,1.0,0.0,True,30.419212598425197,30.839397185273107,29.134498596191406,24.32441520690918,26.845783233642578,27.9478702545166,28.56915283203125,29.134498596191406,29.63427734375,30.13922119140625,30.686491012573242,31.588401794433594,30.493419647216797,27.87449836730957,28.977205276489258,29.635051727294922,30.074710845947266,30.493419647216797,30.870655059814453,31.272207260131836,31.7548770904541,32.550392150878906,development
2025-04-11 05:00:00+00:00,43128599999,2025-04-09 06:00:00+00:00,47,30.0,33.0,32.0,33.0,1.9583333333333333,0.3826834323650899,-0.9238795325112867,0.9888537064205885,-0.1488903868564548,-0.29999999999999716,-0.0059722026233200495,-1.0,-4.9761904761904745,4.27193552228682,0,0.0,1.0,0.0,True,33.1192125984252,33.34806495728278,31.060230255126953,25.913917541503906,28.632781982421875,29.797029495239258,30.481204986572266,31.060230255126953,31.619333267211914,32.13190841674805,32.692806243896484,33.599483489990234,32.93492126464844,30.102108001708984,31.287425994873047,31.965280532836914,32.486541748046875,32.93492126464844,33.36404037475586,33.80467987060547,34.32817459106445,35.174068450927734,development
2025-04-11 06:00:00+00:00,43128599999,2025-04-09 06:00:00+00:00,48,31.0,33.0,33.0,35.3,2.0,0.130526192220052,-0.9914448613738104,0.9888537064205885,-0.1488903868564548,-0.29999999999999716,-0.005494691666620201,-2.299999999999997,-7.276190476190472,4.27193552228682,0,0.0,1.0,0.0,True,35.4192125984252,35.35248264852771,32.19363021850586,26.889995574951172,29.74295425415039,30.958385467529297,31.648263931274414,32.19363021850586,32.70763397216797,33.188255310058594,33.69414138793945,34.52410125732422,34.09774398803711,31.184877395629883,32.40155792236328,33.10680389404297,33.64127731323242,34.09774398803711,34.53984069824219,34.978919982910156,35.50935745239258,36.36518478393555,development
2025-04-09 07:00:00+00:00,43279099999,2025-04-09 06:00:00+00:00,1,34.0,33.0,34.0,35.0,0.041666666666666664,-0.13052619222005177,-0.9914448613738104,0.9933900548258936,-0.11478762552212701,-2.1000000000000014,-1.9320932707215803,-1.0,-4.767857142857142,1.972951663195559,0,0.0,0.0,1.0,True,36.03820870994248,35.13818316956768,33.46699523925781,32.561073303222656,32.909366607666016,33.13397979736328,33.30739212036133,33.46699523925781,33.62750244140625,33.79084777832031,33.984458923339844,34.29090118408203,33.490684509277344,32.697879791259766,32.98160934448242,33.1846923828125,33.34226608276367,33.490684509277344,33.64311981201172,33.8050651550293,33.999755859375,34.30966567993164,development
2025-04-09 08:00:00+00:00,43279099999,2025-04-09 06:00:00+00:00,2,34.0,33.0,34.0,34.3,0.08333333333333333,-0.38268343236508967,-0.9238795325112868,0.9933900548258936,-0.11478762552212701,-2.1000000000000014,-1.777611622270291,-0.29999999999999716,-4.0678571428571395,1.972951663195559,0,0.0,0.0,1.0,True,35.33820870994248,34.67863530602145,33.64841079711914,32.4665641784668,32.92417907714844,33.21678924560547,33.44010543823242,33.64841079711914,33.85200119018555,34.07698059082031,34.34665298461914,34.740543365478516,33.47159194946289,32.550437927246094,32.88770294189453,33.11521530151367,33.30527114868164,33.47159194946289,33.6386604309082,33.83126449584961,34.06507873535156,34.427520751953125,development
2025-04-09 09:00:00+00:00,43279099999,2025-04-09 06:00:00+00:00,3,34.0,33.0,34.0,34.4,0.125,-0.6087614290087207,-0.7933533402912352,0.9933900548258936,-0.11478762552212701,-2.1000000000000014,-1.6354816444499514,-0.3999999999999986,-4.167857142857141,1.972951663195559,0,0.0,0.0,1.0,True,35.43820870994248,34.86097723698871,33.48141098022461,32.126853942871094,32.65456008911133,32.994441986083984,33.24849319458008,33.48141098022461,33.72201919555664,33.9719123840332,34.26494598388672,34.72064208984375,33.4158821105957,32.43536376953125,32.8031120300293,33.05268859863281,33.245731353759766,33.4158821105957,33.60116195678711,33.798980712890625,34.03619384765625,34.42654037475586,development
2025-04-09 10:00:00+00:00,43279099999,2025-04-09 06:00:00+00:00,4,33.0,33.0,33.0,33.6,0.16666666666666666,-0.7933533402912349,-0.6087614290087209,0.9933900548258936,-0.11478762552212701,-2.1000000000000014,-1.5047157522049586,-0.6000000000000014,-3.3678571428571438,1.972951663195559,0,0.0,0.0,1.0,True,34.63820870994248,34.13824529219232,33.01396942138672,31.629566192626953,32.167354583740234,32.49740982055664,32.77253341674805,33.01396942138672,33.257118225097656,33.53109359741211,33.863101959228516,34.35725402832031,33.10050582885742,32.12529373168945,32.505489349365234,32.73601150512695,32.93113327026367,33.10050582885742,33.27947998046875,33.484886169433594,33.72758483886719,34.13507080078125,development
2025-04-09 11:00:00+00:00,43279099999,2025-04-09 06:00:00+00:00,5,33.0,33.0,33.0,32.4,0.20833333333333334,-0.9238795325112868,-0.3826834323650895,0.9933900548258936,-0.11478762552212701,-2.1000000000000014,-1.3844053234209328,0.6000000000000014,-2.167857142857141,1.972951663195559,0,0.0,0.0,1.0,True,33.43820870994248,33.3219731221625,32.463905334472656,31.107389450073242,31.63191032409668,31.96068000793457,32.2253532409668,32.463905334472656,32.70353698730469,32.98615264892578,33.31242752075195,33.80179977416992,32.489471435546875,31.552581787109375,31.9169921875,32.14535903930664,32.324039459228516,32.489471435546875,32.65485382080078,32.85686492919922,33.09467697143555,33.48184585571289,development
2025-04-09 12:00:00+00:00,43279099999,2025-04-09 06:00:00+00:00,6,31.0,33.0,32.0,31.1,0.25,-0.9914448613738104,-0.13052619222005163,0.9933900548258936,-0.11478762552212701,-2.1000000000000014,-1.2737143853965311,0.8999999999999986,-0.8678571428571438,1.972951663195559,0,0.0,0.0,1.0,True,32.13820870994248,32.21837517631505,31.626110076904297,30.340408325195312,30.83470916748047,31.13852882385254,31.398345947265625,31.626110076904297,31.864727020263672,32.116920471191406,32.43447494506836,32.90037155151367,31.66053009033203,30.77774429321289,31.119476318359375,31.333513259887695,31.512901306152344,31.66053009033203,31.82194709777832,32.00669860839844,32.24052047729492,32.59917449951172,development
2025-04-09 13:00:00+00:00,43279099999,2025-04-09 06:00:00+00:00,7,30.0,33.0,31.0,30.0,0.2916666666666667,-0.9914448613738105,0.13052619222005127,0.9933900548258936,-0.11478762552212701,-2.1000000000000014,-1.1718738061170997,1.0,0.23214285714285765,1.972951663195559,0,0.0,0.0,1.0,True,31.03820870994248,31.26904840231446,30.691431045532227,29.514028549194336,29.98452377319336,30.260173797607422,30.469173431396484,30.691431045532227,30.926029205322266,31.15947914123535,31.440311431884766,31.891082763671875,30.791854858398438,29.96366310119629,30.297433853149414,30.4948787689209,30.653066635131836,30.791854858398438,30.95118522644043,31.120555877685547,31.324298858642578,31.68231773376465,development
2025-04-09 14:00:00+00:00,43279099999,2025-04-09 06:00:00+00:00,8,30.0,33.0,30.0,29.5,0.3333333333333333,-0.923879532511287,0.38268343236508917,0.9933900548258936,-0.11478762552212701,-2.1000000000000014,-1.078175949968444,0.5,0.7321428571428577,1.972951663195559,0,0.0,0.0,1.0,True,30.53820870994248,30.78192417446668,30.109088897705078,29.04205322265625,29.47807502746582,29.716981887817383,29.911426544189453,30.109088897705078,30.31259536743164,30.53175163269043,30.791866302490234,31.211862564086914,30.213577270507812,29.423171997070312,29.745567321777344,29.93364143371582,30.081684112548828,30.213577270507812,30.352190017700195,30.50507354736328,30.69668197631836,31.022708892822266,development
2025-04-09 15:00:00+00:00,43279099999,2025-04-09 06:00:00+00:00,9,30.0,33.0,30.0,29.1,0.375,-0.7933533402912357,0.6087614290087199,0.9933900548258936,-0.11478762552212701,-2.1000000000000014,-0.9919697607561315,0.8999999999999986,1.1321428571428562,1.972951663195559,0,0.0,0.0,1.0,True,30.138208709942482,30.57201995199317,29.766769409179688,28.796733856201172,29.180883407592773,29.4063777923584,29.58872413635254,29.766769409179688,29.948089599609375,30.143632888793945,30.378942489624023,30.7833194732666,29.92465591430664,29.178205490112305,29.47420310974121,29.66332244873047,29.79905128479004,29.92465591430664,30.052417755126953,30.19232749938965,30.38024139404297,30.692455291748047,development
2025-04-09 16:00:00+00:00,43279099999,2025-04-09 06:00:00+00:00,10,29.0,33.0,30.0,28.9,0.4166666666666667,-0.6087614290087209,0.7933533402912349,0.9933900548258936,-0.11478762552212701,-2.1000000000000014,-0.9126562378648648,1.1000000000000014,1.332142857142859,1.972951663195559,0,0.0,0.0,1.0,True,29.93820870994248,30.501270036138163,29.580183029174805,28.659351348876953,29.018653869628906,29.243650436401367,29.423114776611328,29.580183029174805,29.74730110168457,29.937288284301758,30.142576217651367,30.504669189453125,29.68670654296875,28.959230422973633,29.247562408447266,29.429794311523438,29.56837272644043,29.68670654296875,29.81096076965332,29.94629669189453,30.12702751159668,30.41807746887207,development
2025-04-09 17:00:00+00:00,43279099999,2025-04-09 06:00:00+00:00,11,29.0,33.0,29.0,28.5,0.4583333333333333,-0.38268343236508956,0.9238795325112868,0.9933900548258936,-0.11478762552212701,-2.1000000000000014,-0.83968427412418,0.5,1.7321428571428577,1.972951663195559,0,0.0,0.0,1.0,True,29.53820870994248,30.040851709253868,29.441076278686523,28.551862716674805,28.91027069091797,29.124847412109375,29.276887893676758,29.441076278686523,29.6090145111084,29.7690486907959,29.972496032714844,30.319549560546875,29.576284408569336,28.84424591064453,29.149934768676758,29.323894500732422,29.449129104614258,29.576284408569336,29.70010757446289,29.835458755493164,30.016847610473633,30.298250198364258,development
2025-04-09 18:00:00+00:00,43279099999,2025-04-09 06:00:00+00:00,12,29.0,33.0,30.0,27.9,0.5,-0.13052619222005168,0.9914448613738104,0.9933900548258936,-0.11478762552212701,-2.1000000000000014,-0.7725468264600295,2.1000000000000014,2.332142857142859,1.972951663195559,0,0.0,0.0,1.0,True,28.93820870994248,29.824409938385177,29.335525512695312,28.446552276611328,28.801191329956055,29.01445198059082,29.173831939697266,29.335525512695312,29.492910385131836,29.656448364257812,29.848426818847656,30.19154930114746,29.40024757385254,28.660015106201172,28.964323043823242,29.1451416015625,29.275493621826172,29.40024757385254,29.529422760009766,29.673259735107422,29.84657859802246,30.136503219604492,development
2025-04-09 19:00:00+00:00,43279099999,2025-04-09 06:00:00+00:00,13,29.0,33.0,29.0,27.2,0.5416666666666666,0.13052619222005157,0.9914448613738104,0.9912685467787256,-0.13185851571739118,-2.1000000000000014,-0.7107773927241591,1.8000000000000007,3.0321428571428584,1.972951663195559,0,0.0,0.0,1.0,True,28.23820870994248,29.119381186574326,29.164264678955078,28.217256546020508,28.591333389282227,28.81990623474121,28.993206024169922,29.164264678955078,29.319019317626953,29.496763229370117,29.682270050048828,30.014423370361328,29.03221321105957,28.258037567138672,28.570384979248047,28.75716781616211,28.894023895263672,29.03221321105957,29.157672882080078,29.30037498474121,29.47557258605957,29.76131248474121,development
2025-04-09 20:00:00+00:00,43279099999,2025-04-09 06:00:00+00:00,14,29.0,33.0,29.0,26.6,0.5833333333333334,0.3826834323650898,0.9238795325112867,0.9912685467787256,-0.13185851571739118,-2.1000000000000014,-0.6539467702206556,2.3999999999999986,3.6321428571428562,1.972951663195559,0,0.0,0.0,1.0,True,27.638208709942482,28.643739351489263,29.065195083618164,28.1024169921875,28.480318069458008,28.736507415771484,28.901092529296875,29.065195083618164,29.22521209716797,29.40215492248535,29.59589195251465,29.93509864807129,28.72137451171875,27.895889282226562,28.240190505981445,28.45233917236328,28.587486267089844,28.72137451171875,28.847978591918945,29.00738525390625,29.186796188354492,29.502737045288086,development
2025-04-09 21:00:00+00:00,43279099999,2025-04-09 06:00:00+00:00,15,28.0,33.0,29.0,26.1,0.625,0.6087614290087207,0.7933533402912352,0.9912685467787256,-0.13185851571739118,-2.1000000000000014,-0.6016600734063996,2.8999999999999986,4.132142857142856,1.972951663195559,0,0.0,0.0,1.0,True,27.138208709942482,28.22535424562166,28.857187271118164,27.823280334472656,28.236431121826172,28.500844955444336,28.69140625,28.857187271118164,29.03706932067871,29.2182559967041,29.42803192138672,29.766765594482422,28.406078338623047,27.5236873626709,27.88607406616211,28.103239059448242,28.265792846679688,28.406078338623047,28.550500869750977,28.708274841308594,28.906566619873047,29.229576110839844,development
2025-04-09 22:00:00+00:00,43279099999,2025-04-09 06:00:00+00:00,16,28.0,33.0,28.0,25.9,0.6666666666666666,0.7933533402912352,0.6087614290087207,0.9912685467787256,-0.13185851571739118,-2.1000000000000014,-0.5535539900430266,2.1000000000000014,4.332142857142859,1.972951663195559,0,0.0,0.0,1.0,True,26.93820870994248,27.812471712314807,28.573562622070312,27.490991592407227,27.923873901367188,28.202964782714844,28.40400505065918,28.573562622070312,28.76175308227539,28.954578399658203,29.172992706298828,29.52682876586914,28.161861419677734,27.25237464904785,27.628293991088867,27.8577938079834,28.025615692138672,28.161861419677734,28.30699348449707,28.46746063232422,28.6738338470459,29.022687911987305,development
2025-04-09 23:00:00+00:00,43279099999,2025-04-09 06:00:00+00:00,17,27.0,33.0,28.0,25.6,0.7083333333333334,0.9238795325112867,0.38268343236508984,0.9912685467787256,-0.13185851571739118,-2.1000000000000014,-0.5092942567348626,2.3999999999999986,4.632142857142856,1.972951663195559,0,0.0,0.0,1.0,True,26.638208709942482,27.520146987800196,28.3625545501709,27.180931091308594,27.655988693237305,27.946735382080078,28.1720027923584,28.3625545501709,28.557340621948242,28.774757385253906,29.011661529541016,29.379735946655273,27.89637565612793,26.91767120361328,27.330360412597656,27.563182830810547,27.74739646911621,27.89637565612793,28.042816162109375,28.22274398803711,28.446496963500977,28.82555389404297,development
2025-04-10 00:00:00+00:00,43279099999,2025-04-09 06:00:00+00:00,18,27.0,33.0,28.0,25.2,0.75,0.9914448613738104,0.1305261922200517,0.9912685467787256,-0.13185851571739118,-2.1000000000000014,-0.46857333631170295,2.8000000000000007,5.032142857142858,1.972951663195559,0,0.0,0.0,1.0,True,26.23820870994248,27.141791769230533,28.230199813842773,26.979114532470703,27.474592208862305,27.796247482299805,28.027990341186523,28.230199813842773,28.44180679321289,28.668895721435547,28.9300537109375,29.302034378051758,27.684101104736328,26.628150939941406,27.067455291748047,27.332595825195312,27.522907257080078,27.684101104736328,27.837905883789062,28.024641036987305,28.275001525878906,28.695249557495117,development
2025-04-10 01:00:00+00:00,43279099999,2025-04-09 06:00:00+00:00,19,27.0,33.0,28.0,25.3,0.7916666666666666,0.9914448613738104,-0.1305261922200516,0.9912685467787256,-0.13185851571739118,-2.1000000000000014,-0.4311082809178098,2.6999999999999993,4.932142857142857,1.972951663195559,0,0.0,0.0,1.0,True,26.33820870994248,27.15331571699037,28.143125534057617,26.816957473754883,27.34756088256836,27.67452621459961,27.926836013793945,28.143125534057617,28.357685089111328,28.601884841918945,28.883943557739258,29.27994728088379,27.71636390686035,26.581579208374023,27.066495895385742,27.34018325805664,27.546306610107422,27.71636390686035,27.88296127319336,28.085102081298828,28.359037399291992,28.814054489135742,development
2025-04-10 02:00:00+00:00,43279099999,2025-04-09 06:00:00+00:00,20,29.0,33.0,29.0,27.4,0.8333333333333334,0.9238795325112868,-0.3826834323650895,0.9912685467787256,-0.13185851571739118,-2.1000000000000014,-0.3966387659588801,1.6000000000000014,2.832142857142859,1.972951663195559,0,0.0,0.0,1.0,True,28.43820870994248,28.947800600589133,28.493263244628906,27.04574966430664,27.61004066467285,27.961803436279297,28.238285064697266,28.493263244628906,28.729045867919922,29.002294540405273,29.293546676635742,29.713741302490234,28.441991806030273,27.135976791381836,27.67002296447754,27.981054306030273,28.2216739654541,28.441991806030273,28.646963119506836,28.88037872314453,29.19085121154785,29.70030975341797,development
2025-04-10 03:00:00+00:00,43279099999,2025-04-09 06:00:00+00:00,21,30.0,33.0,30.0,30.3,0.875,0.7933533402912352,-0.6087614290087207,0.9912685467787256,-0.13185851571739118,-2.1000000000000014,-0.36492528124593504,-0.3000000000000007,-0.06785714285714306,1.972951663195559,0,0.0,0.0,1.0,True,31.33820870994248,31.378534937014074,29.23646354675293,27.7192325592041,28.308706283569336,28.680700302124023,28.981252670288086,29.23646354675293,29.48853874206543,29.780704498291016,30.084583282470703,30.521488189697266,29.910266876220703,28.576066970825195,29.130781173706055,29.455904006958008,29.69734001159668,29.910266876220703,30.111478805541992,30.35236358642578,30.65131950378418,31.174789428710938,development
2025-04-10 04:00:00+00:00,43279099999,2025-04-09 06:00:00+00:00,22,32.0,33.0,31.0,33.5,0.9166666666666666,0.6087614290087209,-0.793353340291235,0.9912685467787256,-0.13185851571739118,-2.1000000000000014,-0.33574746676735745,-2.5,-3.2678571428571423,1.972951663195559,0,0.0,0.0,1.0,True,34.53820870994248,34.05851473441068,30.039411544799805,28.442378997802734,29.05356788635254,29.449169158935547,29.7656307220459,30.039411544799805,30.307859420776367,30.611215591430664,30.92990493774414,31.38606071472168,31.755901336669922,29.927934646606445,30.638961791992188,31.082759857177734,31.436613082885742,31.755901336669922,32.06536102294922,32.400630950927734,32.82259750366211,33.49327087402344,development
2025-04-10 05:00:00+00:00,43279099999,2025-04-09 06:00:00+00:00,23,33.0,33.0,33.0,36.0,0.9583333333333334,0.3826834323650899,-0.9238795325112867,0.9912685467787256,-0.13185851571739118,-2.1000000000000014,-0.30890258152525146,-3.0,-5.767857142857142,1.972951663195559,0,0.0,0.0,1.0,True,37.03820870994248,36.41988081730366,30.933835983276367,29.134611129760742,29.80926513671875,30.255016326904297,30.613277435302734,30.933835983276367,31.237838745117188,31.573163986206055,31.938127517700195,32.446388244628906,33.393367767333984,31.346315383911133,32.142940521240234,32.64214324951172,33.036598205566406,33.393367767333984,33.73652267456055,34.11518096923828,34.601165771484375,35.358856201171875,development
2025-04-10 06:00:00+00:00,43279099999,2025-04-09 06:00:00+00:00,24,35.0,33.0,33.0,37.7,1.0,0.130526192220052,-0.9914448613738104,0.9912685467787256,-0.13185851571739118,-2.1000000000000014,-0.28420409479688685,-4.700000000000003,-7.467857142857145,1.972951663195559,0,0.0,0.0,1.0,True,38.738208709942484,37.7508823575986,31.605865478515625,29.661245346069336,30.40973472595215,30.878154754638672,31.27005958557129,31.605865478515625,31.946348190307617,32.30598449707031,32.69620132446289,33.25046157836914,34.21748352050781,32.01515579223633,32.8675651550293,33.38966369628906,33.824825286865234,34.21748352050781,34.618553161621094,35.048675537109375,35.566261291503906,36.38376235961914,development
2025-04-10 07:00:00+00:00,43279099999,2025-04-09 06:00:00+00:00,25,36.0,33.0,34.0,37.5,1.0416666666666667,-0.13052619222005177,-0.9914448613738104,0.9912685467787256,-0.13185851571739118,-2.1000000000000014,-0.2614803900326584,-3.5,-7.267857142857142,1.972951663195559,0,0.0,0.0,1.0,True,38.53820870994248,37.826473587054096,32.101478576660156,29.97539520263672,30.785795211791992,31.301158905029297,31.71959686279297,32.101478576660156,32.46396255493164,32.87056350708008,33.30513381958008,33.92728805541992,34.48590087890625,32.317073822021484,33.14673614501953,33.6645622253418,34.08637237548828,34.48590087890625,34.87546157836914,35.29825210571289,35.815574645996094,36.64841079711914,development
2025-04-10 08:00:00+00:00,43279099999,2025-04-09 06:00:00+00:00,26,37.0,33.0,34.0,35.4,1.0833333333333333,-0.38268343236508967,-0.9238795325112868,0.9912685467787256,-0.13185851571739118,-2.1000000000000014,-0.24057357238464439,-1.3999999999999986,-5.167857142857141,1.972951663195559,0,0.0,0.0,1.0,True,36.43820870994248,36.22225129005031,32.34193801879883,30.162479400634766,31.00414276123047,31.535018920898438,31.967517852783203,32.34193801879883,32.70195770263672,33.097286224365234,33.52842712402344,34.1580810546875,34.1952018737793,32.23583984375,32.992156982421875,33.46619415283203,33.853572845458984,34.1952018737793,34.52457046508789,34.90003967285156,35.392635345458984,36.184757232666016,development
2025-04-10 09:00:00+00:00,43279099999,2025-04-09 06:00:00+00:00,27,36.0,33.0,34.0,35.0,1.125,-0.6087614290087207,-0.7933533402912352,0.9912685467787256,-0.13185851571739118,-2.1000000000000014,-0.22133837157991526,-1.0,-4.767857142857142,1.972951663195559,0,0.0,0.0,1.0,True,36.03820870994248,35.96891745537653,32.24774932861328,29.999813079833984,30.85918426513672,31.423614501953125,31.866525650024414,32.24774932861328,32.621124267578125,33.03407287597656,33.47474670410156,34.1240234375,33.85850524902344,31.955312728881836,32.6884765625,33.14573669433594,33.515560150146484,33.85850524902344,34.1894416809082,34.5817985534668,35.07273864746094,35.845767974853516,development
2025-04-10 10:00:00+00:00,43279099999,2025-04-09 06:00:00+00:00,28,35.0,33.0,33.0,35.0,1.1666666666666667,-0.7933533402912349,-0.6087614290087209,0.9912685467787256,-0.13185851571739118,-2.1000000000000014,-0.20364113251525076,-2.0,-4.767857142857142,1.972951663195559,0,0.0,0.0,1.0,True,36.03820870994248,35.8326179591821,32.04364013671875,29.853944778442383,30.699647903442383,31.255102157592773,31.68379020690918,32.04364013671875,32.40650939941406,32.79629135131836,33.230403900146484,33.86248016357422,33.73793029785156,31.998760223388672,32.69485092163086,33.10956573486328,33.442138671875,33.73793029785156,34.043704986572266,34.40134811401367,34.86383056640625,35.59842300415039,development
2025-04-10 11:00:00+00:00,43279099999,2025-04-09 06:00:00+00:00,29,34.0,33.0,33.0,33.6,1.2083333333333333,-0.9238795325112868,-0.3826834323650895,0.9912685467787256,-0.13185851571739118,-2.1000000000000014,-0.18735888655944635,-0.6000000000000014,-3.3678571428571438,1.972951663195559,0,0.0,0.0,1.0,True,34.63820870994248,34.822471599619874,31.781185150146484,29.629743576049805,30.460201263427734,30.99718475341797,31.412233352661133,31.781185150146484,32.134971618652344,32.52204513549805,32.951778411865234,33.59806442260742,33.34010696411133,31.74500274658203,32.38671875,32.76430130004883,33.061153411865234,33.34010696411133,33.61776351928711,33.939476013183594,34.36152267456055,35.04816436767578,development
2025-04-10 12:00:00+00:00,43279099999,2025-04-09 06:00:00+00:00,30,33.0,33.0,32.0,32.6,1.25,-0.9914448613738104,-0.13052619222005163,0.9912685467787256,-0.13185851571739118,-2.1000000000000014,-0.1723784971101876,-0.6000000000000014,-2.3678571428571438,1.972951663195559,0,0.0,0.0,1.0,True,33.63820870994248,33.919739458104445,31.096492767333984,29.31151008605957,30.019664764404297,30.47461700439453,30.804332733154297,31.096492767333984,31.39417266845703,31.721548080444336,32.07830047607422,32.645164489746094,32.3828010559082,31.04447364807129,31.592880249023438,31.922561645507812,32.16492462158203,32.3828010559082,32.597190856933594,32.850807189941406,33.1912956237793,33.761260986328125,development
2025-04-10 13:00:00+00:00,43279099999,2025-04-09 06:00:00+00:00,31,32.0,33.0,31.0,31.6,1.2916666666666667,-0.9914448613738105,0.13052619222005127,0.9912685467787256,-0.13185851571739118,-2.1000000000000014,-0.15859587346842502,-0.6000000000000014,-1.3678571428571438,1.972951663195559,0,0.0,0.0,1.0,True,32.63820870994248,33.017305265521706,30.382160186767578,28.756792068481445,29.4224853515625,29.820838928222656,30.114665985107422,30.382160186767578,30.659452438354492,30.95915412902832,31.29174041748047,31.815406799316406,31.690166473388672,30.446773529052734,30.96607780456543,31.270051956176758,31.49043846130371,31.690166473388672,31.893091201782227,32.124122619628906,32.43468475341797,32.951725006103516,development
2025-04-10 14:00:00+00:00,43279099999,2025-04-09 06:00:00+00:00,32,32.0,33.0,30.0,31.0,1.3333333333333333,-0.923879532511287,0.38268343236508917,0.9912685467787256,-0.13185851571739118,-2.1000000000000014,-0.14591524756788335,-1.0,-0.7678571428571423,1.972951663195559,0,0.0,0.0,1.0,True,32.03820870994248,32.42288179000804,29.8891544342041,28.421438217163086,29.021169662475586,29.37110137939453,29.633024215698242,29.8891544342041,30.136714935302734,30.402193069458008,30.70473861694336,31.216381072998047,31.010791778564453,29.832244873046875,30.320690155029297,30.604248046875,30.815608978271484,31.010791778564453,31.20050048828125,31.408750534057617,31.685890197753906,32.152610778808594,development
2025-04-10 15:00:00+00:00,43279099999,2025-04-09 06:00:00+00:00,33,32.0,33.0,30.0,30.6,1.375,-0.7933533402912357,0.6087614290087199,0.9912685467787256,-0.13185851571739118,-2.1000000000000014,-0.134248508534086,-0.6000000000000014,-0.36785714285714377,1.972951663195559,0,0.0,0.0,1.0,True,31.638208709942482,32.186346340334296,29.616046905517578,28.315185546875,28.85248374938965,29.157011032104492,29.39061737060547,29.616046905517578,29.842971801757812,30.080772399902344,30.36773681640625,30.833772659301758,30.646272659301758,29.527318954467773,30.0046443939209,30.26555061340332,30.465116500854492,30.646272659301758,30.825942993164062,31.017751693725586,31.276723861694336,31.708574295043945,development
2025-04-10 16:00:00+00:00,43279099999,2025-04-09 06:00:00+00:00,34,32.0,33.0,30.0,29.9,1.4166666666666667,-0.6087614290087209,0.7933533402912349,0.9912685467787256,-0.13185851571739118,-2.1000000000000014,-0.12351459044910283,0.10000000000000142,0.33214285714285907,1.972951663195559,0,0.0,0.0,1.0,True,30.93820870994248,31.69932621774782,29.411212921142578,28.189531326293945,28.70014190673828,28.985563278198242,29.20402717590332,29.411212921142578,29.61774253845215,29.838111877441406,30.106830596923828,30.546932220458984,30.30101776123047,29.205026626586914,29.66826629638672,29.92874526977539,30.131364822387695,30.30101776123047,30.47503089904785,30.65597915649414,30.90265464782715,31.308950424194336,development
2025-04-10 17:00:00+00:00,43279099999,2025-04-09 06:00:00+00:00,35,31.0,33.0,29.0,29.8,1.4583333333333333,-0.38268343236508956,0.9238795325112868,0.9912685467787256,-0.13185851571739118,-2.1000000000000014,-0.11363890906792545,-0.8000000000000007,0.43214285714285694,1.972951663195559,0,0.0,0.0,1.0,True,30.83820870994248,31.45142602066182,29.27897834777832,28.12935447692871,28.60382080078125,28.87858772277832,29.075170516967773,29.27897834777832,29.466552734375,29.682987213134766,29.93392562866211,30.35906982421875,30.20656967163086,29.13172721862793,29.576763153076172,29.84174919128418,30.023727416992188,30.20656967163086,30.37120819091797,30.55941390991211,30.795337677001953,31.18515396118164,development
2025-04-10 18:00:00+00:00,43279099999,2025-04-09 06:00:00+00:00,36,31.0,33.0,30.0,29.7,1.5,-0.13052619222005168,0.9914448613738104,0.9912685467787256,-0.13185851571739118,-2.1000000000000014,-0.10455284357251435,0.3000000000000007,0.5321428571428584,1.972951663195559,0,0.0,0.0,1.0,True,30.73820870994248,31.60601212408661,29.14983558654785,27.98211669921875,28.472980499267578,28.742341995239258,28.954635620117188,29.14983558654785,29.346778869628906,29.55348777770996,29.801776885986328,30.212514877319336,30.15182113647461,29.059282302856445,29.51140022277832,29.768356323242188,29.966079711914062,30.15182113647461,30.32418441772461,30.512035369873047,30.755950927734375,31.15277862548828,development
2025-04-10 19:00:00+00:00,43279099999,2025-04-09 06:00:00+00:00,37,31.0,33.0,29.0,29.4,1.5416666666666667,0.13052619222005157,0.9914448613738104,0.9888537064205885,-0.1488903868564548,-2.1000000000000014,-0.09619325976250516,-0.3999999999999986,0.8321428571428591,1.972951663195559,0,0.0,0.0,1.0,True,30.43820870994248,31.19576655892254,28.949310302734375,27.805700302124023,28.28994369506836,28.546159744262695,28.7585391998291,28.949310302734375,29.12567901611328,29.329023361206055,29.554622650146484,29.93337059020996,29.78870964050293,28.69202995300293,29.150232315063477,29.40641975402832,29.607454299926758,29.78870964050293,29.961627960205078,30.154312133789062,30.389368057250977,30.783597946166992,development
2025-04-10 20:00:00+00:00,43279099999,2025-04-09 06:00:00+00:00,38,31.0,33.0,29.0,29.1,1.5833333333333333,0.3826834323650898,0.9238795325112867,0.9888537064205885,-0.1488903868564548,-2.1000000000000014,-0.08850207136948052,-0.10000000000000142,1.1321428571428562,1.972951663195559,0,0.0,0.0,1.0,True,30.138208709942482,30.937629313769687,28.80694580078125,27.594961166381836,28.103361129760742,28.382097244262695,28.603572845458984,28.80694580078125,28.994731903076172,29.210050582885742,29.442256927490234,29.842817306518555,29.556373596191406,28.427658081054688,28.893657684326172,29.162288665771484,29.366226196289062,29.556373596191406,29.732667922973633,29.93157196044922,30.165342330932617,30.577640533447266,development
2025-04-10 21:00:00+00:00,43279099999,2025-04-09 06:00:00+00:00,39,31.0,33.0,29.0,28.7,1.625,0.6087614290087207,0.7933533402912352,0.9888537064205885,-0.1488903868564548,-2.1000000000000014,-0.08142583644661627,0.3000000000000007,1.5321428571428584,1.972951663195559,0,0.0,0.0,1.0,True,29.73820870994248,30.5814452110776,28.518217086791992,27.222431182861328,27.755996704101562,28.0609130859375,28.3123722076416,28.518217086791992,28.715087890625,28.94336700439453,29.19680404663086,29.618423461914062,29.25594711303711,28.08016586303711,28.568180084228516,28.8457088470459,29.065614700317383,29.25594711303711,29.43501853942871,29.6385555267334,29.888301849365234,30.315710067749023,development
2025-04-10 22:00:00+00:00,43279099999,2025-04-09 06:00:00+00:00,40,30.0,33.0,28.0,28.2,1.6666666666666667,0.7933533402912352,0.6087614290087207,0.9888537064205885,-0.1488903868564548,-2.1000000000000014,-0.07491538602923008,-0.1999999999999993,2.0321428571428584,1.972951663195559,0,0.0,0.0,1.0,True,29.23820870994248,29.91864054008333,28.259504318237305,26.9681339263916,27.50539779663086,27.811115264892578,28.050500869750977,28.259504318237305,28.450963973999023,28.66668128967285,28.924747467041016,29.338794708251953,28.8858642578125,27.653459548950195,28.167306900024414,28.46124839782715,28.687843322753906,28.8858642578125,29.07124137878418,29.282079696655273,29.547290802001953,30.016286849975586,development
2025-04-10 23:00:00+00:00,43279099999,2025-04-09 06:00:00+00:00,41,30.0,33.0,28.0,27.8,1.7083333333333333,0.9238795325112867,0.38268343236508984,0.9888537064205885,-0.1488903868564548,-2.1000000000000014,-0.06892548248599278,0.1999999999999993,2.432142857142857,1.972951663195559,0,0.0,0.0,1.0,True,28.83820870994248,29.534289228645044,28.113147735595703,26.72847557067871,27.325021743774414,27.646438598632812,27.9007511138916,28.113147735595703,28.31433868408203,28.551204681396484,28.840200424194336,29.28410530090332,28.689451217651367,27.40825653076172,27.956268310546875,28.259815216064453,28.495960235595703,28.689451217651367,28.8797607421875,29.100727081298828,29.39208984375,29.89813804626465,development
2025-04-11 00:00:00+00:00,43279099999,2025-04-09 06:00:00+00:00,42,29.0,33.0,28.0,27.3,1.75,0.9914448613738104,0.1305261922200517,0.9888537064205885,-0.1488903868564548,-2.1000000000000014,-0.06341450518686889,0.6999999999999993,2.932142857142857,1.972951663195559,0,0.0,0.0,1.0,True,28.33820870994248,29.06500065010931,28.0432186126709,26.6220645904541,27.235065460205078,27.564002990722656,27.825786590576172,28.0432186126709,28.25640106201172,28.510738372802734,28.806005477905273,29.2659912109375,28.519309997558594,27.165714263916016,27.74820327758789,28.066085815429688,28.316085815429688,28.519309997558594,28.726041793823242,28.967626571655273,29.280906677246094,29.83318519592285,development
2025-04-11 01:00:00+00:00,43279099999,2025-04-09 06:00:00+00:00,43,28.0,33.0,28.0,27.3,1.7916666666666667,0.9914448613738104,-0.1305261922200516,0.9888537064205885,-0.1488903868564548,-2.1000000000000014,-0.05834416130366097,0.6999999999999993,2.932142857142857,1.972951663195559,0,0.0,0.0,1.0,True,28.33820870994248,28.986597055259345,28.2231502532959,26.707393646240234,27.332782745361328,27.70023536682129,27.981767654418945,28.2231502532959,28.454872131347656,28.732799530029297,29.059450149536133,29.560626983642578,28.62919044494629,27.12907600402832,27.74639129638672,28.116012573242188,28.384048461914062,28.62919044494629,28.863866806030273,29.13511848449707,29.494556427001953,30.111757278442383,development
2025-04-11 02:00:00+00:00,43279099999,2025-04-09 06:00:00+00:00,44,29.0,33.0,29.0,29.2,1.8333333333333333,0.9238795325112868,-0.3826834323650895,0.9888537064205885,-0.1488903868564548,-2.1000000000000014,-0.05367921973366558,-0.1999999999999993,1.0321428571428584,1.972951663195559,0,0.0,0.0,1.0,True,30.23820870994248,30.61372613391085,28.924640655517578,27.340980529785156,27.976673126220703,28.36194610595703,28.664541244506836,28.924640655517578,29.178590774536133,29.464977264404297,29.80960464477539,30.33734893798828,29.465707778930664,27.940725326538086,28.579673767089844,28.942415237426758,29.221187591552734,29.465707778930664,29.71613121032715,29.99444007873535,30.368070602416992,31.013534545898438,development
2025-04-11 03:00:00+00:00,43279099999,2025-04-09 06:00:00+00:00,45,30.0,33.0,30.0,32.1,1.875,0.7933533402912352,-0.6087614290087207,0.9888537064205885,-0.1488903868564548,-2.1000000000000014,-0.04938726629761916,-2.1000000000000014,-1.8678571428571438,1.972951663195559,0,0.0,0.0,1.0,True,33.13820870994248,33.03466338935566,30.10194969177246,28.272602081298828,28.996902465820312,29.44512939453125,29.797653198242188,30.10194969177246,30.41014289855957,30.748863220214844,31.156116485595703,31.752521514892578,30.831125259399414,29.064990997314453,29.78548812866211,30.213768005371094,30.546396255493164,30.831125259399414,31.127077102661133,31.459257125854492,31.895849227905273,32.62921905517578,development
2025-04-11 04:00:00+00:00,43279099999,2025-04-09 06:00:00+00:00,46,31.0,33.0,31.0,35.0,1.9166666666666667,0.6087614290087209,-0.793353340291235,0.9888537064205885,-0.1488903868564548,-2.1000000000000014,-0.04543847851093552,-4.0,-4.767857142857142,1.972951663195559,0,0.0,0.0,1.0,True,36.03820870994248,35.470568460182115,31.320919036865234,29.10494613647461,29.949636459350586,30.47884178161621,30.92110824584961,31.320919036865234,31.693931579589844,32.114967346191406,32.59018325805664,33.274627685546875,32.44932556152344,30.15898895263672,31.030860900878906,31.5804386138916,32.035682678222656,32.44932556152344,32.84627151489258,33.299163818359375,33.84861373901367,34.72171401977539,development
2025-04-11 05:00:00+00:00,43279099999,2025-04-09 06:00:00+00:00,47,33.0,33.0,33.0,37.6,1.9583333333333333,0.3826834323650899,-0.9238795325112867,0.9888537064205885,-0.1488903868564548,-2.1000000000000014,-0.04180541836324077,-4.600000000000001,-7.367857142857144,1.972951663195559,0,0.0,0.0,1.0,True,38.63820870994248,37.90199515204638,32.308570861816406,30.05385398864746,30.919954299926758,31.46405601501465,31.92007064819336,32.308570861816406,32.69176483154297,33.112876892089844,33.593017578125,34.28192901611328,33.782405853271484,31.47339630126953,32.36729049682617,32.91752624511719,33.379417419433594,33.782405853271484,34.190147399902344,34.64817810058594,35.205039978027344,36.096099853515625,development
2025-04-11 06:00:00+00:00,43279099999,2025-04-09 06:00:00+00:00,48,34.0,33.0,33.0,39.7,2.0,0.130526192220052,-0.9914448613738104,0.9888537064205885,-0.1488903868564548,-2.1000000000000014,-0.0384628416663418,-6.700000000000003,-9.467857142857145,1.972951663195559,0,0.0,0.0,1.0,True,40.738208709942484,39.53878135391512,32.86874771118164,30.52583885192871,31.406829833984375,31.981300354003906,32.458736419677734,32.86874771118164,33.25748825073242,33.68359375,34.163089752197266,34.86461639404297,34.405364990234375,31.955860137939453,32.86819076538086,33.45943069458008,33.96491622924805,34.405364990234375,34.837711334228516,35.310401916503906,35.88759231567383,36.797706604003906,development
2025-04-11 07:00:00+00:00,43128599999,2025-04-11 06:00:00+00:00,1,32.0,31.0,34.0,34.2,0.041666666666666664,-0.13052619222005177,-0.9914448613738104,0.9888537064205885,-0.1488903868564548,-2.0,-1.8400888292586466,-0.20000000000000284,-5.616666666666671,4.208009181292416,0,0.0,1.0,0.0,True,34.3192125984252,33.66823850367906,31.874128341674805,30.86910057067871,31.296117782592773,31.534343719482422,31.706172943115234,31.874128341674805,32.04563903808594,32.21858596801758,32.417232513427734,32.79414749145508,32.05247497558594,30.807350158691406,31.328350067138672,31.61443519592285,31.836618423461914,32.05247497558594,32.26256561279297,32.47541809082031,32.75530242919922,33.36355209350586,development
2025-04-11 08:00:00+00:00,43128599999,2025-04-11 06:00:00+00:00,2,33.0,31.0,34.0,35.6,0.08333333333333333,-0.38268343236508967,-0.9238795325112868,0.9888537064205885,-0.1488903868564548,-2.0,-1.6929634497812283,-1.6000000000000014,-7.016666666666669,4.208009181292416,0,0.0,1.0,0.0,True,35.7192125984252,34.85148925335453,32.719879150390625,31.347997665405273,31.912715911865234,32.24386978149414,32.50261688232422,32.719879150390625,32.937679290771484,33.17588806152344,33.47175598144531,33.950679779052734,32.6732292175293,30.91109848022461,31.602745056152344,32.02070999145508,32.37516403198242,32.6732292175293,32.97423553466797,33.35614013671875,33.89070510864258,34.709869384765625,development
2025-04-11 09:00:00+00:00,43128599999,2025-04-11 06:00:00+00:00,3,35.0,31.0,35.0,35.8,0.125,-0.6087614290087207,-0.7933533402912352,0.9888537064205885,-0.1488903868564548,-2.0,-1.5576015661428098,-0.7999999999999972,-7.216666666666665,4.208009181292416,0,0.0,1.0,0.0,True,35.9192125984252,35.32171455263354,33.07679748535156,31.44300079345703,32.12294387817383,32.52386474609375,32.82652282714844,33.07679748535156,33.334678649902344,33.60355758666992,33.93392562866211,34.51311111450195,33.212982177734375,31.288297653198242,32.06481170654297,32.5350227355957,32.90812683105469,33.212982177734375,33.52831268310547,33.94614028930664,34.529014587402344,35.39389419555664,development
2025-04-11 10:00:00+00:00,43128599999,2025-04-11 06:00:00+00:00,4,35.0,31.0,36.0,35.2,0.16666666666666666,-0.7933533402912349,-0.6087614290087209,0.9888537064205885,-0.1488903868564548,-2.0,-1.4330626211475785,0.7999999999999972,-6.616666666666671,4.208009181292416,0,0.0,1.0,0.0,True,35.3192125984252,35.17736076781172,33.24467468261719,31.46917724609375,32.22904586791992,32.62416076660156,32.96796798706055,33.24467468261719,33.521854400634766,33.816558837890625,34.16233825683594,34.78655242919922,33.49477005004883,31.25395393371582,32.144615173339844,32.62956619262695,33.08290100097656,33.49477005004883,33.90348815917969,34.41237258911133,35.029170989990234,35.95197296142578,development
2025-04-11 11:00:00+00:00,43128599999,2025-04-11 06:00:00+00:00,5,35.0,31.0,36.0,34.9,0.20833333333333334,-0.9238795325112868,-0.3826834323650895,0.9888537064205885,-0.1488903868564548,-2.0,-1.3184812604008875,1.1000000000000014,-6.316666666666666,4.208009181292416,0,0.0,1.0,0.0,True,35.0192125984252,35.064224664647746,33.01918029785156,31.15515899658203,31.959407806396484,32.404014587402344,32.732025146484375,33.01918029785156,33.28606033325195,33.59309005737305,33.98344421386719,34.62251281738281,33.07997131347656,30.947982788085938,31.842920303344727,32.34697723388672,32.747650146484375,33.07997131347656,33.402347564697266,33.88862609863281,34.50010681152344,35.41539764404297,development
2025-04-11 12:00:00+00:00,43128599999,2025-04-11 06:00:00+00:00,6,34.0,31.0,23.0,33.1,0.25,-0.9914448613738104,-0.13052619222005163,0.9888537064205885,-0.1488903868564548,-2.0,-1.2130613194252668,-10.100000000000001,-4.516666666666669,4.208009181292416,0,0.0,1.0,0.0,True,33.2192125984252,31.02360169784683,31.851388931274414,29.908340454101562,30.757993698120117,31.207822799682617,31.569204330444336,31.851388931274414,32.13801574707031,32.43173599243164,32.84006118774414,33.49518966674805,31.806201934814453,29.627588272094727,30.54347801208496,31.07544708251953,31.492206573486328,31.806201934814453,32.14722442626953,32.61724090576172,33.23103713989258,34.122432708740234,development
2025-04-11 13:00:00+00:00,43128599999,2025-04-11 06:00:00+00:00,7,33.0,31.0,25.0,29.2,0.2916666666666667,-0.9914448613738105,0.13052619222005127,0.9888537064205885,-0.1488903868564548,-2.0,-1.1160702915400942,-4.199999999999999,-0.6166666666666671,4.208009181292416,0,0.0,1.0,0.0,True,29.319212598425196,28.5144832196207,29.94941520690918,28.001914978027344,28.880998611450195,29.351999282836914,29.655609130859375,29.94941520690918,30.256099700927734,30.578811645507812,30.97349739074707,31.64336585998535,29.454978942871094,27.21561050415039,28.17444610595703,28.719463348388672,29.09881019592285,29.454978942871094,29.81899070739746,30.29157829284668,30.850383758544922,31.736473083496094,development
2025-04-11 14:00:00+00:00,43128599999,2025-04-11 06:00:00+00:00,8,29.0,31.0,26.0,27.8,0.3333333333333333,-0.923879532511287,0.38268343236508917,0.9888537064205885,-0.1488903868564548,-2.0,-1.026834238065184,-1.8000000000000007,0.7833333333333314,4.208009181292416,0,0.0,1.0,0.0,True,27.919212598425197,27.744477548452263,28.227392196655273,26.317222595214844,27.18336296081543,27.648653030395508,27.958932876586914,28.227392196655273,28.516523361206055,28.83171844482422,29.23394012451172,29.891498565673828,27.298553466796875,24.99927520751953,25.97309112548828,26.54922103881836,26.953371047973633,27.298553466796875,27.677501678466797,28.141517639160156,28.71392250061035,29.58367919921875,development
2025-04-11 15:00:00+00:00,43128599999,2025-04-11 06:00:00+00:00,9,27.0,31.0,24.0,26.7,0.375,-0.7933533402912357,0.6087614290087199,0.9888537064205885,-0.1488903868564548,-2.0,-0.9447331054820294,-2.6999999999999993,1.8833333333333329,4.208009181292416,0,0.0,1.0,0.0,True,26.819212598425196,26.56073548430946,27.074859619140625,25.202392578125,26.038028717041016,26.50562286376953,26.80784797668457,27.074859619140625,27.359500885009766,27.6765193939209,28.056955337524414,28.708242416381836,26.134212493896484,23.875099182128906,24.816389083862305,25.395734786987305,25.795631408691406,26.134212493896484,26.48723030090332,26.94866371154785,27.495227813720703,28.34657096862793,development
2025-04-11 16:00:00+00:00,43128599999,2025-04-11 06:00:00+00:00,10,28.0,31.0,24.0,25.9,0.4166666666666667,-0.6087614290087209,0.7933533402912349,0.9888537064205885,-0.1488903868564548,-2.0,-0.8691964170141564,-1.8999999999999986,2.6833333333333336,4.208009181292416,0,0.0,1.0,0.0,True,26.019212598425195,26.01851423871246,26.314342498779297,24.463727951049805,25.29800796508789,25.755014419555664,26.05185317993164,26.314342498779297,26.593978881835938,26.89429473876953,27.267669677734375,27.900035858154297,25.434192657470703,23.20846176147461,24.115116119384766,24.691057205200195,25.08848762512207,25.434192657470703,25.8004093170166,26.22314453125,26.770586013793945,27.61829948425293,development
2025-04-11 17:00:00+00:00,43128599999,2025-04-11 06:00:00+00:00,11,28.0,31.0,25.0,25.5,0.4583333333333333,-0.38268343236508956,0.9238795325112868,0.9888537064205885,-0.1488903868564548,-2.0,-0.7996993086896947,-0.5,3.083333333333332,4.208009181292416,0,0.0,1.0,0.0,True,25.619212598425197,25.980750012814752,25.563493728637695,23.70831298828125,24.542810440063477,25.0039119720459,25.295320510864258,25.563493728637695,25.837257385253906,26.12843132019043,26.489704132080078,27.107160568237305,24.95453453063965,22.752796173095703,23.64283561706543,24.20464324951172,24.59125518798828,24.95453453063965,25.308124542236328,25.733154296875,26.2711238861084,27.103261947631836,development
2025-04-11 18:00:00+00:00,43128599999,2025-04-11 06:00:00+00:00,12,28.0,31.0,25.0,25.3,0.5,-0.13052619222005168,0.9914448613738104,0.9888537064205885,-0.1488903868564548,-2.0,-0.7357588823428847,-0.3000000000000007,3.2833333333333314,4.208009181292416,0,0.0,1.0,0.0,True,25.419212598425197,25.864632862482143,25.045467376708984,23.198890686035156,24.020069122314453,24.472148895263672,24.7703857421875,25.045467376708984,25.312477111816406,25.62981605529785,25.985021591186523,26.569782257080078,24.523176193237305,22.396697998046875,23.252695083618164,23.77737045288086,24.155853271484375,24.523176193237305,24.879240036010742,25.320436477661133,25.83734130859375,26.648265838623047,development
2025-04-11 19:00:00+00:00,43128599999,2025-04-11 06:00:00+00:00,13,27.0,31.0,24.0,25.8,0.5416666666666666,0.13052619222005157,0.9914448613738104,0.986146248341595,-0.16587819893463143,-2.0,-0.6769308502134844,-1.8000000000000007,2.7833333333333314,4.208009181292416,0,0.0,1.0,0.0,True,25.919212598425197,26.09968716740984,24.74449348449707,22.875926971435547,23.696826934814453,24.154958724975586,24.456567764282227,24.74449348449707,25.01479721069336,25.31086540222168,25.672025680541992,26.23324966430664,24.41870880126953,22.351682662963867,23.16071319580078,23.66778564453125,24.036998748779297,24.41870880126953,24.777881622314453,25.1854190826416,25.703083038330078,26.48575210571289,development
2025-04-11 20:00:00+00:00,43128599999,2025-04-11 06:00:00+00:00,14,26.0,31.0,23.0,25.7,0.5833333333333334,0.3826834323650898,0.9238795325112867,0.986146248341595,-0.16587819893463143,-2.0,-0.6228064478291954,-2.6999999999999993,2.883333333333333,4.208009181292416,0,0.0,1.0,0.0,True,25.819212598425196,25.8028989637928,24.455936431884766,22.53211212158203,23.372516632080078,23.856304168701172,24.167165756225586,24.455936431884766,24.721330642700195,25.06747817993164,25.420888900756836,26.050872802734375,24.19004249572754,22.156681060791016,22.970928192138672,23.45508575439453,23.814586639404297,24.19004249572754,24.538061141967773,24.977210998535156,25.47886085510254,26.331117630004883,development
2025-04-11 21:00:00+00:00,43128599999,2025-04-11 06:00:00+00:00,15,26.0,31.0,23.0,25.1,0.625,0.6087614290087207,0.7933533402912352,0.986146248341595,-0.16587819893463143,-2.0,-0.5730095937203802,-2.1000000000000014,3.4833333333333307,4.208009181292416,0,0.0,1.0,0.0,True,25.219212598425198,25.30527063554634,24.071935653686523,22.088977813720703,22.95806121826172,23.458255767822266,23.79776954650879,24.071935653686523,24.38737678527832,24.730201721191406,25.12014389038086,25.77280616760254,23.72695541381836,21.690513610839844,22.48435401916504,22.96984100341797,23.35144805908203,23.72695541381836,24.10977554321289,24.54580307006836,25.068252563476562,25.96286392211914,development
2025-04-11 22:00:00+00:00,43128599999,2025-04-11 06:00:00+00:00,16,25.0,31.0,23.0,24.7,0.6666666666666666,0.7933533402912352,0.6087614290087207,0.986146248341595,-0.16587819893463143,-2.0,-0.5271942762314535,-1.6999999999999993,3.883333333333333,4.208009181292416,0,0.0,1.0,0.0,True,24.819212598425196,24.946810139805518,23.648054122924805,21.65064811706543,22.549957275390625,23.0438175201416,23.387359619140625,23.648054122924805,23.95412826538086,24.29094123840332,24.706253051757812,25.382610321044922,23.354251861572266,21.397336959838867,22.184049606323242,22.639766693115234,23.016014099121094,23.354251861572266,23.73920440673828,24.146636962890625,24.691463470458984,25.59394073486328,development
2025-04-11 23:00:00+00:00,43128599999,2025-04-11 06:00:00+00:00,17,26.0,31.0,22.0,24.2,0.7083333333333334,0.9238795325112867,0.38268343236508984,0.986146248341595,-0.16587819893463143,-2.0,-0.48504214927129735,-2.1999999999999993,4.383333333333333,4.208009181292416,0,0.0,1.0,0.0,True,24.319212598425196,24.285077304811978,23.09444236755371,20.975553512573242,21.919525146484375,22.430288314819336,22.79421615600586,23.09444236755371,23.42586898803711,23.826080322265625,24.283161163330078,25.04032325744629,22.806350708007812,20.908544540405273,21.673686981201172,22.087257385253906,22.449974060058594,22.806350708007812,23.183788299560547,23.64003562927246,24.206586837768555,25.1626033782959,development
2025-04-12 00:00:00+00:00,43128599999,2025-04-11 06:00:00+00:00,18,25.0,31.0,22.0,23.7,0.75,0.9914448613738104,0.1305261922200517,0.986146248341595,-0.16587819893463143,-2.0,-0.44626032029685964,-1.6999999999999993,4.883333333333333,4.208009181292416,0,0.0,1.0,0.0,True,23.819212598425196,23.827675634591085,22.738039016723633,20.576217651367188,21.51492691040039,22.043914794921875,22.41277503967285,22.738039016723633,23.071197509765625,23.47007942199707,23.969928741455078,24.730266571044922,22.297882080078125,20.410860061645508,21.174213409423828,21.587188720703125,21.937997817993164,22.297882080078125,22.650026321411133,23.112215042114258,23.719926834106445,24.67514419555664,development
2025-04-12 01:00:00+00:00,43128599999,2025-04-11 06:00:00+00:00,19,25.0,31.0,22.0,23.5,0.7916666666666666,0.9914448613738104,-0.1305261922200516,0.986146248341595,-0.16587819893463143,-2.0,-0.41057931515981855,-1.5,5.083333333333332,4.208009181292416,0,0.0,1.0,0.0,True,23.619212598425197,23.60350120538693,22.926881790161133,20.659955978393555,21.665603637695312,22.21879005432129,22.600196838378906,22.926881790161133,23.26656150817871,23.705171585083008,24.23723030090332,25.029800415039062,22.3729305267334,20.408979415893555,21.22198486328125,21.654905319213867,22.01319122314453,22.3729305267334,22.7574462890625,23.243640899658203,23.883312225341797,24.889902114868164,development
2025-04-12 02:00:00+00:00,43128599999,2025-04-11 06:00:00+00:00,20,26.0,31.0,23.0,24.8,0.8333333333333334,0.9238795325112868,-0.3826834323650895,0.986146248341595,-0.16587819893463143,-2.0,-0.37775120567512366,-1.8000000000000007,3.7833333333333314,4.208009181292416,0,0.0,1.0,0.0,True,24.919212598425197,24.77057038082299,24.53182601928711,21.953662872314453,23.050508499145508,23.674678802490234,24.113250732421875,24.53182601928711,24.958459854125977,25.45258331298828,26.01042366027832,26.866756439208984,23.96565818786621,21.75144386291504,22.657562255859375,23.142606735229492,23.54355239868164,23.96565818786621,24.399938583374023,24.925579071044922,25.5756778717041,26.621906280517578,development
2025-04-12 03:00:00+00:00,43128599999,2025-04-11 06:00:00+00:00,21,27.0,31.0,26.0,28.0,0.875,0.7933533402912352,-0.6087614290087207,0.986146248341595,-0.16587819893463143,-2.0,-0.3475478869008903,-2.0,0.5833333333333321,4.208009181292416,0,0.0,1.0,0.0,True,28.119212598425197,27.859721733427794,26.719341278076172,24.16393280029297,25.266740798950195,25.907758712768555,26.33336067199707,26.719341278076172,27.119678497314453,27.578813552856445,28.10100746154785,28.941360473632812,26.076587677001953,23.736696243286133,24.68655776977539,25.230602264404297,25.643600463867188,26.076587677001953,26.518583297729492,27.0446834564209,27.669265747070312,28.74648666381836,development
2025-04-12 04:00:00+00:00,43128599999,2025-04-11 06:00:00+00:00,22,28.0,31.0,28.0,31.0,0.9166666666666666,0.6087614290087209,-0.793353340291235,0.986146248341595,-0.16587819893463143,-2.0,-0.3197594921593878,-3.0,-2.416666666666668,4.208009181292416,0,0.0,1.0,0.0,True,31.119212598425197,30.594445598586688,28.796688079833984,26.161483764648438,27.30076026916504,27.967601776123047,28.415481567382812,28.796688079833984,29.190053939819336,29.61843490600586,30.136381149291992,30.94744110107422,28.548809051513672,26.117387771606445,27.118871688842773,27.689950942993164,28.134231567382812,28.548809051513672,28.98693084716797,29.482637405395508,30.09795379638672,31.114221572875977,development
2025-04-12 05:00:00+00:00,43128599999,2025-04-11 06:00:00+00:00,23,31.0,31.0,30.0,33.2,0.9583333333333334,0.3826834323650899,-0.9238795325112867,0.986146248341595,-0.16587819893463143,-2.0,-0.2941929347859536,-3.200000000000003,-4.616666666666671,4.208009181292416,0,0.0,1.0,0.0,True,33.3192125984252,32.720293987466626,30.652965545654297,27.89900016784668,29.073850631713867,29.776762008666992,30.250574111938477,30.652965545654297,31.045446395874023,31.447345733642578,31.948505401611328,32.721641540527344,31.058815002441406,28.260061264038086,29.37866973876953,30.046550750732422,30.566204071044922,31.058815002441406,31.55015754699707,32.080108642578125,32.711273193359375,33.73496627807617,development
2025-04-12 06:00:00+00:00,43128599999,2025-04-11 06:00:00+00:00,24,32.0,31.0,31.0,34.5,1.0,0.130526192220052,-0.9914448613738104,0.986146248341595,-0.16587819893463143,-2.0,-0.2706705664732254,-3.5,-5.916666666666668,4.208009181292416,0,0.0,1.0,0.0,True,34.6192125984252,33.94940848521233,31.55817413330078,28.772226333618164,29.98642921447754,30.6799259185791,31.158233642578125,31.55817413330078,31.92877769470215,32.3187370300293,32.779571533203125,33.556549072265625,32.2584342956543,29.350492477416992,30.533906936645508,31.213857650756836,31.75287437438965,32.2584342956543,32.751197814941406,33.27614212036133,33.86216354370117,34.8761100769043,development
2025-04-12 07:00:00+00:00,43128599999,2025-04-11 06:00:00+00:00,25,34.0,31.0,34.0,35.5,1.0416666666666667,-0.13052619222005177,-0.9914448613738104,0.986146248341595,-0.16587819893463143,-2.0,-0.24902894288824592,-1.5,-6.916666666666668,4.208009181292416,0,0.0,1.0,0.0,True,35.6192125984252,35.38875260646777,32.528785705566406,29.709169387817383,30.931528091430664,31.642589569091797,32.1281623840332,32.528785705566406,32.898345947265625,33.2829475402832,33.748046875,34.53556823730469,33.21492385864258,30.28523826599121,31.48703384399414,32.18085479736328,32.713958740234375,33.21492385864258,33.68124771118164,34.167755126953125,34.70213317871094,35.63715744018555,development
2025-04-12 08:00:00+00:00,43128599999,2025-04-11 06:00:00+00:00,26,,31.0,34.0,35.8,1.0833333333333333,-0.38268343236508967,-0.9238795325112868,0.986146248341595,-0.16587819893463143,-2.0,-0.22911768798537546,-1.7999999999999972,-7.216666666666665,4.208009181292416,0,0.0,1.0,0.0,False,35.9192125984252,35.66466243332335,33.452430725097656,30.609962463378906,31.83536720275879,32.53282165527344,33.033233642578125,33.452430725097656,33.80694580078125,34.1833610534668,34.63445281982422,35.41122055053711,34.058895111083984,30.84854507446289,32.14298629760742,32.88948059082031,33.4993782043457,34.058895111083984,34.54684829711914,35.051666259765625,35.59373474121094,36.5512580871582,development
2025-04-12 09:00:00+00:00,43128599999,2025-04-11 06:00:00+00:00,27,,31.0,35.0,35.9,1.125,-0.6087614290087207,-0.7933533402912352,0.986146248341595,-0.16587819893463143,-2.0,-0.21079844912372867,-0.8999999999999986,-7.316666666666666,4.208009181292416,0,0.0,1.0,0.0,False,36.0192125984252,36.014717434814735,34.01897430419922,31.210281372070312,32.45841598510742,33.16661834716797,33.63691329956055,34.01897430419922,34.35118865966797,34.723594665527344,35.14984893798828,35.929344177246094,34.47665786743164,31.23126220703125,32.5612678527832,33.342529296875,33.93642044067383,34.47665786743164,34.971099853515625,35.466819763183594,35.97447204589844,36.911705017089844,development
2025-04-12 10:00:00+00:00,43128599999,2025-04-11 06:00:00+00:00,28,36.0,31.0,36.0,35.7,1.1666666666666667,-0.7933533402912349,-0.6087614290087209,0.986146248341595,-0.16587819893463143,-2.0,-0.1939439357288101,0.29999999999999716,-7.116666666666671,4.208009181292416,0,0.0,1.0,0.0,True,35.8192125984252,36.14530512093069,34.462646484375,31.550029754638672,32.82279968261719,33.56908416748047,34.06462097167969,34.462646484375,34.820457458496094,35.20386505126953,35.66088104248047,36.453697204589844,34.580753326416016,31.172353744506836,32.542945861816406,33.3789176940918,34.026851654052734,34.580753326416016,35.09359359741211,35.601444244384766,36.161277770996094,37.10041046142578,development
2025-04-12 11:00:00+00:00,43128599999,2025-04-11 06:00:00+00:00,29,36.0,31.0,36.0,35.0,1.2083333333333333,-0.9238795325112868,-0.3826834323650895,0.986146248341595,-0.16587819893463143,-2.0,-0.17843703481852022,1.0,-6.416666666666668,4.208009181292416,0,0.0,1.0,0.0,True,35.1192125984252,35.683357361305276,34.18601989746094,31.251590728759766,32.535037994384766,33.30363464355469,33.79649353027344,34.18601989746094,34.54435729980469,34.9001350402832,35.35908126831055,36.1805419921875,34.13404083251953,30.739458084106445,32.08798599243164,32.922054290771484,33.57497024536133,34.13404083251953,34.65977096557617,35.15852355957031,35.72284698486328,36.66718292236328,development
2025-04-12 12:00:00+00:00,43128599999,2025-04-11 06:00:00+00:00,30,35.0,31.0,23.0,33.1,1.25,-0.9914448613738104,-0.13052619222005163,0.986146248341595,-0.16587819893463143,-2.0,-0.1641699972477976,-10.100000000000001,-4.516666666666669,4.208009181292416,0,0.0,1.0,0.0,True,33.2192125984252,31.531813904475946,33.20386505126953,30.300579071044922,31.600723266601562,32.34913635253906,32.83646011352539,33.20386505126953,33.5437126159668,33.91106414794922,34.36330032348633,35.14979934692383,32.84682083129883,29.51430320739746,30.836275100708008,31.662193298339844,32.29346466064453,32.84682083129883,33.367591857910156,33.89485168457031,34.46720504760742,35.37596893310547,development
2025-04-12 13:00:00+00:00,43128599999,2025-04-11 06:00:00+00:00,31,34.0,31.0,25.0,30.1,1.2916666666666667,-0.9914448613738105,0.13052619222005127,0.986146248341595,-0.16587819893463143,-2.0,-0.15104368901754753,-5.100000000000001,-1.5166666666666693,4.208009181292416,0,0.0,1.0,0.0,True,30.219212598425198,29.69791542604404,30.969755172729492,28.189237594604492,29.465599060058594,30.184871673583984,30.634042739868164,30.969755172729492,31.297060012817383,31.632282257080078,32.066078186035156,32.809635162353516,30.456674575805664,27.47170639038086,28.665813446044922,29.401020050048828,29.970762252807617,30.456674575805664,30.9229736328125,31.390348434448242,31.92874526977539,32.762351989746094,development
2025-04-12 14:00:00+00:00,43128599999,2025-04-11 06:00:00+00:00,32,33.0,31.0,26.0,28.1,1.3333333333333333,-0.923879532511287,0.38268343236508917,0.986146248341595,-0.16587819893463143,-2.0,-0.13896690244560309,-2.1000000000000014,0.48333333333333073,4.208009181292416,0,0.0,1.0,0.0,True,28.219212598425198,28.43022057368462,29.00368309020996,26.26769256591797,27.538074493408203,28.239303588867188,28.673551559448242,29.00368309020996,29.3314208984375,29.660079956054688,30.071697235107422,30.80954360961914,27.99199104309082,25.04563331604004,26.19572639465332,26.909833908081055,27.490413665771484,27.99199104309082,28.478206634521484,28.960329055786133,29.5103702545166,30.361019134521484,development
2025-04-12 15:00:00+00:00,43128599999,2025-04-11 06:00:00+00:00,33,32.0,31.0,24.0,27.4,1.375,-0.7933533402912357,0.6087614290087199,0.986146248341595,-0.16587819893463143,-2.0,-0.12785572241341514,-3.3999999999999986,1.1833333333333336,4.208009181292416,0,0.0,1.0,0.0,True,27.519212598425195,27.534530071930725,27.896709442138672,25.23213768005371,26.488784790039062,27.145435333251953,27.578250885009766,27.896709442138672,28.210912704467773,28.5333251953125,28.943859100341797,29.651987075805664,26.764015197753906,23.94122886657715,25.04264259338379,25.712182998657227,26.277782440185547,26.764015197753906,27.2247371673584,27.709949493408203,28.259231567382812,29.093162536621094,development
2025-04-12 16:00:00+00:00,43128599999,2025-04-11 06:00:00+00:00,34,28.0,31.0,24.0,26.3,1.4166666666666667,-0.6087614290087209,0.7933533402912349,0.986146248341595,-0.16587819893463143,-2.0,-0.11763294328485976,-2.3000000000000007,2.2833333333333314,4.208009181292416,0,0.0,1.0,0.0,True,26.419212598425197,26.733912695265406,27.274112701416016,24.697368621826172,25.922571182250977,26.577392578125,26.982135772705078,27.274112701416016,27.577680587768555,27.89115333557129,28.27233123779297,28.927797317504883,26.013193130493164,23.310895919799805,24.355358123779297,25.00555419921875,25.557693481445312,26.013193130493164,26.467641830444336,26.93842124938965,27.47495460510254,28.271587371826172,development
2025-04-12 17:00:00+00:00,43128599999,2025-04-11 06:00:00+00:00,35,28.0,31.0,25.0,26.1,1.4583333333333333,-0.38268343236508956,0.9238795325112868,0.986146248341595,-0.16587819893463143,-2.0,-0.10822753244564322,-1.1000000000000014,2.4833333333333307,4.208009181292416,0,0.0,1.0,0.0,True,26.219212598425198,26.831386409099018,26.326204299926758,23.764211654663086,24.96060562133789,25.615093231201172,26.009174346923828,26.326204299926758,26.6149845123291,26.93507957458496,27.300395965576172,27.93459129333496,25.357959747314453,22.681671142578125,23.68413734436035,24.336597442626953,24.87739372253418,25.357959747314453,25.801511764526367,26.285409927368164,26.811988830566406,27.613187789916992,development
2025-04-12 18:00:00+00:00,43128599999,2025-04-11 06:00:00+00:00,36,25.0,31.0,25.0,26.1,1.5,-0.13052619222005168,0.9914448613738104,0.986146248341595,-0.16587819893463143,-2.0,-0.09957413673572789,-1.1000000000000014,2.4833333333333307,4.208009181292416,0,0.0,1.0,0.0,True,26.219212598425198,26.852223795201265,25.617874145507812,23.029155731201172,24.237075805664062,24.888904571533203,25.299312591552734,25.617874145507812,25.947101593017578,26.255186080932617,26.636730194091797,27.27207374572754,25.058027267456055,22.386560440063477,23.375486373901367,24.022281646728516,24.57339859008789,25.058027267456055,25.52100372314453,25.991119384765625,26.516376495361328,27.324729919433594,development
2025-04-12 19:00:00+00:00,43128599999,2025-04-11 06:00:00+00:00,37,24.0,31.0,24.0,26.2,1.5416666666666667,0.13052619222005157,0.9914448613738104,0.9831469737221499,-0.1828169249850199,-2.0,-0.09161262834524295,-2.1999999999999993,2.383333333333333,4.208009181292416,0,0.0,1.0,0.0,True,26.319212598425196,26.75611800926903,25.340023040771484,22.75559425354004,23.963903427124023,24.604711532592773,25.016443252563477,25.340023040771484,25.637401580810547,25.954845428466797,26.31916618347168,26.95403289794922,24.807437896728516,22.09174346923828,23.092063903808594,23.730663299560547,24.314987182617188,24.807437896728516,25.250513076782227,25.72184181213379,26.243484497070312,27.049484252929688,development
2025-04-12 20:00:00+00:00,43128599999,2025-04-11 06:00:00+00:00,38,26.0,31.0,23.0,25.5,1.5833333333333333,0.3826834323650898,0.9238795325112867,0.9831469737221499,-0.1828169249850199,-2.0,-0.08428768701855281,-2.5,3.083333333333332,4.208009181292416,0,0.0,1.0,0.0,True,25.619212598425197,25.972487483208784,25.03774642944336,22.381147384643555,23.63182830810547,24.30345344543457,24.71297836303711,25.03774642944336,25.34337043762207,25.66925048828125,26.043386459350586,26.699811935424805,24.427249908447266,21.72740936279297,22.71348762512207,23.36713218688965,23.94556427001953,24.427249908447266,24.874679565429688,25.3452205657959,25.868202209472656,26.724580764770508,development
2025-04-12 21:00:00+00:00,43128599999,2025-04-11 06:00:00+00:00,39,26.0,31.0,23.0,24.4,1.625,0.6087614290087207,0.7933533402912352,0.9831469737221499,-0.1828169249850199,-2.0,-0.07754841566344402,-1.3999999999999986,4.183333333333334,4.208009181292416,0,0.0,1.0,0.0,True,24.519212598425195,25.067707378354278,24.501510620117188,21.735469818115234,23.039493560791016,23.744525909423828,24.177099227905273,24.501510620117188,24.801748275756836,25.140865325927734,25.539615631103516,26.212392807006836,23.906269073486328,21.1570987701416,22.155315399169922,22.828367233276367,23.415184020996094,23.906269073486328,24.349348068237305,24.827911376953125,25.371122360229492,26.25270652770996,development
2025-04-12 22:00:00+00:00,43128599999,2025-04-11 06:00:00+00:00,40,24.0,31.0,23.0,26.4,1.6666666666666667,0.7933533402912352,0.6087614290087207,0.9831469737221499,-0.1828169249850199,-2.0,-0.07134798669450479,-3.3999999999999986,2.1833333333333336,4.208009181292416,0,0.0,1.0,0.0,True,26.519212598425195,26.575581211659923,24.278310775756836,21.36127471923828,22.764394760131836,23.51721954345703,23.947845458984375,24.278310775756836,24.597389221191406,24.929845809936523,25.334327697753906,26.063098907470703,23.78441619873047,21.050029754638672,22.051422119140625,22.725706100463867,23.30021095275879,23.78441619873047,24.240999221801758,24.71344566345215,25.27322769165039,26.211162567138672,development
2025-04-12 23:00:00+00:00,43128599999,2025-04-11 06:00:00+00:00,41,25.0,31.0,22.0,25.2,1.7083333333333333,0.9238795325112867,0.38268343236508984,0.9831469737221499,-0.1828169249850199,-2.0,-0.06564331665332641,-3.1999999999999993,3.383333333333333,4.208009181292416,0,0.0,1.0,0.0,True,25.319212598425196,25.352350927680227,23.893634796142578,20.730419158935547,22.255313873291016,23.077919006347656,23.54944610595703,23.893634796142578,24.23402214050293,24.609359741210938,25.055931091308594,25.820537567138672,23.486173629760742,20.675533294677734,21.72551155090332,22.410831451416016,22.99786949157715,23.486173629760742,23.95046615600586,24.44641876220703,25.04257583618164,26.011024475097656,development
2025-04-13 00:00:00+00:00,43128599999,2025-04-11 06:00:00+00:00,42,24.0,31.0,22.0,23.2,1.75,0.9914448613738104,0.1305261922200517,0.9831469737221499,-0.1828169249850199,-2.0,-0.060394766844637,-1.1999999999999993,5.383333333333333,4.208009181292416,0,0.0,1.0,0.0,True,23.319212598425196,23.707663705178355,23.51609230041504,20.26058578491211,21.83177947998047,22.680034637451172,23.168048858642578,23.51609230041504,23.862308502197266,24.262557983398438,24.738834381103516,25.51641845703125,22.830577850341797,20.041645050048828,21.085491180419922,21.76317596435547,22.340944290161133,22.830577850341797,23.294443130493164,23.818111419677734,24.43913459777832,25.43527603149414,development
2025-04-13 01:00:00+00:00,43128599999,2025-04-11 06:00:00+00:00,43,23.0,31.0,22.0,24.1,1.7916666666666667,0.9914448613738104,-0.1305261922200516,0.9831469737221499,-0.1828169249850199,-2.0,-0.0555658679082485,-2.1000000000000014,4.483333333333331,4.208009181292416,0,0.0,1.0,0.0,True,24.219212598425198,24.334356778419,23.51129150390625,19.938232421875,21.599323272705078,22.56055450439453,23.08407211303711,23.51129150390625,23.921634674072266,24.37084197998047,24.92194175720215,25.799650192260742,22.813459396362305,20.099315643310547,21.108779907226562,21.77472686767578,22.314226150512695,22.813459396362305,23.27806854248047,23.77071189880371,24.413772583007812,25.41155242919922,development
2025-04-13 02:00:00+00:00,43128599999,2025-04-11 06:00:00+00:00,44,25.0,31.0,23.0,26.4,1.8333333333333333,0.9238795325112868,-0.3826834323650895,0.9831469737221499,-0.1828169249850199,-2.0,-0.051123066413014805,-3.3999999999999986,2.1833333333333336,4.208009181292416,0,0.0,1.0,0.0,True,26.519212598425195,26.274821127455695,24.740982055664062,21.043746948242188,22.75491714477539,23.745580673217773,24.296724319458008,24.740982055664062,25.182411193847656,25.659320831298828,26.2437686920166,27.160354614257812,24.218015670776367,21.231414794921875,22.33883285522461,23.056041717529297,23.664268493652344,24.218015670776367,24.771610260009766,25.354419708251953,26.067916870117188,27.15752410888672,development
2025-04-13 03:00:00+00:00,43128599999,2025-04-11 06:00:00+00:00,45,29.0,31.0,26.0,29.5,1.875,0.7933533402912352,-0.6087614290087207,0.9831469737221499,-0.1828169249850199,-2.0,-0.047035491712018214,-3.5,-0.9166666666666679,4.208009181292416,0,0.0,1.0,0.0,True,29.619212598425197,29.276288267767857,26.857107162475586,23.235509872436523,24.924070358276367,25.89459228515625,26.432056427001953,26.857107162475586,27.27941131591797,27.731704711914062,28.282629013061523,29.117639541625977,26.919816970825195,23.793256759643555,24.954023361206055,25.706741333007812,26.349538803100586,26.919816970825195,27.483272552490234,28.07360076904297,28.781789779663086,29.849626541137695,development
2025-04-13 04:00:00+00:00,43128599999,2025-04-11 06:00:00+00:00,46,30.0,31.0,28.0,32.2,1.9166666666666667,0.6087614290087209,-0.793353340291235,0.9831469737221499,-0.1828169249850199,-2.0,-0.04327474143898618,-4.200000000000003,-3.6166666666666707,4.208009181292416,0,0.0,1.0,0.0,True,32.3192125984252,31.767366632529725,29.051549911499023,25.478059768676758,27.11499786376953,28.07172203063965,28.61104965209961,29.051549911499023,29.44771385192871,29.88977813720703,30.394309997558594,31.228342056274414,29.476123809814453,26.092628479003906,27.31867027282715,28.123380661010742,28.826784133911133,29.476123809814453,30.085615158081055,30.736495971679688,31.45827865600586,32.545440673828125,development
2025-04-13 05:00:00+00:00,43128599999,2025-04-11 06:00:00+00:00,47,32.0,31.0,30.0,34.2,1.9583333333333333,0.3826834323650899,-0.9238795325112867,0.9831469737221499,-0.1828169249850199,-2.0,-0.03981468415546737,-4.200000000000003,-5.616666666666671,4.208009181292416,0,0.0,1.0,0.0,True,34.3192125984252,33.728609560589426,31.20370101928711,27.683582305908203,29.2825984954834,30.20900535583496,30.760021209716797,31.20370101928711,31.615041732788086,32.01820373535156,32.51754379272461,33.34339141845703,31.85440444946289,28.094345092773438,29.452777862548828,30.354965209960938,31.13340187072754,31.85440444946289,32.54635238647461,33.23634338378906,33.977928161621094,35.081016540527344,development
2025-04-13 06:00:00+00:00,43128599999,2025-04-11 06:00:00+00:00,48,34.0,31.0,31.0,35.1,2.0,0.130526192220052,-0.9914448613738104,0.9831469737221499,-0.1828169249850199,-2.0,-0.03663127777746836,-4.100000000000001,-6.516666666666669,4.208009181292416,0,0.0,1.0,0.0,True,35.2192125984252,34.63704278019444,31.923599243164062,28.4234676361084,30.01260757446289,30.91002082824707,31.477157592773438,31.923599243164062,32.32535171508789,32.70774841308594,33.207611083984375,34.004432678222656,32.624412536621094,28.67412757873535,30.09211540222168,31.035245895385742,31.85833740234375,32.624412536621094,33.34947967529297,34.01844787597656,34.735782623291016,35.772422790527344,development
2025-04-11 07:00:00+00:00,43279099999,2025-04-11 06:00:00+00:00,1,35.0,34.0,36.0,38.4,0.041666666666666664,-0.13052619222005177,-0.9914448613738104,0.9888537064205885,-0.1488903868564548,-3.700000000000003,-3.404164334128499,-2.3999999999999986,-7.697619047619046,2.1256918308252466,0,0.0,0.0,1.0,True,39.43820870994248,37.609631736599326,34.58198928833008,33.76472091674805,34.06306457519531,34.270477294921875,34.43122482299805,34.58198928833008,34.73848342895508,34.89695358276367,35.09419250488281,35.40106964111328,35.0224723815918,34.08457946777344,34.41520309448242,34.653018951416016,34.84553146362305,35.0224723815918,35.20701599121094,35.40270233154297,35.6411018371582,36.0421257019043,development
2025-04-11 08:00:00+00:00,43279099999,2025-04-11 06:00:00+00:00,2,34.0,34.0,37.0,36.3,0.08333333333333333,-0.38268343236508967,-0.9238795325112868,0.9888537064205885,-0.1488903868564548,-3.700000000000003,-3.131982382095275,0.7000000000000028,-5.597619047619045,2.1256918308252466,0,0.0,0.0,1.0,True,37.33820870994248,36.30713204585807,34.84694290161133,33.77408218383789,34.15957260131836,34.43069076538086,34.65048599243164,34.84694290161133,35.04984664916992,35.277931213378906,35.56560134887695,35.97919464111328,35.2516975402832,34.09530258178711,34.50376510620117,34.792457580566406,35.03263854980469,35.2516975402832,35.47391891479492,35.724334716796875,36.046199798583984,36.53722381591797,development
2025-04-11 09:00:00+00:00,43279099999,2025-04-11 06:00:00+00:00,3,33.0,34.0,36.0,35.9,0.125,-0.6087614290087207,-0.7933533402912352,0.9888537064205885,-0.1488903868564548,-3.700000000000003,-2.8815628973642005,0.10000000000000142,-5.197619047619046,2.1256918308252466,0,0.0,0.0,1.0,True,36.93820870994248,35.92444723300831,34.438926696777344,33.2236328125,33.6527099609375,33.95942687988281,34.204734802246094,34.438926696777344,34.68468475341797,34.94734191894531,35.262813568115234,35.76116180419922,34.830665588378906,33.57809066772461,34.010074615478516,34.32862854003906,34.58125305175781,34.830665588378906,35.087039947509766,35.361297607421875,35.69823455810547,36.2352294921875,development
2025-04-11 10:00:00+00:00,43279099999,2025-04-11 06:00:00+00:00,4,33.0,34.0,35.0,35.6,0.16666666666666666,-0.7933533402912349,-0.6087614290087209,0.9888537064205885,-0.1488903868564548,-3.700000000000003,-2.6511658491230223,-0.6000000000000014,-4.897619047619049,2.1256918308252466,0,0.0,0.0,1.0,True,36.63820870994248,35.62907949835605,33.712562561035156,32.462310791015625,32.8966064453125,33.203399658203125,33.46778869628906,33.712562561035156,33.97145080566406,34.2569580078125,34.59832763671875,35.136600494384766,34.220375061035156,32.97416305541992,33.405517578125,33.710113525390625,33.971710205078125,34.220375061035156,34.47114181518555,34.75312805175781,35.09074020385742,35.64360427856445,development
2025-04-11 11:00:00+00:00,43279099999,2025-04-11 06:00:00+00:00,5,33.0,34.0,34.0,33.8,0.20833333333333334,-0.9238795325112868,-0.3826834323650895,0.9888537064205885,-0.1488903868564548,-3.700000000000003,-2.439190331741644,0.20000000000000284,-3.0976190476190446,2.1256918308252466,0,0.0,0.0,1.0,True,34.83820870994248,34.16348740410822,33.173099517822266,31.906417846679688,32.336612701416016,32.65596389770508,32.92021179199219,33.173099517822266,33.4275016784668,33.719417572021484,34.075111389160156,34.63724136352539,33.72685241699219,32.52859115600586,32.93040084838867,33.227935791015625,33.483551025390625,33.72685241699219,33.97080993652344,34.25189208984375,34.583072662353516,35.122642517089844,development
2025-04-11 12:00:00+00:00,43279099999,2025-04-11 06:00:00+00:00,6,31.0,34.0,33.0,33.2,0.25,-0.9914448613738104,-0.13052619222005163,0.9888537064205885,-0.1488903868564548,-3.700000000000003,-2.2441634409367452,-0.20000000000000284,-2.4976190476190503,2.1256918308252466,0,0.0,0.0,1.0,True,34.238208709942484,33.63849636285079,32.25638198852539,30.992464065551758,31.43313217163086,31.747461318969727,32.01890182495117,32.25638198852539,32.51866149902344,32.79623031616211,33.16742706298828,33.72462463378906,32.77704620361328,31.63124656677246,32.019840240478516,32.30475616455078,32.55914306640625,32.77704620361328,33.016448974609375,33.27821350097656,33.60378646850586,34.11764907836914,development
2025-04-11 13:00:00+00:00,43279099999,2025-04-11 06:00:00+00:00,7,31.0,34.0,32.0,32.3,0.2916666666666667,-0.9914448613738105,0.13052619222005127,0.9888537064205885,-0.1488903868564548,-3.700000000000003,-2.064730039349176,-0.29999999999999716,-1.5976190476190446,2.1256918308252466,0,0.0,0.0,1.0,True,33.33820870994248,32.873599033479806,31.424150466918945,30.18223762512207,30.63115119934082,30.939828872680664,31.18054962158203,31.424150466918945,31.690580368041992,31.97382926940918,32.325218200683594,32.8907585144043,31.965145111083984,30.868637084960938,31.257606506347656,31.524269104003906,31.751619338989258,31.965145111083984,32.20707321166992,32.4652099609375,32.75747299194336,33.249263763427734,development
2025-04-11 14:00:00+00:00,43279099999,2025-04-11 06:00:00+00:00,8,30.0,34.0,32.0,31.5,0.3333333333333333,-0.923879532511287,0.38268343236508917,0.9888537064205885,-0.1488903868564548,-3.700000000000003,-1.899643340420592,0.5,-0.7976190476190474,2.1256918308252466,0,0.0,0.0,1.0,True,32.53820870994248,32.3888672098653,30.93619155883789,29.71883201599121,30.159963607788086,30.4593505859375,30.696626663208008,30.93619155883789,31.1879825592041,31.468765258789062,31.816606521606445,32.37075424194336,31.50199317932129,30.459980010986328,30.827877044677734,31.084280014038086,31.29486083984375,31.50199317932129,31.725980758666992,31.96186065673828,32.24787902832031,32.7018928527832,development
2025-04-11 15:00:00+00:00,43279099999,2025-04-11 06:00:00+00:00,9,30.0,34.0,32.0,31.0,0.375,-0.7933533402912357,0.6087614290087199,0.9888537064205885,-0.1488903868564548,-3.700000000000003,-1.7477562451417556,1.0,-0.29761904761904745,2.1256918308252466,0,0.0,0.0,1.0,True,32.03820870994248,32.12407560201747,30.792673110961914,29.61722755432129,30.02362060546875,30.33004379272461,30.56418800354004,30.792673110961914,31.036500930786133,31.311603546142578,31.661853790283203,32.23267364501953,31.369827270507812,30.373167037963867,30.71214485168457,30.975963592529297,31.173330307006836,31.369827270507812,31.580123901367188,31.806331634521484,32.07258224487305,32.525978088378906,development
2025-04-11 16:00:00+00:00,43279099999,2025-04-11 06:00:00+00:00,10,31.0,34.0,32.0,30.8,0.4166666666666667,-0.6087614290087209,0.7933533402912349,0.9888537064205885,-0.1488903868564548,-3.700000000000003,-1.6080133714761906,1.1999999999999993,-0.09761904761904816,2.1256918308252466,0,0.0,0.0,1.0,True,31.83820870994248,32.07491570012392,30.654666900634766,29.4882755279541,29.893787384033203,30.192426681518555,30.429277420043945,30.654666900634766,30.898487091064453,31.168292999267578,31.50914192199707,32.047607421875,31.276058197021484,30.282730102539062,30.627397537231445,30.884540557861328,31.07969093322754,31.276058197021484,31.48832893371582,31.705678939819336,31.97808837890625,32.4083251953125,development
2025-04-11 17:00:00+00:00,43279099999,2025-04-11 06:00:00+00:00,11,31.0,34.0,31.0,30.8,0.4583333333333333,-0.38268343236508956,0.9238795325112868,0.9888537064205885,-0.1488903868564548,-3.700000000000003,-1.4794437210759364,0.1999999999999993,-0.09761904761904816,2.1256918308252466,0,0.0,0.0,1.0,True,31.83820870994248,31.947775780909556,30.412290573120117,29.2499942779541,29.66046714782715,29.95138168334961,30.17692756652832,30.412290573120117,30.661672592163086,30.91263198852539,31.255813598632812,31.793832778930664,31.241331100463867,30.243837356567383,30.605724334716797,30.851301193237305,31.04426383972168,31.241331100463867,31.448469161987305,31.665090560913086,31.936643600463867,32.357879638671875,development
2025-04-11 18:00:00+00:00,43279099999,2025-04-11 06:00:00+00:00,12,31.0,34.0,31.0,30.6,0.5,-0.13052619222005168,0.9914448613738104,0.9888537064205885,-0.1488903868564548,-3.700000000000003,-1.3611539323343378,0.3999999999999986,0.10238095238095113,2.1256918308252466,0,0.0,0.0,1.0,True,31.638208709942482,31.851076404851604,30.379196166992188,29.218990325927734,29.626066207885742,29.918230056762695,30.1450252532959,30.379196166992188,30.6204891204834,30.886194229125977,31.212480545043945,31.75522232055664,31.14325714111328,30.13112449645996,30.49346351623535,30.751054763793945,30.943681716918945,31.14325714111328,31.3460750579834,31.57079315185547,31.828176498413086,32.25148391723633,development
2025-04-11 19:00:00+00:00,43279099999,2025-04-11 06:00:00+00:00,13,30.0,34.0,31.0,30.2,0.5416666666666666,0.13052619222005157,0.9914448613738104,0.986146248341595,-0.16587819893463143,-3.700000000000003,-1.2523220728949471,0.8000000000000007,0.5023809523809533,2.1256918308252466,0,0.0,0.0,1.0,True,31.23820870994248,31.61076078710182,30.241044998168945,29.051668167114258,29.4644832611084,29.757953643798828,30.001365661621094,30.241044998168945,30.471506118774414,30.72884178161621,31.056869506835938,31.58142852783203,30.99319076538086,29.98339080810547,30.337116241455078,30.587305068969727,30.784862518310547,30.99319076538086,31.194814682006836,31.407060623168945,31.66718864440918,32.07213592529297,development
2025-04-11 20:00:00+00:00,43279099999,2025-04-11 06:00:00+00:00,14,29.0,34.0,31.0,30.2,0.5833333333333334,0.3826834323650898,0.9238795325112867,0.986146248341595,-0.16587819893463143,-3.700000000000003,-1.1521919284840123,0.8000000000000007,0.5023809523809533,2.1256918308252466,0,0.0,0.0,1.0,True,31.23820870994248,31.62071082688526,30.022258758544922,28.851173400878906,29.25092887878418,29.560237884521484,29.796104431152344,30.022258758544922,30.257925033569336,30.53291130065918,30.859256744384766,31.401168823242188,30.725847244262695,29.71028709411621,30.07430648803711,30.33113670349121,30.53171157836914,30.725847244262695,30.930395126342773,31.160730361938477,31.41320037841797,31.846622467041016,development
2025-04-11 21:00:00+00:00,43279099999,2025-04-11 06:00:00+00:00,15,29.0,34.0,31.0,29.9,0.625,0.6087614290087207,0.7933533402912352,0.986146248341595,-0.16587819893463143,-3.700000000000003,-1.0600677483827041,1.1000000000000014,0.802380952380954,2.1256918308252466,0,0.0,0.0,1.0,True,30.93820870994248,31.373266053384107,29.713279724121094,28.51128578186035,28.931177139282227,29.241626739501953,29.48355484008789,29.713279724121094,29.959182739257812,30.216772079467773,30.56136703491211,31.097436904907227,30.413312911987305,29.404869079589844,29.7551212310791,30.015539169311523,30.214000701904297,30.413312911987305,30.620792388916016,30.842050552368164,31.106124877929688,31.52790069580078,development
2025-04-11 22:00:00+00:00,43279099999,2025-04-11 06:00:00+00:00,16,29.0,34.0,30.0,29.6,0.6666666666666666,0.7933533402912352,0.6087614290087207,0.986146248341595,-0.16587819893463143,-3.700000000000003,-0.9753094110281898,0.3999999999999986,1.1023809523809511,2.1256918308252466,0,0.0,0.0,1.0,True,30.638208709942482,30.89512486651027,29.142364501953125,27.94552993774414,28.362451553344727,28.664648056030273,28.910497665405273,29.142364501953125,29.378829956054688,29.648717880249023,29.977590560913086,30.533239364624023,29.996097564697266,28.998531341552734,29.348430633544922,29.59583282470703,29.80569076538086,29.996097564697266,30.202720642089844,30.422203063964844,30.68239974975586,31.1257381439209,development
2025-04-11 23:00:00+00:00,43279099999,2025-04-11 06:00:00+00:00,17,28.0,34.0,30.0,29.2,0.7083333333333334,0.9238795325112867,0.38268343236508984,0.986146248341595,-0.16587819893463143,-3.700000000000003,-0.8973279761519007,0.8000000000000007,1.5023809523809533,2.1256918308252466,0,0.0,0.0,1.0,True,30.23820870994248,30.536494469605575,28.667856216430664,27.483047485351562,27.90813446044922,28.201305389404297,28.43952178955078,28.667856216430664,28.90564727783203,29.17748260498047,29.511375427246094,30.056276321411133,29.33856964111328,28.38062286376953,28.72240447998047,28.951160430908203,29.150951385498047,29.33856964111328,29.53590202331543,29.76548194885254,30.03423500061035,30.46675682067871,development
2025-04-12 00:00:00+00:00,43279099999,2025-04-11 06:00:00+00:00,18,28.0,34.0,29.0,28.5,0.75,0.9914448613738104,0.1305261922200517,0.986146248341595,-0.16587819893463143,-3.700000000000003,-0.825581592549191,0.5,2.2023809523809526,2.1256918308252466,0,0.0,0.0,1.0,True,29.53820870994248,29.722215163508473,28.248567581176758,27.0584774017334,27.47180938720703,27.7781982421875,28.019838333129883,28.248567581176758,28.48301124572754,28.746543884277344,29.100488662719727,29.649778366088867,28.791349411010742,27.899259567260742,28.210697174072266,28.44043731689453,28.61495590209961,28.791349411010742,28.965164184570312,29.1768798828125,29.444589614868164,29.878236770629883,development
2025-04-12 01:00:00+00:00,43279099999,2025-04-11 06:00:00+00:00,19,28.0,34.0,28.0,28.3,0.7916666666666666,0.9914448613738104,-0.1305261922200516,0.986146248341595,-0.16587819893463143,-3.700000000000003,-0.7595717330456649,-0.3000000000000007,2.402380952380952,2.1256918308252466,0,0.0,0.0,1.0,True,29.33820870994248,29.296928741441505,28.22829246520996,26.964330673217773,27.416610717773438,27.73177146911621,27.98842430114746,28.22829246520996,28.471359252929688,28.76677894592285,29.132905960083008,29.70795440673828,28.46770668029785,27.538433074951172,27.873836517333984,28.10732650756836,28.29209327697754,28.46770668029785,28.65030288696289,28.88670539855957,29.179229736328125,29.638019561767578,development
2025-04-12 02:00:00+00:00,43279099999,2025-04-11 06:00:00+00:00,20,28.0,34.0,29.0,29.1,0.8333333333333334,0.9238795325112868,-0.3826834323650895,0.986146248341595,-0.16587819893463143,-3.700000000000003,-0.6988397304989793,-0.10000000000000142,1.6023809523809511,2.1256918308252466,0,0.0,0.0,1.0,True,30.138208709942482,30.082199039712513,28.951980590820312,27.6082763671875,28.0821475982666,28.408525466918945,28.688861846923828,28.951980590820312,29.214282989501953,29.530574798583984,29.918615341186523,30.51373291015625,29.156442642211914,28.153526306152344,28.51611328125,28.760242462158203,28.965442657470703,29.156442642211914,29.359148025512695,29.604406356811523,29.90589714050293,30.390005111694336,development
2025-04-12 03:00:00+00:00,43279099999,2025-04-11 06:00:00+00:00,21,30.0,34.0,30.0,31.5,0.875,0.7933533402912352,-0.6087614290087207,0.986146248341595,-0.16587819893463143,-3.700000000000003,-0.6429635907666476,-1.5,-0.7976190476190474,2.1256918308252466,0,0.0,0.0,1.0,True,32.53820870994248,32.12979784086606,29.95792579650879,28.560348510742188,29.048542022705078,29.400318145751953,29.68721580505371,29.95792579650879,30.235492706298828,30.559803009033203,30.937692642211914,31.55774688720703,30.304353713989258,29.24102783203125,29.616294860839844,29.884187698364258,30.0989990234375,30.304353713989258,30.517227172851562,30.772890090942383,31.0632266998291,31.567644119262695,development
2025-04-12 04:00:00+00:00,43279099999,2025-04-11 06:00:00+00:00,22,32.0,34.0,31.0,33.1,0.9166666666666666,0.6087614290087209,-0.793353340291235,0.986146248341595,-0.16587819893463143,-3.700000000000003,-0.591555060494868,-2.1000000000000014,-2.397619047619049,2.1256918308252466,0,0.0,0.0,1.0,True,34.13820870994248,33.564061616881936,31.142030715942383,29.661821365356445,30.173913955688477,30.548185348510742,30.855318069458008,31.142030715942383,31.437358856201172,31.76937484741211,32.17157745361328,32.798030853271484,31.665420532226562,30.51995277404785,30.91310691833496,31.205888748168945,31.443878173828125,31.665420532226562,31.89690399169922,32.15357971191406,32.47723388671875,32.98887252807617,development
2025-04-12 05:00:00+00:00,43279099999,2025-04-11 06:00:00+00:00,23,34.0,34.0,33.0,36.0,0.9583333333333334,0.3826834323650899,-0.9238795325112867,0.986146248341595,-0.16587819893463143,-3.700000000000003,-0.5442569293540146,-3.0,-5.2976190476190474,2.1256918308252466,0,0.0,0.0,1.0,True,37.03820870994248,36.246149808941375,32.54533767700195,30.86578369140625,31.432329177856445,31.85810661315918,32.21467590332031,32.54533767700195,32.88616180419922,33.24761199951172,33.68735885620117,34.364479064941406,33.36674880981445,31.96413230895996,32.438201904296875,32.79376220703125,33.08954620361328,33.36674880981445,33.65073776245117,33.95562744140625,34.3268928527832,34.90908432006836,development
2025-04-12 06:00:00+00:00,43279099999,2025-04-11 06:00:00+00:00,24,35.0,34.0,34.0,37.7,1.0,0.130526192220052,-0.9914448613738104,0.986146248341595,-0.16587819893463143,-3.700000000000003,-0.5007405479754674,-3.700000000000003,-6.99761904761905,2.1256918308252466,0,0.0,0.0,1.0,True,38.738208709942484,37.79582234254898,33.50542068481445,31.800037384033203,32.39435577392578,32.81233596801758,33.16714859008789,33.50542068481445,33.837379455566406,34.19204330444336,34.6297721862793,35.30865478515625,34.73308563232422,33.15103530883789,33.696353912353516,34.07730484008789,34.416038513183594,34.73308563232422,35.053462982177734,35.394989013671875,35.786895751953125,36.4175910949707,development
2025-04-12 07:00:00+00:00,43279099999,2025-04-11 06:00:00+00:00,25,37.0,34.0,36.0,38.9,1.0416666666666667,-0.13052619222005177,-0.9914448613738104,0.986146248341595,-0.16587819893463143,-3.700000000000003,-0.46070354434325533,-2.8999999999999986,-8.197619047619046,2.1256918308252466,0,0.0,0.0,1.0,True,39.93820870994248,39.18649823362468,34.011173248291016,32.27962112426758,32.88861083984375,33.31779479980469,33.670494079589844,34.011173248291016,34.33710479736328,34.69581985473633,35.13679885864258,35.85633087158203,35.467857360839844,33.93655014038086,34.464637756347656,34.844451904296875,35.160858154296875,35.467857360839844,35.75762176513672,36.0733757019043,36.44314193725586,37.060386657714844,development
2025-04-12 08:00:00+00:00,43279099999,2025-04-11 06:00:00+00:00,26,38.0,34.0,37.0,38.6,1.0833333333333333,-0.38268343236508967,-0.9238795325112868,0.986146248341595,-0.16587819893463143,-3.700000000000003,-0.42386772277294493,-1.6000000000000014,-7.897619047619049,2.1256918308252466,0,0.0,0.0,1.0,True,39.63820870994248,39.21028065748194,34.21590042114258,32.35546875,33.003726959228516,33.45895767211914,33.846397399902344,34.21590042114258,34.58677673339844,34.976959228515625,35.46147155761719,36.22834777832031,35.72090530395508,33.9993896484375,34.59640884399414,35.01210021972656,35.379268646240234,35.72090530395508,36.0579719543457,36.41059875488281,36.83896255493164,37.5285758972168,development
2025-04-12 09:00:00+00:00,43279099999,2025-04-11 06:00:00+00:00,27,39.0,34.0,36.0,36.4,1.125,-0.6087614290087207,-0.7933533402912352,0.986146248341595,-0.16587819893463143,-3.700000000000003,-0.38997713087889835,-0.3999999999999986,-5.697619047619046,2.1256918308252466,0,0.0,0.0,1.0,True,37.43820870994248,37.33986920122656,33.80502700805664,31.93297576904297,32.584571838378906,33.04866027832031,33.434669494628906,33.80502700805664,34.184410095214844,34.605377197265625,35.101234436035156,35.886024475097656,35.215641021728516,33.50020980834961,34.09650802612305,34.51736068725586,34.871131896972656,35.215641021728516,35.557647705078125,35.92805480957031,36.359130859375,37.03850173950195,development
2025-04-12 10:00:00+00:00,43279099999,2025-04-11 06:00:00+00:00,28,37.0,34.0,35.0,35.5,1.1666666666666667,-0.7933533402912349,-0.6087614290087209,0.986146248341595,-0.16587819893463143,-3.700000000000003,-0.358796281098299,-0.5,-4.7976190476190474,2.1256918308252466,0,0.0,0.0,1.0,True,36.53820870994248,36.50320415750085,33.14605712890625,31.354597091674805,31.983196258544922,32.430992126464844,32.79951858520508,33.14605712890625,33.50909423828125,33.91603469848633,34.40049743652344,35.16765594482422,34.26181411743164,32.7570915222168,33.291534423828125,33.66909408569336,33.97995376586914,34.26181411743164,34.56060791015625,34.8961181640625,35.282718658447266,35.89268493652344,development
2025-04-12 11:00:00+00:00,43279099999,2025-04-11 06:00:00+00:00,29,34.0,34.0,34.0,34.4,1.2083333333333333,-0.9238795325112868,-0.3826834323650895,0.986146248341595,-0.16587819893463143,-3.700000000000003,-0.33010851441426264,-0.3999999999999986,-3.697619047619046,2.1256918308252466,0,0.0,0.0,1.0,True,35.43820870994248,35.52060318808592,32.58559799194336,30.90119743347168,31.494258880615234,31.914525985717773,32.25788879394531,32.58559799194336,32.92820358276367,33.3116340637207,33.77637481689453,34.533077239990234,33.67911911010742,32.27794647216797,32.7784423828125,33.13540267944336,33.4152946472168,33.67911911010742,33.960914611816406,34.27278518676758,34.634803771972656,35.219600677490234,development
2025-04-12 12:00:00+00:00,43279099999,2025-04-11 06:00:00+00:00,30,33.0,34.0,33.0,32.9,1.25,-0.9914448613738104,-0.13052619222005163,0.986146248341595,-0.16587819893463143,-3.700000000000003,-0.3037144949084258,0.10000000000000142,-2.197619047619046,2.1256918308252466,0,0.0,0.0,1.0,True,33.93820870994248,34.23018057858156,31.75577163696289,30.08785057067871,30.685121536254883,31.10096549987793,31.43486785888672,31.75577163696289,32.084815979003906,32.46414566040039,32.92150115966797,33.6802864074707,32.79801940917969,31.46826171875,31.943315505981445,32.289581298828125,32.550323486328125,32.79801940917969,33.05763244628906,33.35519027709961,33.69990539550781,34.25440216064453,development
2025-04-12 13:00:00+00:00,43279099999,2025-04-11 06:00:00+00:00,31,32.0,34.0,32.0,31.9,1.2916666666666667,-0.9914448613738105,0.13052619222005127,0.986146248341595,-0.16587819893463143,-3.700000000000003,-0.27943082468246316,0.10000000000000142,-1.197619047619046,2.1256918308252466,0,0.0,0.0,1.0,True,32.93820870994248,33.33149816786405,30.94585609436035,29.344255447387695,29.938644409179688,30.336835861206055,30.650026321411133,30.94585609436035,31.261213302612305,31.628616333007812,32.07453536987305,32.82918167114258,31.974742889404297,30.708206176757812,31.174972534179688,31.50164222717285,31.7479190826416,31.974742889404297,32.224205017089844,32.50710678100586,32.83879089355469,33.368202209472656,development
2025-04-12 14:00:00+00:00,43279099999,2025-04-11 06:00:00+00:00,32,32.0,34.0,32.0,31.7,1.3333333333333333,-0.923879532511287,0.38268343236508917,0.986146248341595,-0.16587819893463143,-3.700000000000003,-0.2570887695243659,0.3000000000000007,-0.9976190476190467,2.1256918308252466,0,0.0,0.0,1.0,True,32.738208709942484,33.26588892757404,30.528888702392578,28.971296310424805,29.54884147644043,29.931739807128906,30.234956741333008,30.528888702392578,30.832721710205078,31.179838180541992,31.61141014099121,32.36077117919922,31.60210609436035,30.401050567626953,30.84794044494629,31.143774032592773,31.381004333496094,31.60210609436035,31.836746215820312,32.09589385986328,32.405357360839844,32.90279769897461,development
2025-04-12 15:00:00+00:00,43279099999,2025-04-11 06:00:00+00:00,33,32.0,34.0,32.0,31.2,1.375,-0.7933533402912357,0.6087614290087199,0.986146248341595,-0.16587819893463143,-3.700000000000003,-0.2365330864648182,0.8000000000000007,-0.49761904761904674,2.1256918308252466,0,0.0,0.0,1.0,True,32.238208709942484,32.954175633706754,30.395217895507812,28.892444610595703,29.44404411315918,29.812456130981445,30.109411239624023,30.395217895507812,30.69382095336914,31.036489486694336,31.47585678100586,32.213706970214844,31.419710159301758,30.255516052246094,30.697580337524414,30.98495101928711,31.20585823059082,31.419710159301758,31.641183853149414,31.89826011657715,32.20596694946289,32.68689727783203,development
2025-04-12 16:00:00+00:00,43279099999,2025-04-11 06:00:00+00:00,34,32.0,34.0,32.0,30.9,1.4166666666666667,-0.6087614290087209,0.7933533402912349,0.986146248341595,-0.16587819893463143,-3.700000000000003,-0.21762094507699073,1.1000000000000014,-0.19761904761904603,2.1256918308252466,0,0.0,0.0,1.0,True,31.93820870994248,32.78349203768777,30.24007797241211,28.805374145507812,29.33877182006836,29.685209274291992,29.972169876098633,30.24007797241211,30.531158447265625,30.855758666992188,31.28374671936035,31.993106842041016,31.292648315429688,30.13241958618164,30.573415756225586,30.860315322875977,31.090808868408203,31.292648315429688,31.520790100097656,31.76591682434082,32.07114791870117,32.536102294921875,development
2025-04-12 17:00:00+00:00,43279099999,2025-04-11 06:00:00+00:00,35,31.0,34.0,31.0,30.6,1.4583333333333333,-0.38268343236508956,0.9238795325112868,0.986146248341595,-0.16587819893463143,-3.700000000000003,-0.2002209350244401,0.3999999999999986,0.10238095238095113,2.1256918308252466,0,0.0,0.0,1.0,True,31.638208709942482,32.38157279182219,30.05629539489746,28.628921508789062,29.15154457092285,29.496183395385742,29.77004623413086,30.05629539489746,30.343257904052734,30.679231643676758,31.1025333404541,31.831510543823242,31.245349884033203,30.076196670532227,30.508018493652344,30.80433464050293,31.023670196533203,31.245349884033203,31.47032928466797,31.728134155273438,32.036346435546875,32.513267517089844,development
2025-04-12 18:00:00+00:00,43279099999,2025-04-11 06:00:00+00:00,36,31.0,34.0,31.0,30.1,1.5,-0.13052619222005168,0.9914448613738104,0.986146248341595,-0.16587819893463143,-3.700000000000003,-0.18421215296109675,0.8999999999999986,0.6023809523809511,2.1256918308252466,0,0.0,0.0,1.0,True,31.138208709942482,32.013269793014544,29.97447395324707,28.57140350341797,29.08328628540039,29.418275833129883,29.696887969970703,29.97447395324707,30.26753807067871,30.590131759643555,31.0067195892334,31.717496871948242,31.10927963256836,29.917720794677734,30.360836029052734,30.65613555908203,30.885154724121094,31.10927963256836,31.345169067382812,31.600568771362305,31.91217803955078,32.39950180053711,development
2025-04-12 19:00:00+00:00,43279099999,2025-04-11 06:00:00+00:00,37,30.0,34.0,31.0,30.1,1.5416666666666667,0.13052619222005157,0.9914448613738104,0.9831469737221499,-0.1828169249850199,-3.700000000000003,-0.16948336243869958,0.8999999999999986,0.6023809523809511,2.1256918308252466,0,0.0,0.0,1.0,True,31.138208709942482,32.05317593536521,29.83641242980957,28.45023536682129,28.953449249267578,29.277687072753906,29.55877113342285,29.83641242980957,30.114681243896484,30.437419891357422,30.848066329956055,31.551729202270508,30.796096801757812,29.616153717041016,30.050304412841797,30.33993148803711,30.574769973754883,30.796096801757812,31.023998260498047,31.284704208374023,31.585643768310547,32.06494140625,development
2025-04-12 20:00:00+00:00,43279099999,2025-04-11 06:00:00+00:00,38,30.0,34.0,31.0,30.2,1.5833333333333333,0.3826834323650898,0.9238795325112867,0.9831469737221499,-0.1828169249850199,-3.700000000000003,-0.15593222098432283,0.8000000000000007,0.5023809523809533,2.1256918308252466,0,0.0,0.0,1.0,True,31.23820870994248,32.11054695226535,29.62068748474121,28.245939254760742,28.743335723876953,29.060163497924805,29.338985443115234,29.62068748474121,29.8949031829834,30.214515686035156,30.61600685119629,31.323888778686523,30.60073471069336,29.438596725463867,29.855989456176758,30.14639663696289,30.378036499023438,30.60073471069336,30.825090408325195,31.078094482421875,31.373435974121094,31.871305465698242,development
2025-04-12 21:00:00+00:00,43279099999,2025-04-11 06:00:00+00:00,39,30.0,34.0,31.0,30.0,1.625,0.6087614290087207,0.7933533402912352,0.9831469737221499,-0.1828169249850199,-3.700000000000003,-0.14346456897737153,1.0,0.7023809523809526,2.1256918308252466,0,0.0,0.0,1.0,True,31.03820870994248,31.91299639656622,29.25673484802246,27.89468765258789,28.390596389770508,28.70819664001465,28.99012565612793,29.25673484802246,29.528318405151367,29.842580795288086,30.254718780517578,30.970020294189453,30.13764762878418,28.95951271057129,29.389253616333008,29.6740779876709,29.916805267333984,30.13764762878418,30.365034103393555,30.61635971069336,30.92292594909668,31.433622360229492,development
2025-04-12 22:00:00+00:00,43279099999,2025-04-11 06:00:00+00:00,40,30.0,34.0,30.0,29.8,1.6666666666666667,0.7933533402912352,0.6087614290087207,0.9831469737221499,-0.1828169249850199,-3.700000000000003,-0.13199377538483395,0.1999999999999993,0.9023809523809518,2.1256918308252466,0,0.0,0.0,1.0,True,30.83820870994248,31.48702491877297,28.781169891357422,27.4166259765625,27.90883445739746,28.23670196533203,28.512969970703125,28.781169891357422,29.047075271606445,29.36485481262207,29.78219985961914,30.516714096069336,29.585548400878906,28.42484474182129,28.841577529907227,29.127893447875977,29.368152618408203,29.585548400878906,29.812877655029297,30.070602416992188,30.385387420654297,30.916000366210938,development
2025-04-12 23:00:00+00:00,43279099999,2025-04-11 06:00:00+00:00,41,30.0,34.0,30.0,29.3,1.7083333333333333,0.9238795325112867,0.38268343236508984,0.9831469737221499,-0.1828169249850199,-3.700000000000003,-0.12144013580865395,0.6999999999999993,1.4023809523809518,2.1256918308252466,0,0.0,0.0,1.0,True,30.33820870994248,31.025950466033787,28.383651733398438,27.113121032714844,27.59724998474121,27.892446517944336,28.146499633789062,28.383651733398438,28.623476028442383,28.925434112548828,29.343242645263672,30.078399658203125,29.03181266784668,27.902729034423828,28.321552276611328,28.596878051757812,28.823963165283203,29.03181266784668,29.253292083740234,29.51004981994629,29.840822219848633,30.379608154296875,development
2025-04-13 00:00:00+00:00,43279099999,2025-04-11 06:00:00+00:00,42,30.0,34.0,29.0,28.9,1.75,0.9914448613738104,0.1305261922200517,0.9831469737221499,-0.1828169249850199,-3.700000000000003,-0.11173031866257854,0.10000000000000142,1.802380952380954,2.1256918308252466,0,0.0,0.0,1.0,True,29.93820870994248,30.424567901797577,28.08058738708496,26.71965789794922,27.222023010253906,27.538604736328125,27.820682525634766,28.08058738708496,28.354862213134766,28.700401306152344,29.15548324584961,29.938203811645508,28.578670501708984,27.45928955078125,27.87924575805664,28.14490509033203,28.37406349182129,28.578670501708984,28.803241729736328,29.075302124023438,29.41011619567871,29.98402976989746,development
2025-04-13 01:00:00+00:00,43279099999,2025-04-11 06:00:00+00:00,43,30.0,34.0,28.0,28.6,1.7916666666666667,0.9914448613738104,-0.1305261922200516,0.9831469737221499,-0.1828169249850199,-3.700000000000003,-0.10279685563025981,-0.6000000000000014,2.102380952380951,2.1256918308252466,0,0.0,0.0,1.0,True,29.638208709942482,29.90053574006819,28.09648895263672,26.721342086791992,27.220335006713867,27.55219841003418,27.822561264038086,28.09648895263672,28.385086059570312,28.739704132080078,29.2080020904541,30.027236938476562,28.477296829223633,27.344844818115234,27.76624298095703,28.040929794311523,28.262968063354492,28.477296829223633,28.714881896972656,28.99062156677246,29.348407745361328,29.94324493408203,development
2025-04-13 02:00:00+00:00,43279099999,2025-04-11 06:00:00+00:00,44,30.0,34.0,29.0,30.4,1.8333333333333333,0.9238795325112868,-0.3826834323650895,0.9831469737221499,-0.1828169249850199,-3.700000000000003,-0.09457767286407746,-1.3999999999999986,0.30238095238095397,2.1256918308252466,0,0.0,0.0,1.0,True,31.43820870994248,31.45058100818538,28.804628372192383,27.422603607177734,27.91046905517578,28.23775863647461,28.525238037109375,28.804628372192383,29.103986740112305,29.465879440307617,29.956411361694336,30.772409439086914,29.394060134887695,28.266170501708984,28.694181442260742,28.95456886291504,29.183269500732422,29.394060134887695,29.62788200378418,29.90846824645996,30.263256072998047,30.874191284179688,development
2025-04-13 03:00:00+00:00,43279099999,2025-04-11 06:00:00+00:00,45,31.0,34.0,30.0,33.0,1.875,0.7933533402912352,-0.6087614290087207,0.9831469737221499,-0.1828169249850199,-3.700000000000003,-0.08701565966723376,-3.0,-2.2976190476190474,2.1256918308252466,0,0.0,0.0,1.0,True,34.03820870994248,33.63762560366374,29.922321319580078,28.426197052001953,28.947650909423828,29.311857223510742,29.623512268066406,29.922321319580078,30.246416091918945,30.63597869873047,31.14862823486328,32.010009765625,30.841440200805664,29.52103042602539,30.010988235473633,30.325637817382812,30.600358963012695,30.841440200805664,31.11156463623047,31.42868423461914,31.836353302001953,32.511192321777344,development
2025-04-13 04:00:00+00:00,43279099999,2025-04-11 06:00:00+00:00,46,33.0,34.0,31.0,35.7,1.9166666666666667,0.6087614290087209,-0.793353340291235,0.9831469737221499,-0.1828169249850199,-3.700000000000003,-0.0800582716621245,-4.700000000000003,-4.99761904761905,2.1256918308252466,0,0.0,0.0,1.0,True,36.738208709942484,35.917898260034896,31.08707046508789,29.531352996826172,30.069026947021484,30.45248794555664,30.7722225189209,31.08707046508789,31.411867141723633,31.805233001708984,32.32496643066406,33.19671630859375,32.616783142089844,30.94527244567871,31.528148651123047,31.93081283569336,32.286293029785156,32.616783142089844,32.94841384887695,33.33148956298828,33.811763763427734,34.58032989501953,development
2025-04-13 05:00:00+00:00,43279099999,2025-04-11 06:00:00+00:00,47,34.0,34.0,33.0,37.4,1.9583333333333333,0.3826834323650899,-0.9238795325112867,0.9831469737221499,-0.1828169249850199,-3.700000000000003,-0.0736571656876147,-4.399999999999999,-6.697619047619046,2.1256918308252466,0,0.0,0.0,1.0,True,38.43820870994248,37.64513098005756,32.397064208984375,30.534395217895508,31.172752380371094,31.62687110900879,32.023990631103516,32.397064208984375,32.78880310058594,33.24171447753906,33.81794357299805,34.7847900390625,34.128883361816406,32.28974914550781,32.937625885009766,33.380191802978516,33.77112579345703,34.128883361816406,34.497840881347656,34.91842269897461,35.432403564453125,36.2593879699707,development
2025-04-13 06:00:00+00:00,43279099999,2025-04-11 06:00:00+00:00,48,36.0,34.0,34.0,38.3,2.0,0.130526192220052,-0.9914448613738104,0.9831469737221499,-0.1828169249850199,-3.700000000000003,-0.06776786388831652,-4.299999999999997,-7.597619047619045,2.1256918308252466,0,0.0,0.0,1.0,True,39.33820870994248,38.554530953717936,33.36793518066406,31.197614669799805,31.91507911682129,32.44723892211914,32.9250373840332,33.36793518066406,33.804359436035156,34.2991828918457,34.93802261352539,35.98883819580078,35.146514892578125,33.25190353393555,33.90544128417969,34.362579345703125,34.778507232666016,35.146514892578125,35.513092041015625,35.91876220703125,36.42575454711914,37.26072692871094,development
2025-04-13 07:00:00+00:00,43128599999,2025-04-13 06:00:00+00:00,1,35.0,34.0,34.0,34.5,0.041666666666666664,-0.13052619222005177,-0.9914448613738104,0.9831469737221499,-0.1828169249850199,0.29999999999999716,0.2760133243887944,-0.5,-5.541666666666668,4.309947197039639,0,0.0,1.0,0.0,True,34.6192125984252,34.92285638700989,34.60260009765625,33.72408676147461,34.084617614746094,34.2966194152832,34.452274322509766,34.60260009765625,34.74903106689453,34.89010238647461,35.04234313964844,35.27870178222656,34.533573150634766,33.52873611450195,33.9243278503418,34.175601959228516,34.363468170166016,34.533573150634766,34.70246505737305,34.868709564208984,35.06959533691406,35.3600959777832,development
2025-04-13 08:00:00+00:00,43128599999,2025-04-13 06:00:00+00:00,2,35.0,34.0,34.0,35.0,0.08333333333333333,-0.38268343236508967,-0.9238795325112868,0.9831469737221499,-0.1828169249850199,0.29999999999999716,0.25394451746718183,-1.0,-6.041666666666668,4.309947197039639,0,0.0,1.0,0.0,True,35.1192125984252,35.34047502349312,35.17946243286133,34.211181640625,34.63774871826172,34.853424072265625,35.03065872192383,35.17946243286133,35.31447219848633,35.46249771118164,35.649147033691406,35.89093017578125,34.95431137084961,33.815635681152344,34.29294204711914,34.56007766723633,34.773780822753906,34.95431137084961,35.13199234008789,35.3159294128418,35.54289245605469,35.87416076660156,development
2025-04-13 09:00:00+00:00,43128599999,2025-04-13 06:00:00+00:00,3,36.0,34.0,34.0,35.3,0.125,-0.6087614290087207,-0.7933533402912352,0.9831469737221499,-0.1828169249850199,0.29999999999999716,0.23364023492141925,-1.2999999999999972,-6.341666666666665,4.309947197039639,0,0.0,1.0,0.0,True,35.4192125984252,35.62149025576458,35.82771301269531,34.819602966308594,35.250667572021484,35.49803161621094,35.68506622314453,35.82771301269531,35.97411346435547,36.138736724853516,36.300758361816406,36.53266525268555,35.477149963378906,34.29570007324219,34.79236602783203,35.0816764831543,35.28630065917969,35.477149963378906,35.67332458496094,35.86863708496094,36.090206146240234,36.42874526977539,development
2025-04-13 10:00:00+00:00,43128599999,2025-04-13 06:00:00+00:00,4,36.0,34.0,36.0,34.5,0.16666666666666666,-0.7933533402912349,-0.6087614290087209,0.9831469737221499,-0.1828169249850199,0.29999999999999716,0.21495939317213475,1.5,-5.541666666666668,4.309947197039639,0,0.0,1.0,0.0,True,34.6192125984252,35.481207818170866,36.231048583984375,35.1007080078125,35.5930290222168,35.821311950683594,36.054222106933594,36.231048583984375,36.38432693481445,36.56324005126953,36.73587417602539,36.99516296386719,35.9298210144043,34.685401916503906,35.215087890625,35.48006820678711,35.72307586669922,35.9298210144043,36.122711181640625,36.33546447753906,36.56743621826172,36.921913146972656,development
2025-04-13 11:00:00+00:00,43128599999,2025-04-13 06:00:00+00:00,5,36.0,34.0,36.0,34.1,0.20833333333333334,-0.9238795325112868,-0.3826834323650895,0.9831469737221499,-0.1828169249850199,0.29999999999999716,0.19777218906013125,1.8999999999999986,-5.141666666666669,4.309947197039639,0,0.0,1.0,0.0,True,34.2192125984252,35.24264018544877,35.77561569213867,34.425384521484375,35.00855255126953,35.32815933227539,35.57260513305664,35.77561569213867,35.969032287597656,36.16767120361328,36.41109085083008,36.730491638183594,35.34168243408203,33.99753952026367,34.563106536865234,34.8812255859375,35.133853912353516,35.34168243408203,35.5487174987793,35.777992248535156,36.04766082763672,36.422874450683594,development
2025-04-13 12:00:00+00:00,43128599999,2025-04-13 06:00:00+00:00,6,,34.0,35.0,32.3,0.25,-0.9914448613738104,-0.13052619222005163,0.9831469737221499,-0.1828169249850199,0.29999999999999716,0.1819591979137883,2.700000000000003,-3.341666666666665,4.309947197039639,0,0.0,1.0,0.0,False,32.4192125984252,33.70207700709658,34.487083435058594,32.63081359863281,33.37841033935547,33.85287857055664,34.189735412597656,34.487083435058594,34.782596588134766,35.06512451171875,35.42414855957031,35.875389099121094,34.22114944458008,32.714046478271484,33.33116149902344,33.717350006103516,33.99501037597656,34.22114944458008,34.45923614501953,34.70429992675781,35.022037506103516,35.45124435424805,development
2025-04-13 13:00:00+00:00,43128599999,2025-04-13 06:00:00+00:00,7,33.0,34.0,34.0,29.5,0.2916666666666667,-0.9914448613738105,0.13052619222005127,0.9831469737221499,-0.1828169249850199,0.29999999999999716,0.16741054373101255,4.5,-0.5416666666666679,4.309947197039639,0,0.0,1.0,0.0,True,29.619212598425197,31.379154840456287,32.836891174316406,30.36819839477539,31.29337501525879,31.93748664855957,32.40287780761719,32.836891174316406,33.266502380371094,33.701683044433594,34.12760925292969,34.70535659790039,32.522911071777344,30.713409423828125,31.42931365966797,31.88351058959961,32.22297668457031,32.522911071777344,32.841739654541016,33.180198669433594,33.51779556274414,33.99632263183594,development
2025-04-13 14:00:00+00:00,43128599999,2025-04-13 06:00:00+00:00,8,32.0,34.0,33.0,28.4,0.3333333333333333,-0.923879532511287,0.38268343236508917,0.9831469737221499,-0.1828169249850199,0.29999999999999716,0.15402513570977613,4.600000000000001,0.5583333333333336,4.309947197039639,0,0.0,1.0,0.0,True,28.519212598425195,30.383650277028195,30.452022552490234,27.458541870117188,28.59819984436035,29.387115478515625,29.94499969482422,30.452022552490234,30.93915557861328,31.406776428222656,31.922908782958984,32.62643814086914,30.52784538269043,28.636552810668945,29.412715911865234,29.910402297973633,30.25297737121582,30.52784538269043,30.804733276367188,31.109115600585938,31.447315216064453,31.939891815185547,development
2025-04-13 15:00:00+00:00,43128599999,2025-04-13 06:00:00+00:00,9,29.0,34.0,32.0,26.6,0.375,-0.7933533402912357,0.6087614290087199,0.9831469737221499,-0.1828169249850199,0.29999999999999716,0.14170996582230305,5.399999999999999,2.3583333333333307,4.309947197039639,0,0.0,1.0,0.0,True,26.719212598425198,28.829647625092825,28.8310604095459,25.934307098388672,27.09842300415039,27.867984771728516,28.39982032775879,28.8310604095459,29.265207290649414,29.712642669677734,30.20132827758789,30.89284896850586,29.109689712524414,27.156797409057617,27.956270217895508,28.469831466674805,28.823986053466797,29.109689712524414,29.40907859802246,29.732412338256836,30.086002349853516,30.59686851501465,development
2025-04-13 16:00:00+00:00,43128599999,2025-04-13 06:00:00+00:00,10,28.0,34.0,28.0,26.7,0.4166666666666667,-0.6087614290087209,0.7933533402912349,0.9831469737221499,-0.1828169249850199,0.29999999999999716,0.1303794625521222,1.3000000000000007,2.258333333333333,4.309947197039639,0,0.0,1.0,0.0,True,26.819212598425196,28.11378249178755,28.017160415649414,25.240203857421875,26.358272552490234,27.129846572875977,27.624923706054688,28.017160415649414,28.376699447631836,28.77445411682129,29.230144500732422,29.919260025024414,28.203283309936523,26.20021629333496,27.015920639038086,27.541276931762695,27.90391731262207,28.203283309936523,28.5025691986084,28.81549072265625,29.190526962280273,29.736452102661133,development
2025-04-13 17:00:00+00:00,43128599999,2025-04-13 06:00:00+00:00,11,28.0,34.0,28.0,25.9,0.4583333333333333,-0.38268343236508956,0.9238795325112868,0.9831469737221499,-0.1828169249850199,0.29999999999999716,0.11995489630345307,2.1000000000000014,3.0583333333333336,4.309947197039639,0,0.0,1.0,0.0,True,26.019212598425195,27.522101664715514,27.16026496887207,24.49502182006836,25.560089111328125,26.27899742126465,26.766342163085938,27.16026496887207,27.536128997802734,27.92044448852539,28.37385368347168,29.05532455444336,27.451412200927734,25.472070693969727,26.268041610717773,26.777671813964844,27.139142990112305,27.451412200927734,27.757509231567383,28.071508407592773,28.445791244506836,28.998544692993164,development
2025-04-13 18:00:00+00:00,43128599999,2025-04-13 06:00:00+00:00,12,27.0,34.0,25.0,25.3,0.5,-0.13052619222005168,0.9914448613738104,0.9831469737221499,-0.1828169249850199,0.29999999999999716,0.11036383235143166,-0.3000000000000007,3.6583333333333314,4.309947197039639,0,0.0,1.0,0.0,True,25.419212598425197,26.430455392016277,26.329025268554688,23.847305297851562,24.84984016418457,25.48737144470215,25.934524536132812,26.329025268554688,26.70395278930664,27.09914779663086,27.555618286132812,28.204078674316406,26.633604049682617,24.7235107421875,25.499408721923828,25.96966552734375,26.320768356323242,26.633604049682617,26.941211700439453,27.265628814697266,27.64625358581543,28.175413131713867,development
2025-04-13 19:00:00+00:00,43128599999,2025-04-13 06:00:00+00:00,13,26.0,34.0,24.0,24.6,0.5416666666666666,0.13052619222005157,0.9914448613738104,0.9798567700958665,-0.1997015525660636,0.29999999999999716,0.1015396275320217,-0.6000000000000014,4.358333333333331,4.309947197039639,0,0.0,1.0,0.0,True,24.719212598425198,25.701939636847207,25.870399475097656,23.516300201416016,24.468595504760742,25.05369758605957,25.474815368652344,25.870399475097656,26.23326873779297,26.608394622802734,27.050729751586914,27.690916061401367,25.90338706970215,24.058847427368164,24.80109405517578,25.25006675720215,25.58233642578125,25.90338706970215,26.189273834228516,26.49481201171875,26.874465942382812,27.40765380859375,development
2025-04-13 20:00:00+00:00,43128599999,2025-04-13 06:00:00+00:00,14,26.0,34.0,26.0,23.8,0.5833333333333334,0.3826834323650898,0.9238795325112867,0.9798567700958665,-0.1997015525660636,0.29999999999999716,0.09342096717437842,2.1999999999999993,5.158333333333331,4.309947197039639,0,0.0,1.0,0.0,True,23.919212598425197,25.470281189028416,25.128110885620117,22.90103530883789,23.790441513061523,24.342683792114258,24.741710662841797,25.128110885620117,25.490142822265625,25.8918514251709,26.32390022277832,27.03539276123047,24.95823097229004,23.150592803955078,23.875198364257812,24.309066772460938,24.642791748046875,24.95823097229004,25.25299835205078,25.593978881835938,25.96334457397461,26.54712677001953,development
2025-04-13 21:00:00+00:00,43128599999,2025-04-13 06:00:00+00:00,15,25.0,34.0,26.0,22.4,0.625,0.6087614290087207,0.7933533402912352,0.9798567700958665,-0.1997015525660636,0.29999999999999716,0.08595143905805622,3.6000000000000014,6.558333333333334,4.309947197039639,0,0.0,1.0,0.0,True,22.519212598425195,24.325363630741727,24.796411514282227,22.558395385742188,23.48438262939453,24.012439727783203,24.423858642578125,24.796411514282227,25.161296844482422,25.53802490234375,25.992963790893555,26.728429794311523,24.232507705688477,22.372587203979492,23.12494659423828,23.56146240234375,23.910049438476562,24.232507705688477,24.547021865844727,24.880508422851562,25.276561737060547,25.89879035949707,development
2025-04-13 22:00:00+00:00,43128599999,2025-04-13 06:00:00+00:00,16,,34.0,24.0,22.1,0.6666666666666666,0.7933533402912352,0.6087614290087207,0.9798567700958665,-0.1997015525660636,0.29999999999999716,0.07907914143471728,1.8999999999999986,6.858333333333331,4.309947197039639,0,0.0,1.0,0.0,False,22.219212598425198,23.60253713697908,24.600910186767578,22.411808013916016,23.32530403137207,23.852195739746094,24.255107879638672,24.600910186767578,24.961889266967773,25.314943313598633,25.781787872314453,26.50847053527832,24.264324188232422,22.495845794677734,23.217144012451172,23.64200210571289,23.974384307861328,24.264324188232422,24.570209503173828,24.875747680664062,25.279478073120117,25.863567352294922,development
2025-04-13 23:00:00+00:00,43128599999,2025-04-13 06:00:00+00:00,17,24.0,34.0,25.0,21.5,0.7083333333333334,0.9238795325112867,0.38268343236508984,0.9798567700958665,-0.1997015525660636,0.29999999999999716,0.07275632239069392,3.5,7.458333333333332,4.309947197039639,0,0.0,1.0,0.0,True,21.619212598425197,23.269027249008236,24.37694549560547,22.157325744628906,23.076154708862305,23.607990264892578,24.022397994995117,24.37694549560547,24.720590591430664,25.09964370727539,25.56591796875,26.311973571777344,23.804790496826172,22.013172149658203,22.739072799682617,23.154552459716797,23.498626708984375,23.804790496826172,24.099838256835938,24.434972763061523,24.84767723083496,25.47966766357422,development
2025-04-14 00:00:00+00:00,43128599999,2025-04-13 06:00:00+00:00,18,25.0,34.0,24.0,21.9,0.75,0.9914448613738104,0.1305261922200517,0.9798567700958665,-0.1997015525660636,0.29999999999999716,0.06693904804452831,2.1000000000000014,7.058333333333334,4.309947197039639,0,0.0,1.0,0.0,True,22.019212598425195,23.28892648475181,23.89015769958496,21.566162109375,22.498884201049805,23.093372344970703,23.516674041748047,23.89015769958496,24.270795822143555,24.66555404663086,25.181276321411133,25.973953247070312,23.32904052734375,21.504484176635742,22.222837448120117,22.67462158203125,23.012434005737305,23.32904052734375,23.63188934326172,23.955568313598633,24.39816665649414,25.033742904663086,development
2025-04-14 01:00:00+00:00,43128599999,2025-04-13 06:00:00+00:00,19,24.0,34.0,23.0,22.3,0.7916666666666666,0.9914448613738104,-0.1305261922200516,0.9798567700958665,-0.1997015525660636,0.29999999999999716,0.0615868972739722,0.6999999999999993,6.658333333333331,4.309947197039639,0,0.0,1.0,0.0,True,22.419212598425197,23.30826601538275,24.079368591308594,21.845489501953125,22.764312744140625,23.314472198486328,23.725006103515625,24.079368591308594,24.42534065246582,24.823278427124023,25.321590423583984,26.06784439086914,23.484621047973633,21.718534469604492,22.430938720703125,22.86000633239746,23.18941879272461,23.484621047973633,23.76091957092285,24.09529685974121,24.516822814941406,25.13142204284668,development
2025-04-14 02:00:00+00:00,43128599999,2025-04-13 06:00:00+00:00,20,25.0,34.0,25.0,24.7,0.8333333333333334,0.9238795325112868,-0.3826834323650895,0.9798567700958665,-0.1997015525660636,0.29999999999999716,0.056662680851268014,0.3000000000000007,4.258333333333333,4.309947197039639,0,0.0,1.0,0.0,True,24.819212598425196,25.535685197192983,25.58057975769043,23.28599739074707,24.197254180908203,24.766281127929688,25.18893051147461,25.58057975769043,25.962060928344727,26.40109634399414,26.908565521240234,27.653329849243164,25.312498092651367,23.47279930114746,24.199337005615234,24.64827537536621,24.99308967590332,25.312498092651367,25.62042808532715,25.972030639648438,26.395282745361328,27.01142120361328,development
2025-04-14 03:00:00+00:00,43128599999,2025-04-13 06:00:00+00:00,21,27.0,34.0,29.0,28.0,0.875,0.7933533402912352,-0.6087614290087207,0.9798567700958665,-0.1997015525660636,0.29999999999999716,0.05213218303513305,1.0,0.9583333333333321,4.309947197039639,0,0.0,1.0,0.0,True,28.119212598425197,28.90272841018328,27.980493545532227,26.018695831298828,26.82607650756836,27.31133270263672,27.655298233032227,27.980493545532227,28.308500289916992,28.671648025512695,29.08063316345215,29.729793548583984,27.823362350463867,26.102500915527344,26.794252395629883,27.221588134765625,27.522573471069336,27.823362350463867,28.100921630859375,28.417766571044922,28.779272079467773,29.356426239013672,development
2025-04-14 04:00:00+00:00,43128599999,2025-04-13 06:00:00+00:00,22,30.0,34.0,30.0,31.0,0.9166666666666666,0.6087614290087209,-0.793353340291235,0.9798567700958665,-0.1997015525660636,0.29999999999999716,0.04796392382390772,-1.0,-2.041666666666668,4.309947197039639,0,0.0,1.0,0.0,True,31.119212598425197,31.414087106216883,30.381214141845703,28.551929473876953,29.324235916137695,29.760814666748047,30.08051872253418,30.381214141845703,30.688365936279297,31.0078182220459,31.3759708404541,31.966087341308594,30.201194763183594,28.51017951965332,29.21169090270996,29.617982864379883,29.92498016357422,30.201194763183594,30.473291397094727,30.753681182861328,31.10688018798828,31.64615249633789,development
2025-04-14 05:00:00+00:00,43128599999,2025-04-13 06:00:00+00:00,23,31.0,34.0,32.0,33.0,0.9583333333333334,0.3826834323650899,-0.9238795325112867,0.9798567700958665,-0.1997015525660636,0.29999999999999716,0.04412894021789262,-1.0,-4.041666666666668,4.309947197039639,0,0.0,1.0,0.0,True,33.1192125984252,33.3727236843384,32.4071044921875,30.7364559173584,31.449176788330078,31.85708236694336,32.128963470458984,32.4071044921875,32.67866134643555,32.962059020996094,33.27998352050781,33.774070739746094,32.1980094909668,30.553682327270508,31.231191635131836,31.641551971435547,31.931671142578125,32.1980094909668,32.45492935180664,32.7158088684082,33.0387077331543,33.523895263671875,development
2025-04-14 06:00:00+00:00,43128599999,2025-04-13 06:00:00+00:00,24,33.0,34.0,34.0,34.3,1.0,0.130526192220052,-0.9914448613738104,0.9798567700958665,-0.1997015525660636,0.29999999999999716,0.04060058497098343,-0.29999999999999716,-5.341666666666665,4.309947197039639,0,0.0,1.0,0.0,True,34.4192125984252,34.80412137551387,33.722530364990234,32.239418029785156,32.88300704956055,33.23728561401367,33.48749542236328,33.722530364990234,33.961082458496094,34.21275329589844,34.479225158691406,34.92697525024414,33.64119338989258,32.061851501464844,32.73920822143555,33.11534881591797,33.39726257324219,33.64119338989258,33.88371658325195,34.12394714355469,34.402191162109375,34.86549377441406,development
2025-04-14 07:00:00+00:00,43128599999,2025-04-13 06:00:00+00:00,25,34.0,34.0,34.0,34.7,1.0416666666666667,-0.13052619222005177,-0.9914448613738104,0.9798567700958665,-0.1997015525660636,0.29999999999999716,0.037354341433236536,-0.7000000000000028,-5.741666666666671,4.309947197039639,0,0.0,1.0,0.0,True,34.8192125984252,35.12860830163173,34.21783447265625,32.821475982666016,33.441749572753906,33.770851135253906,33.99933624267578,34.21783447265625,34.41726303100586,34.652427673339844,34.89303970336914,35.30908966064453,34.12712097167969,32.54523468017578,33.22183609008789,33.60307312011719,33.88287353515625,34.12712097167969,34.34562683105469,34.58388137817383,34.85551834106445,35.298377990722656,development
2025-04-14 08:00:00+00:00,43128599999,2025-04-13 06:00:00+00:00,26,35.0,34.0,34.0,35.5,1.0833333333333333,-0.38268343236508967,-0.9238795325112868,0.9798567700958665,-0.1997015525660636,0.29999999999999716,0.03436765319780599,-1.5,-6.541666666666668,4.309947197039639,0,0.0,1.0,0.0,True,35.6192125984252,35.788105516158566,34.79507827758789,33.465972900390625,34.04230880737305,34.365543365478516,34.587440490722656,34.79507827758789,34.98662567138672,35.19043731689453,35.416099548339844,35.80863952636719,34.63875961303711,33.04621887207031,33.714786529541016,34.099552154541016,34.37788391113281,34.63875961303711,34.86474609375,35.085662841796875,35.35761260986328,35.80227279663086,development
2025-04-14 09:00:00+00:00,43128599999,2025-04-13 06:00:00+00:00,27,36.0,34.0,34.0,35.7,1.125,-0.6087614290087207,-0.7933533402912352,0.9798567700958665,-0.1997015525660636,0.29999999999999716,0.031619767368559,-1.7000000000000028,-6.741666666666671,4.309947197039639,0,0.0,1.0,0.0,True,35.8192125984252,35.9970395852732,35.44293975830078,34.13226318359375,34.722896575927734,35.03049087524414,35.25635528564453,35.44293975830078,35.60405731201172,35.80490493774414,36.01431655883789,36.399784088134766,35.37500762939453,33.79673767089844,34.4738655090332,34.8489990234375,35.1220703125,35.37500762939453,35.59270477294922,35.82512283325195,36.0760498046875,36.51285934448242,development
2025-04-14 10:00:00+00:00,43128599999,2025-04-13 06:00:00+00:00,28,32.0,34.0,36.0,35.3,1.1666666666666667,-0.7933533402912349,-0.6087614290087209,0.9798567700958665,-0.1997015525660636,0.29999999999999716,0.02909159035932124,0.7000000000000028,-6.341666666666665,4.309947197039639,0,0.0,1.0,0.0,True,35.4192125984252,36.17594275833869,35.656471252441406,34.32109451293945,34.90989303588867,35.24102783203125,35.46928405761719,35.656471252441406,35.84235763549805,36.01688003540039,36.228668212890625,36.6186408996582,35.73475646972656,34.13426208496094,34.81288146972656,35.21117401123047,35.4914665222168,35.73475646972656,35.977046966552734,36.20484924316406,36.475379943847656,36.91650390625,development
2025-04-14 11:00:00+00:00,43128599999,2025-04-13 06:00:00+00:00,29,29.0,34.0,36.0,34.9,1.2083333333333333,-0.9238795325112868,-0.3826834323650895,0.9798567700958665,-0.1997015525660636,0.29999999999999716,0.02676555522277778,1.1000000000000014,-5.941666666666666,4.309947197039639,0,0.0,1.0,0.0,True,35.0192125984252,35.942684678698875,35.11528015136719,33.65229034423828,34.286197662353516,34.63422393798828,34.889007568359375,35.11528015136719,35.31056213378906,35.50116729736328,35.74479293823242,36.188011169433594,35.307281494140625,33.611507415771484,34.330596923828125,34.743892669677734,35.03411102294922,35.307281494140625,35.55929183959961,35.798309326171875,36.07891845703125,36.557621002197266,development
2025-04-14 12:00:00+00:00,43128599999,2025-04-13 06:00:00+00:00,30,30.0,34.0,35.0,33.1,1.25,-0.9914448613738104,-0.13052619222005163,0.9798567700958665,-0.1997015525660636,0.29999999999999716,0.024625499587169405,1.8999999999999986,-4.141666666666669,4.309947197039639,0,0.0,1.0,0.0,True,33.2192125984252,34.40700652500421,33.76737976074219,32.105648040771484,32.779136657714844,33.19281005859375,33.503360748291016,33.76737976074219,34.001861572265625,34.26191711425781,34.56294250488281,35.10383605957031,34.12921142578125,32.352298736572266,33.086944580078125,33.53615951538086,33.853824615478516,34.12921142578125,34.38772964477539,34.66693878173828,34.96107864379883,35.46909713745117,development
2025-04-14 13:00:00+00:00,43128599999,2025-04-13 06:00:00+00:00,31,28.0,34.0,34.0,29.9,1.2916666666666667,-0.9914448613738105,0.13052619222005127,0.9798567700958665,-0.1997015525660636,0.29999999999999716,0.022656553352631916,4.100000000000001,-0.9416666666666664,4.309947197039639,0,0.0,1.0,0.0,True,30.019212598425195,31.775164162102467,31.848846435546875,29.892492294311523,30.701736450195312,31.176490783691406,31.545703887939453,31.848846435546875,32.148014068603516,32.46751022338867,32.86871337890625,33.51766586303711,32.213985443115234,30.31791114807129,31.12332534790039,31.594301223754883,31.935029983520508,32.213985443115234,32.50010299682617,32.797821044921875,33.13727569580078,33.66888427734375,development
2025-04-14 14:00:00+00:00,43128599999,2025-04-13 06:00:00+00:00,32,26.0,34.0,33.0,28.8,1.3333333333333333,-0.923879532511287,0.38268343236508917,0.9798567700958665,-0.1997015525660636,0.29999999999999716,0.020845035366840264,4.199999999999999,0.15833333333333144,4.309947197039639,0,0.0,1.0,0.0,True,28.919212598425197,30.783794682772612,29.682537078857422,27.272987365722656,28.19855308532715,28.77391815185547,29.258737564086914,29.682537078857422,30.091737747192383,30.52871322631836,31.04814910888672,31.900365829467773,30.37903594970703,28.290433883666992,29.142311096191406,29.647174835205078,30.042705535888672,30.37903594970703,30.70638656616211,31.052837371826172,31.422149658203125,32.04220199584961,development
2025-04-14 15:00:00+00:00,43128599999,2025-04-13 06:00:00+00:00,33,26.0,34.0,32.0,27.2,1.375,-0.7933533402912357,0.6087614290087199,0.9798567700958665,-0.1997015525660636,0.29999999999999716,0.01917835836201209,4.800000000000001,1.7583333333333329,4.309947197039639,0,0.0,1.0,0.0,True,27.319212598425196,29.39030380982231,28.39796257019043,26.364803314208984,27.20134735107422,27.690168380737305,28.07801628112793,28.39796257019043,28.70834732055664,29.0559139251709,29.514896392822266,30.276519775390625,29.242158889770508,27.232173919677734,28.06993865966797,28.55181121826172,28.92888069152832,29.242158889770508,29.539623260498047,29.858110427856445,30.228416442871094,30.826745986938477,development
2025-04-14 16:00:00+00:00,43128599999,2025-04-13 06:00:00+00:00,34,26.0,34.0,28.0,26.5,1.4166666666666667,-0.6087614290087209,0.7933533402912349,0.9798567700958665,-0.1997015525660636,0.29999999999999716,0.017644941492728796,1.5,2.458333333333332,4.309947197039639,0,0.0,1.0,0.0,True,26.619212598425197,28.051109677811205,27.671405792236328,25.65310287475586,26.491079330444336,26.999452590942383,27.37384033203125,27.671405792236328,27.98881721496582,28.34362030029297,28.79872703552246,29.568208694458008,28.18037223815918,26.181053161621094,27.0076904296875,27.507753372192383,27.893918991088867,28.18037223815918,28.501964569091797,28.821386337280273,29.205074310302734,29.816329956054688,development
2025-04-14 17:00:00+00:00,43128599999,2025-04-13 06:00:00+00:00,35,26.0,34.0,28.0,26.7,1.4583333333333333,-0.38268343236508956,0.9238795325112868,0.9798567700958665,-0.1997015525660636,0.29999999999999716,0.016234129866846327,1.3000000000000007,2.258333333333333,4.309947197039639,0,0.0,1.0,0.0,True,26.819212598425196,28.246185847255287,26.988346099853516,24.920650482177734,25.769529342651367,26.286331176757812,26.665300369262695,26.988346099853516,27.29736328125,27.670482635498047,28.1148681640625,28.862295150756836,27.54282569885254,25.52423095703125,26.35515022277832,26.86585807800293,27.234664916992188,27.54282569885254,27.844526290893555,28.18170928955078,28.560243606567383,29.15444564819336,development
2025-04-14 18:00:00+00:00,43128599999,2025-04-13 06:00:00+00:00,36,25.0,34.0,25.0,26.4,1.5,-0.13052619222005168,0.9914448613738104,0.9798567700958665,-0.1997015525660636,0.29999999999999716,0.014936120510359042,-1.3999999999999986,2.5583333333333336,4.309947197039639,0,0.0,1.0,0.0,True,26.519212598425195,27.392563468718993,26.411706924438477,24.298263549804688,25.15923500061035,25.68196678161621,26.069446563720703,26.411706924438477,26.76748275756836,27.130674362182617,27.58090591430664,28.349496841430664,26.98914337158203,24.94960594177246,25.786514282226562,26.28565788269043,26.658424377441406,26.98914337158203,27.312788009643555,27.642141342163086,28.0373592376709,28.67096519470215,development
2025-04-14 19:00:00+00:00,43128599999,2025-04-13 06:00:00+00:00,37,24.0,34.0,24.0,25.8,1.5416666666666667,0.13052619222005157,0.9914448613738104,0.9762766110869321,-0.21652708524481437,0.29999999999999716,0.013741894251786312,-1.8000000000000007,3.1583333333333314,4.309947197039639,0,0.0,1.0,0.0,True,25.919212598425197,26.745532185295108,25.743736267089844,23.599994659423828,24.48569679260254,24.97882080078125,25.390764236450195,25.743736267089844,26.0853271484375,26.44786834716797,26.882265090942383,27.636327743530273,26.27620506286621,24.242889404296875,25.06878089904785,25.553133010864258,25.947858810424805,26.27620506286621,26.590808868408203,26.922710418701172,27.31168556213379,27.927431106567383,development
2025-04-14 20:00:00+00:00,43128599999,2025-04-13 06:00:00+00:00,38,24.0,34.0,26.0,25.0,1.5833333333333333,0.3826834323650898,0.9238795325112867,0.9762766110869321,-0.21652708524481437,0.29999999999999716,0.012643153052782801,1.0,3.958333333333332,4.309947197039639,0,0.0,1.0,0.0,True,25.119212598425197,26.516381792762388,24.93357276916504,22.827226638793945,23.6781063079834,24.20157814025879,24.59438705444336,24.93357276916504,25.276437759399414,25.627208709716797,26.034893035888672,26.775400161743164,25.435802459716797,23.448495864868164,24.242826461791992,24.738189697265625,25.12171173095703,25.435802459716797,25.748287200927734,26.068927764892578,26.441877365112305,27.055927276611328,development
2025-04-14 21:00:00+00:00,43128599999,2025-04-13 06:00:00+00:00,39,23.0,34.0,26.0,24.1,1.625,0.6087614290087207,0.7933533402912352,0.9762766110869321,-0.21652708524481437,0.29999999999999716,0.011632262349516493,1.8999999999999986,4.858333333333331,4.309947197039639,0,0.0,1.0,0.0,True,24.219212598425198,25.765540051624402,24.381793975830078,22.14370346069336,23.04425811767578,23.605548858642578,24.03302001953125,24.381793975830078,24.704898834228516,25.073413848876953,25.493091583251953,26.24589729309082,24.602060317993164,22.49431800842285,23.33218765258789,23.847930908203125,24.261898040771484,24.602060317993164,24.918642044067383,25.267852783203125,25.664888381958008,26.31482696533203,development
2025-04-14 22:00:00+00:00,43128599999,2025-04-13 06:00:00+00:00,40,22.0,34.0,24.0,23.0,1.6666666666666667,0.7933533402912352,0.6087614290087207,0.9762766110869321,-0.21652708524481437,0.29999999999999716,0.010702198004175618,1.0,5.958333333333332,4.309947197039639,0,0.0,1.0,0.0,True,23.119212598425197,24.418007309000554,24.204669952392578,21.905590057373047,22.84490966796875,23.42731475830078,23.841434478759766,24.204669952392578,24.527746200561523,24.88381004333496,25.320438385009766,26.089523315429688,24.35574722290039,22.261032104492188,23.097360610961914,23.623821258544922,24.014318466186523,24.35574722290039,24.682527542114258,25.024654388427734,25.445804595947266,26.119266510009766,development
2025-04-14 23:00:00+00:00,43128599999,2025-04-13 06:00:00+00:00,41,23.0,34.0,25.0,22.7,1.7083333333333333,0.9238795325112867,0.38268343236508984,0.9762766110869321,-0.21652708524481437,0.29999999999999716,0.009846497497998869,2.3000000000000007,6.258333333333333,4.309947197039639,0,0.0,1.0,0.0,True,22.819212598425196,24.32151167338519,23.75545883178711,21.356611251831055,22.35565757751465,22.972976684570312,23.395912170410156,23.75545883178711,24.092132568359375,24.4768123626709,24.932098388671875,25.714384078979492,23.686756134033203,21.56060028076172,22.418258666992188,22.95800018310547,23.3507022857666,23.686756134033203,24.023042678833008,24.395883560180664,24.820003509521484,25.5112361907959,development
2025-04-15 00:00:00+00:00,43128599999,2025-04-13 06:00:00+00:00,42,22.0,34.0,24.0,22.1,1.75,0.9914448613738104,0.1305261922200517,0.9762766110869321,-0.21652708524481437,0.29999999999999716,0.009059215026695464,1.8999999999999986,6.858333333333331,4.309947197039639,0,0.0,1.0,0.0,True,22.219212598425198,23.55967141948754,23.109973907470703,20.65314483642578,21.656381607055664,22.28839874267578,22.73760223388672,23.109973907470703,23.44736671447754,23.85036849975586,24.32257652282715,25.10303497314453,23.032039642333984,20.86772346496582,21.736780166625977,22.276458740234375,22.685298919677734,23.032039642333984,23.379560470581055,23.765247344970703,24.20996856689453,24.909282684326172,development
2025-04-15 01:00:00+00:00,43128599999,2025-04-13 06:00:00+00:00,43,23.0,34.0,23.0,22.9,1.7916666666666667,0.9914448613738104,-0.1305261922200516,0.9762766110869321,-0.21652708524481437,0.29999999999999716,0.008334880186237197,0.10000000000000142,6.058333333333334,4.309947197039639,0,0.0,1.0,0.0,True,23.019212598425195,23.89407899797878,23.370569229125977,20.860576629638672,21.87297821044922,22.508052825927734,22.966293334960938,23.370569229125977,23.7694091796875,24.204307556152344,24.68190574645996,25.49616050720215,23.313167572021484,21.15155029296875,22.023447036743164,22.554508209228516,22.950241088867188,23.313167572021484,23.679893493652344,24.071151733398438,24.499040603637695,25.23642921447754,development
2025-04-15 02:00:00+00:00,43128599999,2025-04-13 06:00:00+00:00,44,25.0,34.0,25.0,25.4,1.8333333333333333,0.9238795325112868,-0.3826834323650895,0.9762766110869321,-0.21652708524481437,0.29999999999999716,0.007668459961952148,-0.3999999999999986,3.5583333333333336,4.309947197039639,0,0.0,1.0,0.0,True,25.519212598425195,26.201373051194505,24.68255615234375,22.124874114990234,23.14426040649414,23.796127319335938,24.260900497436523,24.68255615234375,25.114721298217773,25.561279296875,26.071434020996094,26.869169235229492,24.827285766601562,22.604671478271484,23.505157470703125,24.04247283935547,24.45079231262207,24.827285766601562,25.215110778808594,25.614147186279297,26.06263542175293,26.783267974853516,development
2025-04-15 03:00:00+00:00,43128599999,2025-04-13 06:00:00+00:00,45,28.0,34.0,29.0,28.1,1.875,0.7933533402912352,-0.6087614290087207,0.9762766110869321,-0.21652708524481437,0.29999999999999716,0.007055323756802665,0.8999999999999986,0.8583333333333307,4.309947197039639,0,0.0,1.0,0.0,True,28.219212598425198,29.09969389331256,27.52981948852539,25.40265655517578,26.269376754760742,26.804323196411133,27.192626953125,27.52981948852539,27.88655662536621,28.230684280395508,28.637243270874023,29.24481773376465,27.495698928833008,25.452213287353516,26.288925170898438,26.788623809814453,27.167858123779297,27.495698928833008,27.833248138427734,28.172298431396484,28.56495475769043,29.183006286621094,development
2025-04-15 04:00:00+00:00,43128599999,2025-04-13 06:00:00+00:00,46,30.0,34.0,30.0,31.1,1.9166666666666667,0.6087614290087209,-0.793353340291235,0.9762766110869321,-0.21652708524481437,0.29999999999999716,0.006491211215847865,-1.1000000000000014,-2.1416666666666693,4.309947197039639,0,0.0,1.0,0.0,True,31.219212598425198,31.612340267865513,29.84584617614746,27.91304588317871,28.7249755859375,29.186994552612305,29.5200138092041,29.84584617614746,30.14575958251953,30.47515296936035,30.804136276245117,31.326839447021484,29.66570472717285,27.666902542114258,28.499696731567383,28.975154876708984,29.335914611816406,29.66570472717285,29.963659286499023,30.289886474609375,30.641490936279297,31.22121238708496,development
2025-04-15 05:00:00+00:00,43128599999,2025-04-13 06:00:00+00:00,47,32.0,34.0,32.0,33.0,1.9583333333333333,0.3826834323650899,-0.9238795325112867,0.9762766110869321,-0.21652708524481437,0.29999999999999716,0.0059722026233200495,-1.0,-4.041666666666668,4.309947197039639,0,0.0,1.0,0.0,True,33.1192125984252,33.49380790843836,31.92028045654297,30.17276382446289,30.916486740112305,31.33147430419922,31.63362693786621,31.92028045654297,32.211395263671875,32.48992919921875,32.792877197265625,33.27785110473633,31.513248443603516,29.58331298828125,30.414901733398438,30.870912551879883,31.21253776550293,31.513248443603516,31.804304122924805,32.092872619628906,32.424217224121094,32.97403335571289,development
2025-04-15 06:00:00+00:00,43128599999,2025-04-13 06:00:00+00:00,48,33.0,34.0,34.0,34.1,2.0,0.130526192220052,-0.9914448613738104,0.9762766110869321,-0.21652708524481437,0.29999999999999716,0.005494691666620201,-0.10000000000000142,-5.141666666666669,4.309947197039639,0,0.0,1.0,0.0,True,34.2192125984252,34.76958827799153,33.309268951416016,31.67720603942871,32.3929328918457,32.76389694213867,33.061180114746094,33.309268951416016,33.571414947509766,33.80747985839844,34.083492279052734,34.50432205200195,32.77997589111328,30.8497257232666,31.692054748535156,32.157684326171875,32.50078201293945,32.77997589111328,33.05287170410156,33.31086730957031,33.63298797607422,34.150917053222656,development
2025-04-13 07:00:00+00:00,43279099999,2025-04-13 06:00:00+00:00,1,35.0,36.0,37.0,36.2,0.041666666666666664,-0.13052619222005177,-0.9914448613738104,0.9831469737221499,-0.1828169249850199,-1.2999999999999972,-1.1960577390181177,0.7999999999999972,-5.045238095238098,2.4077951167537157,0,0.0,0.0,1.0,True,37.238208709942484,37.16905675386461,36.47532653808594,35.61924743652344,35.91972732543945,36.14329528808594,36.31339645385742,36.47532653808594,36.63997268676758,36.7993278503418,36.998779296875,37.32632827758789,36.3204345703125,35.40614700317383,35.720123291015625,35.95633316040039,36.14371109008789,36.3204345703125,36.49641799926758,36.6761589050293,36.90383529663086,37.2957763671875,development
2025-04-13 08:00:00+00:00,43279099999,2025-04-13 06:00:00+00:00,2,35.0,36.0,38.0,36.4,0.08333333333333333,-0.38268343236508967,-0.9238795325112868,0.9831469737221499,-0.1828169249850199,-1.2999999999999972,-1.100426242357796,1.6000000000000014,-5.2452380952380935,2.4077951167537157,0,0.0,0.0,1.0,True,37.43820870994248,37.6056138119134,36.52817153930664,35.43748092651367,35.82096481323242,36.096763610839844,36.323158264160156,36.52817153930664,36.73295974731445,36.976104736328125,37.27787780761719,37.72165298461914,36.08216094970703,35.025699615478516,35.39652633666992,35.660186767578125,35.879695892333984,36.08216094970703,36.28554916381836,36.530357360839844,36.852474212646484,37.336910247802734,development
2025-04-13 09:00:00+00:00,43279099999,2025-04-13 06:00:00+00:00,3,35.0,36.0,39.0,35.3,0.125,-0.6087614290087207,-0.7933533402912352,0.9831469737221499,-0.1828169249850199,-1.2999999999999972,-1.012441017992824,3.700000000000003,-4.145238095238092,2.4077951167537157,0,0.0,0.0,1.0,True,36.33820870994248,37.04031495628512,35.99502182006836,34.77346420288086,35.198822021484375,35.50838088989258,35.75926208496094,35.99502182006836,36.245262145996094,36.516963958740234,36.84469985961914,37.381378173828125,35.53182601928711,34.43689727783203,34.81731414794922,35.09606170654297,35.31572341918945,35.53182601928711,35.765621185302734,36.02226638793945,36.347755432128906,36.87949752807617,development
2025-04-13 10:00:00+00:00,43279099999,2025-04-13 06:00:00+00:00,4,34.0,36.0,37.0,35.2,0.16666666666666666,-0.7933533402912349,-0.6087614290087209,0.9831469737221499,-0.1828169249850199,-1.2999999999999972,-0.931490703745924,1.7999999999999972,-4.045238095238098,2.4077951167537157,0,0.0,0.0,1.0,True,36.238208709942484,36.636312873349205,34.966548919677734,33.737064361572266,34.15977096557617,34.453678131103516,34.72053527832031,34.966548919677734,35.224815368652344,35.51833724975586,35.875152587890625,36.461090087890625,34.57048034667969,33.52644348144531,33.88597869873047,34.137916564941406,34.36051940917969,34.57048034667969,34.7966194152832,35.05787658691406,35.39112854003906,35.936771392822266,development
2025-04-13 11:00:00+00:00,43279099999,2025-04-13 06:00:00+00:00,5,33.0,36.0,34.0,34.2,0.20833333333333334,-0.9238795325112868,-0.3826834323650895,0.9831469737221499,-0.1828169249850199,-1.2999999999999972,-0.857012819260575,-0.20000000000000284,-3.0452380952380977,2.4077951167537157,0,0.0,0.0,1.0,True,35.238208709942484,35.324529729687704,33.94179153442383,32.72926330566406,33.14638900756836,33.439334869384766,33.690887451171875,33.94179153442383,34.197593688964844,34.49968338012695,34.87479782104492,35.4886474609375,33.82648849487305,32.8356819152832,33.17584228515625,33.41468048095703,33.62265396118164,33.82648849487305,34.04181671142578,34.30070877075195,34.62047576904297,35.145233154296875,development
2025-04-13 12:00:00+00:00,43279099999,2025-04-13 06:00:00+00:00,6,32.0,36.0,33.0,32.9,0.25,-0.9914448613738104,-0.13052619222005163,0.9831469737221499,-0.1828169249850199,-1.2999999999999972,-0.7884898576264218,0.10000000000000142,-1.7452380952380935,2.4077951167537157,0,0.0,0.0,1.0,True,33.93820870994248,34.20586613796906,32.87114334106445,31.667064666748047,32.07963943481445,32.380706787109375,32.63543701171875,32.87114334106445,33.13188171386719,33.416053771972656,33.81044387817383,34.42576217651367,32.795589447021484,31.847421646118164,32.171363830566406,32.41173553466797,32.612548828125,32.795589447021484,33.0093994140625,33.23992919921875,33.553260803222656,34.05757522583008,development
2025-04-13 13:00:00+00:00,43279099999,2025-04-13 06:00:00+00:00,7,31.0,36.0,32.0,31.4,0.2916666666666667,-0.9914448613738105,0.13052619222005127,0.9831469737221499,-0.1828169249850199,-1.2999999999999972,-0.7254456895010596,0.6000000000000014,-0.24523809523809348,2.4077951167537157,0,0.0,0.0,1.0,True,32.43820870994248,32.92926366471896,31.98100471496582,30.773099899291992,31.196096420288086,31.496633529663086,31.7353458404541,31.98100471496582,32.24580764770508,32.539215087890625,32.91472625732422,33.55094528198242,31.81448745727539,30.887250900268555,31.217809677124023,31.444459915161133,31.632225036621094,31.81448745727539,32.023719787597656,32.24822235107422,32.52870559692383,33.015602111816406,development
2025-04-13 14:00:00+00:00,43279099999,2025-04-13 06:00:00+00:00,8,31.0,36.0,32.0,30.6,0.3333333333333333,-0.923879532511287,0.38268343236508917,0.9831469737221499,-0.1828169249850199,-1.2999999999999972,-0.6674422547423682,1.3999999999999986,0.5547619047619037,2.4077951167537157,0,0.0,0.0,1.0,True,31.638208709942482,32.406273459393546,31.50499725341797,30.292760848999023,30.719730377197266,31.015642166137695,31.25880241394043,31.50499725341797,31.76091194152832,32.048789978027344,32.43253707885742,33.066627502441406,31.11955451965332,30.208267211914062,30.53510284423828,30.757299423217773,30.93943214416504,31.11955451965332,31.31602668762207,31.520299911499023,31.789104461669922,32.24536895751953,development
2025-04-13 15:00:00+00:00,43279099999,2025-04-13 06:00:00+00:00,9,31.0,36.0,32.0,30.1,0.375,-0.7933533402912357,0.6087614290087199,0.9831469737221499,-0.1828169249850199,-1.2999999999999972,-0.6140765185633178,1.8999999999999986,1.0547619047619037,2.4077951167537157,0,0.0,0.0,1.0,True,31.138208709942482,32.10628244113984,31.27078628540039,30.069955825805664,30.482778549194336,30.795045852661133,31.037425994873047,31.27078628540039,31.52777099609375,31.811790466308594,32.19838333129883,32.85911178588867,30.74394989013672,29.857145309448242,30.166959762573242,30.394094467163086,30.570024490356445,30.74394989013672,30.924789428710938,31.12698745727539,31.38472557067871,31.837177276611328,development
2025-04-13 16:00:00+00:00,43279099999,2025-04-13 06:00:00+00:00,10,31.0,36.0,32.0,29.8,0.4166666666666667,-0.6087614290087209,0.7933533402912349,0.9831469737221499,-0.1828169249850199,-1.2999999999999972,-0.5649776710592004,2.1999999999999993,1.3547619047619044,2.4077951167537157,0,0.0,0.0,1.0,True,30.83820870994248,31.946383859325877,31.176132202148438,29.946334838867188,30.38091278076172,30.692468643188477,30.939502716064453,31.176132202148438,31.433902740478516,31.71965789794922,32.1030387878418,32.75217819213867,30.498638153076172,29.60542106628418,29.923776626586914,30.154264450073242,30.332881927490234,30.498638153076172,30.678068161010742,30.87473487854004,31.133586883544922,31.575984954833984,development
2025-04-13 17:00:00+00:00,43279099999,2025-04-13 06:00:00+00:00,11,30.0,36.0,31.0,29.5,0.4583333333333333,-0.38268343236508956,0.9238795325112868,0.9831469737221499,-0.1828169249850199,-1.2999999999999972,-0.5198045506483004,1.5,1.654761904761905,2.4077951167537157,0,0.0,0.0,1.0,True,30.53820870994248,31.55438730554131,30.977663040161133,29.712148666381836,30.17249298095703,30.486690521240234,30.724008560180664,30.977663040161133,31.24474334716797,31.52166748046875,31.92081642150879,32.561614990234375,30.292194366455078,29.373477935791016,29.718477249145508,29.94306755065918,30.11418914794922,30.292194366455078,30.46463394165039,30.659543991088867,30.93294906616211,31.35624122619629,development
2025-04-13 18:00:00+00:00,43279099999,2025-04-13 06:00:00+00:00,12,30.0,36.0,31.0,29.1,0.5,-0.13052619222005168,0.9914448613738104,0.9831469737221499,-0.1828169249850199,-1.2999999999999972,-0.478243273522874,1.8999999999999986,2.0547619047619037,2.4077951167537157,0,0.0,0.0,1.0,True,30.138208709942482,31.273567283139144,30.774784088134766,29.49456787109375,29.95543670654297,30.272300720214844,30.51962661743164,30.774784088134766,31.043102264404297,31.338605880737305,31.721363067626953,32.36781311035156,30.05397605895996,29.13273811340332,29.474472045898438,29.703563690185547,29.88068962097168,30.05397605895996,30.23740005493164,30.439990997314453,30.692583084106445,31.112022399902344,development
2025-04-13 19:00:00+00:00,43279099999,2025-04-13 06:00:00+00:00,13,31.0,36.0,30.0,28.8,0.5416666666666666,0.13052619222005157,0.9914448613738104,0.9798567700958665,-0.1997015525660636,-1.2999999999999972,-0.44000505263876394,1.1999999999999993,2.3547619047619044,2.4077951167537157,0,0.0,0.0,1.0,True,29.83820870994248,30.875280483662706,30.459291458129883,29.12314796447754,29.607391357421875,29.94060707092285,30.201202392578125,30.459291458129883,30.723819732666016,31.013290405273438,31.393171310424805,32.03544235229492,29.759296417236328,28.817218780517578,29.160051345825195,29.39008903503418,29.57918930053711,29.759296417236328,29.932424545288086,30.128263473510742,30.380056381225586,30.78986167907715,development
2025-04-13 20:00:00+00:00,43279099999,2025-04-13 06:00:00+00:00,14,30.0,36.0,30.0,28.4,0.5833333333333334,0.3826834323650898,0.9238795325112867,0.9798567700958665,-0.1997015525660636,-1.2999999999999972,-0.4048241910889761,1.6000000000000014,2.7547619047619065,2.4077951167537157,0,0.0,0.0,1.0,True,29.43820870994248,30.548611006034555,30.179950714111328,28.828292846679688,29.314769744873047,29.668821334838867,29.924970626831055,30.179950714111328,30.45067596435547,30.75564193725586,31.132986068725586,31.794084548950195,29.491044998168945,28.570972442626953,28.91902732849121,29.146085739135742,29.322969436645508,29.491044998168945,29.665515899658203,29.869813919067383,30.111469268798828,30.52610969543457,development
2025-04-13 21:00:00+00:00,43279099999,2025-04-13 06:00:00+00:00,15,30.0,36.0,30.0,27.8,0.625,0.6087614290087207,0.7933533402912352,0.9798567700958665,-0.1997015525660636,-1.2999999999999972,-0.3724562359182463,2.1999999999999993,3.3547619047619044,2.4077951167537157,0,0.0,0.0,1.0,True,28.83820870994248,30.044755733983727,29.907733917236328,28.510541915893555,29.025997161865234,29.384666442871094,29.655359268188477,29.907733917236328,30.184856414794922,30.47406768798828,30.865978240966797,31.51447868347168,29.181171417236328,28.274240493774414,28.60699462890625,28.838598251342773,29.015460968017578,29.181171417236328,29.360750198364258,29.545703887939453,29.789886474609375,30.185897827148438,development
2025-04-13 22:00:00+00:00,43279099999,2025-04-13 06:00:00+00:00,16,29.0,36.0,30.0,27.4,0.6666666666666666,0.7933533402912352,0.6087614290087207,0.9798567700958665,-0.1997015525660636,-1.2999999999999972,-0.34267627955044405,2.6000000000000014,3.7547619047619065,2.4077951167537157,0,0.0,0.0,1.0,True,28.43820870994248,29.680566173375485,29.50651741027832,28.110595703125,28.623376846313477,28.97437286376953,29.249414443969727,29.50651741027832,29.77132225036621,30.06861114501953,30.439592361450195,31.116987228393555,28.83322525024414,27.96648597717285,28.28117561340332,28.497661590576172,28.672996520996094,28.83322525024414,28.99789810180664,29.186033248901367,29.4088077545166,29.80616569519043,development
2025-04-13 23:00:00+00:00,43279099999,2025-04-13 06:00:00+00:00,17,29.0,36.0,30.0,27.0,0.7083333333333334,0.9238795325112867,0.38268343236508984,0.9798567700958665,-0.1997015525660636,-1.2999999999999972,-0.3152773970263426,3.0,4.154761904761905,2.4077951167537157,0,0.0,0.0,1.0,True,28.03820870994248,29.303863796588566,29.185293197631836,27.803625106811523,28.32280158996582,28.6689453125,28.932571411132812,29.185293197631836,29.44408416748047,29.74350929260254,30.116531372070312,30.785633087158203,28.556583404541016,27.745893478393555,28.05306053161621,28.245155334472656,28.40938949584961,28.556583404541016,28.705595016479492,28.87853240966797,29.10044288635254,29.48025131225586,development
2025-04-14 00:00:00+00:00,43279099999,2025-04-13 06:00:00+00:00,18,29.0,36.0,30.0,26.9,0.75,0.9914448613738104,0.1305261922200517,0.9798567700958665,-0.1997015525660636,-1.2999999999999972,-0.2900692081929581,3.1000000000000014,4.2547619047619065,2.4077951167537157,0,0.0,0.0,1.0,True,27.93820870994248,29.155027213569625,28.962907791137695,27.601707458496094,28.09981346130371,28.44957733154297,28.714487075805664,28.962907791137695,29.22283172607422,29.512149810791016,29.902769088745117,30.577707290649414,28.40338706970215,27.594970703125,27.888235092163086,28.095577239990234,28.256847381591797,28.40338706970215,28.55230140686035,28.720735549926758,28.952003479003906,29.349985122680664,development
2025-04-14 01:00:00+00:00,43279099999,2025-04-13 06:00:00+00:00,19,29.0,36.0,30.0,27.1,0.7916666666666666,0.9914448613738104,-0.1305261922200516,0.9798567700958665,-0.1997015525660636,-1.2999999999999972,-0.26687655485388145,2.8999999999999986,4.054761904761904,2.4077951167537157,0,0.0,0.0,1.0,True,28.138208709942482,29.239805620073398,29.081941604614258,27.706674575805664,28.219940185546875,28.55994415283203,28.82510757446289,29.081941604614258,29.34840965270996,29.65707015991211,30.05353355407715,30.743240356445312,28.470230102539062,27.63814926147461,27.942710876464844,28.15203094482422,28.31989288330078,28.470230102539062,28.62299919128418,28.804340362548828,29.055326461791992,29.47171401977539,development
2025-04-14 02:00:00+00:00,43279099999,2025-04-13 06:00:00+00:00,20,30.0,36.0,30.0,28.9,0.8333333333333334,0.9238795325112868,-0.3826834323650895,0.9798567700958665,-0.1997015525660636,-1.2999999999999972,-0.24553828368882985,1.1000000000000014,2.2547619047619065,2.4077951167537157,0,0.0,0.0,1.0,True,29.93820870994248,30.582590242682112,29.77918243408203,28.39707374572754,28.90101432800293,29.23189353942871,29.50946617126465,29.77918243408203,30.051380157470703,30.3727970123291,30.778554916381836,31.466581344604492,29.185565948486328,28.320737838745117,28.635238647460938,28.84219741821289,29.01473045349121,29.185565948486328,29.348468780517578,29.539716720581055,29.79747200012207,30.2265625,development
2025-04-14 03:00:00+00:00,43279099999,2025-04-13 06:00:00+00:00,21,31.0,36.0,31.0,31.1,0.875,0.7933533402912352,-0.6087614290087207,0.9798567700958665,-0.1997015525660636,-1.2999999999999972,-0.2259061264855782,-0.10000000000000142,0.05476190476190368,2.4077951167537157,0,0.0,0.0,1.0,True,32.13820870994248,32.46053258644952,30.886709213256836,29.48065948486328,29.993663787841797,30.33714485168457,30.618627548217773,30.886709213256836,31.16324806213379,31.50339126586914,31.9049015045166,32.625091552734375,30.342456817626953,29.428386688232422,29.758310317993164,29.981409072875977,30.168800354003906,30.342456817626953,30.516742706298828,30.734647750854492,31.00099754333496,31.478731155395508,development
2025-04-14 04:00:00+00:00,43279099999,2025-04-13 06:00:00+00:00,22,32.0,36.0,33.0,33.1,0.9166666666666666,0.6087614290087209,-0.793353340291235,0.9798567700958665,-0.1997015525660636,-1.2999999999999972,-0.20784366990360162,-0.10000000000000142,-1.9452380952380963,2.4077951167537157,0,0.0,0.0,1.0,True,34.13820870994248,34.4082450083325,32.26861572265625,30.853931427001953,31.35299301147461,31.704570770263672,31.99677085876465,32.26861572265625,32.561546325683594,32.90228271484375,33.318660736083984,34.042259216308594,31.936338424682617,30.97014808654785,31.303516387939453,31.546443939208984,31.748699188232422,31.936338424682617,32.13164520263672,32.356117248535156,32.654937744140625,33.150272369384766,development
2025-04-14 05:00:00+00:00,43279099999,2025-04-13 06:00:00+00:00,23,34.0,36.0,34.0,34.9,0.9583333333333334,0.3826834323650899,-0.9238795325112867,0.9798567700958665,-0.1997015525660636,-1.2999999999999972,-0.19122540761086942,-0.8999999999999986,-3.7452380952380935,2.4077951167537157,0,0.0,0.0,1.0,True,35.93820870994248,36.00553394839038,33.6599006652832,32.13334655761719,32.66191864013672,33.039306640625,33.351646423339844,33.6599006652832,33.98384475708008,34.345741271972656,34.785888671875,35.532920837402344,33.47694778442383,32.2791862487793,32.68658447265625,32.9842643737793,33.23298263549805,33.47694778442383,33.72232437133789,33.997520446777344,34.34804153442383,34.92109298706055,development
2025-04-14 06:00:00+00:00,43279099999,2025-04-13 06:00:00+00:00,24,34.0,36.0,36.0,36.2,1.0,0.130526192220052,-0.9914448613738104,0.9798567700958665,-0.1997015525660636,-1.2999999999999972,-0.17593586820759613,-0.20000000000000284,-5.045238095238098,2.4077951167537157,0,0.0,0.0,1.0,True,37.238208709942484,37.443654839517805,34.76644515991211,33.250003814697266,33.7869873046875,34.15359878540039,34.46689224243164,34.76644515991211,35.07231521606445,35.42628860473633,35.86188888549805,36.6092414855957,34.82218933105469,33.414276123046875,33.904056549072266,34.23899459838867,34.538368225097656,34.82218933105469,35.11172866821289,35.43024444580078,35.826656341552734,36.4582405090332,development
2025-04-14 07:00:00+00:00,43279099999,2025-04-13 06:00:00+00:00,25,34.0,36.0,37.0,36.4,1.0416666666666667,-0.13052619222005177,-0.9914448613738104,0.9798567700958665,-0.1997015525660636,-1.2999999999999972,-0.1618688128773595,0.6000000000000014,-5.2452380952380935,2.4077951167537157,0,0.0,0.0,1.0,True,37.43820870994248,37.82956788360412,35.36787033081055,33.821956634521484,34.35704040527344,34.74132537841797,35.06319808959961,35.36787033081055,35.67405319213867,36.03663635253906,36.48048782348633,37.28193283081055,35.48979187011719,34.09896469116211,34.570526123046875,34.90678405761719,35.202632904052734,35.48979187011719,35.7702522277832,36.081993103027344,36.46935272216797,37.129878997802734,development
2025-04-14 08:00:00+00:00,43279099999,2025-04-13 06:00:00+00:00,26,35.0,36.0,38.0,35.7,1.0833333333333333,-0.38268343236508967,-0.9238795325112868,0.9798567700958665,-0.1997015525660636,-1.2999999999999972,-0.14892649719049372,2.299999999999997,-4.545238095238098,2.4077951167537157,0,0.0,0.0,1.0,True,36.738208709942484,37.53139907271026,35.548866271972656,33.91223907470703,34.47099685668945,34.87328338623047,35.22508239746094,35.548866271972656,35.890262603759766,36.27492141723633,36.753421783447266,37.583316802978516,35.67379379272461,34.232505798339844,34.72496032714844,35.07100296020508,35.37879180908203,35.67379379272461,35.96311950683594,36.279239654541016,36.69140625,37.36443328857422,development
2025-04-14 09:00:00+00:00,43279099999,2025-04-13 06:00:00+00:00,27,34.0,36.0,39.0,35.0,1.125,-0.6087614290087207,-0.7933533402912352,0.9798567700958665,-0.1997015525660636,-1.2999999999999972,-0.13701899193042333,4.0,-3.845238095238095,2.4077951167537157,0,0.0,0.0,1.0,True,36.03820870994248,37.25233403776881,35.206748962402344,33.5787353515625,34.135257720947266,34.54533767700195,34.89279556274414,35.206748962402344,35.53153610229492,35.92918014526367,36.40997314453125,37.24784851074219,35.30768585205078,33.893131256103516,34.376617431640625,34.72796630859375,35.018470764160156,35.30768585205078,35.596256256103516,35.924842834472656,36.33119201660156,36.98758316040039,development
2025-04-14 10:00:00+00:00,43279099999,2025-04-13 06:00:00+00:00,28,33.0,36.0,37.0,34.7,1.1666666666666667,-0.7933533402912349,-0.6087614290087209,0.9798567700958665,-0.1997015525660636,-1.2999999999999972,-0.1260635582237263,2.299999999999997,-3.5452380952380977,2.4077951167537157,0,0.0,0.0,1.0,True,35.738208709942484,36.66661707964257,34.42011260986328,32.85740280151367,33.400943756103516,33.794742584228516,34.12229537963867,34.42011260986328,34.745811462402344,35.132015228271484,35.60975646972656,36.43389129638672,34.469390869140625,33.256263732910156,33.68854522705078,33.99269485473633,34.23723602294922,34.469390869140625,34.724430084228516,35.0173454284668,35.38069152832031,35.9752197265625,development
2025-04-14 11:00:00+00:00,43279099999,2025-04-13 06:00:00+00:00,29,32.0,36.0,34.0,33.4,1.2083333333333333,-0.9238795325112868,-0.3826834323650895,0.9798567700958665,-0.1997015525660636,-1.2999999999999972,-0.11598407263203789,0.6000000000000014,-2.2452380952380935,2.4077951167537157,0,0.0,0.0,1.0,True,34.43820870994248,35.09676489568983,33.49939727783203,31.992733001708984,32.515716552734375,32.89579391479492,33.208251953125,33.49939727783203,33.80683898925781,34.17677307128906,34.651039123535156,35.4747428894043,33.55931854248047,32.457984924316406,32.8525276184082,33.1298942565918,33.34498977661133,33.55931854248047,33.792030334472656,34.05369186401367,34.386600494384766,34.943538665771484,development
2025-04-14 12:00:00+00:00,43279099999,2025-04-13 06:00:00+00:00,30,31.0,36.0,33.0,32.0,1.25,-0.9914448613738104,-0.13052619222005163,0.9798567700958665,-0.1997015525660636,-1.2999999999999972,-0.1067104982110682,1.0,-0.8452380952380949,2.4077951167537157,0,0.0,0.0,1.0,True,33.03820870994248,33.87857920481034,32.4913444519043,31.041101455688477,31.54956817626953,31.91074562072754,32.21147155761719,32.4913444519043,32.78413009643555,33.1401252746582,33.60373306274414,34.428165435791016,32.55928421020508,31.506662368774414,31.883708953857422,32.15544891357422,32.35940933227539,32.55928421020508,32.77309799194336,33.01926040649414,33.332923889160156,33.8531379699707,development
2025-04-14 13:00:00+00:00,43279099999,2025-04-13 06:00:00+00:00,31,31.0,36.0,32.0,30.8,1.2916666666666667,-0.9914448613738105,0.13052619222005127,0.9798567700958665,-0.1997015525660636,-1.2999999999999972,-0.09817839786140568,1.1999999999999993,0.3547619047619044,2.4077951167537157,0,0.0,0.0,1.0,True,31.83820870994248,32.81756180333852,31.5662899017334,30.13502311706543,30.659141540527344,31.009822845458984,31.297639846801758,31.5662899017334,31.854455947875977,32.21272277832031,32.66325759887695,33.497314453125,31.49956512451172,30.485280990600586,30.864093780517578,31.117733001708984,31.313453674316406,31.49956512451172,31.71066665649414,31.945377349853516,32.247039794921875,32.74951934814453,development
2025-04-14 14:00:00+00:00,43279099999,2025-04-13 06:00:00+00:00,32,31.0,36.0,32.0,30.0,1.3333333333333333,-0.923879532511287,0.38268343236508917,0.9798567700958665,-0.1997015525660636,-1.2999999999999972,-0.09032848658964181,2.0,1.154761904761905,2.4077951167537157,0,0.0,0.0,1.0,True,31.03820870994248,32.27665290025408,31.121898651123047,29.70675277709961,30.230592727661133,30.56855583190918,30.849403381347656,31.121898651123047,31.40614891052246,31.740665435791016,32.18376541137695,33.019004821777344,30.848583221435547,29.8465518951416,30.22858428955078,30.46280860900879,30.66017723083496,30.848583221435547,31.044532775878906,31.268388748168945,31.54840087890625,32.0184440612793,development
2025-04-14 15:00:00+00:00,43279099999,2025-04-13 06:00:00+00:00,33,31.0,36.0,32.0,29.5,1.375,-0.7933533402912357,0.6087614290087199,0.9798567700958665,-0.1997015525660636,-1.2999999999999972,-0.08310621956871966,2.5,1.654761904761905,2.4077951167537157,0,0.0,0.0,1.0,True,30.53820870994248,31.96017588420975,30.933979034423828,29.539491653442383,30.05662727355957,30.38765525817871,30.66488265991211,30.933979034423828,31.218292236328125,31.547954559326172,31.99587059020996,32.82542419433594,30.499290466308594,29.514902114868164,29.89459800720215,30.127506256103516,30.31123924255371,30.499290466308594,30.68790626525879,30.89970588684082,31.180469512939453,31.64266014099121,development
2025-04-14 16:00:00+00:00,43279099999,2025-04-13 06:00:00+00:00,34,30.0,36.0,32.0,29.7,1.4166666666666667,-0.6087614290087209,0.7933533402912349,0.9798567700958665,-0.1997015525660636,-1.2999999999999972,-0.07646141313515868,2.3000000000000007,1.4547619047619058,2.4077951167537157,0,0.0,0.0,1.0,True,30.73820870994248,32.17687774710011,30.811004638671875,29.442256927490234,29.961647033691406,30.288694381713867,30.559587478637695,30.811004638671875,31.092618942260742,31.41063117980957,31.847929000854492,32.664024353027344,30.353551864624023,29.37685775756836,29.75969886779785,29.99854850769043,30.188447952270508,30.353551864624023,30.54180145263672,30.74498176574707,31.014429092407227,31.461427688598633,development
2025-04-14 17:00:00+00:00,43279099999,2025-04-13 06:00:00+00:00,35,30.0,36.0,31.0,29.5,1.4583333333333333,-0.38268343236508956,0.9238795325112868,0.9798567700958665,-0.1997015525660636,-1.2999999999999972,-0.07034789608966793,1.5,1.654761904761905,2.4077951167537157,0,0.0,0.0,1.0,True,30.53820870994248,31.849279756447434,30.654409408569336,29.24909782409668,29.777219772338867,30.121206283569336,30.37866973876953,30.654409408569336,30.934001922607422,31.27094268798828,31.709056854248047,32.52524185180664,30.21021270751953,29.217958450317383,29.598020553588867,29.847827911376953,30.028730392456055,30.21021270751953,30.39777374267578,30.612071990966797,30.883403778076172,31.322433471679688,development
2025-04-14 18:00:00+00:00,43279099999,2025-04-13 06:00:00+00:00,36,30.0,36.0,31.0,29.1,1.5,-0.13052619222005168,0.9914448613738104,0.9798567700958665,-0.1997015525660636,-1.2999999999999972,-0.06472318887822298,1.8999999999999986,2.0547619047619037,2.4077951167537157,0,0.0,0.0,1.0,True,30.138208709942482,31.555620426056215,30.472877502441406,29.045677185058594,29.588529586791992,29.931835174560547,30.201683044433594,30.472877502441406,30.766109466552734,31.097299575805664,31.532548904418945,32.347007751464844,30.06732940673828,29.038114547729492,29.432348251342773,29.685518264770508,29.87869644165039,30.06732940673828,30.263675689697266,30.478641510009766,30.75895881652832,31.200159072875977,development
2025-04-14 19:00:00+00:00,43279099999,2025-04-13 06:00:00+00:00,37,30.0,36.0,30.0,28.8,1.5416666666666667,0.13052619222005157,0.9914448613738104,0.9762766110869321,-0.21652708524481437,-1.2999999999999972,-0.059548208424407785,1.1999999999999993,2.3547619047619044,2.4077951167537157,0,0.0,0.0,1.0,True,29.83820870994248,31.14592569029685,30.146024703979492,28.659481048583984,29.240028381347656,29.585878372192383,29.866947174072266,30.146024703979492,30.434598922729492,30.76555633544922,31.189844131469727,31.990102767944336,29.682682037353516,28.63473892211914,29.04585838317871,29.29046630859375,29.492145538330078,29.682682037353516,29.87431526184082,30.09005355834961,30.354703903198242,30.790273666381836,development
2025-04-14 20:00:00+00:00,43279099999,2025-04-13 06:00:00+00:00,38,30.0,36.0,30.0,28.2,1.5833333333333333,0.3826834323650898,0.9238795325112867,0.9762766110869321,-0.21652708524481437,-1.2999999999999972,-0.05478699656205921,1.8000000000000007,2.954761904761906,2.4077951167537157,0,0.0,0.0,1.0,True,29.23820870994248,30.65168065513926,29.898189544677734,28.399085998535156,28.97646141052246,29.337982177734375,29.616931915283203,29.898189544677734,30.184030532836914,30.511138916015625,30.92472267150879,31.726930618286133,29.37924575805664,28.340028762817383,28.734066009521484,28.989225387573242,29.18423843383789,29.37924575805664,29.566558837890625,29.77410888671875,30.037227630615234,30.48518180847168,development
2025-04-14 21:00:00+00:00,43279099999,2025-04-13 06:00:00+00:00,39,29.0,36.0,30.0,27.8,1.625,0.6087614290087207,0.7933533402912352,0.9762766110869321,-0.21652708524481437,-1.2999999999999972,-0.0504064701812385,2.1999999999999993,3.3547619047619044,2.4077951167537157,0,0.0,0.0,1.0,True,28.83820870994248,30.294533437928933,29.603221893310547,28.05503273010254,28.6613712310791,29.0332088470459,29.332387924194336,29.603221893310547,29.88731575012207,30.206453323364258,30.63614273071289,31.43338394165039,29.08090591430664,28.016542434692383,28.440937042236328,28.689720153808594,28.895971298217773,29.08090591430664,29.270286560058594,29.475059509277344,29.739660263061523,30.178991317749023,development
2025-04-14 22:00:00+00:00,43279099999,2025-04-13 06:00:00+00:00,40,29.0,36.0,30.0,27.4,1.6666666666666667,0.7933533402912352,0.6087614290087207,0.9762766110869321,-0.21652708524481437,-1.2999999999999972,-0.04637619135142801,2.6000000000000014,3.7547619047619065,2.4077951167537157,0,0.0,0.0,1.0,True,28.43820870994248,29.921144111140435,29.225923538208008,27.663095474243164,28.269256591796875,28.659345626831055,28.947275161743164,29.225923538208008,29.495731353759766,29.814939498901367,30.238313674926758,31.03607177734375,28.73957633972168,27.678388595581055,28.09316635131836,28.354368209838867,28.554847717285156,28.73957633972168,28.925378799438477,29.12847137451172,29.391626358032227,29.848098754882812,development
2025-04-14 23:00:00+00:00,43279099999,2025-04-13 06:00:00+00:00,41,29.0,36.0,30.0,27.2,1.7083333333333333,0.9238795325112867,0.38268343236508984,0.9762766110869321,-0.21652708524481437,-1.2999999999999972,-0.042668155824662074,2.8000000000000007,3.954761904761906,2.4077951167537157,0,0.0,0.0,1.0,True,28.23820870994248,29.692684858819945,28.912988662719727,27.365812301635742,27.991291046142578,28.36131477355957,28.648984909057617,28.912988662719727,29.174850463867188,29.494892120361328,29.925621032714844,30.729183197021484,28.45465850830078,27.395593643188477,27.82768440246582,28.071826934814453,28.272905349731445,28.45465850830078,28.63724136352539,28.83969497680664,29.11583137512207,29.582746505737305,development
2025-04-15 00:00:00+00:00,43279099999,2025-04-13 06:00:00+00:00,42,29.0,36.0,30.0,27.0,1.75,0.9914448613738104,0.1305261922200517,0.9762766110869321,-0.21652708524481437,-1.2999999999999972,-0.03925659844901397,3.0,4.154761904761905,2.4077951167537157,0,0.0,0.0,1.0,True,28.03820870994248,29.457707182877922,28.709749221801758,27.192455291748047,27.789813995361328,28.153112411499023,28.445981979370117,28.709749221801758,28.980575561523438,29.32136344909668,29.746238708496094,30.548885345458984,28.28777503967285,27.23960304260254,27.65865135192871,27.9039306640625,28.105745315551758,28.28777503967285,28.4685001373291,28.686037063598633,28.95726203918457,29.44805908203125,development
2025-04-15 01:00:00+00:00,43279099999,2025-04-13 06:00:00+00:00,43,29.0,36.0,30.0,27.1,1.7916666666666667,0.9914448613738104,-0.1305261922200516,0.9762766110869321,-0.21652708524481437,-1.2999999999999972,-0.03611781414036145,2.8999999999999986,4.054761904761904,2.4077951167537157,0,0.0,0.0,1.0,True,28.138208709942482,29.456967145298204,28.857990264892578,27.32135009765625,27.908533096313477,28.27895736694336,28.571945190429688,28.857990264892578,29.15131378173828,29.501388549804688,29.945785522460938,30.782615661621094,28.38213539123535,27.32423210144043,27.739742279052734,27.991596221923828,28.185028076171875,28.38213539123535,28.56875228881836,28.790294647216797,29.08662223815918,29.605161666870117,development
2025-04-15 02:00:00+00:00,43279099999,2025-04-13 06:00:00+00:00,44,30.0,36.0,30.0,28.7,1.8333333333333333,0.9238795325112868,-0.3826834323650895,0.9762766110869321,-0.21652708524481437,-1.2999999999999972,-0.03322999316845955,1.3000000000000007,2.454761904761906,2.4077951167537157,0,0.0,0.0,1.0,True,29.73820870994248,30.636452529432344,29.600765228271484,28.150997161865234,28.697242736816406,29.038455963134766,29.32324981689453,29.600765228271484,29.891136169433594,30.228830337524414,30.684743881225586,31.49705696105957,29.01299285888672,27.977563858032227,28.38325309753418,28.62593650817871,28.821821212768555,29.01299285888672,29.207178115844727,29.429786682128906,29.732162475585938,30.267595291137695,development
2025-04-15 03:00:00+00:00,43279099999,2025-04-13 06:00:00+00:00,45,31.0,36.0,31.0,30.9,1.875,0.7933533402912352,-0.6087614290087207,0.9762766110869321,-0.21652708524481437,-1.2999999999999972,-0.03057306961281177,0.10000000000000142,0.2547619047619065,2.4077951167537157,0,0.0,0.0,1.0,True,31.93820870994248,32.50833001354538,30.795127868652344,29.329303741455078,29.869047164916992,30.22382926940918,30.51654815673828,30.795127868652344,31.10456657409668,31.466068267822266,31.93311882019043,32.7696418762207,30.260223388671875,29.16893768310547,29.592103958129883,29.85161781311035,30.06097984313965,30.260223388671875,30.470687866210938,30.713544845581055,31.0515193939209,31.623592376708984,development
2025-04-15 04:00:00+00:00,43279099999,2025-04-13 06:00:00+00:00,46,32.0,36.0,33.0,32.8,1.9166666666666667,0.6087614290087209,-0.793353340291235,0.9762766110869321,-0.21652708524481437,-1.2999999999999972,-0.028128581935340954,0.20000000000000284,-1.645238095238092,2.4077951167537157,0,0.0,0.0,1.0,True,33.83820870994248,34.372108836199615,32.173622131347656,30.691530227661133,31.23030662536621,31.582286834716797,31.875930786132812,32.173622131347656,32.47344970703125,32.842002868652344,33.31700897216797,34.16057205200195,31.724552154541016,30.588869094848633,31.01531219482422,31.281688690185547,31.5076961517334,31.724552154541016,31.939876556396484,32.207088470458984,32.566062927246094,33.18611145019531,development
2025-04-15 05:00:00+00:00,43279099999,2025-04-13 06:00:00+00:00,47,33.0,36.0,34.0,34.3,1.9583333333333333,0.3826834323650899,-0.9238795325112867,0.9762766110869321,-0.21652708524481437,-1.2999999999999972,-0.025879544701053733,-0.29999999999999716,-3.145238095238092,2.4077951167537157,0,0.0,0.0,1.0,True,35.33820870994248,35.72920300646134,33.48674774169922,31.932537078857422,32.49140548706055,32.85877990722656,33.177276611328125,33.48674774169922,33.820526123046875,34.211952209472656,34.712589263916016,35.599849700927734,33.086036682128906,31.65500259399414,32.180946350097656,32.51495361328125,32.80949783325195,33.086036682128906,33.36811828613281,33.700382232666016,34.128597259521484,34.846282958984375,development
2025-04-15 06:00:00+00:00,43279099999,2025-04-13 06:00:00+00:00,48,34.0,36.0,36.0,35.0,2.0,0.130526192220052,-0.9914448613738104,0.9762766110869321,-0.21652708524481437,-1.2999999999999972,-0.02381033055535438,1.0,-3.845238095238095,2.4077951167537157,0,0.0,0.0,1.0,True,36.03820870994248,36.692478626271324,34.55963897705078,32.94858169555664,33.522178649902344,33.89665222167969,34.23814392089844,34.55963897705078,34.88578414916992,35.2729377746582,35.78446578979492,36.70122146606445,34.095638275146484,32.42413330078125,33.025634765625,33.415103912353516,33.76583480834961,34.095638275146484,34.41403579711914,34.768611907958984,35.24711990356445,36.040611267089844,development
2025-04-15 07:00:00+00:00,43128599999,2025-04-15 06:00:00+00:00,1,34.0,33.0,34.0,34.4,0.041666666666666664,-0.13052619222005177,-0.9914448613738104,0.9762766110869321,-0.21652708524481437,-0.5,-0.46002220731466165,-0.3999999999999986,-5.673809523809524,4.322838547363985,0,0.0,1.0,0.0,True,34.5192125984252,34.60812284392374,33.783477783203125,32.951141357421875,33.29082489013672,33.496826171875,33.641971588134766,33.783477783203125,33.93147277832031,34.07255935668945,34.254730224609375,34.468421936035156,33.84004211425781,32.95643615722656,33.33771514892578,33.55586242675781,33.699493408203125,33.84004211425781,33.98847961425781,34.11833572387695,34.280006408691406,34.47388458251953,development
2025-04-15 08:00:00+00:00,43128599999,2025-04-15 06:00:00+00:00,2,35.0,33.0,35.0,34.8,0.08333333333333333,-0.38268343236508967,-0.9238795325112868,0.9762766110869321,-0.21652708524481437,-0.5,-0.42324086244530706,0.20000000000000284,-6.073809523809523,4.322838547363985,0,0.0,1.0,0.0,True,34.9192125984252,35.18036141735922,34.532894134521484,33.598182678222656,33.99787139892578,34.2205696105957,34.38019943237305,34.532894134521484,34.688514709472656,34.83839797973633,35.02545166015625,35.266265869140625,34.514915466308594,33.3818359375,33.87980651855469,34.15372848510742,34.34754180908203,34.514915466308594,34.68452072143555,34.840118408203125,35.022369384765625,35.26362609863281,development
2025-04-15 09:00:00+00:00,43128599999,2025-04-15 06:00:00+00:00,3,34.0,33.0,36.0,34.4,0.125,-0.6087614290087207,-0.7933533402912352,0.9762766110869321,-0.21652708524481437,-0.5,-0.38940039153570244,1.6000000000000014,-5.673809523809524,4.322838547363985,0,0.0,1.0,0.0,True,34.5192125984252,35.14419350236116,35.13960266113281,34.062049865722656,34.515499114990234,34.79047393798828,34.96897888183594,35.13960266113281,35.320701599121094,35.47865676879883,35.678184509277344,35.92459487915039,35.13108444213867,33.762229919433594,34.35621643066406,34.69710159301758,34.925453186035156,35.13108444213867,35.33732986450195,35.51805114746094,35.736358642578125,36.013816833496094,development
2025-04-15 10:00:00+00:00,43128599999,2025-04-15 06:00:00+00:00,4,30.0,33.0,32.0,34.5,0.16666666666666666,-0.7933533402912349,-0.6087614290087209,0.9762766110869321,-0.21652708524481437,-0.5,-0.35826565528689464,-2.5,-5.7738095238095255,4.322838547363985,0,0.0,1.0,0.0,True,34.6192125984252,34.455205193033834,34.634552001953125,33.374534606933594,33.90754318237305,34.189361572265625,34.44148635864258,34.634552001953125,34.81261444091797,35.033119201660156,35.25028610229492,35.55658721923828,34.83137130737305,33.2169189453125,33.912872314453125,34.28436279296875,34.58673858642578,34.83137130737305,35.04969787597656,35.298675537109375,35.55421829223633,35.90034484863281,development
2025-04-15 11:00:00+00:00,43128599999,2025-04-15 06:00:00+00:00,5,30.0,33.0,29.0,34.0,0.20833333333333334,-0.9238795325112868,-0.3826834323650895,0.9762766110869321,-0.21652708524481437,-0.5,-0.3296203151002219,-5.0,-5.2738095238095255,4.322838547363985,0,0.0,1.0,0.0,True,34.1192125984252,33.51881543275745,33.61811828613281,32.17706298828125,32.769412994384766,33.10664367675781,33.38339614868164,33.61811828613281,33.83564758300781,34.07965087890625,34.38687515258789,34.772891998291016,34.070518493652344,32.29638671875,33.05265426635742,33.470802307128906,33.796531677246094,34.070518493652344,34.329383850097656,34.608455657958984,34.93182373046875,35.367225646972656,development
2025-04-15 12:00:00+00:00,43128599999,2025-04-15 06:00:00+00:00,6,30.0,33.0,30.0,32.2,0.25,-0.9914448613738104,-0.13052619222005163,0.9762766110869321,-0.21652708524481437,-0.5,-0.3032653298563167,-2.200000000000003,-3.4738095238095283,4.322838547363985,0,0.0,1.0,0.0,True,32.3192125984252,32.41721348699785,31.997013092041016,30.365062713623047,31.000686645507812,31.394800186157227,31.71598243713379,31.997013092041016,32.262630462646484,32.54353713989258,32.93113327026367,33.41053009033203,32.723567962646484,30.679365158081055,31.498579025268555,31.980384826660156,32.36468505859375,32.723567962646484,33.072601318359375,33.419403076171875,33.85087203979492,34.400390625,development
2025-04-15 13:00:00+00:00,43128599999,2025-04-15 06:00:00+00:00,7,28.0,33.0,28.0,29.4,0.2916666666666667,-0.9914448613738105,0.13052619222005127,0.9762766110869321,-0.21652708524481437,-0.5,-0.27901757288502355,-1.3999999999999986,-0.6738095238095241,4.322838547363985,0,0.0,1.0,0.0,True,29.519212598425195,29.896204590333433,29.697208404541016,27.69349479675293,28.442794799804688,28.92303466796875,29.312692642211914,29.697208404541016,30.064430236816406,30.461082458496094,30.911497116088867,31.532238006591797,30.466938018798828,28.103731155395508,29.018817901611328,29.568904876708984,30.008399963378906,30.466938018798828,30.917802810668945,31.377172470092773,31.865018844604492,32.544342041015625,development
2025-04-15 14:00:00+00:00,43128599999,2025-04-15 06:00:00+00:00,8,27.0,33.0,26.0,29.4,0.3333333333333333,-0.923879532511287,0.38268343236508917,0.9762766110869321,-0.21652708524481437,-0.5,-0.256708559516296,-3.3999999999999986,-0.6738095238095241,4.322838547363985,0,0.0,1.0,0.0,True,29.519212598425195,29.563395276208855,27.69291877746582,25.57777976989746,26.38412094116211,26.89798355102539,27.313720703125,27.69291877746582,28.06502342224121,28.452394485473633,28.946060180664062,29.635690689086914,28.363109588623047,25.870691299438477,26.828716278076172,27.430952072143555,27.897493362426758,28.363109588623047,28.832115173339844,29.299901962280273,29.842580795288086,30.592145919799805,development
2025-04-15 15:00:00+00:00,43128599999,2025-04-15 06:00:00+00:00,9,26.0,33.0,26.0,27.4,0.375,-0.7933533402912357,0.6087614290087199,0.9762766110869321,-0.21652708524481437,-0.5,-0.23618327637050734,-1.3999999999999986,1.326190476190476,4.322838547363985,0,0.0,1.0,0.0,True,27.519212598425195,28.07636623647967,26.650821685791016,24.680526733398438,25.43787384033203,25.930192947387695,26.317995071411133,26.650821685791016,26.98699951171875,27.331056594848633,27.791967391967773,28.449045181274414,27.48331642150879,25.221879959106445,26.110294342041016,26.679365158081055,27.104663848876953,27.48331642150879,27.861391067504883,28.275634765625,28.78175163269043,29.499542236328125,development
2025-04-15 16:00:00+00:00,43128599999,2025-04-15 06:00:00+00:00,10,26.0,33.0,26.0,26.9,0.4166666666666667,-0.6087614290087209,0.7933533402912349,0.9762766110869321,-0.21652708524481437,-0.5,-0.2172991042535391,-0.8999999999999986,1.826190476190476,4.322838547363985,0,0.0,1.0,0.0,True,27.019212598425195,27.748965329728517,26.547870635986328,24.607421875,25.34491539001465,25.821630477905273,26.211193084716797,26.547870635986328,26.85178565979004,27.185579299926758,27.633960723876953,28.314144134521484,26.881662368774414,24.684619903564453,25.516202926635742,26.065034866333008,26.497833251953125,26.881662368774414,27.25830841064453,27.66378402709961,28.18331527709961,28.933866500854492,development
2025-04-15 17:00:00+00:00,43128599999,2025-04-15 06:00:00+00:00,11,26.0,33.0,26.0,26.6,0.4583333333333333,-0.38268343236508956,0.9238795325112868,0.9762766110869321,-0.21652708524481437,-0.5,-0.19992482717242369,-0.6000000000000014,2.126190476190473,4.322838547363985,0,0.0,1.0,0.0,True,26.719212598425198,27.558984683426154,26.237028121948242,24.334835052490234,25.059200286865234,25.516613006591797,25.889484405517578,26.237028121948242,26.550029754638672,26.864574432373047,27.30007553100586,27.95347023010254,26.778905868530273,24.62858009338379,25.421857833862305,25.96653938293457,26.380298614501953,26.778905868530273,27.156782150268555,27.554183959960938,28.059553146362305,28.801498413085938,development
2025-04-15 18:00:00+00:00,43128599999,2025-04-15 06:00:00+00:00,12,27.0,33.0,25.0,26.6,0.5,-0.13052619222005168,0.9914448613738104,0.9762766110869321,-0.21652708524481437,-0.5,-0.18393972058572117,-1.6000000000000014,2.126190476190473,4.322838547363985,0,0.0,1.0,0.0,True,26.719212598425198,27.370493727446974,25.543638229370117,23.78246307373047,24.445859909057617,24.8656005859375,25.216630935668945,25.543638229370117,25.852283477783203,26.203079223632812,26.64563751220703,27.276578903198242,26.198535919189453,24.175682067871094,24.908998489379883,25.406597137451172,25.815940856933594,26.198535919189453,26.56777572631836,26.981014251708984,27.48444938659668,28.222612380981445,development
2025-04-15 19:00:00+00:00,43128599999,2025-04-15 06:00:00+00:00,13,26.0,33.0,24.0,25.4,0.5416666666666666,0.13052619222005157,0.9914448613738104,0.9724075561219968,-0.23328854407545518,-0.5,-0.1692327125533711,-1.3999999999999986,3.326190476190476,4.322838547363985,0,0.0,1.0,0.0,True,25.519212598425195,26.25941465849083,25.028921127319336,23.303943634033203,23.960281372070312,24.381572723388672,24.705242156982422,25.028921127319336,25.342370986938477,25.662948608398438,26.087038040161133,26.695281982421875,25.69545555114746,23.774620056152344,24.472454071044922,24.941455841064453,25.315383911132812,25.69545555114746,26.05551528930664,26.416980743408203,26.907123565673828,27.613561630249023,development
2025-04-15 20:00:00+00:00,43128599999,2025-04-15 06:00:00+00:00,14,25.0,33.0,24.0,24.4,0.5833333333333334,0.3826834323650898,0.9238795325112867,0.9724075561219968,-0.23328854407545518,-0.5,-0.15570161195729884,-0.3999999999999986,4.326190476190476,4.322838547363985,0,0.0,1.0,0.0,True,24.519212598425195,25.45488826649372,24.387348175048828,22.676145553588867,23.32126235961914,23.752307891845703,24.07474708557129,24.387348175048828,24.69825553894043,25.062108993530273,25.459074020385742,26.150575637817383,24.823091506958008,22.975982666015625,23.6448974609375,24.098583221435547,24.468294143676758,24.823091506958008,25.17633628845215,25.574665069580078,26.030651092529297,26.823732376098633,development
2025-04-15 21:00:00+00:00,43128599999,2025-04-15 06:00:00+00:00,15,25.0,33.0,23.0,23.8,0.625,0.6087614290087207,0.7933533402912352,0.9724075561219968,-0.23328854407545518,-0.5,-0.14325239843009505,-0.8000000000000007,4.926190476190474,4.322838547363985,0,0.0,1.0,0.0,True,23.919212598425197,24.731968693877203,23.62936782836914,21.78998374938965,22.4947566986084,22.9483585357666,23.301790237426758,23.62936782836914,23.9576416015625,24.29369354248047,24.727962493896484,25.43755340576172,24.042409896850586,22.095537185668945,22.80754280090332,23.283632278442383,23.667869567871094,24.042409896850586,24.408855438232422,24.788516998291016,25.279878616333008,26.0948486328125,development
2025-04-15 22:00:00+00:00,43128599999,2025-04-15 06:00:00+00:00,16,25.0,33.0,22.0,22.7,0.6666666666666666,0.7933533402912352,0.6087614290087207,0.9724075561219968,-0.23328854407545518,-0.5,-0.13179856905786339,-0.6999999999999993,6.026190476190475,4.322838547363985,0,0.0,1.0,0.0,True,22.819212598425196,23.600808224355,23.098533630371094,21.288150787353516,21.985591888427734,22.448902130126953,22.803709030151367,23.098533630371094,23.41982078552246,23.73293685913086,24.163230895996094,24.854047775268555,23.86920928955078,22.09470558166504,22.761707305908203,23.201095581054688,23.555044174194336,23.86920928955078,24.206655502319336,24.52899742126465,24.990955352783203,25.749752044677734,development
2025-04-15 23:00:00+00:00,43128599999,2025-04-15 06:00:00+00:00,17,24.0,33.0,23.0,22.3,0.7083333333333334,0.9238795325112867,0.38268343236508984,0.9724075561219968,-0.23328854407545518,-0.5,-0.12126053731782434,0.6999999999999993,6.426190476190474,4.322838547363985,0,0.0,1.0,0.0,True,22.419212598425197,23.4300296476347,22.608963012695312,20.54525375366211,21.313833236694336,21.834293365478516,22.248319625854492,22.608963012695312,22.95183563232422,23.348819732666016,23.81585121154785,24.58768081665039,23.378944396972656,21.529876708984375,22.21147346496582,22.669208526611328,23.033315658569336,23.378944396972656,23.707534790039062,24.089841842651367,24.558002471923828,25.369800567626953,development
2025-04-16 00:00:00+00:00,43128599999,2025-04-15 06:00:00+00:00,18,23.0,33.0,22.0,21.9,0.75,0.9914448613738104,0.1305261922200517,0.9724075561219968,-0.23328854407545518,-0.5,-0.11156508007421491,0.10000000000000142,6.826190476190476,4.322838547363985,0,0.0,1.0,0.0,True,22.019212598425195,22.82864195293638,22.393177032470703,20.35565948486328,21.089927673339844,21.625728607177734,22.030738830566406,22.393177032470703,22.74799346923828,23.12849235534668,23.62334442138672,24.36581802368164,22.85629653930664,21.0930233001709,21.741809844970703,22.194969177246094,22.52735137939453,22.85629653930664,23.172555923461914,23.524166107177734,24.0093994140625,24.76079750061035,development
2025-04-16 01:00:00+00:00,43128599999,2025-04-15 06:00:00+00:00,19,23.0,33.0,23.0,22.6,0.7916666666666666,0.9914448613738104,-0.1305261922200516,0.9724075561219968,-0.23328854407545518,-0.5,-0.10264482878995464,0.3999999999999986,6.126190476190473,4.322838547363985,0,0.0,1.0,0.0,True,22.719212598425198,23.512037247457723,22.85558319091797,20.865419387817383,21.592262268066406,22.114635467529297,22.50701141357422,22.85558319091797,23.180295944213867,23.55645751953125,24.0299072265625,24.7628116607666,23.022802352905273,21.285011291503906,21.94502067565918,22.390674591064453,22.710102081298828,23.022802352905273,23.325281143188477,23.677005767822266,24.140445709228516,24.88176155090332,development
2025-04-16 02:00:00+00:00,43128599999,2025-04-15 06:00:00+00:00,20,24.0,33.0,25.0,25.2,0.8333333333333334,0.9238795325112868,-0.3826834323650895,0.9724075561219968,-0.23328854407545518,-0.5,-0.09443780141878091,-0.1999999999999993,3.526190476190475,4.322838547363985,0,0.0,1.0,0.0,True,25.319212598425196,25.90085523791907,24.26591682434082,22.051219940185547,22.83908462524414,23.40020751953125,23.84375762939453,24.26591682434082,24.680648803710938,25.116121292114258,25.636764526367188,26.380828857421875,24.56186294555664,22.552812576293945,23.30742645263672,23.811681747436523,24.189067840576172,24.56186294555664,24.938579559326172,25.329195022583008,25.814327239990234,26.55187225341797,development
2025-04-16 03:00:00+00:00,43128599999,2025-04-15 06:00:00+00:00,21,26.0,33.0,28.0,27.6,0.875,0.7933533402912352,-0.6087614290087207,0.9724075561219968,-0.23328854407545518,-0.5,-0.08688697172522257,0.3999999999999986,1.126190476190473,4.322838547363985,0,0.0,1.0,0.0,True,27.719212598425198,28.35508410655445,27.247467041015625,25.3967227935791,26.074512481689453,26.55939292907715,26.910707473754883,27.247467041015625,27.547243118286133,27.89572525024414,28.28985023498535,28.886016845703125,27.409069061279297,25.585859298706055,26.291519165039062,26.77029800415039,27.088197708129883,27.409069061279297,27.699546813964844,28.033185958862305,28.409950256347656,29.018508911132812,development
2025-04-16 04:00:00+00:00,43128599999,2025-04-15 06:00:00+00:00,22,28.0,33.0,30.0,30.2,0.9166666666666666,0.6087614290087209,-0.793353340291235,0.9724075561219968,-0.23328854407545518,-0.5,-0.07993987303984695,-0.1999999999999993,-1.4738095238095248,4.322838547363985,0,0.0,1.0,0.0,True,30.319212598425196,30.768947221171324,29.65404510498047,27.958101272583008,28.60253143310547,29.04144859313965,29.371034622192383,29.65404510498047,29.936721801757812,30.24306297302246,30.5820255279541,31.0976505279541,29.70075225830078,27.87061882019043,28.60254669189453,29.080886840820312,29.413414001464844,29.70075225830078,29.989044189453125,30.285728454589844,30.62868309020996,31.151243209838867,development
2025-04-16 05:00:00+00:00,43128599999,2025-04-15 06:00:00+00:00,23,31.0,33.0,32.0,32.3,0.9583333333333334,0.3826834323650899,-0.9238795325112867,0.9724075561219968,-0.23328854407545518,-0.5,-0.0735482336964884,-0.29999999999999716,-3.5738095238095227,4.322838547363985,0,0.0,1.0,0.0,True,32.4192125984252,32.80959119489784,31.591150283813477,30.116352081298828,30.687673568725586,31.081789016723633,31.345062255859375,31.591150283813477,31.833953857421875,32.077674865722656,32.367774963378906,32.794334411621094,31.614280700683594,29.819059371948242,30.534151077270508,31.01954460144043,31.33617401123047,31.614280700683594,31.88365364074707,32.15619659423828,32.46027755737305,32.90220642089844,development
2025-04-16 06:00:00+00:00,43128599999,2025-04-15 06:00:00+00:00,24,32.0,33.0,33.0,33.8,1.0,0.130526192220052,-0.9914448613738104,0.9724075561219968,-0.23328854407545518,-0.5,-0.06766764161830635,-0.7999999999999972,-5.073809523809523,4.322838547363985,0,0.0,1.0,0.0,True,33.9192125984252,34.18911001064506,32.86505126953125,31.558645248413086,32.07748794555664,32.42906951904297,32.65293884277344,32.86505126953125,33.089847564697266,33.33577346801758,33.58711624145508,34.02293014526367,32.98378372192383,31.26172637939453,31.977079391479492,32.43577575683594,32.73105239868164,32.98378372192383,33.24397277832031,33.517242431640625,33.774391174316406,34.21472930908203,development
2025-04-16 07:00:00+00:00,43128599999,2025-04-15 06:00:00+00:00,25,33.0,33.0,34.0,34.9,1.0416666666666667,-0.13052619222005177,-0.9914448613738104,0.9724075561219968,-0.23328854407545518,-0.5,-0.06225723572206148,-0.8999999999999986,-6.173809523809524,4.322838547363985,0,0.0,1.0,0.0,True,35.0192125984252,35.27711316425337,33.63949966430664,32.389869689941406,32.906856536865234,33.22857666015625,33.425392150878906,33.63949966430664,33.83822250366211,34.084678649902344,34.34247589111328,34.7431526184082,33.622589111328125,31.81865692138672,32.57889175415039,33.051490783691406,33.35279083251953,33.622589111328125,33.866615295410156,34.13637924194336,34.396541595458984,34.79230499267578,development
2025-04-16 08:00:00+00:00,43128599999,2025-04-15 06:00:00+00:00,26,34.0,33.0,35.0,35.6,1.0833333333333333,-0.38268343236508967,-0.9238795325112868,0.9724075561219968,-0.23328854407545518,-0.5,-0.057279421996343866,-0.6000000000000014,-6.873809523809527,4.322838547363985,0,0.0,1.0,0.0,True,35.7192125984252,36.07305004610873,34.548240661621094,33.27305221557617,33.81044387817383,34.118045806884766,34.32772445678711,34.548240661621094,34.76059341430664,35.000221252441406,35.26476287841797,35.66686248779297,34.448421478271484,32.497711181640625,33.34394454956055,33.83218002319336,34.159873962402344,34.448421478271484,34.696983337402344,34.955204010009766,35.21942138671875,35.623435974121094,development
2025-04-16 09:00:00+00:00,43128599999,2025-04-15 06:00:00+00:00,27,34.0,33.0,36.0,35.5,1.125,-0.6087614290087207,-0.7933533402912352,0.9724075561219968,-0.23328854407545518,-0.5,-0.052699612280932166,0.5,-6.7738095238095255,4.322838547363985,0,0.0,1.0,0.0,True,35.6192125984252,36.26148894834303,34.93897247314453,33.60149383544922,34.16788864135742,34.50226974487305,34.726539611816406,34.93897247314453,35.14741516113281,35.392578125,35.64371109008789,36.05178451538086,35.0811882019043,32.978294372558594,33.880855560302734,34.427738189697266,34.776214599609375,35.0811882019043,35.337806701660156,35.602848052978516,35.85113525390625,36.28099060058594,development
2025-04-16 10:00:00+00:00,43128599999,2025-04-15 06:00:00+00:00,28,34.0,33.0,32.0,35.4,1.1666666666666667,-0.7933533402912349,-0.6087614290087209,0.9724075561219968,-0.23328854407545518,-0.5,-0.04848598393220253,-3.3999999999999986,-6.673809523809524,4.322838547363985,0,0.0,1.0,0.0,True,35.5192125984252,35.40617502981544,34.2355842590332,32.79710006713867,33.38359069824219,33.74261474609375,34.00284194946289,34.2355842590332,34.47500228881836,34.71128845214844,35.01058578491211,35.46962356567383,34.68157958984375,32.35348892211914,33.314002990722656,33.93355941772461,34.34825897216797,34.68157958984375,34.98462677001953,35.25859451293945,35.5800666809082,36.10342788696289,development
2025-04-16 11:00:00+00:00,43128599999,2025-04-15 06:00:00+00:00,29,34.0,33.0,29.0,34.6,1.2083333333333333,-0.9238795325112868,-0.3826834323650895,0.9724075561219968,-0.23328854407545518,-0.5,-0.044609258704630055,-5.600000000000001,-5.873809523809527,4.322838547363985,0,0.0,1.0,0.0,True,34.7192125984252,34.22587503746723,33.13405227661133,31.504711151123047,32.15406799316406,32.56174087524414,32.8459358215332,33.13405227661133,33.400428771972656,33.666439056396484,34.02680206298828,34.597660064697266,34.093955993652344,31.544944763183594,32.57292556762695,33.24005889892578,33.697425842285156,34.093955993652344,34.44429397583008,34.76678466796875,35.150604248046875,35.81088638305664,development
2025-04-16 12:00:00+00:00,43128599999,2025-04-15 06:00:00+00:00,30,33.0,33.0,30.0,33.3,1.25,-0.9914448613738104,-0.13052619222005163,0.9724075561219968,-0.23328854407545518,-0.5,-0.0410424993119494,-3.299999999999997,-4.573809523809523,4.322838547363985,0,0.0,1.0,0.0,True,33.4192125984252,33.50789967883625,31.433488845825195,29.510234832763672,30.246809005737305,30.70384407043457,31.076068878173828,31.433488845825195,31.76539421081543,32.120994567871094,32.56365203857422,33.29412841796875,32.52699661254883,29.656665802001953,30.770824432373047,31.491756439208984,32.04624938964844,32.52699661254883,32.963356018066406,33.412879943847656,33.913455963134766,34.76227569580078,development
2025-04-16 13:00:00+00:00,43128599999,2025-04-15 06:00:00+00:00,31,31.0,33.0,28.0,30.0,1.2916666666666667,-0.9914448613738105,0.13052619222005127,0.9724075561219968,-0.23328854407545518,-0.5,-0.03776092225438688,-2.0,-1.2738095238095255,4.322838547363985,0,0.0,1.0,0.0,True,30.119212598425197,30.587631754528193,29.3203067779541,26.964384078979492,27.86394691467285,28.428926467895508,28.895069122314453,29.3203067779541,29.735088348388672,30.188932418823242,30.747520446777344,31.6441593170166,30.529287338256836,27.436580657958984,28.633974075317383,29.407146453857422,30.01179313659668,30.529287338256836,31.006906509399414,31.520639419555664,32.11000061035156,33.116249084472656,development
2025-04-16 14:00:00+00:00,43128599999,2025-04-15 06:00:00+00:00,32,30.0,33.0,26.0,28.1,1.3333333333333333,-0.923879532511287,0.38268343236508917,0.9724075561219968,-0.23328854407545518,-0.5,-0.03474172561140077,-2.1000000000000014,0.6261904761904731,4.322838547363985,0,0.0,1.0,0.0,True,28.219212598425198,28.75921111298677,27.3944091796875,25.043498992919922,25.92167091369629,26.48452377319336,26.952173233032227,27.3944091796875,27.81270408630371,28.2567195892334,28.830917358398438,29.808330535888672,28.314411163330078,24.718791961669922,26.03479766845703,26.92398452758789,27.658191680908203,28.314411163330078,28.932281494140625,29.571918487548828,30.32102394104004,31.56985855102539,development
2025-04-16 15:00:00+00:00,43128599999,2025-04-15 06:00:00+00:00,33,29.0,33.0,26.0,27.1,1.375,-0.7933533402912357,0.6087614290087199,0.9724075561219968,-0.23328854407545518,-0.5,-0.031963930603353785,-1.1000000000000014,1.626190476190473,4.322838547363985,0,0.0,1.0,0.0,True,27.219212598425198,28.049377894658925,26.565425872802734,24.444868087768555,25.269760131835938,25.76361846923828,26.188758850097656,26.565425872802734,26.926815032958984,27.304651260375977,27.847211837768555,28.768680572509766,27.25346565246582,24.0810604095459,25.2618408203125,26.04449462890625,26.698047637939453,27.25346565246582,27.77384376525879,28.31703758239746,29.01144790649414,30.190052032470703,development
2025-04-16 16:00:00+00:00,43128599999,2025-04-15 06:00:00+00:00,34,29.0,33.0,26.0,26.9,1.4166666666666667,-0.6087614290087209,0.7933533402912349,0.9724075561219968,-0.23328854407545518,-0.5,-0.02940823582121494,-0.8999999999999986,1.826190476190476,4.322838547363985,0,0.0,1.0,0.0,True,27.019212598425195,27.951204176309066,26.21105194091797,24.2587890625,25.015933990478516,25.493528366088867,25.879161834716797,26.21105194091797,26.556041717529297,26.91378402709961,27.41779136657715,28.30350685119629,26.80550765991211,24.040693283081055,25.082014083862305,25.774389266967773,26.34308624267578,26.80550765991211,27.27942657470703,27.75636100769043,28.382396697998047,29.485048294067383,development
2025-04-16 17:00:00+00:00,43128599999,2025-04-15 06:00:00+00:00,35,27.0,33.0,26.0,26.9,1.4583333333333333,-0.38268343236508956,0.9238795325112868,0.9724075561219968,-0.23328854407545518,-0.5,-0.027056883111410805,-0.8999999999999986,1.826190476190476,4.322838547363985,0,0.0,1.0,0.0,True,27.019212598425195,27.990917162385117,26.170085906982422,24.23090362548828,24.953105926513672,25.44491195678711,25.810565948486328,26.170085906982422,26.510156631469727,26.885730743408203,27.37319564819336,28.2308292388916,26.776939392089844,24.285654067993164,25.196088790893555,25.8372802734375,26.333595275878906,26.776939392089844,27.18474769592285,27.639833450317383,28.194580078125,29.206239700317383,development
2025-04-16 18:00:00+00:00,43128599999,2025-04-15 06:00:00+00:00,36,26.0,33.0,25.0,26.4,1.5,-0.13052619222005168,0.9914448613738104,0.9724075561219968,-0.23328854407545518,-0.5,-0.024893534183931972,-1.3999999999999986,2.326190476190476,4.322838547363985,0,0.0,1.0,0.0,True,26.519212598425195,27.40571971613436,25.479686737060547,23.56780433654785,24.297977447509766,24.76019287109375,25.12777328491211,25.479686737060547,25.84433364868164,26.225139617919922,26.704959869384766,27.579727172851562,26.20615005493164,23.78897476196289,24.680431365966797,25.276351928710938,25.76668930053711,26.20615005493164,26.63052749633789,27.076120376586914,27.62088966369629,28.667695999145508,development
2025-04-16 19:00:00+00:00,43128599999,2025-04-15 06:00:00+00:00,37,26.0,33.0,24.0,25.6,1.5416666666666667,0.13052619222005157,0.9914448613738104,0.9682507501166718,-0.2499809690726521,-0.5,-0.022903157086310737,-1.6000000000000014,3.126190476190473,4.322838547363985,0,0.0,1.0,0.0,True,25.719212598425198,26.603893058179192,24.814990997314453,22.929161071777344,23.66448402404785,24.093961715698242,24.470928192138672,24.814990997314453,25.16820526123047,25.556331634521484,26.04416847229004,26.915302276611328,25.40888023376465,23.039506912231445,23.90656852722168,24.48067283630371,24.984615325927734,25.40888023376465,25.82826042175293,26.278051376342773,26.835298538208008,27.891803741455078,development
2025-04-16 20:00:00+00:00,43128599999,2025-04-15 06:00:00+00:00,38,25.0,33.0,24.0,24.6,1.5833333333333333,0.3826834323650898,0.9238795325112867,0.9682507501166718,-0.2499809690726521,-0.5,-0.021071921754638203,-0.6000000000000014,4.126190476190473,4.322838547363985,0,0.0,1.0,0.0,True,24.719212598425198,25.795186574038635,24.415006637573242,22.55159568786621,23.268070220947266,23.72649383544922,24.09151840209961,24.415006637573242,24.772838592529297,25.158403396606445,25.62677574157715,26.466136932373047,24.686887741088867,22.389204025268555,23.213504791259766,23.791780471801758,24.277841567993164,24.686887741088867,25.114036560058594,25.562997817993164,26.104270935058594,27.156469345092773,development
2025-04-16 21:00:00+00:00,43128599999,2025-04-15 06:00:00+00:00,39,25.0,33.0,23.0,23.8,1.625,0.6087614290087207,0.7933533402912352,0.9682507501166718,-0.2499809690726521,-0.5,-0.019387103915861004,-0.8000000000000007,4.926190476190474,4.322838547363985,0,0.0,1.0,0.0,True,23.919212598425197,24.911713813036428,23.722135543823242,21.72754669189453,22.503267288208008,22.98851203918457,23.385751724243164,23.722135543823242,24.053842544555664,24.43272590637207,24.925823211669922,25.766555786132812,24.074710845947266,21.75655746459961,22.590702056884766,23.172046661376953,23.66155433654785,24.074710845947266,24.466896057128906,24.89588737487793,25.455244064331055,26.49203109741211,development
2025-04-16 22:00:00+00:00,43128599999,2025-04-15 06:00:00+00:00,40,24.0,33.0,22.0,23.4,1.6666666666666667,0.7933533402912352,0.6087614290087207,0.9682507501166718,-0.2499809690726521,-0.5,-0.017836996673626197,-1.3999999999999986,5.326190476190476,4.322838547363985,0,0.0,1.0,0.0,True,23.519212598425195,24.325490584754075,23.235624313354492,21.184913635253906,21.982513427734375,22.488540649414062,22.88023567199707,23.235624313354492,23.56879425048828,23.924806594848633,24.427337646484375,25.306734085083008,23.782562255859375,21.527692794799805,22.342777252197266,22.91447639465332,23.369186401367188,23.782562255859375,24.16754913330078,24.580533981323242,25.135452270507812,26.198253631591797,development
2025-04-16 23:00:00+00:00,43128599999,2025-04-15 06:00:00+00:00,41,23.0,33.0,23.0,23.5,1.7083333333333333,0.9238795325112867,0.38268343236508984,0.9682507501166718,-0.2499809690726521,-0.5,-0.016410829163331603,-0.5,5.2261904761904745,4.322838547363985,0,0.0,1.0,0.0,True,23.619212598425197,24.543224843890318,23.01645278930664,20.920446395874023,21.75362777709961,22.28529930114746,22.68754768371582,23.01645278930664,23.354156494140625,23.747314453125,24.256731033325195,25.10588836669922,23.585031509399414,21.28494644165039,22.14255142211914,22.724246978759766,23.18941879272461,23.585031509399414,23.987958908081055,24.44248390197754,24.999061584472656,26.025707244873047,development
2025-04-17 00:00:00+00:00,43128599999,2025-04-15 06:00:00+00:00,42,23.0,33.0,22.0,24.3,1.75,0.9914448613738104,0.1305261922200517,0.9682507501166718,-0.2499809690726521,-0.5,-0.01509869171115925,-2.3000000000000007,4.426190476190474,4.322838547363985,0,0.0,1.0,0.0,True,24.419212598425197,24.879085890028943,22.922025680541992,20.683040618896484,21.549169540405273,22.108623504638672,22.557004928588867,22.922025680541992,23.304489135742188,23.733280181884766,24.279664993286133,25.192350387573242,23.336589813232422,21.095458984375,21.93395233154297,22.49703598022461,22.942541122436523,23.336589813232422,23.742517471313477,24.187334060668945,24.75328254699707,25.772680282592773,development
2025-04-17 01:00:00+00:00,43128599999,2025-04-15 06:00:00+00:00,43,23.0,33.0,23.0,24.7,1.7916666666666667,0.9914448613738104,-0.1305261922200516,0.9682507501166718,-0.2499809690726521,-0.5,-0.013891466977062126,-1.6999999999999993,4.026190476190475,4.322838547363985,0,0.0,1.0,0.0,True,24.819212598425196,25.324664521036638,23.26981544494629,20.79302215576172,21.713024139404297,22.337993621826172,22.81410789489746,23.26981544494629,23.736957550048828,24.245962142944336,24.83734893798828,25.859230041503906,23.558513641357422,21.171405792236328,22.05645751953125,22.656600952148438,23.11814308166504,23.558513641357422,24.011615753173828,24.503816604614258,25.093385696411133,26.136825561523438,development
2025-04-17 02:00:00+00:00,43128599999,2025-04-15 06:00:00+00:00,44,25.0,33.0,25.0,26.5,1.8333333333333333,0.9238795325112868,-0.3826834323650895,0.9682507501166718,-0.2499809690726521,-0.5,-0.012780766603253701,-1.5,2.2261904761904745,4.322838547363985,0,0.0,1.0,0.0,True,26.619212598425197,27.084117885626686,24.696617126464844,22.364381790161133,23.22989273071289,23.829635620117188,24.277938842773438,24.696617126464844,25.15524673461914,25.627260208129883,26.20024299621582,27.10453987121582,24.9581241607666,22.504016876220703,23.429338455200195,24.05353546142578,24.51891326904297,24.9581241607666,25.43878173828125,25.92357063293457,26.520111083984375,27.49085807800293,development
2025-04-17 03:00:00+00:00,43128599999,2025-04-15 06:00:00+00:00,45,27.0,33.0,28.0,28.7,1.875,0.7933533402912352,-0.6087614290087207,0.9682507501166718,-0.2499809690726521,-0.5,-0.011758872928004553,-0.6999999999999993,0.02619047619047521,4.322838547363985,0,0.0,1.0,0.0,True,28.819212598425196,29.379306797976994,27.53769874572754,25.610137939453125,26.352048873901367,26.84642791748047,27.201915740966797,27.53769874572754,27.909414291381836,28.294830322265625,28.744089126586914,29.49650001525879,27.695236206054688,25.506160736083984,26.349124908447266,26.9064998626709,27.31913948059082,27.695236206054688,28.09406852722168,28.499691009521484,28.992801666259766,29.811555862426758,development
2025-04-17 04:00:00+00:00,43128599999,2025-04-15 06:00:00+00:00,46,29.0,33.0,30.0,30.6,1.9166666666666667,0.6087614290087209,-0.793353340291235,0.9682507501166718,-0.2499809690726521,-0.5,-0.010818685359746545,-0.6000000000000014,-1.873809523809527,4.322838547363985,0,0.0,1.0,0.0,True,30.719212598425198,31.24254816888065,29.72262954711914,28.02987289428711,28.70476722717285,29.128767013549805,29.41422462463379,29.72262954711914,30.028156280517578,30.357952117919922,30.73402976989746,31.342336654663086,29.752525329589844,27.638713836669922,28.488431930541992,29.021360397338867,29.39339256286621,29.752525329589844,30.09482765197754,30.45780372619629,30.88233184814453,31.564617156982422,development
2025-04-17 05:00:00+00:00,43128599999,2025-04-15 06:00:00+00:00,47,30.0,33.0,32.0,32.3,1.9583333333333333,0.3826834323650899,-0.9238795325112867,0.9682507501166718,-0.2499809690726521,-0.5,-0.009953671038866843,-0.29999999999999716,-3.5738095238095227,4.322838547363985,0,0.0,1.0,0.0,True,32.4192125984252,32.96780297097829,31.76667594909668,30.27100944519043,30.87735366821289,31.234073638916016,31.506059646606445,31.76667594909668,32.056640625,32.349578857421875,32.67942428588867,33.22589874267578,31.49256134033203,29.379077911376953,30.26166343688965,30.798574447631836,31.16513442993164,31.49256134033203,31.830120086669922,32.17327880859375,32.554080963134766,33.1951904296875,development
2025-04-17 06:00:00+00:00,43128599999,2025-04-15 06:00:00+00:00,48,31.0,33.0,33.0,33.7,2.0,0.130526192220052,-0.9914448613738104,0.9682507501166718,-0.2499809690726521,-0.5,-0.00915781944436709,-0.7000000000000028,-4.973809523809528,4.322838547363985,0,0.0,1.0,0.0,True,33.8192125984252,34.26715146719034,33.02470397949219,31.63250732421875,32.22933578491211,32.547218322753906,32.792327880859375,33.02470397949219,33.29386520385742,33.549705505371094,33.864994049072266,34.34417724609375,32.78434753417969,30.59392738342285,31.549537658691406,32.11288070678711,32.47854995727539,32.78434753417969,33.108009338378906,33.41773223876953,33.789310455322266,34.362281799316406,development
2025-04-15 07:00:00+00:00,43279099999,2025-04-15 06:00:00+00:00,1,34.0,34.0,34.0,35.1,0.041666666666666664,-0.13052619222005177,-0.9914448613738104,0.9762766110869321,-0.21652708524481437,-1.2000000000000028,-1.1040532975551907,-1.1000000000000014,-3.7845238095238116,2.358217347692302,0,0.0,0.0,1.0,True,36.13820870994248,35.775524877920496,34.549774169921875,33.815792083740234,34.06272506713867,34.25199890136719,34.407127380371094,34.549774169921875,34.69384002685547,34.844024658203125,35.0340690612793,35.32786560058594,34.25432205200195,33.6363639831543,33.842041015625,34.00261306762695,34.1340446472168,34.25432205200195,34.37616729736328,34.502140045166016,34.660491943359375,34.91149139404297,development
2025-04-15 08:00:00+00:00,43279099999,2025-04-15 06:00:00+00:00,2,34.0,34.0,35.0,34.5,0.08333333333333333,-0.38268343236508967,-0.9238795325112868,0.9762766110869321,-0.21652708524481437,-1.2000000000000028,-1.0157780698687393,0.5,-3.18452380952381,2.358217347692302,0,0.0,0.0,1.0,True,35.53820870994248,35.58262443882219,34.70659637451172,33.810333251953125,34.11740493774414,34.33983612060547,34.52710723876953,34.70659637451172,34.88639450073242,35.08747482299805,35.34049987792969,35.72420120239258,34.368980407714844,33.67168426513672,33.904296875,34.079345703125,34.230628967285156,34.368980407714844,34.51042938232422,34.67243576049805,34.8692512512207,35.18763732910156,development
2025-04-15 09:00:00+00:00,43279099999,2025-04-15 06:00:00+00:00,3,33.0,34.0,34.0,33.3,0.125,-0.6087614290087207,-0.7933533402912352,0.9762766110869321,-0.21652708524481437,-1.2000000000000028,-0.9345609396856881,0.7000000000000028,-1.9845238095238074,2.358217347692302,0,0.0,0.0,1.0,True,34.33820870994248,34.512658253467094,34.4029426574707,33.41290283203125,33.75369644165039,34.0094108581543,34.21134567260742,34.4029426574707,34.605323791503906,34.82601547241211,35.10688400268555,35.55384063720703,33.85346984863281,33.11791229248047,33.37569046020508,33.56402587890625,33.71216583251953,33.85346984863281,34.010494232177734,34.17518997192383,34.384761810302734,34.740150451660156,development
2025-04-15 10:00:00+00:00,43279099999,2025-04-15 06:00:00+00:00,4,33.0,34.0,33.0,32.2,0.16666666666666666,-0.7933533402912349,-0.6087614290087209,0.9762766110869321,-0.21652708524481437,-1.2000000000000028,-0.8598375726885492,0.7999999999999972,-0.884523809523813,2.358217347692302,0,0.0,0.0,1.0,True,33.238208709942484,33.53484262940623,33.606929779052734,32.60661315917969,32.94526290893555,33.18693923950195,33.40748977661133,33.606929779052734,33.81342315673828,34.05500030517578,34.3494873046875,34.84120178222656,32.823577880859375,32.10759735107422,32.35102462768555,32.52785110473633,32.68086624145508,32.823577880859375,32.975826263427734,33.150150299072266,33.3741569519043,33.75343322753906,development
2025-04-15 11:00:00+00:00,43279099999,2025-04-15 06:00:00+00:00,5,32.0,34.0,32.0,32.2,0.20833333333333334,-0.9238795325112868,-0.3826834323650895,0.9762766110869321,-0.21652708524481437,-1.2000000000000028,-0.7910887562405344,-0.20000000000000284,-0.884523809523813,2.358217347692302,0,0.0,0.0,1.0,True,33.238208709942484,33.42844479831022,32.70588684082031,31.70894432067871,32.04682159423828,32.299434661865234,32.5074348449707,32.70588684082031,32.90819549560547,33.157020568847656,33.47195816040039,33.96979904174805,32.12622833251953,31.425195693969727,31.667964935302734,31.840946197509766,31.98685073852539,32.12622833251953,32.27360153198242,32.44981384277344,32.67685317993164,33.04558563232422,development
2025-04-15 12:00:00+00:00,43279099999,2025-04-15 06:00:00+00:00,6,31.0,34.0,31.0,30.8,0.25,-0.9914448613738104,-0.13052619222005163,0.9762766110869321,-0.21652708524481437,-1.2000000000000028,-0.7278367916551618,0.1999999999999993,0.5154761904761891,2.358217347692302,0,0.0,0.0,1.0,True,31.83820870994248,32.22954434187944,31.5930118560791,30.616771697998047,30.943674087524414,31.195152282714844,31.404464721679688,31.5930118560791,31.80629539489746,32.03820037841797,32.36238098144531,32.863441467285156,31.225011825561523,30.552902221679688,30.77466583251953,30.951765060424805,31.0937557220459,31.225011825561523,31.375396728515625,31.532543182373047,31.75949478149414,32.121307373046875,development
2025-04-15 13:00:00+00:00,43279099999,2025-04-15 06:00:00+00:00,7,31.0,34.0,31.0,30.3,0.2916666666666667,-0.9914448613738105,0.13052619222005127,0.9762766110869321,-0.21652708524481437,-1.2000000000000028,-0.6696421749240581,0.6999999999999993,1.015476190476189,2.358217347692302,0,0.0,0.0,1.0,True,31.33820870994248,31.946693618855313,30.865320205688477,29.9017333984375,30.237882614135742,30.485130310058594,30.677188873291016,30.865320205688477,31.077220916748047,31.31561279296875,31.61882209777832,32.12607955932617,30.567462921142578,29.911544799804688,30.13568878173828,30.303634643554688,30.438152313232422,30.567462921142578,30.714962005615234,30.873926162719727,31.07709312438965,31.439756393432617,development
2025-04-15 14:00:00+00:00,43279099999,2025-04-15 06:00:00+00:00,8,31.0,34.0,31.0,29.8,0.3333333333333333,-0.923879532511287,0.38268343236508917,0.9762766110869321,-0.21652708524481437,-1.2000000000000028,-0.6161005428391119,1.1999999999999993,1.515476190476189,2.358217347692302,0,0.0,0.0,1.0,True,30.83820870994248,31.657170291226645,30.559444427490234,29.6068115234375,29.942197799682617,30.18216323852539,30.372989654541016,30.559444427490234,30.76366424560547,30.996868133544922,31.287830352783203,31.78239631652832,30.428966522216797,29.780622482299805,30.003393173217773,30.168020248413086,30.30221176147461,30.428966522216797,30.566837310791016,30.716629028320312,30.90637969970703,31.2481746673584,development
2025-04-15 15:00:00+00:00,43279099999,2025-04-15 06:00:00+00:00,9,31.0,34.0,31.0,29.6,0.375,-0.7933533402912357,0.6087614290087199,0.9762766110869321,-0.21652708524481437,-1.2000000000000028,-0.566839863289219,1.3999999999999986,1.7154761904761884,2.358217347692302,0,0.0,0.0,1.0,True,30.638208709942482,31.590773607807392,30.384923934936523,29.476787567138672,29.788867950439453,30.024429321289062,30.206348419189453,30.384923934936523,30.584083557128906,30.797914505004883,31.08024787902832,31.56944465637207,30.355209350585938,29.725610733032227,29.939584732055664,30.10902976989746,30.23402214050293,30.355209350585938,30.485187530517578,30.627971649169922,30.8154354095459,31.15373420715332,development
2025-04-15 16:00:00+00:00,43279099999,2025-04-15 06:00:00+00:00,10,30.0,34.0,30.0,29.3,0.4166666666666667,-0.6087614290087209,0.7933533402912349,0.9762766110869321,-0.21652708524481437,-1.2000000000000028,-0.5215178502084951,0.6999999999999993,2.015476190476189,2.358217347692302,0,0.0,0.0,1.0,True,30.33820870994248,31.21757785676014,30.115385055541992,29.22167205810547,29.534250259399414,29.769304275512695,29.947961807250977,30.115385055541992,30.314512252807617,30.521774291992188,30.786067962646484,31.256242752075195,30.0981502532959,29.478723526000977,29.69248390197754,29.86091423034668,29.98769187927246,30.0981502532959,30.228031158447266,30.36468505859375,30.55436897277832,30.885831832885742,development
2025-04-15 17:00:00+00:00,43279099999,2025-04-15 06:00:00+00:00,11,30.0,34.0,30.0,29.1,0.4583333333333333,-0.38268343236508956,0.9238795325112868,0.9762766110869321,-0.21652708524481437,-1.2000000000000028,-0.47981958521381796,0.8999999999999986,2.2154761904761884,2.358217347692302,0,0.0,0.0,1.0,True,30.138208709942482,31.1146412695797,29.81559944152832,28.904428482055664,29.23746681213379,29.465133666992188,29.631366729736328,29.81559944152832,30.008563995361328,30.205459594726562,30.47267723083496,30.915616989135742,29.83896255493164,29.195087432861328,29.436277389526367,29.59852409362793,29.717472076416016,29.83896255493164,29.959943771362305,30.094602584838867,30.28662872314453,30.60393714904785,development
2025-04-15 18:00:00+00:00,43279099999,2025-04-15 06:00:00+00:00,12,30.0,34.0,30.0,28.7,0.5,-0.13052619222005168,0.9914448613738104,0.9762766110869321,-0.21652708524481437,-1.2000000000000028,-0.44145532940573184,1.3000000000000007,2.6154761904761905,2.358217347692302,0,0.0,0.0,1.0,True,29.73820870994248,30.832679025161372,29.761255264282227,28.8587703704834,29.189250946044922,29.4091854095459,29.582548141479492,29.761255264282227,29.955141067504883,30.164945602416992,30.41144371032715,30.839075088500977,29.765539169311523,29.119232177734375,29.36128807067871,29.523822784423828,29.644948959350586,29.765539169311523,29.892724990844727,30.033483505249023,30.211647033691406,30.51802635192871,development
2025-04-15 19:00:00+00:00,43279099999,2025-04-15 06:00:00+00:00,13,30.0,34.0,30.0,28.5,0.5416666666666666,0.13052619222005157,0.9914448613738104,0.9724075561219968,-0.23328854407545518,-1.2000000000000028,-0.4061585101280916,1.5,2.81547619047619,2.358217347692302,0,0.0,0.0,1.0,True,29.53820870994248,30.724440604251896,29.606670379638672,28.65938949584961,29.01055908203125,29.244991302490234,29.43099594116211,29.606670379638672,29.78970718383789,29.992298126220703,30.22594451904297,30.644390106201172,29.59380340576172,28.929126739501953,29.17801284790039,29.341039657592773,29.46955680847168,29.59380340576172,29.711143493652344,29.845294952392578,30.01961326599121,30.315467834472656,development
2025-04-15 20:00:00+00:00,43279099999,2025-04-15 06:00:00+00:00,14,30.0,34.0,30.0,28.1,0.5833333333333334,0.3826834323650898,0.9238795325112867,0.9724075561219968,-0.23328854407545518,-1.2000000000000028,-0.37368386869751813,1.8999999999999986,3.2154761904761884,2.358217347692302,0,0.0,0.0,1.0,True,29.138208709942482,30.396804256561303,29.387081146240234,28.43438720703125,28.78620147705078,29.039703369140625,29.212371826171875,29.387081146240234,29.574003219604492,29.782014846801758,30.012020111083984,30.444835662841797,29.440521240234375,28.7745304107666,29.033679962158203,29.20646095275879,29.323686599731445,29.440521240234375,29.560211181640625,29.701759338378906,29.871192932128906,30.190824508666992,development
2025-04-15 21:00:00+00:00,43279099999,2025-04-15 06:00:00+00:00,15,29.0,34.0,29.0,27.9,0.625,0.6087614290087207,0.7933533402912352,0.9724075561219968,-0.23328854407545518,-1.2000000000000028,-0.3438057562322289,1.1000000000000014,3.415476190476191,2.358217347692302,0,0.0,0.0,1.0,True,28.93820870994248,29.993526263662083,29.096887588500977,28.13616943359375,28.496408462524414,28.7463436126709,28.933143615722656,29.096887588500977,29.286827087402344,29.47522735595703,29.717220306396484,30.128437042236328,29.197742462158203,28.53248405456543,28.78890609741211,28.958084106445312,29.084877014160156,29.197742462158203,29.320064544677734,29.44765281677246,29.619522094726562,29.928752899169922,development
2025-04-15 22:00:00+00:00,43279099999,2025-04-15 06:00:00+00:00,16,29.0,34.0,29.0,27.7,0.6666666666666666,0.7933533402912352,0.6087614290087207,0.9724075561219968,-0.23328854407545518,-1.2000000000000028,-0.31631656573887285,1.3000000000000007,3.6154761904761905,2.358217347692302,0,0.0,0.0,1.0,True,28.73820870994248,29.78522558317211,28.748512268066406,27.79953956604004,28.161279678344727,28.404775619506836,28.59206771850586,28.748512268066406,28.930356979370117,29.129474639892578,29.373811721801758,29.801916122436523,28.987152099609375,28.340736389160156,28.58989906311035,28.753250122070312,28.882461547851562,28.987152099609375,29.106616973876953,29.236225128173828,29.409212112426758,29.725933074951172,development
2025-04-15 23:00:00+00:00,43279099999,2025-04-15 06:00:00+00:00,17,30.0,34.0,29.0,27.4,0.7083333333333334,0.9238795325112867,0.38268343236508984,0.9724075561219968,-0.23328854407545518,-1.2000000000000028,-0.2910252895627791,1.6000000000000014,3.915476190476191,2.358217347692302,0,0.0,0.0,1.0,True,28.43820870994248,29.486123866201662,28.52008628845215,27.57246208190918,27.949827194213867,28.181259155273438,28.363115310668945,28.52008628845215,28.690027236938477,28.899940490722656,29.15535545349121,29.59185791015625,28.835620880126953,28.197036743164062,28.452865600585938,28.605669021606445,28.732023239135742,28.835620880126953,28.944108963012695,29.078392028808594,29.253293991088867,29.579599380493164,development
2025-04-16 00:00:00+00:00,43279099999,2025-04-15 06:00:00+00:00,18,29.0,34.0,29.0,27.0,0.75,0.9914448613738104,0.1305261922200517,0.9724075561219968,-0.23328854407545518,-1.2000000000000028,-0.2677561921781164,2.0,4.31547619047619,2.358217347692302,0,0.0,0.0,1.0,True,28.03820870994248,29.101533513575024,28.380290985107422,27.499176025390625,27.840167999267578,28.069828033447266,28.232624053955078,28.380290985107422,28.54612159729004,28.74429702758789,29.010921478271484,29.438600540161133,28.724546432495117,28.114469528198242,28.352920532226562,28.51059341430664,28.62470245361328,28.724546432495117,28.828142166137695,28.953638076782227,29.133403778076172,29.463268280029297,development
2025-04-16 01:00:00+00:00,43279099999,2025-04-15 06:00:00+00:00,19,29.0,34.0,29.0,27.1,0.7916666666666666,0.9914448613738104,-0.1305261922200516,0.9724075561219968,-0.23328854407545518,-1.2000000000000028,-0.24634758909589172,1.8999999999999986,4.215476190476188,2.358217347692302,0,0.0,0.0,1.0,True,28.138208709942482,29.107320861071273,28.543575286865234,27.632356643676758,27.98539161682129,28.208702087402344,28.386348724365234,28.543575286865234,28.7249698638916,28.947673797607422,29.233566284179688,29.695810317993164,28.715559005737305,28.08808135986328,28.333189010620117,28.487974166870117,28.610456466674805,28.715559005737305,28.829219818115234,28.96851348876953,29.16689682006836,29.51840591430664,development
2025-04-16 02:00:00+00:00,43279099999,2025-04-15 06:00:00+00:00,20,30.0,34.0,30.0,29.1,0.8333333333333334,0.9238795325112868,-0.3826834323650895,0.9724075561219968,-0.23328854407545518,-1.2000000000000028,-0.22665072340507472,0.8999999999999986,2.2154761904761884,2.358217347692302,0,0.0,0.0,1.0,True,30.138208709942482,30.81817415866033,29.276233673095703,28.302858352661133,28.66619110107422,28.900707244873047,29.091028213500977,29.276233673095703,29.473960876464844,29.71506690979004,30.013206481933594,30.48638916015625,29.481948852539062,28.801820755004883,29.065948486328125,29.226083755493164,29.354812622070312,29.481948852539062,29.607887268066406,29.7530460357666,29.95647621154785,30.320283889770508,development
2025-04-16 03:00:00+00:00,43279099999,2025-04-15 06:00:00+00:00,21,31.0,34.0,31.0,31.0,0.875,0.7933533402912352,-0.6087614290087207,0.9724075561219968,-0.23328854407545518,-1.2000000000000028,-0.20852873214053466,0.0,0.3154761904761898,2.358217347692302,0,0.0,0.0,1.0,True,32.03820870994248,32.460515978016794,30.403667449951172,29.403820037841797,29.76911735534668,30.010902404785156,30.21145248413086,30.403667449951172,30.604089736938477,30.859487533569336,31.153108596801758,31.63833236694336,30.564685821533203,29.855440139770508,30.1231746673584,30.29815101623535,30.434741973876953,30.564685821533203,30.696260452270508,30.864761352539062,31.066068649291992,31.459089279174805,development
2025-04-16 04:00:00+00:00,43279099999,2025-04-15 06:00:00+00:00,22,32.0,34.0,32.0,33.0,0.9166666666666666,0.6087614290087209,-0.793353340291235,0.9724075561219968,-0.23328854407545518,-1.2000000000000028,-0.19185569529563315,-1.0,-1.6845238095238102,2.358217347692302,0,0.0,0.0,1.0,True,34.03820870994248,34.19578419889714,31.666112899780273,30.60732650756836,30.986146926879883,31.241493225097656,31.45901870727539,31.666112899780273,31.885913848876953,32.14441680908203,32.4460334777832,32.951499938964844,31.77113151550293,31.012645721435547,31.29073143005371,31.47772979736328,31.629318237304688,31.77113151550293,31.91913604736328,32.092185974121094,32.31441879272461,32.719764709472656,development
2025-04-16 05:00:00+00:00,43279099999,2025-04-15 06:00:00+00:00,23,30.0,34.0,33.0,34.8,0.9583333333333334,0.3826834323650899,-0.9238795325112867,0.9724075561219968,-0.23328854407545518,-1.2000000000000028,-0.17651576087157259,-1.7999999999999972,-3.4845238095238074,2.358217347692302,0,0.0,0.0,1.0,True,35.83820870994248,35.792616421876666,33.0315055847168,31.817468643188477,32.234771728515625,32.53098678588867,32.78044509887695,33.0315055847168,33.28474426269531,33.56489562988281,33.90272521972656,34.455467224121094,33.22990798950195,32.2778434753418,32.61545944213867,32.84925842285156,33.03865051269531,33.22990798950195,33.416378021240234,33.62825012207031,33.89478302001953,34.3641357421875,development
2025-04-16 06:00:00+00:00,43279099999,2025-04-15 06:00:00+00:00,24,25.0,34.0,34.0,35.9,1.0,0.130526192220052,-0.9914448613738104,0.9724075561219968,-0.23328854407545518,-1.2000000000000028,-0.16240233988393563,-1.8999999999999986,-4.584523809523809,2.358217347692302,0,0.0,0.0,1.0,True,36.93820870994248,36.86166200168993,34.02800369262695,32.80015182495117,33.22833251953125,33.524906158447266,33.77866744995117,34.02800369262695,34.2799186706543,34.55467224121094,34.88875961303711,35.44771194458008,34.12779235839844,33.135658264160156,33.497718811035156,33.73869323730469,33.93745803833008,34.12779235839844,34.325374603271484,34.540382385253906,34.81190490722656,35.29008865356445,development
2025-04-16 07:00:00+00:00,43279099999,2025-04-15 06:00:00+00:00,25,25.0,34.0,34.0,35.0,1.0416666666666667,-0.13052619222005177,-0.9914448613738104,0.9724075561219968,-0.23328854407545518,-1.2000000000000028,-0.14941736573294792,-1.0,-3.68452380952381,2.358217347692302,0,0.0,0.0,1.0,True,36.03820870994248,36.1733504009947,34.59740447998047,33.28216552734375,33.7354621887207,34.055030822753906,34.32730484008789,34.59740447998047,34.85567855834961,35.14529800415039,35.497169494628906,36.112525939941406,34.380531311035156,33.390472412109375,33.746978759765625,33.991004943847656,34.18617248535156,34.380531311035156,34.56562042236328,34.77745819091797,35.04875564575195,35.54304885864258,development
2025-04-16 08:00:00+00:00,43279099999,2025-04-15 06:00:00+00:00,26,26.0,34.0,35.0,34.3,1.0833333333333333,-0.38268343236508967,-0.9238795325112868,0.9724075561219968,-0.23328854407545518,-1.2000000000000028,-0.1374706127912256,0.7000000000000028,-2.9845238095238074,2.358217347692302,0,0.0,0.0,1.0,True,35.33820870994248,35.874825898482584,34.78892517089844,33.361209869384766,33.84824752807617,34.19508361816406,34.50432586669922,34.78892517089844,35.077430725097656,35.39149475097656,35.78117752075195,36.429290771484375,34.32658767700195,33.252254486083984,33.636478424072266,33.89970779418945,34.1219596862793,34.32658767700195,34.52609634399414,34.7512321472168,35.04867172241211,35.57123565673828,development
2025-04-16 09:00:00+00:00,43279099999,2025-04-15 06:00:00+00:00,27,29.0,34.0,34.0,33.8,1.125,-0.6087614290087207,-0.7933533402912352,0.9724075561219968,-0.23328854407545518,-1.2000000000000028,-0.1264790694742375,0.20000000000000284,-2.4845238095238074,2.358217347692302,0,0.0,0.0,1.0,True,34.83820870994248,35.32824534268949,34.43971252441406,33.000247955322266,33.483951568603516,33.847347259521484,34.15728759765625,34.43971252441406,34.72438049316406,35.05078125,35.45063400268555,36.11063003540039,33.75539779663086,32.72685623168945,33.093467712402344,33.357425689697266,33.56092834472656,33.75539779663086,33.94189453125,34.16254425048828,34.45205307006836,34.96349334716797,development
2025-04-16 10:00:00+00:00,43279099999,2025-04-15 06:00:00+00:00,28,30.0,34.0,33.0,32.7,1.1666666666666667,-0.7933533402912349,-0.6087614290087209,0.9724075561219968,-0.23328854407545518,-1.2000000000000028,-0.11636636143728633,0.29999999999999716,-1.384523809523813,2.358217347692302,0,0.0,0.0,1.0,True,33.738208709942484,34.327345819643526,33.61720275878906,32.23882293701172,32.704627990722656,33.05433654785156,33.34815216064453,33.61720275878906,33.905029296875,34.22720718383789,34.6368522644043,35.308921813964844,32.87454605102539,31.882078170776367,32.24006271362305,32.494354248046875,32.69321823120117,32.87454605102539,33.06550598144531,33.28398132324219,33.57811737060547,34.09020233154297,development
2025-04-16 11:00:00+00:00,43279099999,2025-04-15 06:00:00+00:00,29,31.0,34.0,32.0,32.1,1.2083333333333333,-0.9238795325112868,-0.3826834323650895,0.9724075561219968,-0.23328854407545518,-1.2000000000000028,-0.10706222089111238,-0.10000000000000142,-0.7845238095238116,2.358217347692302,0,0.0,0.0,1.0,True,33.13820870994248,33.729587822348996,32.5996208190918,31.26927947998047,31.72434425354004,32.0583610534668,32.337059020996094,32.5996208190918,32.867706298828125,33.193359375,33.60310745239258,34.2886848449707,32.034950256347656,31.066394805908203,31.4180850982666,31.665687561035156,31.854862213134766,32.034950256347656,32.222476959228516,32.439388275146484,32.72441864013672,33.24763107299805,development
2025-04-16 12:00:00+00:00,43279099999,2025-04-15 06:00:00+00:00,30,31.0,34.0,31.0,31.2,1.25,-0.9914448613738104,-0.13052619222005163,0.9724075561219968,-0.23328854407545518,-1.2000000000000028,-0.09850199834867879,-0.1999999999999993,0.11547619047619051,2.358217347692302,0,0.0,0.0,1.0,True,32.238208709942484,32.902915562179295,31.539066314697266,30.24386978149414,30.696758270263672,31.019630432128906,31.28994369506836,31.539066314697266,31.800588607788086,32.12007141113281,32.5324592590332,33.217498779296875,31.1367130279541,30.193889617919922,30.53459930419922,30.777986526489258,30.962738037109375,31.1367130279541,31.314899444580078,31.529537200927734,31.812875747680664,32.31760787963867,development
2025-04-16 13:00:00+00:00,43279099999,2025-04-15 06:00:00+00:00,31,30.0,34.0,31.0,29.8,1.2916666666666667,-0.9914448613738105,0.13052619222005127,0.9724075561219968,-0.23328854407545518,-1.2000000000000028,-0.09062621341052873,1.1999999999999993,1.515476190476189,2.358217347692302,0,0.0,0.0,1.0,True,30.83820870994248,31.896904149745122,30.781435012817383,29.51003646850586,29.976459503173828,30.29118537902832,30.544897079467773,30.781435012817383,31.039016723632812,31.362274169921875,31.764575958251953,32.4392204284668,30.447025299072266,29.519638061523438,29.86840057373047,30.10212516784668,30.281803131103516,30.447025299072266,30.62474250793457,30.8374080657959,31.112812042236328,31.602867126464844,development
2025-04-16 14:00:00+00:00,43279099999,2025-04-15 06:00:00+00:00,32,30.0,34.0,31.0,29.5,1.3333333333333333,-0.923879532511287,0.38268343236508917,0.9724075561219968,-0.23328854407545518,-1.2000000000000028,-0.08338014146736204,1.5,1.8154761904761898,2.358217347692302,0,0.0,0.0,1.0,True,30.53820870994248,31.74754780367998,30.474903106689453,29.235931396484375,29.689224243164062,29.98717498779297,30.233678817749023,30.474903106689453,30.724109649658203,31.02415657043457,31.41075897216797,32.07684326171875,30.238677978515625,29.330163955688477,29.67194366455078,29.889720916748047,30.068538665771484,30.238677978515625,30.4085693359375,30.60611343383789,30.86578941345215,31.338960647583008,development
2025-04-16 15:00:00+00:00,43279099999,2025-04-15 06:00:00+00:00,33,30.0,34.0,31.0,29.3,1.375,-0.7933533402912357,0.6087614290087199,0.9724075561219968,-0.23328854407545518,-1.2000000000000028,-0.07671343344804926,1.6999999999999993,2.015476190476189,2.358217347692302,0,0.0,0.0,1.0,True,30.33820870994248,31.665933276146312,30.35103416442871,29.163318634033203,29.60318374633789,29.885690689086914,30.126829147338867,30.35103416442871,30.59403419494629,30.883258819580078,31.25753402709961,31.890344619750977,30.223068237304688,29.338563919067383,29.68286895751953,29.892919540405273,30.060331344604492,30.223068237304688,30.387237548828125,30.578275680541992,30.828859329223633,31.286714553833008,development
2025-04-16 16:00:00+00:00,43279099999,2025-04-15 06:00:00+00:00,34,30.0,34.0,30.0,29.1,1.4166666666666667,-0.6087614290087209,0.7933533402912349,0.9724075561219968,-0.23328854407545518,-1.2000000000000028,-0.07057976597091603,0.8999999999999986,2.2154761904761884,2.358217347692302,0,0.0,0.0,1.0,True,30.138208709942482,31.357090091597122,30.07587432861328,28.943077087402344,29.369272232055664,29.63277244567871,29.866512298583984,30.07587432861328,30.315969467163086,30.59139633178711,30.944581985473633,31.5372257232666,29.960243225097656,29.09613800048828,29.435028076171875,29.639005661010742,29.813419342041016,29.960243225097656,30.122709274291992,30.30158042907715,30.540637969970703,30.974689483642578,development
2025-04-16 17:00:00+00:00,43279099999,2025-04-15 06:00:00+00:00,35,30.0,34.0,30.0,28.9,1.4583333333333333,-0.38268343236508956,0.9238795325112868,0.9724075561219968,-0.23328854407545518,-1.2000000000000028,-0.06493651946738609,1.1000000000000014,2.415476190476191,2.358217347692302,0,0.0,0.0,1.0,True,29.93820870994248,31.24127187748159,29.792686462402344,28.669631958007812,29.084367752075195,29.357528686523438,29.566787719726562,29.792686462402344,30.026371002197266,30.306819915771484,30.647565841674805,31.232799530029297,29.733497619628906,28.878385543823242,29.209590911865234,29.421480178833008,29.575040817260742,29.733497619628906,29.89366912841797,30.079208374023438,30.311717987060547,30.741758346557617,development
2025-04-16 18:00:00+00:00,43279099999,2025-04-15 06:00:00+00:00,36,30.0,34.0,30.0,28.7,1.5,-0.13052619222005168,0.9914448613738104,0.9724075561219968,-0.23328854407545518,-1.2000000000000028,-0.059744482041436876,1.3000000000000007,2.6154761904761905,2.358217347692302,0,0.0,0.0,1.0,True,29.73820870994248,31.104165282106766,29.672136306762695,28.5412654876709,28.967227935791016,29.230024337768555,29.459564208984375,29.672136306762695,29.917442321777344,30.186891555786133,30.517070770263672,31.080862045288086,29.724069595336914,28.855106353759766,29.197086334228516,29.4012451171875,29.5650577545166,29.724069595336914,29.887374877929688,30.067752838134766,30.30158042907715,30.726903915405273,development
2025-04-16 19:00:00+00:00,43279099999,2025-04-15 06:00:00+00:00,37,29.0,34.0,30.0,28.4,1.5416666666666667,0.13052619222005157,0.9914448613738104,0.9682507501166718,-0.2499809690726521,-1.2000000000000028,-0.0549675770071459,1.6000000000000014,2.915476190476191,2.358217347692302,0,0.0,0.0,1.0,True,29.43820870994248,30.90705027459776,29.523134231567383,28.369855880737305,28.8057861328125,29.06802749633789,29.298416137695312,29.523134231567383,29.74827766418457,30.017162322998047,30.33538055419922,30.891084671020508,29.6416015625,28.75639533996582,29.112424850463867,29.312986373901367,29.480772018432617,29.6416015625,29.79684829711914,29.982698440551758,30.205469131469727,30.618980407714844,development
2025-04-16 20:00:00+00:00,43279099999,2025-04-15 06:00:00+00:00,38,29.0,34.0,30.0,28.2,1.5833333333333333,0.3826834323650898,0.9238795325112867,0.9682507501166718,-0.2499809690726521,-1.2000000000000028,-0.05057261221113181,1.8000000000000007,3.1154761904761905,2.358217347692302,0,0.0,0.0,1.0,True,29.23820870994248,30.726089023719357,29.296693801879883,28.136987686157227,28.577926635742188,28.85167121887207,29.08014678955078,29.296693801879883,29.51805877685547,29.77295684814453,30.07793426513672,30.620397567749023,29.46664810180664,28.583526611328125,28.936458587646484,29.14701271057129,29.31246566772461,29.46664810180664,29.61995506286621,29.792905807495117,30.01022720336914,30.42755889892578,development
2025-04-16 21:00:00+00:00,43279099999,2025-04-15 06:00:00+00:00,39,29.0,34.0,29.0,28.0,1.625,0.6087614290087207,0.7933533402912352,0.9682507501166718,-0.2499809690726521,-1.2000000000000028,-0.04652904939806652,1.0,3.31547619047619,2.358217347692302,0,0.0,0.0,1.0,True,29.03820870994248,30.31358094179002,28.97502326965332,27.80757713317871,28.261152267456055,28.54322052001953,28.77469825744629,28.97502326965332,29.183916091918945,29.435771942138672,29.751943588256836,30.282880783081055,29.112415313720703,28.21444320678711,28.58625030517578,28.797807693481445,28.967527389526367,29.112415313720703,29.261117935180664,29.43328285217285,29.656116485595703,30.062660217285156,development
2025-04-16 22:00:00+00:00,43279099999,2025-04-15 06:00:00+00:00,40,28.0,34.0,29.0,27.8,1.6666666666666667,0.7933533402912352,0.6087614290087207,0.9682507501166718,-0.2499809690726521,-1.2000000000000028,-0.04280879201670298,1.1999999999999993,3.515476190476189,2.358217347692302,0,0.0,0.0,1.0,True,28.83820870994248,30.09678816944135,28.70772933959961,27.55309295654297,28.002485275268555,28.291309356689453,28.510581970214844,28.70772933959961,28.906291961669922,29.148881912231445,29.472082138061523,30.001646041870117,28.925369262695312,28.02834701538086,28.394289016723633,28.614713668823242,28.77743148803711,28.925369262695312,29.071203231811523,29.24204444885254,29.46794319152832,29.89299201965332,development
2025-04-16 23:00:00+00:00,43279099999,2025-04-15 06:00:00+00:00,41,28.0,34.0,29.0,27.7,1.7083333333333333,0.9238795325112867,0.38268343236508984,0.9682507501166718,-0.2499809690726521,-1.2000000000000028,-0.03938598999199594,1.3000000000000007,3.6154761904761905,2.358217347692302,0,0.0,0.0,1.0,True,28.73820870994248,29.946580668744257,28.47596549987793,27.35175132751465,27.813875198364258,28.088546752929688,28.299880981445312,28.47596549987793,28.665557861328125,28.921789169311523,29.244800567626953,29.792709350585938,28.714502334594727,27.785924911499023,28.18398666381836,28.402631759643555,28.572189331054688,28.714502334594727,28.862621307373047,29.040586471557617,29.27724838256836,29.71641731262207,development
2025-04-17 00:00:00+00:00,43279099999,2025-04-15 06:00:00+00:00,42,28.0,34.0,29.0,27.4,1.75,0.9914448613738104,0.1305261922200517,0.9682507501166718,-0.2499809690726521,-1.2000000000000028,-0.03623686010678229,1.6000000000000014,3.915476190476191,2.358217347692302,0,0.0,0.0,1.0,True,28.43820870994248,29.633155574531376,28.325923919677734,27.208702087402344,27.661588668823242,27.933330535888672,28.14545249938965,28.325923919677734,28.5303897857666,28.804731369018555,29.144054412841797,29.71664810180664,28.581052780151367,27.674720764160156,28.060564041137695,28.274860382080078,28.438766479492188,28.581052780151367,28.729583740234375,28.914888381958008,29.146434783935547,29.600149154663086,development
2025-04-17 01:00:00+00:00,43279099999,2025-04-15 06:00:00+00:00,43,28.0,34.0,29.0,27.6,1.7916666666666667,0.9914448613738104,-0.1305261922200516,0.9682507501166718,-0.2499809690726521,-1.2000000000000028,-0.03333952074494918,1.3999999999999986,3.7154761904761884,2.358217347692302,0,0.0,0.0,1.0,True,28.638208709942482,29.710682933216393,28.452646255493164,27.288494110107422,27.741439819335938,28.027557373046875,28.243343353271484,28.452646255493164,28.67504119873047,28.969711303710938,29.334936141967773,29.943233489990234,28.674909591674805,27.753211975097656,28.129173278808594,28.356101989746094,28.518272399902344,28.674909591674805,28.827913284301758,29.02067756652832,29.271373748779297,29.74955177307129,development
2025-04-17 02:00:00+00:00,43279099999,2025-04-15 06:00:00+00:00,44,29.0,34.0,30.0,29.2,1.8333333333333333,0.9238795325112868,-0.3826834323650895,0.9682507501166718,-0.2499809690726521,-1.2000000000000028,-0.030673839847808956,0.8000000000000007,2.1154761904761905,2.358217347692302,0,0.0,0.0,1.0,True,30.23820870994248,31.102036745183486,29.16150665283203,28.03083038330078,28.458606719970703,28.735536575317383,28.95088005065918,29.16150665283203,29.39480972290039,29.682167053222656,30.05953025817871,30.667537689208984,29.506282806396484,28.62762451171875,28.99042320251465,29.20330810546875,29.357749938964844,29.506282806396484,29.667200088500977,29.854598999023438,30.105215072631836,30.582189559936523,development
2025-04-17 03:00:00+00:00,43279099999,2025-04-15 06:00:00+00:00,45,30.0,34.0,31.0,31.3,1.875,0.7933533402912352,-0.6087614290087207,0.9682507501166718,-0.2499809690726521,-1.2000000000000028,-0.028221295027210994,-0.3000000000000007,0.015476190476189089,2.358217347692302,0,0.0,0.0,1.0,True,32.338208709942485,32.895487550507774,30.30830955505371,29.13563346862793,29.564970016479492,29.851627349853516,30.083755493164062,30.30830955505371,30.56044578552246,30.869426727294922,31.262449264526367,31.886947631835938,30.600854873657227,29.656517028808594,30.038419723510742,30.269514083862305,30.437158584594727,30.600854873657227,30.776273727416992,30.989849090576172,31.26893424987793,31.801721572875977,development
2025-04-17 04:00:00+00:00,43279099999,2025-04-15 06:00:00+00:00,46,31.0,34.0,32.0,33.8,1.9166666666666667,0.6087614290087209,-0.793353340291235,0.9682507501166718,-0.2499809690726521,-1.2000000000000028,-0.02596484486339177,-1.7999999999999972,-2.4845238095238074,2.358217347692302,0,0.0,0.0,1.0,True,34.83820870994248,35.01737335220189,31.71006965637207,30.500905990600586,30.936513900756836,31.225215911865234,31.465576171875,31.71006965637207,31.95513916015625,32.27346420288086,32.672019958496094,33.32184982299805,31.963516235351562,30.951248168945312,31.3449764251709,31.594165802001953,31.777254104614258,31.963516235351562,32.14352798461914,32.383216857910156,32.6960334777832,33.29447937011719,development
2025-04-17 05:00:00+00:00,43279099999,2025-04-15 06:00:00+00:00,47,33.0,34.0,33.0,35.7,1.9583333333333333,0.3826834323650899,-0.9238795325112867,0.9682507501166718,-0.2499809690726521,-1.2000000000000028,-0.02388881049328048,-2.700000000000003,-4.384523809523813,2.358217347692302,0,0.0,0.0,1.0,True,36.738208709942484,36.687820348441406,33.012271881103516,31.69559669494629,32.162166595458984,32.47484588623047,32.74805450439453,33.012271881103516,33.2940673828125,33.64017868041992,34.07197189331055,34.76243591308594,33.14555740356445,31.887693405151367,32.360694885253906,32.66392135620117,32.914039611816406,33.14555740356445,33.38450622558594,33.685707092285156,34.079437255859375,34.796180725097656,development
2025-04-17 06:00:00+00:00,43279099999,2025-04-15 06:00:00+00:00,48,34.0,34.0,34.0,37.1,2.0,0.130526192220052,-0.9914448613738104,0.9682507501166718,-0.2499809690726521,-1.2000000000000028,-0.021978766666481065,-3.1000000000000014,-5.784523809523812,2.358217347692302,0,0.0,0.0,1.0,True,38.13820870994248,37.98756691985272,34.19132614135742,32.77347946166992,33.27568054199219,33.61261749267578,33.908138275146484,34.19132614135742,34.484195709228516,34.8366813659668,35.2962760925293,36.03428649902344,34.20943832397461,32.834014892578125,33.346832275390625,33.6801643371582,33.95347213745117,34.20943832397461,34.46467208862305,34.775508880615234,35.21734619140625,36.006439208984375,development
2025-04-17 07:00:00+00:00,43279099999,2025-04-17 06:00:00+00:00,1,35.0,34.0,25.0,33.2,0.041666666666666664,-0.13052619222005177,-0.9914448613738104,0.9682507501166718,-0.2499809690726521,-0.7999999999999972,-0.736035531703456,-8.200000000000003,-2.021428571428576,2.3358526244164457,0,0.0,0.0,1.0,True,34.238208709942484,32.63595813428445,34.28016662597656,33.38367462158203,33.728519439697266,33.95130157470703,34.118656158447266,34.28016662597656,34.442081451416016,34.607765197753906,34.8088493347168,35.146583557128906,33.61174011230469,32.93069076538086,33.191532135009766,33.362693786621094,33.4884147644043,33.61174011230469,33.73710250854492,33.86491394042969,34.025230407714844,34.28084182739258,development
2025-04-17 08:00:00+00:00,43279099999,2025-04-17 06:00:00+00:00,2,35.0,34.0,26.0,32.9,0.08333333333333333,-0.38268343236508967,-0.9238795325112868,0.9682507501166718,-0.2499809690726521,-0.7999999999999972,-0.677185379912489,-6.899999999999999,-1.7214285714285715,2.3358526244164457,0,0.0,0.0,1.0,True,33.93820870994248,32.66760577083596,34.21335983276367,33.00139236450195,33.45641326904297,33.75816345214844,33.99489974975586,34.21335983276367,34.421478271484375,34.66101837158203,34.966468811035156,35.42877960205078,33.34020233154297,32.45793151855469,32.796485900878906,33.01423645019531,33.18659591674805,33.34020233154297,33.4884033203125,33.65734100341797,33.87107849121094,34.21124267578125,development
2025-04-17 09:00:00+00:00,43279099999,2025-04-17 06:00:00+00:00,3,35.0,34.0,29.0,32.9,0.125,-0.6087614290087207,-0.7933533402912352,0.9682507501166718,-0.2499809690726521,-0.7999999999999972,-0.6230406264571217,-3.8999999999999986,-1.7214285714285715,2.3358526244164457,0,0.0,0.0,1.0,True,33.93820870994248,33.376002330553774,33.78612518310547,32.386722564697266,32.90250778198242,33.2687873840332,33.54148864746094,33.78612518310547,34.03630828857422,34.31276321411133,34.659000396728516,35.213321685791016,32.93146514892578,31.941598892211914,32.32432556152344,32.585601806640625,32.76785659790039,32.93146514892578,33.106536865234375,33.291114807128906,33.519615173339844,33.8991813659668,development
2025-04-17 10:00:00+00:00,43279099999,2025-04-17 06:00:00+00:00,4,34.0,34.0,30.0,32.4,0.16666666666666666,-0.7933533402912349,-0.6087614290087209,0.9682507501166718,-0.2499809690726521,-0.7999999999999972,-0.5732250484590293,-2.3999999999999986,-1.2214285714285715,2.3358526244164457,0,0.0,0.0,1.0,True,33.43820870994248,33.28330526827047,33.199684143066406,31.76408576965332,32.3045654296875,32.65021896362305,32.93819046020508,33.199684143066406,33.45958709716797,33.754150390625,34.12482833862305,34.7379035949707,32.491695404052734,31.49015235900879,31.887737274169922,32.125308990478516,32.32002639770508,32.491695404052734,32.6663818359375,32.85874938964844,33.09958267211914,33.5141487121582,development
2025-04-17 11:00:00+00:00,43279099999,2025-04-17 06:00:00+00:00,5,33.0,34.0,31.0,31.9,0.20833333333333334,-0.9238795325112868,-0.3826834323650895,0.9682507501166718,-0.2499809690726521,-0.7999999999999972,-0.5273925041603531,-0.8999999999999986,-0.7214285714285715,2.3358526244164457,0,0.0,0.0,1.0,True,32.93820870994248,33.200847273251654,32.280311584472656,30.865694046020508,31.40610122680664,31.752099990844727,32.02518844604492,32.280311584472656,32.532501220703125,32.82606887817383,33.20711898803711,33.810882568359375,31.642675399780273,30.659757614135742,31.056779861450195,31.2948055267334,31.47764778137207,31.642675399780273,31.80714988708496,32.00022506713867,32.24258041381836,32.63664627075195,development
2025-04-17 12:00:00+00:00,43279099999,2025-04-17 06:00:00+00:00,6,32.0,34.0,31.0,30.6,0.25,-0.9914448613738104,-0.13052619222005163,0.9682507501166718,-0.2499809690726521,-0.7999999999999972,-0.485224527770105,0.3999999999999986,0.5785714285714256,2.3358526244164457,0,0.0,0.0,1.0,True,31.638208709942482,32.28471544622422,31.460330963134766,30.066362380981445,30.609024047851562,30.938146591186523,31.220388412475586,31.460330963134766,31.713441848754883,31.978439331054688,32.34897994995117,32.93671798706055,30.87138557434082,29.892780303955078,30.29792022705078,30.528705596923828,30.71879005432129,30.87138557434082,31.03863525390625,31.20965003967285,31.44609260559082,31.82672882080078,development
2025-04-17 13:00:00+00:00,43279099999,2025-04-17 06:00:00+00:00,7,31.0,34.0,30.0,29.8,0.2916666666666667,-0.9914448613738105,0.13052619222005127,0.9682507501166718,-0.2499809690726521,-0.7999999999999972,-0.4464281166160361,0.1999999999999993,1.3785714285714263,2.3358526244164457,0,0.0,0.0,1.0,True,30.83820870994248,31.547925421236407,31.009809494018555,29.66985321044922,30.20475196838379,30.533153533935547,30.77205467224121,31.009809494018555,31.253040313720703,31.516643524169922,31.854843139648438,32.433712005615234,30.43352699279785,29.48314666748047,29.884963989257812,30.119009017944336,30.285037994384766,30.43352699279785,30.594701766967773,30.773319244384766,30.980018615722656,31.359525680541992,development
2025-04-17 14:00:00+00:00,43279099999,2025-04-17 06:00:00+00:00,8,31.0,34.0,30.0,29.5,0.3333333333333333,-0.923879532511287,0.38268343236508917,0.9682507501166718,-0.2499809690726521,-0.7999999999999972,-0.41073369522607217,0.5,1.678571428571427,2.3358526244164457,0,0.0,0.0,1.0,True,30.53820870994248,31.408733014612388,30.889162063598633,29.603351593017578,30.12432098388672,30.439496994018555,30.676883697509766,30.889162063598633,31.106040954589844,31.34965705871582,31.671762466430664,32.22441482543945,30.405004501342773,29.45843505859375,29.862163543701172,30.092288970947266,30.260669708251953,30.405004501342773,30.557422637939453,30.71845054626465,30.91832733154297,31.276479721069336,development
2025-04-17 15:00:00+00:00,43279099999,2025-04-17 06:00:00+00:00,9,31.0,34.0,30.0,29.4,0.375,-0.7933533402912357,0.6087614290087199,0.9682507501166718,-0.2499809690726521,-0.7999999999999972,-0.3778932421928104,0.6000000000000014,1.7785714285714285,2.3358526244164457,0,0.0,0.0,1.0,True,30.43820870994248,31.41482342177039,30.796432495117188,29.608295440673828,30.08098602294922,30.382932662963867,30.60367202758789,30.796432495117188,30.99500846862793,31.22518539428711,31.52627182006836,32.07736587524414,30.401052474975586,29.50286865234375,29.888042449951172,30.10975456237793,30.26392936706543,30.401052474975586,30.536823272705078,30.693092346191406,30.880746841430664,31.237804412841797,development
2025-04-17 16:00:00+00:00,43279099999,2025-04-17 06:00:00+00:00,10,31.0,34.0,30.0,29.2,0.4166666666666667,-0.6087614290087209,0.7933533402912349,0.9682507501166718,-0.2499809690726521,-0.7999999999999972,-0.34767856680566134,0.8000000000000007,1.9785714285714278,2.3358526244164457,0,0.0,0.0,1.0,True,30.23820870994248,31.32653161957171,30.587575912475586,29.417936325073242,29.902063369750977,30.196645736694336,30.40699005126953,30.587575912475586,30.778907775878906,30.997150421142578,31.273534774780273,31.783275604248047,30.213645935058594,29.33954429626465,29.718332290649414,29.937969207763672,30.08960723876953,30.213645935058594,30.35117530822754,30.500398635864258,30.682777404785156,31.01459503173828,development
2025-04-17 17:00:00+00:00,43279099999,2025-04-17 06:00:00+00:00,11,30.0,34.0,30.0,29.0,0.4583333333333333,-0.38268343236508956,0.9238795325112868,0.9682507501166718,-0.2499809690726521,-0.7999999999999972,-0.3198797234758768,1.0,2.178571428571427,2.3358526244164457,0,0.0,0.0,1.0,True,30.03820870994248,31.21862908945202,30.347414016723633,29.19337272644043,29.686368942260742,29.97218894958496,30.157529830932617,30.347414016723633,30.54221534729004,30.744497299194336,31.02063751220703,31.500133514404297,30.035228729248047,29.15027618408203,29.541540145874023,29.756343841552734,29.898876190185547,30.035228729248047,30.171972274780273,30.320058822631836,30.506473541259766,30.819904327392578,development
2025-04-17 18:00:00+00:00,43279099999,2025-04-17 06:00:00+00:00,12,30.0,34.0,30.0,28.8,0.5,-0.13052619222005168,0.9914448613738104,0.9682507501166718,-0.2499809690726521,-0.7999999999999972,-0.2943035529371528,1.1999999999999993,2.3785714285714263,2.3358526244164457,0,0.0,0.0,1.0,True,29.83820870994248,31.088805274925537,30.253847122192383,29.11225128173828,29.59404182434082,29.874481201171875,30.064105987548828,30.253847122192383,30.447452545166016,30.655996322631836,30.912487030029297,31.38774299621582,29.899818420410156,29.01282501220703,29.403100967407227,29.61714744567871,29.765092849731445,29.899818420410156,30.04083251953125,30.193273544311523,30.371326446533203,30.69403648376465,development
2025-04-17 19:00:00+00:00,43279099999,2025-04-17 06:00:00+00:00,13,30.0,34.0,29.0,28.5,0.5416666666666666,0.13052619222005157,0.9914448613738104,0.9638074231367307,-0.26659942067929354,-0.7999999999999972,-0.2707723400853928,0.5,2.678571428571427,2.3358526244164457,0,0.0,0.0,1.0,True,29.53820870994248,30.686812087552678,30.129981994628906,28.91889762878418,29.43080711364746,29.724958419799805,29.93257713317871,30.129981994628906,30.321748733520508,30.541847229003906,30.805824279785156,31.26372528076172,29.70132827758789,28.77477264404297,29.18132781982422,29.400075912475586,29.55387306213379,29.70132827758789,29.832775115966797,29.990938186645508,30.169963836669922,30.4748477935791,development
2025-04-17 20:00:00+00:00,43279099999,2025-04-17 06:00:00+00:00,14,30.0,34.0,29.0,28.1,0.5833333333333334,0.3826834323650898,0.9238795325112867,0.9638074231367307,-0.26659942067929354,-0.7999999999999972,-0.24912257913167726,0.8999999999999986,3.0785714285714256,2.3358526244164457,0,0.0,0.0,1.0,True,29.138208709942482,30.355308259612308,29.902408599853516,28.671850204467773,29.18894386291504,29.50571060180664,29.70724868774414,29.902408599853516,30.096113204956055,30.31405258178711,30.570819854736328,31.03852653503418,29.513839721679688,28.57306671142578,28.98401641845703,29.217702865600586,29.366960525512695,29.513839721679688,29.644773483276367,29.8055419921875,29.986387252807617,30.303342819213867,development
2025-04-17 21:00:00+00:00,43279099999,2025-04-17 06:00:00+00:00,15,29.0,34.0,29.0,27.7,0.625,0.6087614290087207,0.7933533402912352,0.9638074231367307,-0.26659942067929354,-0.7999999999999972,-0.22920383748815126,1.3000000000000007,3.4785714285714278,2.3358526244164457,0,0.0,0.0,1.0,True,28.73820870994248,30.00371248851483,29.595691680908203,28.31245994567871,28.862503051757812,29.185516357421875,29.40639877319336,29.595691680908203,29.802494049072266,30.008129119873047,30.277557373046875,30.733915328979492,29.259916305541992,28.293848037719727,28.723941802978516,28.956186294555664,29.118257522583008,29.259916305541992,29.405914306640625,29.55432891845703,29.736818313598633,30.055063247680664,development
2025-04-17 22:00:00+00:00,43279099999,2025-04-17 06:00:00+00:00,16,29.0,34.0,28.0,27.3,0.6666666666666666,0.7933533402912352,0.6087614290087207,0.9638074231367307,-0.26659942067929354,-0.7999999999999972,-0.21087771049258067,0.6999999999999993,3.8785714285714263,2.3358526244164457,0,0.0,0.0,1.0,True,28.33820870994248,29.423482945354873,29.150806427001953,27.8162784576416,28.39371109008789,28.72899627685547,28.958526611328125,29.150806427001953,29.348270416259766,29.56618881225586,29.830646514892578,30.294841766357422,28.912479400634766,27.936630249023438,28.376659393310547,28.6094970703125,28.78261947631836,28.912479400634766,29.050025939941406,29.19926643371582,29.381168365478516,29.708349227905273,development
2025-04-17 23:00:00+00:00,43279099999,2025-04-17 06:00:00+00:00,17,29.0,34.0,28.0,27.1,0.7083333333333334,0.9238795325112867,0.38268343236508984,0.9638074231367307,-0.26659942067929354,-0.7999999999999972,-0.19401685970851826,0.8999999999999986,4.078571428571426,2.3358526244164457,0,0.0,0.0,1.0,True,28.138208709942482,29.199722890715623,28.816425323486328,27.440977096557617,28.049453735351562,28.385223388671875,28.62252426147461,28.816425323486328,29.016468048095703,29.23970603942871,29.508207321166992,29.977323532104492,28.69237518310547,27.680225372314453,28.146474838256836,28.376062393188477,28.552650451660156,28.69237518310547,28.824182510375977,28.9755916595459,29.16616439819336,29.511451721191406,development
2025-04-18 00:00:00+00:00,43279099999,2025-04-17 06:00:00+00:00,18,29.0,34.0,28.0,27.1,0.75,0.9914448613738104,0.1305261922200517,0.9638074231367307,-0.26659942067929354,-0.7999999999999972,-0.17850412811874322,0.8999999999999986,4.078571428571426,2.3358526244164457,0,0.0,0.0,1.0,True,28.138208709942482,29.12577600330993,28.486738204956055,27.031436920166016,27.661731719970703,28.024198532104492,28.27382469177246,28.486738204956055,28.701440811157227,28.941410064697266,29.23880386352539,29.718833923339844,28.500911712646484,27.415203094482422,27.899669647216797,28.164138793945312,28.345674514770508,28.500911712646484,28.64225959777832,28.807872772216797,29.019451141357422,29.399370193481445,development
2025-04-18 01:00:00+00:00,43279099999,2025-04-17 06:00:00+00:00,19,29.0,34.0,28.0,27.3,0.7916666666666666,0.9914448613738104,-0.1305261922200516,0.9638074231367307,-0.26659942067929354,-0.7999999999999972,-0.16423172606392683,0.6999999999999993,3.8785714285714263,2.3358526244164457,0,0.0,0.0,1.0,True,28.33820870994248,29.207367409667263,28.46409034729004,26.94517707824707,27.604040145874023,27.974437713623047,28.240177154541016,28.46409034729004,28.685693740844727,28.94215202331543,29.266555786132812,29.777175903320312,28.49728775024414,27.403833389282227,27.899097442626953,28.159868240356445,28.351961135864258,28.49728775024414,28.636484146118164,28.804153442382812,29.03322410583496,29.440000534057617,development
2025-04-18 02:00:00+00:00,43279099999,2025-04-17 06:00:00+00:00,20,30.0,34.0,29.0,29.0,0.8333333333333334,0.9238795325112868,-0.3826834323650895,0.9638074231367307,-0.26659942067929354,-0.7999999999999972,-0.15110048227004894,0.0,2.178571428571427,2.3358526244164457,0,0.0,0.0,1.0,True,30.03820870994248,30.680813984974293,29.022777557373047,27.382476806640625,28.06829833984375,28.45836639404297,28.753971099853516,29.022777557373047,29.272075653076172,29.569799423217773,29.912382125854492,30.456518173217773,29.102602005004883,27.87978172302246,28.414491653442383,28.700176239013672,28.912063598632812,29.102602005004883,29.27054786682129,29.467126846313477,29.715574264526367,30.16974449157715,development
2025-04-18 03:00:00+00:00,43279099999,2025-04-17 06:00:00+00:00,21,31.0,34.0,30.0,31.2,0.875,0.7933533402912352,-0.6087614290087207,0.9638074231367307,-0.26659942067929354,-0.7999999999999972,-0.13901915476035562,-1.1999999999999993,-0.02142857142857224,2.3358526244164457,0,0.0,0.0,1.0,True,32.238208709942484,32.55605859136052,30.203996658325195,28.551042556762695,29.240671157836914,29.63741111755371,29.942502975463867,30.203996658325195,30.463329315185547,30.767614364624023,31.118526458740234,31.691381454467773,30.200735092163086,28.97850227355957,29.51861572265625,29.813486099243164,30.025854110717773,30.200735092163086,30.369403839111328,30.574073791503906,30.830087661743164,31.320030212402344,development
2025-04-18 04:00:00+00:00,43279099999,2025-04-17 06:00:00+00:00,22,32.0,34.0,31.0,33.4,0.9166666666666666,0.6087614290087209,-0.793353340291235,0.9638074231367307,-0.26659942067929354,-0.7999999999999972,-0.12790379686375467,-2.3999999999999986,-2.2214285714285715,2.3358526244164457,0,0.0,0.0,1.0,True,34.43820870994248,34.44604849962957,31.558555603027344,29.827991485595703,30.535436630249023,30.953258514404297,31.274736404418945,31.558555603027344,31.84161376953125,32.165191650390625,32.53899002075195,33.1629753112793,31.636489868164062,30.228469848632812,30.835966110229492,31.175918579101562,31.420146942138672,31.636489868164062,31.8478946685791,32.090415954589844,32.400360107421875,32.960365295410156,development
2025-04-18 05:00:00+00:00,43279099999,2025-04-17 06:00:00+00:00,23,33.0,34.0,33.0,35.3,0.9583333333333334,0.3826834323650899,-0.9238795325112867,0.9638074231367307,-0.26659942067929354,-0.7999999999999972,-0.11767717391438103,-2.299999999999997,-4.12142857142857,2.3358526244164457,0,0.0,0.0,1.0,True,36.33820870994248,36.331355306634656,32.788673400878906,30.764774322509766,31.56661605834961,32.05364990234375,32.43584442138672,32.788673400878906,33.13893508911133,33.52299499511719,33.98824691772461,34.733673095703125,32.96908187866211,31.2287654876709,31.949283599853516,32.376705169677734,32.686973571777344,32.96908187866211,33.246517181396484,33.560279846191406,33.96524429321289,34.66905975341797,development
2025-04-18 06:00:00+00:00,43279099999,2025-04-17 06:00:00+00:00,24,34.0,34.0,34.0,36.6,1.0,0.130526192220052,-0.9914448613738104,0.9638074231367307,-0.26659942067929354,-0.7999999999999972,-0.10826822658928978,-2.6000000000000014,-5.421428571428574,2.3358526244164457,0,0.0,0.0,1.0,True,37.63820870994248,37.5554274044164,33.72701644897461,31.42119789123535,32.321781158447266,32.87156295776367,33.318119049072266,33.72701644897461,34.136749267578125,34.59115982055664,35.15310287475586,36.03255844116211,33.93489456176758,31.896589279174805,32.71910858154297,33.212921142578125,33.591644287109375,33.93489456176758,34.29096984863281,34.680030822753906,35.17224884033203,35.978919982910156,development
2025-04-18 07:00:00+00:00,43279099999,2025-04-17 06:00:00+00:00,25,35.0,34.0,25.0,37.0,1.0416666666666667,-0.13052619222005177,-0.9914448613738104,0.9638074231367307,-0.26659942067929354,-0.7999999999999972,-0.09961157715529802,-12.0,-5.821428571428573,2.3358526244164457,0,0.0,0.0,1.0,True,38.03820870994248,35.97663681955086,34.14373779296875,31.6412410736084,32.5916862487793,33.188289642333984,33.68312454223633,34.14373779296875,34.591094970703125,35.094451904296875,35.73633575439453,36.761375427246094,34.52369689941406,32.414512634277344,33.25148010253906,33.756736755371094,34.1507568359375,34.52369689941406,34.890628814697266,35.291419982910156,35.80023956298828,36.65059280395508,development
2025-04-18 08:00:00+00:00,43279099999,2025-04-17 06:00:00+00:00,26,35.0,34.0,26.0,35.2,1.0833333333333333,-0.38268343236508967,-0.9238795325112868,0.9638074231367307,-0.26659942067929354,-0.7999999999999972,-0.09164707519414986,-9.200000000000003,-4.021428571428576,2.3358526244164457,0,0.0,0.0,1.0,True,36.238208709942484,34.81479930180514,34.212005615234375,31.774978637695312,32.70034408569336,33.29356002807617,33.77992630004883,34.212005615234375,34.641239166259766,35.14476776123047,35.83785629272461,36.918128967285156,34.25880813598633,32.341609954833984,33.1150016784668,33.587432861328125,33.942867279052734,34.25880813598633,34.56714630126953,34.929283142089844,35.41065216064453,36.228145599365234,development
2025-04-18 09:00:00+00:00,43279099999,2025-04-17 06:00:00+00:00,27,34.0,34.0,29.0,34.3,1.125,-0.6087614290087207,-0.7933533402912352,0.9638074231367307,-0.26659942067929354,-0.7999999999999972,-0.08431937964949117,-5.299999999999997,-3.12142857142857,2.3358526244164457,0,0.0,0.0,1.0,True,35.33820870994248,34.801286275195075,33.883731842041016,31.48464584350586,32.39561462402344,32.98198699951172,33.462554931640625,33.883731842041016,34.312355041503906,34.83177185058594,35.54328155517578,36.607669830322266,33.759124755859375,31.958879470825195,32.69234085083008,33.13565444946289,33.463539123535156,33.759124755859375,34.060333251953125,34.40908432006836,34.867591857910156,35.62686538696289,development
2025-04-18 10:00:00+00:00,43279099999,2025-04-17 06:00:00+00:00,28,34.0,34.0,30.0,33.3,1.1666666666666667,-0.7933533402912349,-0.6087614290087209,0.9638074231367307,-0.26659942067929354,-0.7999999999999972,-0.07757757429152377,-3.299999999999997,-2.12142857142857,2.3358526244164457,0,0.0,0.0,1.0,True,34.33820870994248,34.30143165203053,33.22043991088867,31.028430938720703,31.888591766357422,32.4246711730957,32.83876037597656,33.22043991088867,33.612770080566406,34.107181549072266,34.78787612915039,35.817100524902344,32.96136474609375,31.43992805480957,32.10015869140625,32.467620849609375,32.723777770996094,32.96136474609375,33.20953369140625,33.50768280029297,33.906646728515625,34.584224700927734,development
2025-04-18 11:00:00+00:00,43279099999,2025-04-17 06:00:00+00:00,29,33.0,34.0,31.0,32.8,1.2083333333333333,-0.9238795325112868,-0.3826834323650895,0.9638074231367307,-0.26659942067929354,-0.7999999999999972,-0.07137481392740784,-1.7999999999999972,-1.62142857142857,2.3358526244164457,0,0.0,0.0,1.0,True,33.83820870994248,34.20481484879232,32.4057502746582,30.39851951599121,31.202638626098633,31.6973934173584,32.065582275390625,32.4057502746582,32.741336822509766,33.177284240722656,33.78722381591797,34.73354721069336,32.0828742980957,30.705005645751953,31.32139778137207,31.662092208862305,31.87982749938965,32.0828742980957,32.28824234008789,32.5445442199707,32.886390686035156,33.500160217285156,development
2025-04-18 12:00:00+00:00,43279099999,2025-04-17 06:00:00+00:00,30,32.0,34.0,31.0,31.7,1.25,-0.9914448613738104,-0.13052619222005163,0.9638074231367307,-0.26659942067929354,-0.7999999999999972,-0.06566799889911881,-0.6999999999999993,-0.5214285714285722,2.3358526244164457,0,0.0,0.0,1.0,True,32.738208709942484,33.43236360730128,31.47104835510254,29.55264663696289,30.357131958007812,30.826873779296875,31.16275405883789,31.47104835510254,31.78324317932129,32.15436935424805,32.685367584228516,33.55312728881836,31.180761337280273,29.837793350219727,30.460376739501953,30.79488754272461,30.999996185302734,31.180761337280273,31.371440887451172,31.600849151611328,31.910079956054688,32.46849822998047,development
2025-04-18 13:00:00+00:00,43279099999,2025-04-17 06:00:00+00:00,31,31.0,34.0,30.0,30.8,1.2916666666666667,-0.9914448613738105,0.13052619222005127,0.9638074231367307,-0.26659942067929354,-0.7999999999999972,-0.060417475607018795,-0.8000000000000007,0.37857142857142634,2.3358526244164457,0,0.0,0.0,1.0,True,31.83820870994248,32.605234750931274,31.001367568969727,29.139549255371094,29.94771957397461,30.39229393005371,30.714601516723633,31.001367568969727,31.295259475708008,31.6267032623291,32.095191955566406,32.878021240234375,30.73670768737793,29.425151824951172,30.054399490356445,30.369741439819336,30.569692611694336,30.73670768737793,30.918981552124023,31.120906829833984,31.395662307739258,31.891891479492188,development
2025-04-18 14:00:00+00:00,43279099999,2025-04-17 06:00:00+00:00,32,31.0,34.0,30.0,30.2,1.3333333333333333,-0.923879532511287,0.38268343236508917,0.9638074231367307,-0.26659942067929354,-0.7999999999999972,-0.055586760978241036,-0.1999999999999993,0.9785714285714278,2.3358526244164457,0,0.0,0.0,1.0,True,31.23820870994248,32.219954476443924,30.807600021362305,28.99884033203125,29.798185348510742,30.229557037353516,30.527767181396484,30.807600021362305,31.07589340209961,31.3719482421875,31.777589797973633,32.48884582519531,30.6319580078125,29.33296775817871,29.95916175842285,30.270925521850586,30.462894439697266,30.6319580078125,30.79685401916504,30.98031997680664,31.21915626525879,31.668766021728516,development
2025-04-18 15:00:00+00:00,43279099999,2025-04-17 06:00:00+00:00,33,31.0,34.0,30.0,30.0,1.375,-0.7933533402912357,0.6087614290087199,0.9638074231367307,-0.26659942067929354,-0.7999999999999972,-0.05114228896536587,0.0,1.178571428571427,2.3358526244164457,0,0.0,0.0,1.0,True,31.03820870994248,32.13754599521408,30.73177146911621,29.022018432617188,29.802471160888672,30.198974609375,30.48029327392578,30.73177146911621,30.98143196105957,31.249286651611328,31.624765396118164,32.26079177856445,30.642086029052734,29.388402938842773,30.01018524169922,30.301372528076172,30.484437942504883,30.642086029052734,30.79627799987793,30.964200973510742,31.18311882019043,31.594484329223633,development
2025-04-18 16:00:00+00:00,43279099999,2025-04-17 06:00:00+00:00,34,31.0,34.0,30.0,29.9,1.4166666666666667,-0.6087614290087209,0.7933533402912349,0.9638074231367307,-0.26659942067929354,-0.7999999999999972,-0.04705317731394374,0.10000000000000142,1.2785714285714285,2.3358526244164457,0,0.0,0.0,1.0,True,30.93820870994248,32.11827379034019,30.57745361328125,28.91309928894043,29.688140869140625,30.0736083984375,30.336292266845703,30.57745361328125,30.8162784576416,31.072410583496094,31.418468475341797,32.01926040649414,30.511436462402344,29.280033111572266,29.892118453979492,30.179956436157227,30.36046600341797,30.511436462402344,30.663049697875977,30.824987411499023,31.03141975402832,31.413782119750977,development
2025-04-18 17:00:00+00:00,43279099999,2025-04-17 06:00:00+00:00,35,30.0,34.0,30.0,29.5,1.4583333333333333,-0.38268343236508956,0.9238795325112868,0.9638074231367307,-0.26659942067929354,-0.7999999999999972,-0.04329101297825713,0.5,1.678571428571427,2.3358526244164457,0,0.0,0.0,1.0,True,30.53820870994248,31.845076190973973,30.27313995361328,28.65524673461914,29.42043685913086,29.791343688964844,30.036027908325195,30.27313995361328,30.500377655029297,30.761445999145508,31.09079933166504,31.668378829956055,30.27884292602539,29.067888259887695,29.680194854736328,29.96124267578125,30.124114990234375,30.27884292602539,30.42306137084961,30.587060928344727,30.7841739654541,31.15846061706543,development
2025-04-18 18:00:00+00:00,43279099999,2025-04-17 06:00:00+00:00,36,30.0,34.0,30.0,29.3,1.5,-0.13052619222005168,0.9914448613738104,0.9638074231367307,-0.26659942067929354,-0.7999999999999972,-0.03982965469429101,0.6999999999999993,1.8785714285714263,2.3358526244164457,0,0.0,0.0,1.0,True,30.33820870994248,31.707351263838845,30.052505493164062,28.455669403076172,29.22125816345215,29.584163665771484,29.831750869750977,30.052505493164062,30.298690795898438,30.551555633544922,30.87836265563965,31.446918487548828,30.133594512939453,28.91446876525879,29.52433967590332,29.801509857177734,29.976892471313477,30.133594512939453,30.300485610961914,30.465547561645508,30.674753189086914,31.052337646484375,development
2025-04-18 19:00:00+00:00,43279099999,2025-04-17 06:00:00+00:00,37,30.0,34.0,29.0,29.2,1.5416666666666667,0.13052619222005157,0.9914448613738104,0.9590788900341131,-0.28313898122818354,-0.7999999999999972,-0.03664505133809705,-0.1999999999999993,1.9785714285714278,2.3358526244164457,0,0.0,0.0,1.0,True,30.23820870994248,31.455153039808106,29.875600814819336,28.275291442871094,29.053958892822266,29.3989315032959,29.639360427856445,29.875600814819336,30.092252731323242,30.35367202758789,30.661863327026367,31.189563751220703,29.86460304260254,28.647735595703125,29.279041290283203,29.531597137451172,29.703039169311523,29.86460304260254,30.010042190551758,30.180896759033203,30.374271392822266,30.713157653808594,development
2025-04-18 20:00:00+00:00,43279099999,2025-04-17 06:00:00+00:00,38,30.0,34.0,29.0,29.2,1.5833333333333333,0.3826834323650898,0.9238795325112867,0.9590788900341131,-0.28313898122818354,-0.7999999999999972,-0.033715074807421,-0.1999999999999993,1.9785714285714278,2.3358526244164457,0,0.0,0.0,1.0,True,30.23820870994248,31.430375700351153,29.54155731201172,27.930238723754883,28.71049690246582,29.061370849609375,29.307968139648438,29.54155731201172,29.76778793334961,30.014877319335938,30.330839157104492,30.887866973876953,29.56471824645996,28.35988998413086,28.973466873168945,29.230501174926758,29.404863357543945,29.56471824645996,29.715110778808594,29.870182037353516,30.063236236572266,30.41996955871582,development
2025-04-18 21:00:00+00:00,43279099999,2025-04-17 06:00:00+00:00,39,30.0,34.0,29.0,28.9,1.625,0.6087614290087207,0.7933533402912352,0.9590788900341131,-0.28313898122818354,-0.7999999999999972,-0.031019366265377497,0.10000000000000142,2.2785714285714285,2.3358526244164457,0,0.0,0.0,1.0,True,29.93820870994248,31.15098019554516,29.24374008178711,27.59413719177246,28.386486053466797,28.7606201171875,29.02301025390625,29.24374008178711,29.467199325561523,29.729183197021484,30.048355102539062,30.59595489501953,29.31417465209961,28.103254318237305,28.716379165649414,28.983863830566406,29.165576934814453,29.31417465209961,29.46480941772461,29.628742218017578,29.82016372680664,30.162185668945312,development
2025-04-18 22:00:00+00:00,43279099999,2025-04-17 06:00:00+00:00,40,30.0,34.0,28.0,28.7,1.6666666666666667,0.7933533402912352,0.6087614290087207,0.9590788900341131,-0.28313898122818354,-0.7999999999999972,-0.028539194677801815,-0.6999999999999993,2.4785714285714278,2.3358526244164457,0,0.0,0.0,1.0,True,29.73820870994248,30.72179657576921,28.875411987304688,27.15550422668457,27.98636245727539,28.3798828125,28.64313316345215,28.875411987304688,29.091856002807617,29.34916114807129,29.682266235351562,30.2510929107666,29.082807540893555,27.86289405822754,28.477521896362305,28.75113296508789,28.927444458007812,29.082807540893555,29.225116729736328,29.3824462890625,29.58333969116211,29.936267852783203,development
2025-04-18 23:00:00+00:00,43279099999,2025-04-17 06:00:00+00:00,41,29.0,34.0,28.0,28.2,1.7083333333333333,0.9238795325112867,0.38268343236508984,0.9590788900341131,-0.28313898122818354,-0.7999999999999972,-0.026257326661330474,-0.1999999999999993,2.9785714285714278,2.3358526244164457,0,0.0,0.0,1.0,True,29.23820870994248,30.25776680973985,28.61416244506836,26.80823516845703,27.686717987060547,28.100522994995117,28.378381729125977,28.61416244506836,28.840412139892578,29.106849670410156,29.46367835998535,30.067291259765625,28.906105041503906,27.676448822021484,28.29586410522461,28.57391929626465,28.756155014038086,28.906105041503906,29.04852294921875,29.199670791625977,29.404987335205078,29.768157958984375,development
2025-04-19 00:00:00+00:00,43279099999,2025-04-17 06:00:00+00:00,42,29.0,34.0,28.0,27.8,1.75,0.9914448613738104,0.1305261922200517,0.9590788900341131,-0.28313898122818354,-0.7999999999999972,-0.024157906737854715,0.1999999999999993,3.3785714285714263,2.3358526244164457,0,0.0,0.0,1.0,True,28.83820870994248,29.865613019378237,28.483352661132812,26.674840927124023,27.553821563720703,27.96369743347168,28.249549865722656,28.483352661132812,28.702791213989258,28.989299774169922,29.349729537963867,29.985204696655273,28.749889373779297,27.528526306152344,28.12946319580078,28.407379150390625,28.59567642211914,28.749889373779297,28.884178161621094,29.045560836791992,29.250154495239258,29.65237808227539,development
2025-04-19 01:00:00+00:00,43279099999,2025-04-17 06:00:00+00:00,43,29.0,34.0,28.0,27.8,1.7916666666666667,0.9914448613738104,-0.1305261922200516,0.9590788900341131,-0.28313898122818354,-0.7999999999999972,-0.022226347163299322,0.1999999999999993,3.3785714285714263,2.3358526244164457,0,0.0,0.0,1.0,True,28.83820870994248,29.78608800925279,28.56129264831543,26.705955505371094,27.595905303955078,28.02350425720215,28.31281852722168,28.56129264831543,28.796701431274414,29.096303939819336,29.484527587890625,30.16010093688965,28.784778594970703,27.497119903564453,28.10140609741211,28.40177345275879,28.60602378845215,28.784778594970703,28.942108154296875,29.127534866333008,29.367116928100586,29.831756591796875,development
2025-04-19 02:00:00+00:00,43279099999,2025-04-17 06:00:00+00:00,44,30.0,34.0,29.0,29.5,1.8333333333333333,0.9238795325112868,-0.3826834323650895,0.9590788900341131,-0.28313898122818354,-0.7999999999999972,-0.02044922656520585,-0.5,1.678571428571427,2.3358526244164457,0,0.0,0.0,1.0,True,30.53820870994248,31.255478018087135,29.067224502563477,27.13310432434082,28.041553497314453,28.48575782775879,28.80062484741211,29.067224502563477,29.33711051940918,29.652137756347656,30.076438903808594,30.790315628051758,29.32585334777832,28.057334899902344,28.64876365661621,28.94422721862793,29.14990997314453,29.32585334777832,29.497310638427734,29.690025329589844,29.945045471191406,30.422983169555664,development
2025-04-19 03:00:00+00:00,43279099999,2025-04-17 06:00:00+00:00,45,31.0,34.0,30.0,32.0,1.875,0.7933533402912352,-0.6087614290087207,0.9590788900341131,-0.28313898122818354,-0.7999999999999972,-0.01881419668480722,-2.0,-0.821428571428573,2.3358526244164457,0,0.0,0.0,1.0,True,33.03820870994248,33.3620513800823,30.251829147338867,28.264829635620117,29.179410934448242,29.6412353515625,29.96843147277832,30.251829147338867,30.538660049438477,30.873952865600586,31.327245712280273,32.06765365600586,30.592613220214844,29.3362979888916,29.90473747253418,30.200698852539062,30.412321090698242,30.592613220214844,30.76816749572754,30.972177505493164,31.260427474975586,31.786252975463867,development
2025-04-19 04:00:00+00:00,43279099999,2025-04-17 06:00:00+00:00,46,33.0,34.0,31.0,34.6,1.9166666666666667,0.6087614290087209,-0.793353340291235,0.9590788900341131,-0.28313898122818354,-0.7999999999999972,-0.01730989657559441,-3.6000000000000014,-3.4214285714285744,2.3358526244164457,0,0.0,0.0,1.0,True,35.63820870994248,35.56202211487936,31.651899337768555,29.604827880859375,30.541845321655273,31.002134323120117,31.343412399291992,31.651899337768555,31.938129425048828,32.29591751098633,32.7559700012207,33.544532775878906,32.1855583190918,30.705791473388672,31.346311569213867,31.68218231201172,31.944705963134766,32.1855583190918,32.40208435058594,32.67683792114258,33.027034759521484,33.669551849365234,development
2025-04-19 05:00:00+00:00,43279099999,2025-04-17 06:00:00+00:00,47,34.0,34.0,33.0,36.7,1.9583333333333333,0.3826834323650899,-0.9238795325112867,0.9590788900341131,-0.28313898122818354,-0.7999999999999972,-0.015925873662186892,-3.700000000000003,-5.521428571428576,2.3358526244164457,0,0.0,0.0,1.0,True,37.738208709942484,37.60087698269541,32.89027404785156,30.68535804748535,31.663776397705078,32.16463088989258,32.5479736328125,32.89027404785156,33.22594451904297,33.628910064697266,34.141014099121094,35.00204849243164,33.46797180175781,31.66000747680664,32.401309967041016,32.825111389160156,33.166412353515625,33.46797180175781,33.77390670776367,34.13519287109375,34.58940124511719,35.37702178955078,development
2025-04-19 06:00:00+00:00,43279099999,2025-04-17 06:00:00+00:00,48,35.0,34.0,34.0,37.4,2.0,0.130526192220052,-0.9914448613738104,0.9590788900341131,-0.28313898122818354,-0.7999999999999972,-0.01465251111098729,-3.3999999999999986,-6.2214285714285715,2.3358526244164457,0,0.0,0.0,1.0,True,38.43820870994248,38.35192046971664,33.950279235839844,31.4483585357666,32.53378677368164,33.09674072265625,33.551368713378906,33.950279235839844,34.334068298339844,34.786312103271484,35.37712860107422,36.340904235839844,34.33086013793945,32.27918243408203,33.09780502319336,33.583091735839844,33.97865295410156,34.33086013793945,34.681251525878906,35.078582763671875,35.59221649169922,36.46168518066406,development
2025-04-19 07:00:00+00:00,42410099999,2025-04-19 06:00:00+00:00,1,32.0,31.0,30.0,31.6,0.041666666666666664,-0.13052619222005177,-0.9914448613738104,0.9590788900341131,-0.28313898122818354,0.0,0.0,-1.6000000000000014,-5.796428571428574,3.216880566361035,0,1.0,0.0,0.0,True,32.139471440750214,32.097557144764714,31.53203582763672,29.857269287109375,30.48336410522461,30.90987205505371,31.22813606262207,31.53203582763672,31.831483840942383,32.13130187988281,32.47868347167969,33.07487487792969,31.859867095947266,30.007923126220703,30.70663833618164,31.18187141418457,31.540878295898438,31.859867095947266,32.16596221923828,32.46656799316406,32.82502365112305,33.446754455566406,development
2025-04-19 08:00:00+00:00,42410099999,2025-04-19 06:00:00+00:00,2,32.0,31.0,31.0,31.9,0.08333333333333333,-0.38268343236508967,-0.9238795325112868,0.9590788900341131,-0.28313898122818354,0.0,0.0,-0.8999999999999986,-6.0964285714285715,3.216880566361035,0,1.0,0.0,0.0,True,32.43947144075021,32.578300932615846,31.778453826904297,29.44693946838379,30.30072784423828,30.904199600219727,31.379257202148438,31.778453826904297,32.17549133300781,32.60765075683594,33.146728515625,33.96254348754883,32.15156555175781,29.637405395507812,30.562084197998047,31.21903419494629,31.744714736938477,32.15156555175781,32.543907165527344,32.975181579589844,33.51166915893555,34.33483123779297,development
2025-04-19 09:00:00+00:00,42410099999,2025-04-19 06:00:00+00:00,3,33.0,31.0,29.0,31.9,0.125,-0.6087614290087207,-0.7933533402912352,0.9590788900341131,-0.28313898122818354,0.0,0.0,-2.8999999999999986,-6.0964285714285715,3.216880566361035,0,1.0,0.0,0.0,True,32.43947144075021,32.207613853312736,31.638309478759766,28.91688346862793,29.903228759765625,30.605770111083984,31.15950584411621,31.638309478759766,32.124244689941406,32.63924026489258,33.26980972290039,34.29291915893555,32.22148895263672,29.307601928710938,30.348243713378906,31.104381561279297,31.713134765625,32.22148895263672,32.725563049316406,33.23408126831055,33.85789489746094,34.861209869384766,development
2025-04-19 10:00:00+00:00,42410099999,2025-04-19 06:00:00+00:00,4,33.0,31.0,27.0,31.1,0.16666666666666666,-0.7933533402912349,-0.6087614290087209,0.9590788900341131,-0.28313898122818354,0.0,0.0,-4.100000000000001,-5.296428571428574,3.216880566361035,0,1.0,0.0,0.0,True,31.639471440750214,31.22621447638615,30.711069107055664,27.817068099975586,28.89301109313965,29.606796264648438,30.2037296295166,30.711069107055664,31.228771209716797,31.798812866210938,32.50540542602539,33.64124298095703,31.46344566345215,28.353452682495117,29.466861724853516,30.21619987487793,30.867687225341797,31.46344566345215,32.04878616333008,32.640907287597656,33.34590148925781,34.446044921875,development
2025-04-19 11:00:00+00:00,42410099999,2025-04-19 06:00:00+00:00,5,32.0,31.0,25.0,29.8,0.20833333333333334,-0.9238795325112868,-0.3826834323650895,0.9590788900341131,-0.28313898122818354,0.0,0.0,-4.800000000000001,-3.9964285714285737,3.216880566361035,0,1.0,0.0,0.0,True,30.339471440750213,29.864708917953315,29.636131286621094,26.71927833557129,27.816864013671875,28.531726837158203,29.117361068725586,29.636131286621094,30.151473999023438,30.75271987915039,31.514822006225586,32.732669830322266,30.241352081298828,27.31391143798828,28.394676208496094,29.102949142456055,29.703929901123047,30.241352081298828,30.770580291748047,31.341739654541016,32.04533386230469,33.18229293823242,development
2025-04-19 12:00:00+00:00,42410099999,2025-04-19 06:00:00+00:00,6,32.0,31.0,25.0,27.6,0.25,-0.9914448613738104,-0.13052619222005163,0.9590788900341131,-0.28313898122818354,0.0,0.0,-2.6000000000000014,-1.7964285714285744,3.216880566361035,0,1.0,0.0,0.0,True,28.139471440750214,28.22832851425058,28.47639274597168,25.59576988220215,26.688636779785156,27.37825584411621,27.970718383789062,28.47639274597168,29.018478393554688,29.608976364135742,30.392377853393555,31.595998764038086,28.72228240966797,26.113121032714844,27.111923217773438,27.737014770507812,28.287763595581055,28.72228240966797,29.17835235595703,29.685928344726562,30.362947463989258,31.435077667236328,development
2025-04-19 13:00:00+00:00,42410099999,2025-04-19 06:00:00+00:00,7,30.0,31.0,25.0,26.0,0.2916666666666667,-0.9914448613738105,0.13052619222005127,0.9590788900341131,-0.28313898122818354,0.0,0.0,-1.0,-0.19642857142857295,3.216880566361035,0,1.0,0.0,0.0,True,26.539471440750212,27.06279594746102,27.22610092163086,24.45442771911621,25.524171829223633,26.19518280029297,26.69985580444336,27.22610092163086,27.762500762939453,28.33702850341797,29.092588424682617,30.286420822143555,27.280729293823242,24.88068962097168,25.832387924194336,26.409114837646484,26.847475051879883,27.280729293823242,27.716358184814453,28.202735900878906,28.836227416992188,29.884628295898438,development
2025-04-19 14:00:00+00:00,42410099999,2025-04-19 06:00:00+00:00,8,29.0,31.0,25.0,25.1,0.3333333333333333,-0.923879532511287,0.38268343236508917,0.9590788900341131,-0.28313898122818354,0.0,0.0,-0.10000000000000142,0.7035714285714256,3.216880566361035,0,1.0,0.0,0.0,True,25.639471440750214,26.440728793063958,26.296802520751953,23.677501678466797,24.694934844970703,25.323328018188477,25.822669982910156,26.296802520751953,26.804899215698242,27.36765480041504,28.111671447753906,29.255502700805664,26.14151382446289,23.94367027282715,24.818836212158203,25.341543197631836,25.762657165527344,26.14151382446289,26.53909683227539,26.994035720825195,27.594194412231445,28.56241226196289,development
2025-04-19 15:00:00+00:00,42410099999,2025-04-19 06:00:00+00:00,9,28.0,31.0,24.0,24.7,0.375,-0.7933533402912357,0.6087614290087199,0.9590788900341131,-0.28313898122818354,0.0,0.0,-0.6999999999999993,1.1035714285714278,3.216880566361035,0,1.0,0.0,0.0,True,25.23947144075021,25.9880772931246,25.627832412719727,23.169921875,24.100963592529297,24.718576431274414,25.189334869384766,25.627832412719727,26.09881591796875,26.622615814208984,27.317182540893555,28.448091506958008,25.469036102294922,23.4626407623291,24.245038986206055,24.74537467956543,25.131000518798828,25.469036102294922,25.82587242126465,26.243574142456055,26.796817779541016,27.730222702026367,development
2025-04-19 16:00:00+00:00,42410099999,2025-04-19 06:00:00+00:00,10,28.0,31.0,24.0,24.4,0.4166666666666667,-0.6087614290087209,0.7933533402912349,0.9590788900341131,-0.28313898122818354,0.0,0.0,-0.3999999999999986,1.4035714285714285,3.216880566361035,0,1.0,0.0,0.0,True,24.93947144075021,25.81063682496696,25.25811195373535,22.90796661376953,23.794071197509766,24.38737678527832,24.839290618896484,25.25811195373535,25.706409454345703,26.20608139038086,26.850425720214844,27.941076278686523,25.059242248535156,23.202547073364258,23.9200382232666,24.382556915283203,24.73992347717285,25.059242248535156,25.39697265625,25.781295776367188,26.292390823364258,27.185522079467773,development
2025-04-19 17:00:00+00:00,42410099999,2025-04-19 06:00:00+00:00,11,,31.0,24.0,24.4,0.4583333333333333,-0.38268343236508956,0.9238795325112868,0.9590788900341131,-0.28313898122818354,0.0,0.0,-0.3999999999999986,1.4035714285714285,3.216880566361035,0,1.0,0.0,0.0,False,24.93947144075021,25.849509726925238,24.795225143432617,22.540103912353516,23.40494155883789,23.965187072753906,24.377891540527344,24.795225143432617,25.241588592529297,25.690998077392578,26.32135009765625,27.363054275512695,24.648466110229492,22.91166114807129,23.598344802856445,24.02778434753418,24.341970443725586,24.648466110229492,24.969711303710938,25.309144973754883,25.804441452026367,26.631790161132812,development
2025-04-19 18:00:00+00:00,42410099999,2025-04-19 06:00:00+00:00,12,26.0,31.0,24.0,24.0,0.5,-0.13052619222005168,0.9914448613738104,0.9590788900341131,-0.28313898122818354,0.0,0.0,0.0,1.803571428571427,3.216880566361035,0,1.0,0.0,0.0,True,24.539471440750212,25.553840818313038,24.389387130737305,22.21747398376465,23.035621643066406,23.576669692993164,23.980709075927734,24.389387130737305,24.802438735961914,25.266075134277344,25.853824615478516,26.893138885498047,24.262161254882812,22.619001388549805,23.259050369262695,23.665138244628906,23.96483612060547,24.262161254882812,24.56580352783203,24.9105224609375,25.350658416748047,26.166658401489258,development
2025-04-19 19:00:00+00:00,42410099999,2025-04-19 06:00:00+00:00,13,26.0,31.0,24.0,23.9,0.5416666666666666,0.13052619222005157,0.9914448613738104,0.9540665500578387,-0.2995947563972602,0.0,0.0,0.10000000000000142,1.9035714285714285,3.216880566361035,0,1.0,0.0,0.0,True,24.43947144075021,25.512797404796988,24.013595581054688,21.761411666870117,22.61766815185547,23.161500930786133,23.596973419189453,24.013595581054688,24.433744430541992,24.880680084228516,25.47404670715332,26.50046157836914,23.856338500976562,22.195209503173828,22.847597122192383,23.248889923095703,23.55596923828125,23.856338500976562,24.153221130371094,24.463642120361328,24.89356803894043,25.671449661254883,development
2025-04-19 20:00:00+00:00,42410099999,2025-04-19 06:00:00+00:00,14,25.0,31.0,23.0,23.7,0.5833333333333334,0.3826834323650898,0.9238795325112867,0.9540665500578387,-0.2995947563972602,0.0,0.0,-0.6999999999999993,2.1035714285714278,3.216880566361035,0,1.0,0.0,0.0,True,24.23947144075021,25.118318140952837,23.44805145263672,21.33687973022461,22.139022827148438,22.677227020263672,23.07241439819336,23.44805145263672,23.842130661010742,24.287321090698242,24.84453773498535,25.90132713317871,23.332382202148438,21.72296905517578,22.3714599609375,22.769935607910156,23.062896728515625,23.332382202148438,23.618310928344727,23.93656349182129,24.339513778686523,25.15282440185547,development
2025-04-19 21:00:00+00:00,42410099999,2025-04-19 06:00:00+00:00,15,24.0,31.0,23.0,22.9,0.625,0.6087614290087207,0.7933533402912352,0.9540665500578387,-0.2995947563972602,0.0,0.0,0.10000000000000142,2.9035714285714285,3.216880566361035,0,1.0,0.0,0.0,True,23.43947144075021,24.446191226737426,23.282047271728516,21.080249786376953,21.9246883392334,22.487672805786133,22.897226333618164,23.282047271728516,23.694477081298828,24.11944580078125,24.722848892211914,25.78816795349121,23.110647201538086,21.39762306213379,22.077068328857422,22.51852035522461,22.82203483581543,23.110647201538086,23.412614822387695,23.72112274169922,24.161663055419922,24.98946189880371,development
2025-04-19 22:00:00+00:00,42410099999,2025-04-19 06:00:00+00:00,16,24.0,31.0,23.0,22.7,0.6666666666666666,0.7933533402912352,0.6087614290087207,0.9540665500578387,-0.2995947563972602,0.0,0.0,0.3000000000000007,3.1035714285714278,3.216880566361035,0,1.0,0.0,0.0,True,23.23947144075021,24.22806929218902,23.08580780029297,20.878131866455078,21.73814582824707,22.301074981689453,22.715625762939453,23.08580780029297,23.490497589111328,23.939672470092773,24.545774459838867,25.641094207763672,23.007755279541016,21.28411293029785,21.985830307006836,22.43393898010254,22.744722366333008,23.007755279541016,23.299297332763672,23.61087417602539,24.070201873779297,24.934572219848633,development
2025-04-19 23:00:00+00:00,42410099999,2025-04-19 06:00:00+00:00,17,24.0,31.0,23.0,22.0,0.7083333333333334,0.9238795325112867,0.38268343236508984,0.9540665500578387,-0.2995947563972602,0.0,0.0,1.0,3.803571428571427,3.216880566361035,0,1.0,0.0,0.0,True,22.539471440750212,23.606516949364522,23.00386619567871,20.752296447753906,21.657493591308594,22.212520599365234,22.627174377441406,23.00386619567871,23.421340942382812,23.9057674407959,24.537174224853516,25.66643714904785,22.891647338867188,21.074600219726562,21.832685470581055,22.285812377929688,22.612281799316406,22.891647338867188,23.19207763671875,23.549665451049805,24.052780151367188,24.972681045532227,development
2025-04-20 00:00:00+00:00,42410099999,2025-04-19 06:00:00+00:00,18,24.0,31.0,23.0,22.0,0.75,0.9914448613738104,0.1305261922200517,0.9540665500578387,-0.2995947563972602,0.0,0.0,1.0,3.803571428571427,3.216880566361035,0,1.0,0.0,0.0,True,22.539471440750212,23.52702772057485,23.290340423583984,20.88080596923828,21.842727661132812,22.432950973510742,22.878284454345703,23.290340423583984,23.74208641052246,24.255931854248047,24.96464729309082,26.11871337890625,22.986684799194336,21.053409576416016,21.849905014038086,22.34619903564453,22.68438720703125,22.986684799194336,23.312097549438477,23.699424743652344,24.270822525024414,25.231380462646484,development
2025-04-20 01:00:00+00:00,42410099999,2025-04-19 06:00:00+00:00,19,26.0,31.0,24.0,21.9,0.7916666666666666,0.9914448613738104,-0.1305261922200516,0.9540665500578387,-0.2995947563972602,0.0,0.0,2.1000000000000014,3.9035714285714285,3.216880566361035,0,1.0,0.0,0.0,True,22.43947144075021,23.580406743123877,24.16700553894043,21.59359359741211,22.635831832885742,23.25113868713379,23.716476440429688,24.16700553894043,24.644123077392578,25.212499618530273,25.939409255981445,27.139549255371094,23.574813842773438,21.48687744140625,22.360960006713867,22.874755859375,23.239099502563477,23.574813842773438,23.9353084564209,24.38243293762207,25.004375457763672,26.033283233642578,development
2025-04-20 02:00:00+00:00,42410099999,2025-04-19 06:00:00+00:00,20,27.0,31.0,26.0,23.2,0.8333333333333334,0.9238795325112868,-0.3826834323650895,0.9540665500578387,-0.2995947563972602,0.0,0.0,2.8000000000000007,2.6035714285714278,3.216880566361035,0,1.0,0.0,0.0,True,23.73947144075021,24.94769498518403,25.308971405029297,22.479000091552734,23.599964141845703,24.262868881225586,24.79966926574707,25.308971405029297,25.83484649658203,26.458555221557617,27.225017547607422,28.438949584960938,24.544086456298828,22.201984405517578,23.155588150024414,23.716215133666992,24.1477108001709,24.544086456298828,24.9630126953125,25.466432571411133,26.12912940979004,27.18105125427246,development
2025-04-20 03:00:00+00:00,42410099999,2025-04-19 06:00:00+00:00,21,,31.0,28.0,24.7,0.875,0.7933533402912352,-0.6087614290087207,0.9540665500578387,-0.2995947563972602,0.0,0.0,3.3000000000000007,1.1035714285714278,3.216880566361035,0,1.0,0.0,0.0,False,25.23947144075021,26.482095392273415,26.516448974609375,23.471424102783203,24.670207977294922,25.407310485839844,25.98853302001953,26.516448974609375,27.053068161010742,27.68660545349121,28.430557250976562,29.6716365814209,25.468177795410156,22.834239959716797,23.885114669799805,24.528099060058594,25.014719009399414,25.468177795410156,25.93196678161621,26.49188232421875,27.175893783569336,28.30261993408203,development
2025-04-20 04:00:00+00:00,42410099999,2025-04-19 06:00:00+00:00,22,29.0,31.0,31.0,26.5,0.9166666666666666,0.6087614290087209,-0.793353340291235,0.9540665500578387,-0.2995947563972602,0.0,0.0,4.5,-0.696428571428573,3.216880566361035,0,1.0,0.0,0.0,True,27.039471440750212,28.47859499021542,27.724483489990234,24.31951141357422,25.637672424316406,26.480541229248047,27.13939666748047,27.724483489990234,28.324466705322266,29.01091957092285,29.80390167236328,31.089153289794922,26.765504837036133,23.68178939819336,24.873577117919922,25.63341522216797,26.222240447998047,26.765504837036133,27.327116012573242,27.957427978515625,28.721385955810547,29.934724807739258,development
2025-04-20 05:00:00+00:00,42410099999,2025-04-19 06:00:00+00:00,23,30.0,31.0,29.0,28.3,0.9583333333333334,0.3826834323650899,-0.9238795325112867,0.9540665500578387,-0.2995947563972602,0.0,0.0,0.6999999999999993,-2.4964285714285737,3.216880566361035,0,1.0,0.0,0.0,True,28.839471440750213,29.434103228172717,28.74789810180664,25.105979919433594,26.492679595947266,27.407453536987305,28.113506317138672,28.74789810180664,29.37898826599121,30.070398330688477,30.87350845336914,32.1652717590332,27.98196792602539,24.554147720336914,25.851167678833008,26.697763442993164,27.358715057373047,27.98196792602539,28.59590721130371,29.267723083496094,30.07434844970703,31.336181640625,development
2025-04-20 06:00:00+00:00,42410099999,2025-04-19 06:00:00+00:00,24,31.0,31.0,31.0,28.8,1.0,0.130526192220052,-0.9914448613738104,0.9540665500578387,-0.2995947563972602,0.0,0.0,2.1999999999999993,-2.9964285714285737,3.216880566361035,0,1.0,0.0,0.0,True,29.339471440750213,30.239932247513302,29.627294540405273,25.9460391998291,27.3795223236084,28.28879165649414,29.001144409179688,29.627294540405273,30.250038146972656,30.935226440429688,31.714019775390625,33.031532287597656,29.113927841186523,25.446632385253906,26.853107452392578,27.726667404174805,28.454322814941406,29.113927841186523,29.780744552612305,30.490928649902344,31.312467575073242,32.644569396972656,development
2025-04-20 07:00:00+00:00,42410099999,2025-04-19 06:00:00+00:00,25,32.0,31.0,30.0,29.5,1.0416666666666667,-0.13052619222005177,-0.9914448613738104,0.9540665500578387,-0.2995947563972602,0.0,0.0,0.5,-3.696428571428573,3.216880566361035,0,1.0,0.0,0.0,True,30.039471440750212,30.58869216518595,30.3497314453125,26.63895606994629,28.069169998168945,29.003599166870117,29.72272491455078,30.3497314453125,30.946287155151367,31.62699317932129,32.39908218383789,33.72248077392578,29.99319839477539,26.138856887817383,27.583276748657227,28.521228790283203,29.286537170410156,29.99319839477539,30.66537857055664,31.396263122558594,32.23005294799805,33.59876251220703,development
2025-04-20 08:00:00+00:00,42410099999,2025-04-19 06:00:00+00:00,26,33.0,31.0,31.0,29.7,1.0833333333333333,-0.38268343236508967,-0.9238795325112868,0.9540665500578387,-0.2995947563972602,0.0,0.0,1.3000000000000007,-3.8964285714285722,3.216880566361035,0,1.0,0.0,0.0,True,30.23947144075021,30.991082294058852,30.64180564880371,26.629735946655273,28.129661560058594,29.143951416015625,29.94508934020996,30.64180564880371,31.314319610595703,32.05706787109375,32.923065185546875,34.37321472167969,30.408201217651367,26.459407806396484,27.938133239746094,28.91063117980957,29.705720901489258,30.408201217651367,31.067562103271484,31.77538299560547,32.615596771240234,34.02003479003906,development
2025-04-20 09:00:00+00:00,42410099999,2025-04-19 06:00:00+00:00,27,32.0,31.0,29.0,29.4,1.125,-0.6087614290087207,-0.7933533402912352,0.9540665500578387,-0.2995947563972602,0.0,0.0,-0.3999999999999986,-3.5964285714285715,3.216880566361035,0,1.0,0.0,0.0,True,29.93947144075021,30.385334237821034,30.518264770507812,26.394168853759766,27.918344497680664,28.953874588012695,29.794391632080078,30.518264770507812,31.226776123046875,32.01588439941406,32.92689514160156,34.38948059082031,30.57775115966797,26.464292526245117,27.991090774536133,29.002655029296875,29.84048843383789,30.57775115966797,31.275522232055664,32.02531433105469,32.89652633666992,34.295711517333984,development
2025-04-20 10:00:00+00:00,42410099999,2025-04-19 06:00:00+00:00,28,32.0,31.0,27.0,29.0,1.1666666666666667,-0.7933533402912349,-0.6087614290087209,0.9540665500578387,-0.2995947563972602,0.0,0.0,-2.0,-3.196428571428573,3.216880566361035,0,1.0,0.0,0.0,True,29.539471440750212,29.717349496807387,29.750877380371094,25.963661193847656,27.385644912719727,28.343656539916992,29.09658432006836,29.750877380371094,30.4150333404541,31.162708282470703,32.04145431518555,33.449954986572266,29.947933197021484,26.15888023376465,27.600696563720703,28.547937393188477,29.300697326660156,29.947933197021484,30.573787689208984,31.258358001708984,32.0706901550293,33.392295837402344,development
2025-04-20 11:00:00+00:00,42410099999,2025-04-19 06:00:00+00:00,29,32.0,31.0,25.0,27.7,1.2083333333333333,-0.9238795325112868,-0.3826834323650895,0.9540665500578387,-0.2995947563972602,0.0,0.0,-2.6999999999999993,-1.8964285714285722,3.216880566361035,0,1.0,0.0,0.0,True,28.23947144075021,28.35584393837455,28.827693939208984,25.241741180419922,26.58652114868164,27.487768173217773,28.194244384765625,28.827693939208984,29.465862274169922,30.197309494018555,31.084089279174805,32.49897766113281,28.756059646606445,25.356201171875,26.661861419677734,27.518346786499023,28.18364715576172,28.756059646606445,29.31441307067871,29.943708419799805,30.707717895507812,31.953811645507812,development
2025-04-20 12:00:00+00:00,42410099999,2025-04-19 06:00:00+00:00,30,25.0,31.0,25.0,26.3,1.25,-0.9914448613738104,-0.13052619222005163,0.9540665500578387,-0.2995947563972602,0.0,0.0,-1.3000000000000007,-0.49642857142857366,3.216880566361035,0,1.0,0.0,0.0,True,26.839471440750213,27.346292806497694,27.791425704956055,24.46662139892578,25.730907440185547,26.555709838867188,27.2100887298584,27.791425704956055,28.386579513549805,29.071718215942383,29.908327102661133,31.28419303894043,27.404870986938477,24.481216430664062,25.618192672729492,26.357690811157227,26.92947769165039,27.404870986938477,27.878435134887695,28.435741424560547,29.136014938354492,30.288898468017578,development
2025-04-20 13:00:00+00:00,42410099999,2025-04-19 06:00:00+00:00,31,25.0,31.0,25.0,25.5,1.2916666666666667,-0.9914448613738105,0.13052619222005127,0.9540665500578387,-0.2995947563972602,0.0,0.0,-0.5,0.30357142857142705,3.216880566361035,0,1.0,0.0,0.0,True,26.039471440750212,26.807589511534008,26.70623779296875,23.530635833740234,24.75513458251953,25.547531127929688,26.15638542175293,26.70623779296875,27.281129837036133,27.95664405822754,28.764934539794922,30.14429473876953,26.334442138671875,23.69095230102539,24.730985641479492,25.40095329284668,25.903106689453125,26.334442138671875,26.781007766723633,27.31838607788086,28.001691818237305,29.133617401123047,development
2025-04-20 14:00:00+00:00,42410099999,2025-04-19 06:00:00+00:00,32,24.0,31.0,25.0,25.4,1.3333333333333333,-0.923879532511287,0.38268343236508917,0.9540665500578387,-0.2995947563972602,0.0,0.0,-0.3999999999999986,0.40357142857142847,3.216880566361035,0,1.0,0.0,0.0,True,25.93947144075021,26.812351628962823,25.830944061279297,22.84294891357422,23.99810791015625,24.736671447753906,25.29793357849121,25.830944061279297,26.376142501831055,27.00762367248535,27.78615379333496,29.121431350708008,25.398149490356445,23.003833770751953,23.946054458618164,24.548229217529297,24.992210388183594,25.398149490356445,25.808761596679688,26.311506271362305,26.953662872314453,28.021413803100586,development
2025-04-20 15:00:00+00:00,42410099999,2025-04-19 06:00:00+00:00,33,26.0,31.0,24.0,25.0,1.375,-0.7933533402912357,0.6087614290087199,0.9540665500578387,-0.2995947563972602,0.0,0.0,-1.0,0.803571428571427,3.216880566361035,0,1.0,0.0,0.0,True,25.539471440750212,26.359700129023466,25.162311553955078,22.46097183227539,23.51736831665039,24.17437744140625,24.683408737182617,25.162311553955078,25.662912368774414,26.244380950927734,26.980138778686523,28.25322914123535,24.73534393310547,22.656888961791992,23.46672821044922,23.985828399658203,24.376901626586914,24.73534393310547,25.107942581176758,25.566965103149414,26.170175552368164,27.164812088012695,development
2025-04-20 16:00:00+00:00,42410099999,2025-04-19 06:00:00+00:00,34,,31.0,24.0,24.6,1.4166666666666667,-0.6087614290087209,0.7933533402912349,0.9540665500578387,-0.2995947563972602,0.0,0.0,-0.6000000000000014,1.2035714285714256,3.216880566361035,0,1.0,0.0,0.0,False,25.139471440750214,26.103906001887594,24.83785057067871,22.262638092041016,23.285419464111328,23.91213607788086,24.38760757446289,24.83785057067871,25.324655532836914,25.872676849365234,26.594057083129883,27.828414916992188,24.382173538208008,22.452009201049805,23.211164474487305,23.68348503112793,24.048906326293945,24.382173538208008,24.74858283996582,25.17636489868164,25.752450942993164,26.698095321655273,development
2025-04-20 17:00:00+00:00,42410099999,2025-04-19 06:00:00+00:00,35,,31.0,24.0,24.1,1.4583333333333333,-0.38268343236508956,0.9238795325112868,0.9540665500578387,-0.2995947563972602,0.0,0.0,-0.10000000000000142,1.7035714285714256,3.216880566361035,0,1.0,0.0,0.0,False,24.639471440750214,25.751010608954697,24.37957000732422,21.935060501098633,22.888893127441406,23.500173568725586,23.93526840209961,24.37957000732422,24.830223083496094,25.36582374572754,26.04861831665039,27.253509521484375,24.04043197631836,22.293655395507812,22.961750030517578,23.403230667114258,23.72381019592285,24.04043197631836,24.36603355407715,24.775646209716797,25.302387237548828,26.20071029663086,development
2025-04-20 18:00:00+00:00,42410099999,2025-04-19 06:00:00+00:00,36,24.0,31.0,24.0,24.0,1.5,-0.13052619222005168,0.9914448613738104,0.9540665500578387,-0.2995947563972602,0.0,0.0,0.0,1.803571428571427,3.216880566361035,0,1.0,0.0,0.0,True,24.539471440750212,25.6904026772772,24.003629684448242,21.56232261657715,22.51768684387207,23.112136840820312,23.571950912475586,24.003629684448242,24.464221954345703,24.99228286743164,25.664955139160156,26.87986946105957,23.77022933959961,21.99513816833496,22.67479133605957,23.102174758911133,23.441455841064453,23.77022933959961,24.113605499267578,24.520658493041992,25.03659439086914,25.943511962890625,development
2025-04-20 19:00:00+00:00,42410099999,2025-04-19 06:00:00+00:00,37,24.0,31.0,24.0,23.9,1.5416666666666667,0.13052619222005157,0.9914448613738104,0.9487718864399473,-0.31596187665790293,0.0,0.0,0.10000000000000142,1.9035714285714285,3.216880566361035,0,1.0,0.0,0.0,True,24.43947144075021,25.649691746855737,23.676673889160156,21.356781005859375,22.25983428955078,22.81072425842285,23.260393142700195,23.676673889160156,24.093475341796875,24.590404510498047,25.223953247070312,26.390134811401367,23.401628494262695,21.765945434570312,22.3897762298584,22.76436424255371,23.101150512695312,23.401628494262695,23.704866409301758,24.079343795776367,24.53984260559082,25.381681442260742,development
2025-04-20 20:00:00+00:00,42410099999,2025-04-19 06:00:00+00:00,38,24.0,31.0,23.0,23.5,1.5833333333333333,0.3826834323650898,0.9238795325112867,0.9487718864399473,-0.31596187665790293,0.0,0.0,-0.5,2.303571428571427,3.216880566361035,0,1.0,0.0,0.0,True,24.039471440750212,25.098505165055116,23.187397003173828,20.8969669342041,21.789339065551758,22.34290313720703,22.776107788085938,23.187397003173828,23.600191116333008,24.095338821411133,24.724184036254883,25.894010543823242,22.988548278808594,21.370681762695312,21.991817474365234,22.37777328491211,22.69322967529297,22.988548278808594,23.284526824951172,23.647855758666992,24.087133407592773,24.932510375976562,development
2025-04-20 21:00:00+00:00,42410099999,2025-04-19 06:00:00+00:00,39,24.0,31.0,23.0,23.2,1.625,0.6087614290087207,0.7933533402912352,0.9487718864399473,-0.31596187665790293,0.0,0.0,-0.1999999999999993,2.6035714285714278,3.216880566361035,0,1.0,0.0,0.0,True,23.73947144075021,24.81814654573088,22.9818115234375,20.698688507080078,21.591659545898438,22.146778106689453,22.590845108032227,22.9818115234375,23.379932403564453,23.86625099182129,24.519779205322266,25.719423294067383,22.902963638305664,21.260555267333984,21.889253616333008,22.290939331054688,22.618324279785156,22.902963638305664,23.185577392578125,23.533403396606445,24.00032615661621,24.88108253479004,development
2025-04-20 22:00:00+00:00,42410099999,2025-04-19 06:00:00+00:00,40,24.0,31.0,23.0,22.7,1.6666666666666667,0.7933533402912352,0.6087614290087207,0.9487718864399473,-0.31596187665790293,0.0,0.0,0.3000000000000007,3.1035714285714278,3.216880566361035,0,1.0,0.0,0.0,True,23.23947144075021,24.364963634247772,22.776203155517578,20.43140411376953,21.355430603027344,21.940568923950195,22.379596710205078,22.776203155517578,23.180084228515625,23.686105728149414,24.38607406616211,25.64000129699707,22.817058563232422,21.09268569946289,21.77318000793457,22.19362449645996,22.52437973022461,22.817058563232422,23.103315353393555,23.475406646728516,23.978187561035156,24.931655883789062,development
2025-04-20 23:00:00+00:00,42410099999,2025-04-19 06:00:00+00:00,41,24.0,31.0,23.0,22.5,1.7083333333333333,0.9238795325112867,0.38268343236508984,0.9487718864399473,-0.31596187665790293,0.0,0.0,0.5,3.303571428571427,3.216880566361035,0,1.0,0.0,0.0,True,23.039471440750212,24.135179586314443,22.6442928314209,20.150379180908203,21.165843963623047,21.764022827148438,22.227741241455078,22.6442928314209,23.095687866210938,23.67801856994629,24.449844360351562,25.799503326416016,22.761816024780273,20.959270477294922,21.717578887939453,22.150846481323242,22.48649024963379,22.761816024780273,23.070663452148438,23.479888916015625,24.038667678833008,25.0438289642334,development
2025-04-21 00:00:00+00:00,42410099999,2025-04-19 06:00:00+00:00,42,24.0,31.0,23.0,22.6,1.75,0.9914448613738104,0.1305261922200517,0.9487718864399473,-0.31596187665790293,0.0,0.0,0.3999999999999986,3.2035714285714256,3.216880566361035,0,1.0,0.0,0.0,True,23.139471440750214,24.134044016503008,22.916866302490234,20.3914794921875,21.417545318603516,22.016368865966797,22.49355125427246,22.916866302490234,23.391704559326172,24.00728416442871,24.815244674682617,26.198060989379883,22.885835647583008,21.01329231262207,21.788942337036133,22.246156692504883,22.586673736572266,22.885835647583008,23.227813720703125,23.682973861694336,24.297401428222656,25.357574462890625,development
2025-04-21 01:00:00+00:00,42410099999,2025-04-19 06:00:00+00:00,43,25.0,31.0,24.0,23.1,1.7916666666666667,0.9914448613738104,-0.1305261922200516,0.9487718864399473,-0.31596187665790293,0.0,0.0,0.8999999999999986,2.7035714285714256,3.216880566361035,0,1.0,0.0,0.0,True,23.639471440750214,24.657544992921444,23.743865966796875,21.0511474609375,22.111230850219727,22.77010726928711,23.26820945739746,23.743865966796875,24.266843795776367,24.913299560546875,25.762529373168945,27.167362213134766,23.45745849609375,21.381607055664062,22.206520080566406,22.736522674560547,23.107942581176758,23.45745849609375,23.858137130737305,24.3632755279541,25.04831886291504,26.1573543548584,development
2025-04-21 02:00:00+00:00,42410099999,2025-04-19 06:00:00+00:00,44,,31.0,26.0,24.0,1.8333333333333333,0.9238795325112868,-0.3826834323650895,0.9487718864399473,-0.31596187665790293,0.0,0.0,2.0,1.803571428571427,3.216880566361035,0,1.0,0.0,0.0,False,24.539471440750212,25.711418599068654,24.883262634277344,22.01410484313965,23.11808204650879,23.815502166748047,24.37232780456543,24.883262634277344,25.458084106445312,26.116647720336914,27.015289306640625,28.435380935668945,24.475006103515625,22.166645050048828,23.068788528442383,23.6467342376709,24.073150634765625,24.475006103515625,24.950429916381836,25.505233764648438,26.262739181518555,27.432880401611328,development
2025-04-21 03:00:00+00:00,42410099999,2025-04-19 06:00:00+00:00,45,26.0,31.0,28.0,25.3,1.875,0.7933533402912352,-0.6087614290087207,0.9487718864399473,-0.31596187665790293,0.0,0.0,2.6999999999999993,0.5035714285714263,3.216880566361035,0,1.0,0.0,0.0,True,25.839471440750213,27.089111688201573,26.280866622924805,22.795000076293945,24.105134963989258,24.967344284057617,25.65492820739746,26.280866622924805,26.971345901489258,27.75383186340332,28.7645263671875,30.311983108520508,25.585420608520508,22.750896453857422,23.81668472290039,24.523622512817383,25.07208824157715,25.585420608520508,26.161701202392578,26.82999038696289,27.688074111938477,28.978530883789062,development
2025-04-21 04:00:00+00:00,42410099999,2025-04-19 06:00:00+00:00,46,28.0,31.0,31.0,26.4,1.9166666666666667,0.6087614290087209,-0.793353340291235,0.9487718864399473,-0.31596187665790293,0.0,0.0,4.600000000000001,-0.5964285714285715,3.216880566361035,0,1.0,0.0,0.0,True,26.93947144075021,28.537135673295936,27.63405418395996,23.691009521484375,25.133548736572266,26.092069625854492,26.896560668945312,27.63405418395996,28.39624786376953,29.25482749938965,30.333093643188477,31.954078674316406,26.93443489074707,23.45498275756836,24.697982788085938,25.548946380615234,26.25489616394043,26.93443489074707,27.652454376220703,28.454259872436523,29.42218017578125,30.85218048095703,development
2025-04-21 05:00:00+00:00,42410099999,2025-04-19 06:00:00+00:00,47,28.0,31.0,29.0,27.6,1.9583333333333333,0.3826834323650899,-0.9238795325112867,0.9487718864399473,-0.31596187665790293,0.0,0.0,1.3999999999999986,-1.7964285714285744,3.216880566361035,0,1.0,0.0,0.0,True,28.139471440750214,29.022521957383823,28.536731719970703,24.406681060791016,25.88935089111328,26.91545867919922,27.7587947845459,28.536731719970703,29.355098724365234,30.24903106689453,31.33358383178711,32.9876708984375,27.74631690979004,24.063779830932617,25.36056900024414,26.25961685180664,27.010162353515625,27.74631690979004,28.51407241821289,29.35147476196289,30.320655822753906,31.78270721435547,development
2025-04-21 06:00:00+00:00,42410099999,2025-04-19 06:00:00+00:00,48,29.0,31.0,31.0,28.3,2.0,0.130526192220052,-0.9914448613738104,0.9487718864399473,-0.31596187665790293,0.0,0.0,2.6999999999999993,-2.4964285714285737,3.216880566361035,0,1.0,0.0,0.0,True,28.839471440750213,29.98505829468088,29.35528564453125,25.06244659423828,26.586807250976562,27.62910270690918,28.538555145263672,29.35528564453125,30.164934158325195,31.061246871948242,32.139198303222656,33.76511001586914,28.564546585083008,24.536836624145508,25.909955978393555,26.86992645263672,27.735393524169922,28.564546585083008,29.383495330810547,30.25442886352539,31.256961822509766,32.74273681640625,development
2025-04-19 07:00:00+00:00,43128599999,2025-04-19 06:00:00+00:00,1,33.0,32.0,34.0,34.3,0.041666666666666664,-0.13052619222005177,-0.9914448613738104,0.9590788900341131,-0.28313898122818354,-1.3999999999999986,-1.2880621804810513,-0.29999999999999716,-5.669047619047618,4.04816172832618,0,0.0,1.0,0.0,True,34.4192125984252,34.299446867623345,33.164344787597656,32.172855377197266,32.55441665649414,32.7913818359375,32.982948303222656,33.164344787597656,33.35353469848633,33.5469970703125,33.773250579833984,34.106300354003906,33.086883544921875,31.976726531982422,32.446964263916016,32.69927215576172,32.88507843017578,33.086883544921875,33.29726028442383,33.495361328125,33.72789764404297,34.09096145629883,development
2025-04-19 08:00:00+00:00,43128599999,2025-04-19 06:00:00+00:00,2,34.0,32.0,36.0,35.1,0.08333333333333333,-0.38268343236508967,-0.9238795325112868,0.9590788900341131,-0.28313898122818354,-1.3999999999999986,-1.1850744148468586,0.8999999999999986,-6.469047619047622,4.04816172832618,0,0.0,1.0,0.0,True,35.2192125984252,35.42070189822347,34.24917221069336,32.928001403808594,33.45162582397461,33.780128479003906,34.027130126953125,34.24917221069336,34.48197937011719,34.72789001464844,35.02151870727539,35.437469482421875,33.947486877441406,32.36598205566406,33.049068450927734,33.428062438964844,33.704132080078125,33.947486877441406,34.19771194458008,34.46185302734375,34.78152084350586,35.2718391418457,development
2025-04-19 09:00:00+00:00,43128599999,2025-04-19 06:00:00+00:00,3,34.0,32.0,35.0,32.0,0.125,-0.6087614290087207,-0.7933533402912352,0.9590788900341131,-0.28313898122818354,-1.3999999999999986,-1.0903210962999657,3.0,-3.3690476190476204,4.04816172832618,0,0.0,1.0,0.0,True,32.1192125984252,32.86685236033628,34.71184158325195,33.09247589111328,33.722267150878906,34.148170471191406,34.44804000854492,34.71184158325195,34.98003005981445,35.25520324707031,35.583370208740234,36.060123443603516,34.16434860229492,32.05790710449219,32.9244270324707,33.48297882080078,33.8637809753418,34.16434860229492,34.45516586303711,34.75004196166992,35.108375549316406,35.68210220336914,development
2025-04-19 10:00:00+00:00,43128599999,2025-04-19 06:00:00+00:00,4,35.0,32.0,37.0,32.9,0.16666666666666666,-0.7933533402912349,-0.6087614290087209,0.9590788900341131,-0.28313898122818354,-1.3999999999999986,-1.003143834803304,4.100000000000001,-4.269047619047619,4.04816172832618,0,0.0,1.0,0.0,True,33.0192125984252,34.09640278532881,34.6541862487793,32.813636779785156,33.55414581298828,33.97865295410156,34.356361389160156,34.6541862487793,34.94206237792969,35.28170394897461,35.632232666015625,36.1759147644043,34.043113708496094,31.463348388671875,32.483978271484375,33.16392517089844,33.69781494140625,34.043113708496094,34.353355407714844,34.7172737121582,35.122371673583984,35.78696060180664,development
2025-04-19 11:00:00+00:00,43128599999,2025-04-19 06:00:00+00:00,5,36.0,32.0,34.0,32.9,0.20833333333333334,-0.9238795325112868,-0.3826834323650895,0.9590788900341131,-0.28313898122818354,-1.3999999999999986,-0.9229368822806203,1.1000000000000014,-4.269047619047619,4.04816172832618,0,0.0,1.0,0.0,True,33.0192125984252,33.57020309538791,33.80787658691406,31.80611801147461,32.603389739990234,33.07398223876953,33.47220993041992,33.80787658691406,34.11016845703125,34.472496032714844,34.903751373291016,35.520103454589844,33.41422653198242,30.488327026367188,31.616676330566406,32.383026123046875,32.99776077270508,33.41422653198242,33.80542755126953,34.23933029174805,34.74543380737305,35.51441955566406,development
2025-04-19 12:00:00+00:00,43128599999,2025-04-19 06:00:00+00:00,6,34.0,32.0,28.0,32.6,0.25,-0.9914448613738104,-0.13052619222005163,0.9590788900341131,-0.28313898122818354,-1.3999999999999986,-0.849142923597686,-4.600000000000001,-3.969047619047622,4.04816172832618,0,0.0,1.0,0.0,True,32.7192125984252,32.17722033238202,32.11466598510742,29.831811904907227,30.693172454833984,31.221391677856445,31.69464111328125,32.11466598510742,32.53082275390625,32.953121185302734,33.48963165283203,34.21916961669922,32.1219482421875,29.12348175048828,30.23641014099121,30.993690490722656,31.656036376953125,32.1219482421875,32.58189010620117,33.06455993652344,33.67825698852539,34.5399055480957,development
2025-04-19 13:00:00+00:00,43128599999,2025-04-19 06:00:00+00:00,7,31.0,32.0,28.0,30.1,0.2916666666666667,-0.9914448613738105,0.13052619222005127,0.9590788900341131,-0.28313898122818354,-1.3999999999999986,-0.7812492040780651,-2.1000000000000014,-1.4690476190476218,4.04816172832618,0,0.0,1.0,0.0,True,30.219212598425198,30.330761695627345,30.084535598754883,27.709115982055664,28.626996994018555,29.188695907592773,29.644285202026367,30.084535598754883,30.52397346496582,30.99604606628418,31.530588150024414,32.331886291503906,30.003007888793945,26.997482299804688,28.13172721862793,28.853347778320312,29.46475601196289,30.003007888793945,30.53608512878418,31.090248107910156,31.72390365600586,32.681217193603516,development
2025-04-19 14:00:00+00:00,43128599999,2025-04-19 06:00:00+00:00,8,,32.0,25.0,28.8,0.3333333333333333,-0.923879532511287,0.38268343236508917,0.9590788900341131,-0.28313898122818354,-1.3999999999999986,-0.718783966645628,-3.8000000000000007,-0.1690476190476211,4.04816172832618,0,0.0,1.0,0.0,False,28.919212598425197,28.78175391456661,28.027395248413086,25.475175857543945,26.427858352661133,27.028350830078125,27.53432273864746,28.027395248413086,28.515432357788086,29.011411666870117,29.610595703125,30.490930557250977,28.256567001342773,25.494461059570312,26.52187728881836,27.191423416137695,27.761415481567383,28.256567001342773,28.770994186401367,29.327533721923828,29.997318267822266,30.973115921020508,development
2025-04-19 15:00:00+00:00,43128599999,2025-04-19 06:00:00+00:00,9,28.0,32.0,24.0,28.0,0.375,-0.7933533402912357,0.6087614290087199,0.9590788900341131,-0.28313898122818354,-1.3999999999999986,-0.6613131738374199,-4.0,0.6309523809523796,4.04816172832618,0,0.0,1.0,0.0,True,28.119212598425197,28.036220768117744,26.753162384033203,24.438352584838867,25.32430648803711,25.901145935058594,26.354434967041016,26.753162384033203,27.152984619140625,27.591434478759766,28.148527145385742,28.993064880371094,27.14400863647461,24.520206451416016,25.4743709564209,26.114639282226562,26.659605026245117,27.14400863647461,27.646137237548828,28.201019287109375,28.886274337768555,29.878385543823242,development
2025-04-19 16:00:00+00:00,43128599999,2025-04-19 06:00:00+00:00,10,28.0,32.0,25.0,27.5,0.4166666666666667,-0.6087614290087209,0.7933533402912349,0.9590788900341131,-0.28313898122818354,-1.3999999999999986,-0.6084374919099088,-2.5,1.1309523809523796,4.04816172832618,0,0.0,1.0,0.0,True,27.619212598425197,27.932912037580603,26.188350677490234,23.949316024780273,24.76090431213379,25.31797981262207,25.772541046142578,26.188350677490234,26.569120407104492,27.001693725585938,27.5450496673584,28.38638687133789,26.416181564331055,24.09620475769043,24.926464080810547,25.491792678833008,25.99075698852539,26.416181564331055,26.85487937927246,27.353708267211914,28.007553100585938,28.97692108154297,development
2025-04-19 17:00:00+00:00,43128599999,2025-04-19 06:00:00+00:00,11,27.0,32.0,26.0,27.2,0.4583333333333333,-0.38268343236508956,0.9238795325112868,0.9590788900341131,-0.28313898122818354,-1.3999999999999986,-0.5597895160827857,-1.1999999999999993,1.4309523809523803,4.04816172832618,0,0.0,1.0,0.0,True,27.319212598425196,27.966052556252254,25.858400344848633,23.697986602783203,24.467994689941406,25.004013061523438,25.443138122558594,25.858400344848633,26.244827270507812,26.661781311035156,27.194297790527344,28.010671615600586,26.360157012939453,24.089435577392578,24.912616729736328,25.463590621948242,25.91956901550293,26.360157012939453,26.794452667236328,27.27622413635254,27.914785385131836,28.835981369018555,development
2025-04-19 18:00:00+00:00,43128599999,2025-04-19 06:00:00+00:00,12,27.0,32.0,26.0,26.8,0.5,-0.13052619222005168,0.9914448613738104,0.9590788900341131,-0.28313898122818354,-1.3999999999999986,-0.5150312176400187,-0.8000000000000007,1.8309523809523789,4.04816172832618,0,0.0,1.0,0.0,True,26.919212598425197,27.68637475586624,25.6030330657959,23.577159881591797,24.292755126953125,24.786495208740234,25.201181411743164,25.6030330657959,25.978925704956055,26.417736053466797,26.922386169433594,27.698566436767578,26.047687530517578,23.86408805847168,24.65597915649414,25.179180145263672,25.622997283935547,26.047687530517578,26.48576545715332,26.974834442138672,27.56834602355957,28.46426773071289,development
2025-04-19 19:00:00+00:00,43128599999,2025-04-19 06:00:00+00:00,13,28.0,32.0,26.0,26.7,0.5416666666666666,0.13052619222005157,0.9914448613738104,0.9540665500578387,-0.2995947563972602,-1.3999999999999986,-0.47385159514943864,-0.6999999999999993,1.9309523809523803,4.04816172832618,0,0.0,1.0,0.0,True,26.819212598425196,27.660043872157427,25.420333862304688,23.498260498046875,24.174745559692383,24.654937744140625,25.037010192871094,25.420333862304688,25.787961959838867,26.17154884338379,26.65886878967285,27.39647674560547,25.77878189086914,23.663864135742188,24.424633026123047,24.937944412231445,25.356964111328125,25.77878189086914,26.19659423828125,26.6289005279541,27.195724487304688,28.048389434814453,development
2025-04-19 20:00:00+00:00,43128599999,2025-04-19 06:00:00+00:00,14,27.0,32.0,26.0,26.6,0.5833333333333334,0.3826834323650898,0.9238795325112867,0.9540665500578387,-0.2995947563972602,-1.3999999999999986,-0.4359645134804363,-0.6000000000000014,2.030952380952378,4.04816172832618,0,0.0,1.0,0.0,True,26.719212598425198,27.569402241526426,25.42669105529785,23.551315307617188,24.22879409790039,24.68516731262207,25.065593719482422,25.42669105529785,25.78458595275879,26.18268394470215,26.61724281311035,27.41622543334961,25.76953887939453,23.706680297851562,24.474597930908203,24.95989418029785,25.37087059020996,25.76953887939453,26.168136596679688,26.604536056518555,27.116151809692383,28.01521873474121,development
2025-04-19 21:00:00+00:00,43128599999,2025-04-19 06:00:00+00:00,15,27.0,32.0,24.0,25.9,0.625,0.6087614290087207,0.7933533402912352,0.9540665500578387,-0.2995947563972602,-1.3999999999999986,-0.4011067156042657,-1.8999999999999986,2.730952380952381,4.04816172832618,0,0.0,1.0,0.0,True,26.019212598425195,26.564187287176583,25.049400329589844,23.187612533569336,23.879592895507812,24.342546463012695,24.70780372619629,25.049400329589844,25.387493133544922,25.739198684692383,26.18876075744629,26.962947845458984,25.27583885192871,23.179492950439453,23.968875885009766,24.483572006225586,24.887969970703125,25.27583885192871,25.668540954589844,26.07015609741211,26.581501007080078,27.47857666015625,development
2025-04-19 22:00:00+00:00,43128599999,2025-04-19 06:00:00+00:00,16,27.0,32.0,25.0,26.0,0.6666666666666666,0.7933533402912352,0.6087614290087207,0.9540665500578387,-0.2995947563972602,-1.3999999999999986,-0.3690359933620171,-1.0,2.6309523809523796,4.04816172832618,0,0.0,1.0,0.0,True,26.119212598425197,26.80453225265842,24.657705307006836,22.826528549194336,23.514787673950195,23.975364685058594,24.344547271728516,24.657705307006836,24.9937686920166,25.32632827758789,25.777690887451172,26.54485321044922,24.955554962158203,22.961610794067383,23.73732566833496,24.228334426879883,24.618701934814453,24.955554962158203,25.319244384765625,25.682992935180664,26.177274703979492,27.02815818786621,development
2025-04-19 23:00:00+00:00,43128599999,2025-04-19 06:00:00+00:00,17,28.0,32.0,24.0,25.7,0.7083333333333334,0.9238795325112867,0.38268343236508984,0.9540665500578387,-0.2995947563972602,-1.3999999999999986,-0.3395295044899078,-1.6999999999999993,2.9309523809523803,4.04816172832618,0,0.0,1.0,0.0,True,25.819212598425196,26.29498874065079,24.210058212280273,22.29799461364746,23.0039005279541,23.48688316345215,23.873374938964844,24.210058212280273,24.53803062438965,24.91706657409668,25.381576538085938,26.17855453491211,24.512706756591797,22.506113052368164,23.28532600402832,23.77838897705078,24.159692764282227,24.512706756591797,24.851940155029297,25.250396728515625,25.75450325012207,26.635332107543945,development
2025-04-20 00:00:00+00:00,43128599999,2025-04-19 06:00:00+00:00,18,27.0,32.0,24.0,25.2,0.75,0.9914448613738104,0.1305261922200517,0.9540665500578387,-0.2995947563972602,-1.3999999999999986,-0.31238222420780143,-1.1999999999999993,3.4309523809523803,4.04816172832618,0,0.0,1.0,0.0,True,25.319212598425196,25.83343031439191,23.900278091430664,22.023590087890625,22.691923141479492,23.18490982055664,23.56233787536621,23.900278091430664,24.231517791748047,24.606731414794922,25.108625411987305,25.883663177490234,24.049360275268555,22.088342666625977,22.846057891845703,23.348121643066406,23.71088409423828,24.049360275268555,24.374929428100586,24.76340103149414,25.297883987426758,26.152135848999023,development
2025-04-20 01:00:00+00:00,43128599999,2025-04-19 06:00:00+00:00,19,,32.0,25.0,25.0,0.7916666666666666,0.9914448613738104,-0.1305261922200516,0.9540665500578387,-0.2995947563972602,-1.3999999999999986,-0.2874055206118727,0.0,3.6309523809523796,4.04816172832618,0,0.0,1.0,0.0,False,25.119212598425197,25.81737927837273,24.106008529663086,22.285289764404297,22.944429397583008,23.419456481933594,23.78275489807129,24.106008529663086,24.425838470458984,24.80986785888672,25.30113983154297,26.072298049926758,24.12067985534668,22.27790641784668,23.006027221679688,23.477588653564453,23.81537437438965,24.12067985534668,24.438058853149414,24.816120147705078,25.336048126220703,26.167110443115234,development
2025-04-20 02:00:00+00:00,43128599999,2025-04-19 06:00:00+00:00,20,28.0,32.0,26.0,26.9,0.8333333333333334,0.9238795325112868,-0.3826834323650895,0.9540665500578387,-0.2995947563972602,-1.3999999999999986,-0.2644258439725863,-0.8999999999999986,1.730952380952381,4.04816172832618,0,0.0,1.0,0.0,True,27.019212598425195,27.451051789657214,25.341955184936523,23.381526947021484,24.070632934570312,24.568540573120117,24.964441299438477,25.341955184936523,25.713481903076172,26.149900436401367,26.65465545654297,27.419532775878906,25.345745086669922,23.244108200073242,24.058490753173828,24.584163665771484,24.976591110229492,25.345745086669922,25.723548889160156,26.155282974243164,26.703231811523438,27.550493240356445,development
2025-04-20 03:00:00+00:00,43128599999,2025-04-19 06:00:00+00:00,21,30.0,32.0,28.0,29.4,0.875,0.7933533402912352,-0.6087614290087207,0.9540665500578387,-0.2995947563972602,-1.3999999999999986,-0.24328352083062296,-1.3999999999999986,-0.769047619047619,4.04816172832618,0,0.0,1.0,0.0,True,29.519212598425195,29.776542451196256,27.398008346557617,25.592880249023438,26.240203857421875,26.69487190246582,27.056411743164062,27.398008346557617,27.736413955688477,28.115070343017578,28.552181243896484,29.234949111938477,27.51285171508789,25.44845199584961,26.251811981201172,26.770854949951172,27.154117584228516,27.51285171508789,27.863590240478516,28.27450180053711,28.765911102294922,29.54668617248535,development
2025-04-20 04:00:00+00:00,43128599999,2025-04-19 06:00:00+00:00,22,32.0,32.0,29.0,31.5,0.9166666666666666,0.6087614290087209,-0.793353340291235,0.9540665500578387,-0.2995947563972602,-1.3999999999999986,-0.22383164451157125,-2.5,-2.8690476190476204,4.04816172832618,0,0.0,1.0,0.0,True,31.619212598425197,31.59115714633871,29.251611709594727,27.47285270690918,28.11121368408203,28.567415237426758,28.928565979003906,29.251611709594727,29.585739135742188,29.94707489013672,30.344715118408203,30.980894088745117,29.41592788696289,27.420503616333008,28.214191436767578,28.726451873779297,29.09812355041504,29.41592788696289,29.757001876831055,30.120269775390625,30.55413246154785,31.237716674804688,development
2025-04-20 05:00:00+00:00,43128599999,2025-04-19 06:00:00+00:00,23,34.0,32.0,31.0,33.5,0.9583333333333334,0.3826834323650899,-0.9238795325112867,0.9540665500578387,-0.2995947563972602,-1.3999999999999986,-0.20593505435016732,-2.5,-4.86904761904762,4.04816172832618,0,0.0,1.0,0.0,True,33.6192125984252,33.557557914792106,31.260997772216797,29.538209915161133,30.157575607299805,30.607526779174805,30.94047737121582,31.260997772216797,31.578380584716797,31.9108943939209,32.281864166259766,32.82949447631836,31.512035369873047,29.368637084960938,30.200857162475586,30.751476287841797,31.14928436279297,31.512035369873047,31.864580154418945,32.235015869140625,32.653053283691406,33.281558990478516,development
2025-04-20 06:00:00+00:00,43128599999,2025-04-19 06:00:00+00:00,24,35.0,32.0,32.0,34.7,1.0,0.130526192220052,-0.9914448613738104,0.9540665500578387,-0.2995947563972602,-1.3999999999999986,-0.18946939653125758,-2.700000000000003,-6.069047619047623,4.04816172832618,0,0.0,1.0,0.0,True,34.8192125984252,34.7057975535776,32.76853561401367,31.11486053466797,31.737834930419922,32.14686965942383,32.47132873535156,32.76853561401367,33.064178466796875,33.38719177246094,33.70896530151367,34.2768669128418,33.082149505615234,30.998327255249023,31.857980728149414,32.3675422668457,32.753395080566406,33.082149505615234,33.415321350097656,33.76305389404297,34.10854721069336,34.70903778076172,development
2025-04-20 07:00:00+00:00,43128599999,2025-04-19 06:00:00+00:00,25,36.0,32.0,34.0,35.4,1.0416666666666667,-0.13052619222005177,-0.9914448613738104,0.9540665500578387,-0.2995947563972602,-1.3999999999999986,-0.17432026002177198,-1.3999999999999986,-6.769047619047619,4.04816172832618,0,0.0,1.0,0.0,True,35.5192125984252,35.69581328857605,33.8052978515625,32.16851806640625,32.792720794677734,33.20154571533203,33.5135383605957,33.8052978515625,34.075767517089844,34.3914794921875,34.71976089477539,35.26091003417969,33.9723014831543,31.719932556152344,32.66849899291992,33.218040466308594,33.62834930419922,33.9723014831543,34.28809356689453,34.62449645996094,34.965118408203125,35.52452850341797,development
2025-04-20 08:00:00+00:00,43128599999,2025-04-19 06:00:00+00:00,26,37.0,32.0,36.0,35.7,1.0833333333333333,-0.38268343236508967,-0.9238795325112868,0.9540665500578387,-0.2995947563972602,-1.3999999999999986,-0.16038238158976267,0.29999999999999716,-7.069047619047623,4.04816172832618,0,0.0,1.0,0.0,True,35.8192125984252,36.39348455244349,34.593727111816406,32.94948196411133,33.579925537109375,33.980796813964844,34.30158233642578,34.593727111816406,34.85860824584961,35.156517028808594,35.468441009521484,36.013954162597656,34.632591247558594,31.99163818359375,33.131935119628906,33.76183319091797,34.24314498901367,34.632591247558594,34.968013763427734,35.318939208984375,35.67409133911133,36.28126525878906,development
2025-04-20 09:00:00+00:00,43128599999,2025-04-19 06:00:00+00:00,27,36.0,32.0,35.0,35.7,1.125,-0.6087614290087207,-0.7933533402912352,0.9540665500578387,-0.2995947563972602,-1.3999999999999986,-0.14755891438660992,-0.7000000000000028,-7.069047619047623,4.04816172832618,0,0.0,1.0,0.0,True,35.8192125984252,36.23932679571499,34.91779327392578,33.134521484375,33.8257942199707,34.26264572143555,34.61180877685547,34.91779327392578,35.18230438232422,35.50204849243164,35.83526611328125,36.43832015991211,34.96361541748047,31.933704376220703,33.202693939208984,33.976314544677734,34.53071212768555,34.96361541748047,35.330238342285156,35.712181091308594,36.08783721923828,36.769344329833984,development
2025-04-20 10:00:00+00:00,43128599999,2025-04-19 06:00:00+00:00,28,30.0,32.0,37.0,35.8,1.1666666666666667,-0.7933533402912349,-0.6087614290087209,0.9540665500578387,-0.2995947563972602,-1.3999999999999986,-0.13576075501016693,1.2000000000000028,-7.169047619047618,4.04816172832618,0,0.0,1.0,0.0,True,35.9192125984252,36.81511673339903,34.6207275390625,32.66829299926758,33.41300582885742,33.9024658203125,34.28113555908203,34.6207275390625,34.93296432495117,35.273868560791016,35.67742156982422,36.34690475463867,34.65681838989258,31.305217742919922,32.681678771972656,33.572532653808594,34.199867248535156,34.65681838989258,35.052772521972656,35.437435150146484,35.88444900512695,36.64297103881836,development
2025-04-20 11:00:00+00:00,43128599999,2025-04-19 06:00:00+00:00,29,30.0,32.0,34.0,35.7,1.2083333333333333,-0.9238795325112868,-0.3826834323650895,0.9540665500578387,-0.2995947563972602,-1.3999999999999986,-0.12490592437296402,-1.7000000000000028,-7.069047619047623,4.04816172832618,0,0.0,1.0,0.0,True,35.8192125984252,36.18578547009594,33.777252197265625,31.594768524169922,32.41923904418945,32.95998001098633,33.38151550292969,33.777252197265625,34.13442611694336,34.52717208862305,35.01298522949219,35.80914306640625,34.17961502075195,30.55369758605957,32.01280212402344,32.96782684326172,33.65538787841797,34.17961502075195,34.63083267211914,35.0853385925293,35.61445236206055,36.52540969848633,development
2025-04-20 12:00:00+00:00,43128599999,2025-04-19 06:00:00+00:00,30,28.0,32.0,28.0,34.4,1.25,-0.9914448613738104,-0.13052619222005163,0.9540665500578387,-0.2995947563972602,-1.3999999999999986,-0.1149189980734582,-6.399999999999999,-5.769047619047619,4.04816172832618,0,0.0,1.0,0.0,True,34.5192125984252,33.98646933557257,32.29984664916992,29.878639221191406,30.760194778442383,31.345619201660156,31.8394718170166,32.29984664916992,32.718013763427734,33.192691802978516,33.75944519042969,34.6888542175293,32.76865005493164,28.87441635131836,30.387710571289062,31.381729125976562,32.15215301513672,32.76865005493164,33.34324645996094,33.95966720581055,34.65554428100586,35.77354431152344,development
2025-04-20 13:00:00+00:00,43128599999,2025-04-19 06:00:00+00:00,31,29.0,32.0,28.0,31.1,1.2916666666666667,-0.9914448613738105,0.13052619222005127,0.9540665500578387,-0.2995947563972602,-1.3999999999999986,-0.10573058231228316,-3.1000000000000014,-2.469047619047622,4.04816172832618,0,0.0,1.0,0.0,True,31.219212598425198,31.492207375285105,30.212244033813477,27.52577781677246,28.51951026916504,29.16147804260254,29.72422981262207,30.212244033813477,30.682966232299805,31.219486236572266,31.873779296875,32.93916320800781,30.3604736328125,26.77108383178711,28.182395935058594,29.089452743530273,29.79729461669922,30.3604736328125,30.889440536499023,31.495990753173828,32.2039909362793,33.38466262817383,development
2025-04-20 14:00:00+00:00,43128599999,2025-04-19 06:00:00+00:00,32,28.0,32.0,25.0,29.4,1.3333333333333333,-0.923879532511287,0.38268343236508917,0.9540665500578387,-0.2995947563972602,-1.3999999999999986,-0.09727683171192206,-4.399999999999999,-0.769047619047619,4.04816172832618,0,0.0,1.0,0.0,True,29.519212598425195,29.61048789918633,28.345169067382812,25.703943252563477,26.667991638183594,27.2973690032959,27.849794387817383,28.345169067382812,28.816349029541016,29.333984375,30.013456344604492,31.150741577148438,28.21841049194336,24.51042938232422,25.905317306518555,26.824691772460938,27.570693969726562,28.21841049194336,28.837844848632812,29.5172061920166,30.339120864868164,31.677043914794922,development
2025-04-20 15:00:00+00:00,43128599999,2025-04-19 06:00:00+00:00,33,27.0,32.0,24.0,28.6,1.375,-0.7933533402912357,0.6087614290087199,0.9540665500578387,-0.2995947563972602,-1.3999999999999986,-0.08949900568939051,-4.600000000000001,0.030952380952378178,4.04816172832618,0,0.0,1.0,0.0,True,28.719212598425198,28.847200601270643,27.04745101928711,24.522531509399414,25.458642959594727,26.05374526977539,26.585792541503906,27.04745101928711,27.48113250732422,27.97393226623535,28.65412139892578,29.77958106994629,27.034801483154297,23.790369033813477,25.010957717895508,25.804229736328125,26.467891693115234,27.034801483154297,27.577383041381836,28.192331314086914,28.979028701782227,30.263771057128906,development
2025-04-20 16:00:00+00:00,43128599999,2025-04-19 06:00:00+00:00,34,27.0,32.0,25.0,28.3,1.4166666666666667,-0.6087614290087209,0.7933533402912349,0.9540665500578387,-0.2995947563972602,-1.3999999999999986,-0.08234306029940175,-3.3000000000000007,0.3309523809523789,4.04816172832618,0,0.0,1.0,0.0,True,28.419212598425197,28.88426458079644,26.6439266204834,24.32332992553711,25.177675247192383,25.73879051208496,26.227510452270508,26.6439266204834,27.055875778198242,27.523481369018555,28.149351119995117,29.226106643676758,26.595157623291016,23.690174102783203,24.77742576599121,25.479427337646484,26.084508895874023,26.595157623291016,27.119123458862305,27.695425033569336,28.437408447265625,29.670007705688477,development
2025-04-20 17:00:00+00:00,43128599999,2025-04-19 06:00:00+00:00,35,26.0,32.0,26.0,28.3,1.4583333333333333,-0.38268343236508956,0.9238795325112868,0.9540665500578387,-0.2995947563972602,-1.3999999999999986,-0.07575927271195018,-2.3000000000000007,0.3309523809523789,4.04816172832618,0,0.0,1.0,0.0,True,28.419212598425197,29.13743751164519,26.308908462524414,24.06250762939453,24.857664108276367,25.41083526611328,25.873645782470703,26.308908462524414,26.7152099609375,27.184022903442383,27.789852142333984,28.822763442993164,26.578720092773438,24.10825538635254,25.004634857177734,25.61067771911621,26.111663818359375,26.578720092773438,27.010984420776367,27.525005340576172,28.158252716064453,29.268922805786133,development
2025-04-20 18:00:00+00:00,43128599999,2025-04-19 06:00:00+00:00,36,26.0,32.0,26.0,28.3,1.5,-0.13052619222005168,0.9914448613738104,0.9540665500578387,-0.2995947563972602,-1.3999999999999986,-0.06970189571500945,-2.3000000000000007,0.3309523809523789,4.04816172832618,0,0.0,1.0,0.0,True,28.419212598425197,29.157347400106985,26.015331268310547,23.796905517578125,24.595142364501953,25.129863739013672,25.589244842529297,26.015331268310547,26.452966690063477,26.928194046020508,27.517301559448242,28.557035446166992,26.505346298217773,24.146961212158203,25.00900650024414,25.561552047729492,26.055782318115234,26.505346298217773,26.949071884155273,27.44508934020996,28.04975128173828,29.148059844970703,development
2025-04-20 19:00:00+00:00,43128599999,2025-04-19 06:00:00+00:00,37,26.0,32.0,26.0,27.8,1.5416666666666667,0.13052619222005157,0.9914448613738104,0.9487718864399473,-0.31596187665790293,-1.3999999999999986,-0.06412883984167,-1.8000000000000007,0.8309523809523789,4.04816172832618,0,0.0,1.0,0.0,True,27.919212598425197,28.805212958161174,25.63665771484375,23.468660354614258,24.263694763183594,24.765514373779297,25.22154426574707,25.63665771484375,26.04417610168457,26.520769119262695,27.091386795043945,28.089435577392578,26.043140411376953,23.6915283203125,24.547861099243164,25.082056045532227,25.595947265625,26.043140411376953,26.483362197875977,26.98626136779785,27.584125518798828,28.671092987060547,development
2025-04-20 20:00:00+00:00,43128599999,2025-04-19 06:00:00+00:00,38,27.0,32.0,26.0,27.2,1.5833333333333333,0.3826834323650898,0.9238795325112867,0.9487718864399473,-0.31596187665790293,-1.3999999999999986,-0.05900138091298691,-1.1999999999999993,1.4309523809523803,4.04816172832618,0,0.0,1.0,0.0,True,27.319212598425196,28.311098774637337,25.415061950683594,23.320981979370117,24.083524703979492,24.58654022216797,25.019248962402344,25.415061950683594,25.817258834838867,26.265596389770508,26.802431106567383,27.78138542175293,25.84673309326172,23.614498138427734,24.419422149658203,24.94771385192871,25.427907943725586,25.84673309326172,26.26726722717285,26.738048553466797,27.303892135620117,28.37021255493164,development
2025-04-20 21:00:00+00:00,43128599999,2025-04-19 06:00:00+00:00,39,26.0,32.0,24.0,26.2,1.625,0.6087614290087207,0.7933533402912352,0.9487718864399473,-0.31596187665790293,-1.3999999999999986,-0.054283890964410754,-2.1999999999999993,2.4309523809523803,4.04816172832618,0,0.0,1.0,0.0,True,26.319212598425196,27.060054406150986,24.99043846130371,22.87912940979004,23.667678833007812,24.1810302734375,24.621726989746094,24.99043846130371,25.34625816345215,25.758848190307617,26.297870635986328,27.238548278808594,25.289505004882812,23.047605514526367,23.871089935302734,24.41503143310547,24.888269424438477,25.289505004882812,25.678129196166992,26.115245819091797,26.69063377380371,27.736108779907227,development
2025-04-20 22:00:00+00:00,43128599999,2025-04-19 06:00:00+00:00,40,25.0,32.0,25.0,25.2,1.6666666666666667,0.7933533402912352,0.6087614290087207,0.9487718864399473,-0.31596187665790293,-1.3999999999999986,-0.049943590686153304,-0.1999999999999993,3.4309523809523803,4.04816172832618,0,0.0,1.0,0.0,True,25.319212598425196,26.42860168237043,24.708568572998047,22.581520080566406,23.390268325805664,23.913246154785156,24.334962844848633,24.708568572998047,25.048978805541992,25.439489364624023,25.9789981842041,26.921682357788086,24.909597396850586,22.700050354003906,23.533601760864258,24.070396423339844,24.520565032958984,24.909597396850586,25.278820037841797,25.698246002197266,26.27238655090332,27.327350616455078,development
2025-04-20 23:00:00+00:00,43128599999,2025-04-19 06:00:00+00:00,41,24.0,32.0,24.0,24.7,1.7083333333333333,0.9238795325112867,0.38268343236508984,0.9487718864399473,-0.31596187665790293,-1.3999999999999986,-0.045950321657328444,-0.6999999999999993,3.9309523809523803,4.04816172832618,0,0.0,1.0,0.0,True,24.819212598425196,25.75323556710937,24.493593215942383,22.289485931396484,23.148765563964844,23.69480323791504,24.131717681884766,24.493593215942383,24.839229583740234,25.26519203186035,25.829200744628906,26.767179489135742,24.540786743164062,22.29612159729004,23.184795379638672,23.728620529174805,24.18114471435547,24.540786743164062,24.90150260925293,25.346742630004883,25.936691284179688,26.97779655456543,development
2025-04-21 00:00:00+00:00,43128599999,2025-04-19 06:00:00+00:00,42,24.0,32.0,24.0,24.3,1.75,0.9914448613738104,0.1305261922200517,0.9487718864399473,-0.31596187665790293,-1.3999999999999986,-0.04227633679124586,-0.3000000000000007,4.330952380952379,4.04816172832618,0,0.0,1.0,0.0,True,24.419212598425197,25.361644332503502,24.33907699584961,22.18360710144043,23.014881134033203,23.547914505004883,23.9862060546875,24.33907699584961,24.69736099243164,25.147598266601562,25.701244354248047,26.660228729248047,24.240707397460938,22.046480178833008,22.925355911254883,23.455461502075195,23.882278442382812,24.240707397460938,24.60300064086914,25.055574417114258,25.639965057373047,26.710153579711914,development
2025-04-21 01:00:00+00:00,43128599999,2025-04-19 06:00:00+00:00,43,25.0,32.0,25.0,24.4,1.7916666666666667,0.9914448613738104,-0.1305261922200516,0.9487718864399473,-0.31596187665790293,-1.3999999999999986,-0.03889610753577391,0.6000000000000014,4.230952380952381,4.04816172832618,0,0.0,1.0,0.0,True,24.519212598425195,25.57293835099798,24.49460220336914,22.118946075439453,22.991966247558594,23.586931228637695,24.05031394958496,24.49460220336914,24.94925880432129,25.466371536254883,26.074710845947266,27.136999130249023,24.336265563964844,22.126596450805664,22.986066818237305,23.54436683654785,23.955745697021484,24.336265563964844,24.73263931274414,25.198352813720703,25.79880714416504,26.875411987304688,development
2025-04-21 02:00:00+00:00,43128599999,2025-04-19 06:00:00+00:00,44,26.0,32.0,26.0,26.6,1.8333333333333333,0.9238795325112868,-0.3826834323650895,0.9487718864399473,-0.31596187665790293,-1.3999999999999986,-0.035786146489110326,-0.6000000000000014,2.030952380952378,4.04816172832618,0,0.0,1.0,0.0,True,26.719212598425198,27.434572847889974,25.550569534301758,23.292831420898438,24.11016845703125,24.672866821289062,25.12091827392578,25.550569534301758,25.99115753173828,26.496755599975586,27.096797943115234,28.075855255126953,25.3692626953125,23.07661247253418,23.980070114135742,24.545581817626953,24.968673706054688,25.3692626953125,25.806272506713867,26.294994354248047,26.926633834838867,27.97849464416504,development
2025-04-21 03:00:00+00:00,43128599999,2025-04-19 06:00:00+00:00,45,29.0,32.0,28.0,29.2,1.875,0.7933533402912352,-0.6087614290087207,0.9487718864399473,-0.31596187665790293,-1.3999999999999986,-0.03292484419841272,-1.1999999999999993,-0.5690476190476197,4.04816172832618,0,0.0,1.0,0.0,True,29.319212598425196,29.831885781087163,27.399330139160156,25.382431030273438,26.143829345703125,26.6375732421875,27.023622512817383,27.399330139160156,27.820873260498047,28.26471710205078,28.77410125732422,29.650531768798828,27.57106590270996,25.42145347595215,26.28455924987793,26.80924415588379,27.206499099731445,27.57106590270996,27.98662567138672,28.435094833374023,28.99681282043457,29.948942184448242,development
2025-04-21 04:00:00+00:00,43128599999,2025-04-19 06:00:00+00:00,46,30.0,32.0,29.0,31.5,1.9166666666666667,0.6087614290087209,-0.793353340291235,0.9487718864399473,-0.31596187665790293,-1.3999999999999986,-0.030292319007290295,-2.5,-2.8690476190476204,4.04816172832618,0,0.0,1.0,0.0,True,31.619212598425197,31.79719862776246,29.25299072265625,27.376981735229492,28.0728816986084,28.527679443359375,28.878585815429688,29.25299072265625,29.61370086669922,30.01848602294922,30.472084045410156,31.23229217529297,29.609264373779297,27.382293701171875,28.267589569091797,28.807174682617188,29.203475952148438,29.609264373779297,30.015357971191406,30.47163200378418,31.008907318115234,31.880882263183594,development
2025-04-21 05:00:00+00:00,43128599999,2025-04-19 06:00:00+00:00,47,33.0,32.0,31.0,33.2,1.9583333333333333,0.3826834323650899,-0.9238795325112867,0.9487718864399473,-0.31596187665790293,-1.3999999999999986,-0.02787027890882713,-2.200000000000003,-4.569047619047623,4.04816172832618,0,0.0,1.0,0.0,True,33.3192125984252,33.523009719276516,31.029708862304688,29.186853408813477,29.887956619262695,30.321842193603516,30.677724838256836,31.029708862304688,31.39742088317871,31.77861785888672,32.19685745239258,32.91245651245117,31.428367614746094,28.867603302001953,29.89056396484375,30.502731323242188,30.972774505615234,31.428367614746094,31.920427322387695,32.42616271972656,32.973812103271484,33.86233139038086,development
2025-04-21 06:00:00+00:00,43128599999,2025-04-19 06:00:00+00:00,48,35.0,32.0,32.0,34.3,2.0,0.130526192220052,-0.9914448613738104,0.9487718864399473,-0.31596187665790293,-1.3999999999999986,-0.025641894444227823,-2.299999999999997,-5.669047619047618,4.04816172832618,0,0.0,1.0,0.0,True,34.4192125984252,34.58780904952434,32.71848678588867,30.729639053344727,31.500965118408203,31.956161499023438,32.354942321777344,32.71848678588867,33.081016540527344,33.45571517944336,33.89392852783203,34.589595794677734,32.95864486694336,30.341861724853516,31.4183292388916,32.03110122680664,32.507118225097656,32.95864486694336,33.42401123046875,33.87372589111328,34.36611557006836,35.15073776245117,development
2025-04-19 07:00:00+00:00,43279099999,2025-04-19 06:00:00+00:00,1,36.0,35.0,35.0,38.3,0.041666666666666664,-0.13052619222005177,-0.9914448613738104,0.9590788900341131,-0.28313898122818354,-2.5,-2.300111036573308,-3.299999999999997,-7.12738095238095,2.254617019028804,0,0.0,0.0,1.0,True,39.33820870994248,38.115887708745944,35.33604049682617,34.5588493347168,34.837432861328125,35.03687286376953,35.19413757324219,35.33604049682617,35.48229217529297,35.62694549560547,35.81071472167969,36.11177062988281,35.646949768066406,34.8286018371582,35.12462615966797,35.333621978759766,35.498619079589844,35.646949768066406,35.7978401184082,35.946311950683594,36.13471221923828,36.43870544433594,development
2025-04-19 08:00:00+00:00,43279099999,2025-04-19 06:00:00+00:00,2,35.0,35.0,35.0,37.9,0.08333333333333333,-0.38268343236508967,-0.9238795325112868,0.9590788900341131,-0.28313898122818354,-2.5,-2.1162043122265355,-2.8999999999999986,-6.727380952380951,2.254617019028804,0,0.0,0.0,1.0,True,38.93820870994248,37.901913723419305,35.373558044433594,34.469364166259766,34.799617767333984,35.01618194580078,35.20142364501953,35.373558044433594,35.54241943359375,35.73971176147461,35.98701858520508,36.373268127441406,35.785789489746094,34.86412811279297,35.204185485839844,35.42753601074219,35.61651611328125,35.785789489746094,35.95376205444336,36.144649505615234,36.37845993041992,36.74381637573242,development
2025-04-19 09:00:00+00:00,43279099999,2025-04-19 06:00:00+00:00,3,35.0,35.0,34.0,36.2,0.125,-0.6087614290087207,-0.7933533402912352,0.9590788900341131,-0.28313898122818354,-2.5,-1.9470019576785123,-2.200000000000003,-5.027380952380955,2.254617019028804,0,0.0,0.0,1.0,True,37.238208709942484,36.47161433552636,34.87810134887695,33.930335998535156,34.27640151977539,34.515987396240234,34.701698303222656,34.87810134887695,35.070068359375,35.27477264404297,35.5355110168457,35.95950698852539,35.20407485961914,34.25994110107422,34.61824417114258,34.85806655883789,35.036190032958984,35.20407485961914,35.386558532714844,35.5752067565918,35.807090759277344,36.191795349121094,development
2025-04-19 10:00:00+00:00,43279099999,2025-04-19 06:00:00+00:00,4,35.0,35.0,34.0,35.0,0.16666666666666666,-0.7933533402912349,-0.6087614290087209,0.9590788900341131,-0.28313898122818354,-2.5,-1.7913282764344731,-1.0,-3.8273809523809526,2.254617019028804,0,0.0,0.0,1.0,True,36.03820870994248,35.656314526990975,34.104896545410156,33.21522521972656,33.55073928833008,33.748714447021484,33.93886947631836,34.104896545410156,34.28464126586914,34.49500274658203,34.75537109375,35.189125061035156,34.32027816772461,33.473270416259766,33.80329895019531,33.99483108520508,34.16493225097656,34.32027816772461,34.4847412109375,34.6682014465332,34.89594650268555,35.2762451171875,development
2025-04-19 11:00:00+00:00,43279099999,2025-04-19 06:00:00+00:00,5,34.0,35.0,33.0,34.5,0.20833333333333334,-0.9238795325112868,-0.3826834323650895,0.9590788900341131,-0.28313898122818354,-2.5,-1.6481015755011095,-1.5,-3.3273809523809526,2.254617019028804,0,0.0,0.0,1.0,True,35.53820870994248,35.18475763220112,32.86301803588867,32.0404052734375,32.34943389892578,32.541664123535156,32.70846939086914,32.86301803588867,33.02206802368164,33.22639083862305,33.47848892211914,33.88901138305664,33.06242370605469,32.32276916503906,32.613616943359375,32.781288146972656,32.92351150512695,33.06242370605469,33.20079803466797,33.36928176879883,33.575958251953125,33.90582275390625,development
2025-04-19 12:00:00+00:00,43279099999,2025-04-19 06:00:00+00:00,6,33.0,35.0,32.0,32.8,0.25,-0.9914448613738104,-0.13052619222005163,0.9590788900341131,-0.28313898122818354,-2.5,-1.5163266492815834,-0.7999999999999972,-1.6273809523809497,2.254617019028804,0,0.0,0.0,1.0,True,33.83820870994248,33.775277873376325,31.777769088745117,31.0250301361084,31.303274154663086,31.484554290771484,31.638940811157227,31.777769088745117,31.934614181518555,32.10612106323242,32.3433952331543,32.73039245605469,31.94224739074707,31.29563331604004,31.551677703857422,31.7032470703125,31.82728385925293,31.94224739074707,32.07324981689453,32.20650863647461,32.3954963684082,32.69550323486328,development
2025-04-19 13:00:00+00:00,43279099999,2025-04-19 06:00:00+00:00,7,32.0,35.0,31.0,31.2,0.2916666666666667,-0.9914448613738105,0.13052619222005127,0.9590788900341131,-0.28313898122818354,-2.5,-1.3950878644251177,-0.1999999999999993,-0.02738095238095184,2.254617019028804,0,0.0,0.0,1.0,True,32.238208709942484,32.441113336152846,31.234432220458984,30.54575538635254,30.820003509521484,30.990493774414062,31.109615325927734,31.234432220458984,31.38596534729004,31.548179626464844,31.7547550201416,32.10981369018555,31.220489501953125,30.65981101989746,30.901002883911133,31.029878616333008,31.123687744140625,31.220489501953125,31.34333610534668,31.46914291381836,31.618295669555664,31.885644912719727,development
2025-04-19 14:00:00+00:00,43279099999,2025-04-19 06:00:00+00:00,8,31.0,35.0,31.0,30.7,0.3333333333333333,-0.923879532511287,0.38268343236508917,0.9590788900341131,-0.28313898122818354,-2.5,-1.2835427975814802,0.3000000000000007,0.47261904761904816,2.254617019028804,0,0.0,0.0,1.0,True,31.73820870994248,32.17231329861759,31.068758010864258,30.404203414916992,30.67581558227539,30.834699630737305,30.95199966430664,31.068758010864258,31.198823928833008,31.354259490966797,31.543434143066406,31.876205444335938,31.097978591918945,30.56686019897461,30.796279907226562,30.918088912963867,31.008474349975586,31.097978591918945,31.19773292541504,31.310882568359375,31.443819046020508,31.684585571289062,development
2025-04-19 15:00:00+00:00,43279099999,2025-04-19 06:00:00+00:00,9,31.0,35.0,31.0,30.4,0.375,-0.7933533402912357,0.6087614290087199,0.9590788900341131,-0.28313898122818354,-2.5,-1.1809163818525368,0.6000000000000014,0.7726190476190489,2.254617019028804,0,0.0,0.0,1.0,True,31.43820870994248,32.04662930352329,31.047773361206055,30.426755905151367,30.67336082458496,30.83098602294922,30.94183921813965,31.047773361206055,31.173717498779297,31.306331634521484,31.476810455322266,31.80299186706543,31.19866180419922,30.70408058166504,30.912137985229492,31.037540435791016,31.120641708374023,31.19866180419922,31.29072380065918,31.38918685913086,31.506446838378906,31.7387638092041,development
2025-04-19 16:00:00+00:00,43279099999,2025-04-19 06:00:00+00:00,10,31.0,35.0,31.0,30.1,0.4166666666666667,-0.6087614290087209,0.7933533402912349,0.9590788900341131,-0.28313898122818354,-2.5,-1.0864955212676954,0.8999999999999986,1.072619047619046,2.254617019028804,0,0.0,0.0,1.0,True,31.138208709942482,31.902923232180413,30.77760887145996,30.150239944458008,30.404512405395508,30.563621520996094,30.67835807800293,30.77760887145996,30.896015167236328,31.02215003967285,31.181304931640625,31.48412322998047,30.814041137695312,30.327966690063477,30.530447006225586,30.65544319152832,30.743881225585938,30.814041137695312,30.89720344543457,30.98943519592285,31.10622215270996,31.321311950683594,development
2025-04-19 17:00:00+00:00,43279099999,2025-04-19 06:00:00+00:00,11,31.0,35.0,30.0,29.8,0.4583333333333333,-0.38268343236508956,0.9238795325112868,0.9590788900341131,-0.28313898122818354,-2.5,-0.9996241358621184,0.1999999999999993,1.3726190476190467,2.254617019028804,0,0.0,0.0,1.0,True,30.83820870994248,31.5258245072136,30.30693817138672,29.675060272216797,29.938934326171875,30.089601516723633,30.19461441040039,30.30693817138672,30.433748245239258,30.551231384277344,30.712722778320312,31.008014678955078,30.331697463989258,29.849403381347656,30.054882049560547,30.17318344116211,30.253082275390625,30.331697463989258,30.42177391052246,30.50707244873047,30.631484985351562,30.838619232177734,development
2025-04-19 18:00:00+00:00,43279099999,2025-04-19 06:00:00+00:00,12,31.0,35.0,30.0,29.4,0.5,-0.13052619222005168,0.9914448613738104,0.9590788900341131,-0.28313898122818354,-2.5,-0.9196986029286058,0.6000000000000014,1.7726190476190489,2.254617019028804,0,0.0,0.0,1.0,True,30.43820870994248,31.258711149005304,30.031017303466797,29.387304306030273,29.65144157409668,29.80355453491211,29.91246223449707,30.031017303466797,30.154991149902344,30.289508819580078,30.44362449645996,30.728515625,30.144563674926758,29.64739227294922,29.85043716430664,29.974407196044922,30.06049919128418,30.144563674926758,30.231414794921875,30.3295955657959,30.442060470581055,30.644079208374023,development
2025-04-19 19:00:00+00:00,43279099999,2025-04-19 06:00:00+00:00,13,31.0,35.0,30.0,29.1,0.5416666666666666,0.13052619222005157,0.9914448613738104,0.9540665500578387,-0.2995947563972602,-2.5,-0.8461635627668556,0.8999999999999986,2.072619047619046,2.254617019028804,0,0.0,0.0,1.0,True,30.138208709942482,31.087232792188566,29.881498336791992,29.192129135131836,29.473539352416992,29.637981414794922,29.75757598876953,29.881498336791992,30.00252914428711,30.14058494567871,30.28822898864746,30.57798194885254,29.979032516479492,29.456939697265625,29.66807746887207,29.79570960998535,29.883747100830078,29.979032516479492,30.060245513916016,30.15263557434082,30.260845184326172,30.463376998901367,development
2025-04-19 20:00:00+00:00,43279099999,2025-04-19 06:00:00+00:00,14,31.0,35.0,30.0,28.8,0.5833333333333334,0.3826834323650898,0.9238795325112867,0.9540665500578387,-0.2995947563972602,-2.5,-0.7785080597864942,1.1999999999999993,2.3726190476190467,2.254617019028804,0,0.0,0.0,1.0,True,29.83820870994248,30.850519414287977,29.835105895996094,29.12785530090332,29.417882919311523,29.607295989990234,29.718116760253906,29.835105895996094,29.957523345947266,30.106464385986328,30.25653648376465,30.559669494628906,29.814083099365234,29.291675567626953,29.51336097717285,29.649887084960938,29.730588912963867,29.814083099365234,29.89406394958496,29.994279861450195,30.100046157836914,30.308717727661133,development
2025-04-19 21:00:00+00:00,43279099999,2025-04-19 06:00:00+00:00,15,30.0,35.0,30.0,28.5,0.625,0.6087614290087207,0.7933533402912352,0.9540665500578387,-0.2995947563972602,-2.5,-0.7162619921504753,1.5,2.6726190476190474,2.254617019028804,0,0.0,0.0,1.0,True,29.53820870994248,30.592399879979336,29.557405471801758,28.803510665893555,29.115934371948242,29.302541732788086,29.43548583984375,29.557405471801758,29.694564819335938,29.831995010375977,30.005159378051758,30.302024841308594,29.503026962280273,28.94868278503418,29.18159294128418,29.318220138549805,29.412500381469727,29.503026962280273,29.593778610229492,29.687997817993164,29.800519943237305,29.99912452697754,development
2025-04-19 22:00:00+00:00,43279099999,2025-04-19 06:00:00+00:00,16,30.0,35.0,30.0,28.3,0.6666666666666666,0.7933533402912352,0.6087614290087207,0.9540665500578387,-0.2995947563972602,-2.5,-0.6589928452893169,1.6999999999999993,2.8726190476190467,2.254617019028804,0,0.0,0.0,1.0,True,29.33820870994248,30.394738891385998,29.274608612060547,28.52796173095703,28.842172622680664,29.029172897338867,29.16687774658203,29.274608612060547,29.4056339263916,29.5498104095459,29.72621726989746,30.024757385253906,29.31586456298828,28.789989471435547,29.020404815673828,29.14849090576172,29.244674682617188,29.31586456298828,29.40364646911621,29.493637084960938,29.604745864868164,29.804656982421875,development
2025-04-19 23:00:00+00:00,43279099999,2025-04-19 06:00:00+00:00,17,30.0,35.0,29.0,27.9,0.7083333333333334,0.9238795325112867,0.38268343236508984,0.9540665500578387,-0.2995947563972602,-2.5,-0.6063026865891217,1.1000000000000014,3.272619047619049,2.254617019028804,0,0.0,0.0,1.0,True,28.93820870994248,29.81512471117949,29.096256256103516,28.29819107055664,28.642898559570312,28.83089828491211,28.975406646728516,29.096256256103516,29.212501525878906,29.371200561523438,29.547948837280273,29.851547241210938,29.06684112548828,28.521869659423828,28.769498825073242,28.889965057373047,28.986652374267578,29.06684112548828,29.13442611694336,29.224458694458008,29.333251953125,29.530067443847656,development
2025-04-20 00:00:00+00:00,43279099999,2025-04-19 06:00:00+00:00,18,30.0,35.0,29.0,27.5,0.75,0.9914448613738104,0.1305261922200517,0.9540665500578387,-0.2995947563972602,-2.5,-0.5578254003710745,1.5,3.6726190476190474,2.254617019028804,0,0.0,0.0,1.0,True,28.53820870994248,29.43954066330182,29.04568099975586,28.26008415222168,28.590713500976562,28.79513931274414,28.92755889892578,29.04568099975586,29.167997360229492,29.31700325012207,29.504802703857422,29.80511474609375,28.984176635742188,28.455005645751953,28.693187713623047,28.829891204833984,28.91169548034668,28.984176635742188,29.051551818847656,29.13060760498047,29.24260139465332,29.44200897216797,development
2025-04-20 01:00:00+00:00,43279099999,2025-04-19 06:00:00+00:00,19,30.0,35.0,29.0,27.6,0.7916666666666666,0.9914448613738104,-0.1305261922200516,0.9540665500578387,-0.2995947563972602,-2.5,-0.5132241439497732,1.3999999999999986,3.572619047619046,2.254617019028804,0,0.0,0.0,1.0,True,28.638208709942482,29.453614211178806,29.110462188720703,28.26249122619629,28.62195587158203,28.82863998413086,28.981670379638672,29.110462188720703,29.23919677734375,29.4061279296875,29.611797332763672,29.930843353271484,29.004749298095703,28.397905349731445,28.665321350097656,28.8124942779541,28.920124053955078,29.004749298095703,29.082048416137695,29.181901931762695,29.319364547729492,29.54397201538086,development
2025-04-20 02:00:00+00:00,43279099999,2025-04-19 06:00:00+00:00,20,30.0,35.0,30.0,29.5,0.8333333333333334,0.9238795325112868,-0.3826834323650895,0.9540665500578387,-0.2995947563972602,-2.5,-0.47218900709390454,0.5,1.6726190476190474,2.254617019028804,0,0.0,0.0,1.0,True,30.53820870994248,31.093737522168425,29.85022735595703,28.954286575317383,29.322723388671875,29.534090042114258,29.70111656188965,29.85022735595703,29.99534797668457,30.172657012939453,30.38511848449707,30.715560913085938,29.757442474365234,29.058425903320312,29.36051368713379,29.523197174072266,29.64501190185547,29.757442474365234,29.8566837310791,29.974315643310547,30.124284744262695,30.374927520751953,development
2025-04-20 03:00:00+00:00,43279099999,2025-04-19 06:00:00+00:00,21,32.0,35.0,31.0,31.9,0.875,0.7933533402912352,-0.6087614290087207,0.9540665500578387,-0.2995947563972602,-2.5,-0.43443485862611286,-0.8999999999999986,-0.7273809523809511,2.254617019028804,0,0.0,0.0,1.0,True,32.93820870994248,33.13486175360713,30.9741153717041,30.00356101989746,30.390668869018555,30.624820709228516,30.80579948425293,30.9741153717041,31.12986946105957,31.328454971313477,31.546998977661133,31.899229049682617,30.847198486328125,30.060365676879883,30.389490127563477,30.58121109008789,30.72007179260254,30.847198486328125,30.958526611328125,31.100494384765625,31.259132385253906,31.54304313659668,development
2025-04-20 04:00:00+00:00,43279099999,2025-04-19 06:00:00+00:00,22,34.0,35.0,33.0,34.2,0.9166666666666666,0.6087614290087209,-0.793353340291235,0.9540665500578387,-0.2995947563972602,-2.5,-0.39969936519923477,-1.2000000000000028,-3.0273809523809554,2.254617019028804,0,0.0,0.0,1.0,True,35.238208709942484,35.323592044128084,32.60383987426758,31.5450496673584,31.962478637695312,32.213104248046875,32.41957473754883,32.60383987426758,32.78410720825195,32.993431091308594,33.22893142700195,33.60854721069336,32.52703857421875,31.63191032409668,31.998281478881836,32.217323303222656,32.3836555480957,32.52703857421875,32.66638946533203,32.81804275512695,33.00775146484375,33.32382583618164,development
2025-04-20 05:00:00+00:00,43279099999,2025-04-19 06:00:00+00:00,23,35.0,35.0,34.0,36.0,0.9583333333333334,0.3826834323650899,-0.9238795325112867,0.9540665500578387,-0.2995947563972602,-2.5,-0.367741168482442,-2.0,-4.8273809523809526,2.254617019028804,0,0.0,0.0,1.0,True,37.03820870994248,36.9263615891261,33.72260284423828,32.46977996826172,32.947818756103516,33.25111389160156,33.49122619628906,33.72260284423828,33.950660705566406,34.191471099853516,34.46849060058594,34.90896987915039,33.76259231567383,32.57400131225586,33.04298400878906,33.33452224731445,33.55790710449219,33.76259231567383,33.96263885498047,34.169090270996094,34.426849365234375,34.83055877685547,development
2025-04-20 06:00:00+00:00,43279099999,2025-04-19 06:00:00+00:00,24,35.0,35.0,35.0,37.1,1.0,0.130526192220052,-0.9914448613738104,0.9540665500578387,-0.2995947563972602,-2.5,-0.33833820809153176,-2.1000000000000014,-5.927380952380954,2.254617019028804,0,0.0,0.0,1.0,True,38.13820870994248,38.00086976890033,34.46931838989258,33.21788024902344,33.710819244384766,34.01344299316406,34.24918746948242,34.46931838989258,34.687156677246094,34.91764831542969,35.184478759765625,35.615055084228516,34.629722595214844,33.26649856567383,33.807044982910156,34.13372039794922,34.39607620239258,34.629722595214844,34.86395263671875,35.10498809814453,35.38920211791992,35.83942413330078,development
2025-04-20 07:00:00+00:00,43279099999,2025-04-19 06:00:00+00:00,25,37.0,35.0,35.0,37.3,1.0416666666666667,-0.13052619222005177,-0.9914448613738104,0.9540665500578387,-0.2995947563972602,-2.5,-0.3112861786103074,-2.299999999999997,-6.12738095238095,2.254617019028804,0,0.0,0.0,1.0,True,38.33820870994248,38.17947425154912,34.712303161621094,33.38697814941406,33.89480972290039,34.21895980834961,34.473106384277344,34.712303161621094,34.940101623535156,35.195152282714844,35.48289108276367,35.95253372192383,34.95627975463867,33.498680114746094,34.05205535888672,34.40690231323242,34.688140869140625,34.95627975463867,35.20142364501953,35.469852447509766,35.778812408447266,36.27305221557617,development
2025-04-20 08:00:00+00:00,43279099999,2025-04-19 06:00:00+00:00,26,36.0,35.0,35.0,36.6,1.0833333333333333,-0.38268343236508967,-0.9238795325112868,0.9540665500578387,-0.2995947563972602,-2.5,-0.2863971099817193,-1.6000000000000014,-5.427380952380954,2.254617019028804,0,0.0,0.0,1.0,True,37.63820870994248,37.67362594671365,34.875762939453125,33.415565490722656,33.96035385131836,34.32126998901367,34.611759185791016,34.875762939453125,35.141273498535156,35.4221305847168,35.74848937988281,36.26464080810547,35.13237762451172,33.65601348876953,34.21409606933594,34.58020782470703,34.874141693115234,35.13237762451172,35.383880615234375,35.64608383178711,35.96925354003906,36.480995178222656,development
2025-04-20 09:00:00+00:00,43279099999,2025-04-19 06:00:00+00:00,27,36.0,35.0,34.0,36.3,1.125,-0.6087614290087207,-0.7933533402912352,0.9540665500578387,-0.2995947563972602,-2.5,-0.2634980614046608,-2.299999999999997,-5.12738095238095,2.254617019028804,0,0.0,0.0,1.0,True,37.33820870994248,37.28800698600423,34.54397201538086,33.00950622558594,33.56663131713867,33.94407653808594,34.25162124633789,34.54397201538086,34.826602935791016,35.146507263183594,35.49955368041992,36.0538330078125,34.83810806274414,33.38976287841797,33.926998138427734,34.279823303222656,34.56388854980469,34.83810806274414,35.09445571899414,35.375404357910156,35.70147705078125,36.21659851074219,development
2025-04-20 10:00:00+00:00,43279099999,2025-04-19 06:00:00+00:00,28,35.0,35.0,34.0,35.9,1.1666666666666667,-0.7933533402912349,-0.6087614290087209,0.9540665500578387,-0.2995947563972602,-2.5,-0.24242991966101263,-1.8999999999999986,-4.727380952380951,2.254617019028804,0,0.0,0.0,1.0,True,36.93820870994248,37.05144499307577,33.802452087402344,32.47001647949219,32.963470458984375,33.30345153808594,33.56119155883789,33.802452087402344,34.0654296875,34.34735107421875,34.67805480957031,35.19041442871094,34.010589599609375,32.821983337402344,33.28435134887695,33.57691955566406,33.80140686035156,34.010589599609375,34.23594284057617,34.47414779663086,34.75697708129883,35.20844268798828,development
2025-04-20 11:00:00+00:00,43279099999,2025-04-19 06:00:00+00:00,29,35.0,35.0,33.0,34.6,1.2083333333333333,-0.9238795325112868,-0.3826834323650895,0.9540665500578387,-0.2995947563972602,-2.5,-0.22304629352315028,-1.6000000000000014,-3.427380952380954,2.254617019028804,0,0.0,0.0,1.0,True,35.63820870994248,35.90881255077441,32.7554817199707,31.63132667541504,32.06793975830078,32.354156494140625,32.556156158447266,32.7554817199707,32.96480941772461,33.203895568847656,33.48729705810547,33.95063018798828,32.97388458251953,31.98332977294922,32.38433074951172,32.6309814453125,32.80164337158203,32.97388458251953,33.155662536621094,33.34840774536133,33.58330535888672,33.984954833984375,development
2025-04-20 12:00:00+00:00,43279099999,2025-04-19 06:00:00+00:00,30,34.0,35.0,32.0,32.6,1.25,-0.9914448613738104,-0.13052619222005163,0.9540665500578387,-0.2995947563972602,-2.5,-0.205212496559747,-0.6000000000000014,-1.427380952380954,2.254617019028804,0,0.0,0.0,1.0,True,33.63820870994248,34.22356327620219,31.785472869873047,30.75701904296875,31.15804672241211,31.42807388305664,31.611019134521484,31.785472869873047,31.97802734375,32.203163146972656,32.464622497558594,32.90668487548828,31.790416717529297,30.958234786987305,31.29171371459961,31.508907318115234,31.65433120727539,31.790416717529297,31.936603546142578,32.10507583618164,32.3028678894043,32.652374267578125,development
2025-04-20 13:00:00+00:00,43279099999,2025-04-19 06:00:00+00:00,31,33.0,35.0,31.0,30.9,1.2916666666666667,-0.9914448613738105,0.13052619222005127,0.9540665500578387,-0.2995947563972602,-2.5,-0.1888046112719344,0.10000000000000142,0.27261904761904887,2.254617019028804,0,0.0,0.0,1.0,True,31.93820870994248,32.77359141623812,31.216907501220703,30.261964797973633,30.663795471191406,30.906700134277344,31.06378746032715,31.216907501220703,31.390602111816406,31.602191925048828,31.84133529663086,32.259220123291016,31.095279693603516,30.346792221069336,30.666820526123047,30.85332679748535,30.977767944335938,31.095279693603516,31.231033325195312,31.38479232788086,31.563268661499023,31.884462356567383,development
2025-04-20 14:00:00+00:00,43279099999,2025-04-19 06:00:00+00:00,32,32.0,35.0,31.0,30.3,1.3333333333333333,-0.923879532511287,0.38268343236508917,0.9540665500578387,-0.2995947563972602,-2.5,-0.17370862805700385,0.6999999999999993,0.8726190476190467,2.254617019028804,0,0.0,0.0,1.0,True,31.33820870994248,32.39197868557266,31.054353713989258,30.166183471679688,30.5376033782959,30.765933990478516,30.904829025268555,31.054353713989258,31.214336395263672,31.394359588623047,31.605072021484375,31.997066497802734,30.975236892700195,30.280590057373047,30.57440948486328,30.74562644958496,30.858354568481445,30.975236892700195,31.09621238708496,31.23166847229004,31.388818740844727,31.681413650512695,development
2025-04-20 15:00:00+00:00,43279099999,2025-04-19 06:00:00+00:00,33,31.0,35.0,31.0,29.9,1.375,-0.7933533402912357,0.6087614290087199,0.9540665500578387,-0.2995947563972602,-2.5,-0.15981965301676893,1.1000000000000014,1.2726190476190489,2.254617019028804,0,0.0,0.0,1.0,True,30.93820870994248,32.15623718959508,31.004608154296875,30.177101135253906,30.53270149230957,30.734416961669922,30.86719512939453,31.004608154296875,31.154043197631836,31.314403533935547,31.512575149536133,31.8836612701416,30.88282585144043,30.23223114013672,30.516878128051758,30.668533325195312,30.774761199951172,30.88282585144043,30.992755889892578,31.113386154174805,31.264301300048828,31.540754318237305,development
2025-04-20 16:00:00+00:00,43279099999,2025-04-19 06:00:00+00:00,34,31.0,35.0,31.0,29.5,1.4166666666666667,-0.6087614290087209,0.7933533402912349,0.9540665500578387,-0.2995947563972602,-2.5,-0.1470411791060747,1.5,1.6726190476190474,2.254617019028804,0,0.0,0.0,1.0,True,30.53820870994248,31.90500851660695,30.727344512939453,29.934560775756836,30.27569007873535,30.475492477416992,30.602962493896484,30.727344512939453,30.876344680786133,31.02323341369629,31.211753845214844,31.56032371520996,30.562625885009766,29.935928344726562,30.20528793334961,30.361528396606445,30.472658157348633,30.562625885009766,30.67617416381836,30.78885269165039,30.93001937866211,31.194318771362305,development
2025-04-20 17:00:00+00:00,43279099999,2025-04-19 06:00:00+00:00,35,31.0,35.0,30.0,29.2,1.4583333333333333,-0.38268343236508956,0.9238795325112868,0.9540665500578387,-0.2995947563972602,-2.5,-0.13528441555705403,0.8000000000000007,1.9726190476190482,2.254617019028804,0,0.0,0.0,1.0,True,30.23820870994248,31.5010730688587,30.14365577697754,29.341407775878906,29.679718017578125,29.890840530395508,30.004079818725586,30.14365577697754,30.284494400024414,30.440383911132812,30.62663459777832,30.963449478149414,30.091548919677734,29.473283767700195,29.73453140258789,29.898006439208984,29.990875244140625,30.091548919677734,30.192075729370117,30.306718826293945,30.446674346923828,30.69649314880371,development
2025-04-20 18:00:00+00:00,43279099999,2025-04-19 06:00:00+00:00,36,31.0,35.0,30.0,29.0,1.5,-0.13052619222005168,0.9914448613738104,0.9540665500578387,-0.2995947563972602,-2.5,-0.12446767091965986,1.0,2.1726190476190474,2.254617019028804,0,0.0,0.0,1.0,True,30.03820870994248,31.365976051704862,29.963626861572266,29.113344192504883,29.468469619750977,29.673917770385742,29.818496704101562,29.963626861572266,30.121891021728516,30.281938552856445,30.479616165161133,30.81352424621582,29.971023559570312,29.301651000976562,29.580724716186523,29.742549896240234,29.8549861907959,29.971023559570312,30.081769943237305,30.199508666992188,30.349952697753906,30.603525161743164,development
2025-04-20 19:00:00+00:00,43279099999,2025-04-19 06:00:00+00:00,37,31.0,35.0,30.0,28.7,1.5416666666666667,0.13052619222005157,0.9914448613738104,0.9487718864399473,-0.31596187665790293,-2.5,-0.11451578543155369,1.3000000000000007,2.472619047619048,2.254617019028804,0,0.0,0.0,1.0,True,29.73820870994248,31.172113382592272,29.798629760742188,28.932819366455078,29.301633834838867,29.497207641601562,29.646076202392578,29.798629760742188,29.93647003173828,30.10240936279297,30.287288665771484,30.613496780395508,29.86815071105957,29.19741439819336,29.489778518676758,29.63799285888672,29.7573299407959,29.86815071105957,29.96523666381836,30.081411361694336,30.220623016357422,30.464937210083008,development
2025-04-20 20:00:00+00:00,43279099999,2025-04-19 06:00:00+00:00,38,30.0,35.0,30.0,28.4,1.5833333333333333,0.3826834323650898,0.9238795325112867,0.9487718864399473,-0.31596187665790293,-2.5,-0.10535960877319102,1.6000000000000014,2.772619047619049,2.254617019028804,0,0.0,0.0,1.0,True,29.43820870994248,30.91449954397443,29.731250762939453,28.84218406677246,29.218555450439453,29.433109283447266,29.581222534179688,29.731250762939453,29.87370491027832,30.03119659423828,30.21503257751465,30.539884567260742,29.6868839263916,28.9979305267334,29.293678283691406,29.457347869873047,29.571727752685547,29.6868839263916,29.785512924194336,29.89786148071289,30.03374481201172,30.2877140045166,development
2025-04-20 21:00:00+00:00,43279099999,2025-04-19 06:00:00+00:00,39,30.0,35.0,30.0,28.0,1.625,0.6087614290087207,0.7933533402912352,0.9487718864399473,-0.31596187665790293,-2.5,-0.09693551957930502,2.0,3.1726190476190474,2.254617019028804,0,0.0,0.0,1.0,True,29.03820870994248,30.558796998541467,29.53403091430664,28.611507415771484,28.99908447265625,29.228553771972656,29.39150619506836,29.53403091430664,29.6697940826416,29.836183547973633,30.030458450317383,30.3475399017334,29.3975772857666,28.70878028869629,29.0112361907959,29.173871994018555,29.295114517211914,29.3975772857666,29.49065589904785,29.603742599487305,29.7430362701416,29.976123809814453,development
2025-04-20 22:00:00+00:00,43279099999,2025-04-19 06:00:00+00:00,40,30.0,35.0,30.0,27.6,1.6666666666666667,0.7933533402912352,0.6087614290087207,0.9487718864399473,-0.31596187665790293,-2.5,-0.089184983368131,2.3999999999999986,3.572619047619046,2.254617019028804,0,0.0,0.0,1.0,True,28.638208709942482,30.18673683395271,29.248830795288086,28.316730499267578,28.70419692993164,28.944372177124023,29.105602264404297,29.248830795288086,29.383468627929688,29.544239044189453,29.755544662475586,30.081205368041992,29.18843650817871,28.50375747680664,28.80462646484375,28.97010040283203,29.08746337890625,29.18843650817871,29.2828426361084,29.393688201904297,29.537633895874023,29.785520553588867,development
2025-04-20 23:00:00+00:00,43279099999,2025-04-19 06:00:00+00:00,41,30.0,35.0,29.0,27.2,1.7083333333333333,0.9238795325112867,0.38268343236508984,0.9487718864399473,-0.31596187665790293,-2.5,-0.08205414581665801,1.8000000000000007,3.972619047619048,2.254617019028804,0,0.0,0.0,1.0,True,28.23820870994248,29.590845358573056,29.04263687133789,28.105154037475586,28.517587661743164,28.74610137939453,28.91352081298828,29.04263687133789,29.17018699645996,29.341720581054688,29.56403923034668,29.91507339477539,28.98958396911621,28.312875747680664,28.62803840637207,28.781240463256836,28.900678634643555,28.98958396911621,29.07266616821289,29.182018280029297,29.33481788635254,29.591562271118164,development
2025-04-21 00:00:00+00:00,43279099999,2025-04-19 06:00:00+00:00,42,30.0,35.0,29.0,27.6,1.75,0.9914448613738104,0.1305261922200517,0.9487718864399473,-0.31596187665790293,-2.5,-0.07549345855579626,1.3999999999999986,3.572619047619046,2.254617019028804,0,0.0,0.0,1.0,True,28.638208709942482,29.82711474801193,29.00657081604004,28.063396453857422,28.481449127197266,28.71051025390625,28.87704849243164,29.00657081604004,29.150550842285156,29.337261199951172,29.559961318969727,29.927310943603516,28.954832077026367,28.25907325744629,28.584346771240234,28.744306564331055,28.861635208129883,28.954832077026367,29.0500545501709,29.175817489624023,29.325477600097656,29.59912109375,development
2025-04-21 01:00:00+00:00,43279099999,2025-04-19 06:00:00+00:00,43,30.0,35.0,29.0,27.9,1.7916666666666667,0.9914448613738104,-0.1305261922200516,0.9487718864399473,-0.31596187665790293,-2.5,-0.06945733488531063,1.1000000000000014,3.272619047619049,2.254617019028804,0,0.0,0.0,1.0,True,28.93820870994248,29.984117180950662,29.084989547729492,28.14348602294922,28.54669761657715,28.779287338256836,28.939403533935547,29.084989547729492,29.231698989868164,29.420434951782227,29.644948959350586,30.043119430541992,29.039794921875,28.33774185180664,28.65047836303711,28.82257843017578,28.93442726135254,29.039794921875,29.139244079589844,29.26087188720703,29.417627334594727,29.721525192260742,development
2025-04-21 02:00:00+00:00,43279099999,2025-04-19 06:00:00+00:00,44,30.0,35.0,30.0,29.7,1.8333333333333333,0.9238795325112868,-0.3826834323650895,0.9487718864399473,-0.31596187665790293,-2.5,-0.06390383301626851,0.3000000000000007,1.4726190476190482,2.254617019028804,0,0.0,0.0,1.0,True,30.73820870994248,31.533210062734913,29.762121200561523,28.839031219482422,29.220783233642578,29.439125061035156,29.609203338623047,29.762121200561523,29.91866683959961,30.102718353271484,30.339096069335938,30.73223114013672,29.72469139099121,28.990259170532227,29.311641693115234,29.481304168701172,29.61104965209961,29.72469139099121,29.838220596313477,29.968650817871094,30.137035369873047,30.45170783996582,development
2025-04-21 03:00:00+00:00,43279099999,2025-04-19 06:00:00+00:00,45,31.0,35.0,31.0,31.9,1.875,0.7933533402912352,-0.6087614290087207,0.9487718864399473,-0.31596187665790293,-2.5,-0.058794364640022766,-0.8999999999999986,-0.7273809523809511,2.254617019028804,0,0.0,0.0,1.0,True,32.93820870994248,33.40596378457414,30.807861328125,29.783023834228516,30.203189849853516,30.455989837646484,30.63624382019043,30.807861328125,30.98655128479004,31.20117950439453,31.464492797851562,31.88751983642578,30.74843978881836,29.896820068359375,30.264909744262695,30.47017478942871,30.619016647338867,30.74843978881836,30.8832950592041,31.04065704345703,31.239580154418945,31.596628189086914,development
2025-04-21 04:00:00+00:00,43279099999,2025-04-19 06:00:00+00:00,46,33.0,35.0,33.0,33.7,1.9166666666666667,0.6087614290087209,-0.793353340291235,0.9487718864399473,-0.31596187665790293,-2.5,-0.054093426798732726,-0.7000000000000028,-2.5273809523809554,2.254617019028804,0,0.0,0.0,1.0,True,34.738208709942484,35.19219512587602,32.260562896728516,31.15553855895996,31.596921920776367,31.862924575805664,32.06121826171875,32.260562896728516,32.44548416137695,32.672237396240234,32.95452880859375,33.4080696105957,32.12775802612305,31.153011322021484,31.55421257019043,31.792509078979492,31.964046478271484,32.12775802612305,32.270755767822266,32.44975662231445,32.67679977416992,33.07624816894531,development
2025-04-21 05:00:00+00:00,43279099999,2025-04-19 06:00:00+00:00,47,34.0,35.0,34.0,35.1,1.9583333333333333,0.3826834323650899,-0.9238795325112867,0.9487718864399473,-0.31596187665790293,-2.5,-0.049768355194334216,-1.1000000000000014,-3.927380952380954,2.254617019028804,0,0.0,0.0,1.0,True,36.13820870994248,36.47167735638139,33.46381759643555,32.00264358520508,32.562347412109375,32.90835189819336,33.195987701416016,33.46381759643555,33.73170852661133,34.03632736206055,34.392127990722656,34.951271057128906,33.24097442626953,31.897348403930664,32.42669677734375,32.74554443359375,33.00751876831055,33.24097442626953,33.463645935058594,33.72470474243164,34.02995681762695,34.53156280517578,development
2025-04-21 06:00:00+00:00,43279099999,2025-04-19 06:00:00+00:00,48,35.0,35.0,35.0,35.5,2.0,0.130526192220052,-0.9914448613738104,0.9487718864399473,-0.31596187665790293,-2.5,-0.04578909722183545,-0.5,-4.3273809523809526,2.254617019028804,0,0.0,0.0,1.0,True,36.53820870994248,36.988626620523284,34.22419738769531,32.67129898071289,33.255863189697266,33.62932586669922,33.937171936035156,34.22419738769531,34.4919548034668,34.801605224609375,35.167205810546875,35.743751525878906,33.928375244140625,32.378841400146484,32.962921142578125,33.34213638305664,33.652244567871094,33.928375244140625,34.177303314208984,34.460182189941406,34.80801010131836,35.36541748046875,development
2025-04-21 07:00:00+00:00,42410099999,2025-04-21 06:00:00+00:00,1,30.0,29.0,32.0,27.3,0.041666666666666664,-0.13052619222005177,-0.9914448613738104,0.9487718864399473,-0.31596187665790293,2.8999999999999986,2.668128802425036,4.699999999999999,-0.9785714285714278,3.2354462203686776,0,1.0,0.0,0.0,True,27.839471440750213,30.410486954197385,29.882877349853516,28.538244247436523,29.058631896972656,29.362287521362305,29.6254940032959,29.882877349853516,30.137630462646484,30.381847381591797,30.664093017578125,31.17594337463379,29.818513870239258,28.247173309326172,28.853225708007812,29.223175048828125,29.53460693359375,29.818513870239258,30.097408294677734,30.375957489013672,30.705556869506836,31.272077560424805,development
2025-04-21 08:00:00+00:00,42410099999,2025-04-21 06:00:00+00:00,2,30.0,29.0,33.0,28.3,0.08333333333333333,-0.38268343236508967,-0.9238795325112868,0.9487718864399473,-0.31596187665790293,2.8999999999999986,2.45479700218278,4.699999999999999,-1.9785714285714278,3.2354462203686776,0,1.0,0.0,0.0,True,28.839471440750213,31.363487820580715,30.455942153930664,28.484046936035156,29.211074829101562,29.69288444519043,30.107772827148438,30.455942153930664,30.80746078491211,31.18553924560547,31.640270233154297,32.346397399902344,30.534780502319336,28.290014266967773,29.12734603881836,29.68498992919922,30.161561965942383,30.534780502319336,30.901470184326172,31.30428123474121,31.80624771118164,32.563865661621094,development
2025-04-21 09:00:00+00:00,42410099999,2025-04-21 06:00:00+00:00,3,31.0,29.0,32.0,26.1,0.125,-0.6087614290087207,-0.7933533402912352,0.9487718864399473,-0.31596187665790293,2.8999999999999986,2.258522270907073,5.899999999999999,0.22142857142857153,3.2354462203686776,0,1.0,0.0,0.0,True,26.639471440750214,29.41084360032898,30.66786766052246,28.401155471801758,29.242116928100586,29.79651641845703,30.267967224121094,30.66786766052246,31.058076858520508,31.46503448486328,31.985492706298828,32.826541900634766,30.653947830200195,27.96044921875,28.92083740234375,29.593942642211914,30.166824340820312,30.653947830200195,31.128952026367188,31.611356735229492,32.21445083618164,33.14743423461914,development
2025-04-21 10:00:00+00:00,42410099999,2025-04-21 06:00:00+00:00,4,31.0,29.0,32.0,27.1,0.16666666666666666,-0.7933533402912349,-0.6087614290087209,0.9487718864399473,-0.31596187665790293,2.8999999999999986,2.077940800663988,4.899999999999999,-0.7785714285714285,3.2354462203686776,0,1.0,0.0,0.0,True,27.639471440750214,30.199188075336036,30.26165008544922,27.71761131286621,28.673189163208008,29.25724220275879,29.78907012939453,30.26165008544922,30.72464942932129,31.218788146972656,31.788192749023438,32.74374771118164,30.222320556640625,27.327939987182617,28.371679306030273,29.05146598815918,29.674829483032227,30.222320556640625,30.757156372070312,31.32935905456543,32.001094818115234,33.03187561035156,development
2025-04-21 11:00:00+00:00,42410099999,2025-04-21 06:00:00+00:00,5,31.0,29.0,32.0,27.1,0.20833333333333334,-0.9238795325112868,-0.3826834323650895,0.9487718864399473,-0.31596187665790293,2.8999999999999986,1.911797827581286,4.899999999999999,-0.7785714285714285,3.2354462203686776,0,1.0,0.0,0.0,True,27.639471440750214,30.22081661613222,29.49538803100586,26.912940979003906,27.881874084472656,28.492034912109375,29.008928298950195,29.49538803100586,29.97056007385254,30.494661331176758,31.15190315246582,32.19320297241211,29.342641830444336,26.38575553894043,27.441307067871094,28.135631561279297,28.755977630615234,29.342641830444336,29.928972244262695,30.553417205810547,31.310710906982422,32.43534469604492,development
2025-04-21 12:00:00+00:00,42410099999,2025-04-21 06:00:00+00:00,6,30.0,29.0,25.0,25.9,0.25,-0.9914448613738104,-0.13052619222005163,0.9487718864399473,-0.31596187665790293,2.8999999999999986,1.758938913166636,-0.8999999999999986,0.4214285714285744,3.2354462203686776,0,1.0,0.0,0.0,True,26.43947144075021,27.829725282403864,27.93037986755371,25.583131790161133,26.504474639892578,27.050323486328125,27.53281593322754,27.93037986755371,28.356958389282227,28.854835510253906,29.538875579833984,30.58985710144043,27.95636749267578,25.192630767822266,26.187223434448242,26.825223922729492,27.42279052734375,27.95636749267578,28.519874572753906,29.131908416748047,29.93181800842285,31.06096839904785,development
2025-04-21 13:00:00+00:00,42410099999,2025-04-21 06:00:00+00:00,7,29.0,29.0,25.0,23.7,0.2916666666666667,-0.9914448613738105,0.13052619222005127,0.9487718864399473,-0.31596187665790293,2.8999999999999986,1.6183019227331357,1.3000000000000007,2.6214285714285737,3.2354462203686776,0,1.0,0.0,0.0,True,24.23947144075021,26.143824407149825,26.493053436279297,24.14264678955078,25.06753921508789,25.622804641723633,26.064796447753906,26.493053436279297,26.951133728027344,27.482635498046875,28.169740676879883,29.242168426513672,26.487041473388672,23.94920539855957,24.901660919189453,25.489681243896484,25.9863224029541,26.487041473388672,27.012155532836914,27.60003089904785,28.35788345336914,29.475296020507812,development
2025-04-21 14:00:00+00:00,42410099999,2025-04-21 06:00:00+00:00,8,28.0,29.0,24.0,23.4,0.3333333333333333,-0.923879532511287,0.38268343236508917,0.9487718864399473,-0.31596187665790293,2.8999999999999986,1.488909645194516,0.6000000000000014,2.9214285714285744,3.2354462203686776,0,1.0,0.0,0.0,True,23.93947144075021,25.73370253536079,25.67612075805664,23.572021484375,24.41258430480957,24.92687225341797,25.314483642578125,25.67612075805664,26.077213287353516,26.592153549194336,27.268632888793945,28.31580352783203,25.58062744140625,23.524757385253906,24.332534790039062,24.829708099365234,25.227724075317383,25.58062744140625,25.97616958618164,26.48317527770996,27.169448852539062,28.169803619384766,development
2025-04-21 15:00:00+00:00,42410099999,2025-04-21 06:00:00+00:00,9,28.0,29.0,26.0,22.8,0.375,-0.7933533402912357,0.6087614290087199,0.9487718864399473,-0.31596187665790293,2.8999999999999986,1.369863002948942,3.1999999999999993,3.5214285714285722,3.2354462203686776,0,1.0,0.0,0.0,True,23.339471440750213,25.717654476639964,25.236488342285156,23.24699592590332,24.03105354309082,24.534347534179688,24.904380798339844,25.236488342285156,25.626235961914062,26.12116813659668,26.76944351196289,27.807605743408203,25.141597747802734,23.253204345703125,23.981857299804688,24.44835662841797,24.814916610717773,25.141597747802734,25.505552291870117,25.9804744720459,26.618083953857422,27.578758239746094,development
2025-04-21 16:00:00+00:00,42410099999,2025-04-21 06:00:00+00:00,10,26.0,29.0,26.0,22.9,0.4166666666666667,-0.6087614290087209,0.7933533402912349,0.9487718864399473,-0.31596187665790293,2.8999999999999986,1.260334804670526,3.1000000000000014,3.4214285714285744,3.2354462203686776,0,1.0,0.0,0.0,True,23.43947144075021,25.814496744090135,25.05974006652832,23.1691837310791,23.889522552490234,24.368085861206055,24.722148895263672,25.05974006652832,25.448528289794922,25.913114547729492,26.521604537963867,27.524534225463867,24.971893310546875,23.24818992614746,23.88566017150879,24.308788299560547,24.654159545898438,24.971893310546875,25.333757400512695,25.773035049438477,26.355709075927734,27.233177185058594,development
2025-04-21 17:00:00+00:00,42410099999,2025-04-21 06:00:00+00:00,11,26.0,29.0,26.0,23.0,0.4583333333333333,-0.38268343236508956,0.9238795325112868,0.9487718864399473,-0.31596187665790293,2.8999999999999986,1.159563997600057,3.0,3.321428571428573,3.2354462203686776,0,1.0,0.0,0.0,True,23.539471440750212,25.895720218717084,24.631114959716797,22.801889419555664,23.502227783203125,23.96124267578125,24.281150817871094,24.631114959716797,25.019611358642578,25.428091049194336,26.012802124023438,26.960556030273438,24.655752182006836,23.02149200439453,23.63125228881836,24.032400131225586,24.332059860229492,24.655752182006836,25.003435134887695,25.383390426635742,25.926685333251953,26.73398780822754,development
2025-04-21 18:00:00+00:00,42410099999,2025-04-21 06:00:00+00:00,12,26.0,29.0,24.0,22.7,0.5,-0.13052619222005168,0.9914448613738104,0.9487718864399473,-0.31596187665790293,2.8999999999999986,1.0668503793971822,1.3000000000000007,3.6214285714285737,3.2354462203686776,0,1.0,0.0,0.0,True,23.23947144075021,25.221384943893188,24.26195526123047,22.552492141723633,23.182939529418945,23.605262756347656,23.91684913635254,24.26195526123047,24.627870559692383,25.03008270263672,25.532751083374023,26.394834518432617,24.31031036376953,22.784835815429688,23.332096099853516,23.702577590942383,23.995738983154297,24.31031036376953,24.638254165649414,25.001848220825195,25.460758209228516,26.19046401977539,development
2025-04-21 19:00:00+00:00,42410099999,2025-04-21 06:00:00+00:00,13,26.0,29.0,24.0,22.4,0.5416666666666666,0.13052619222005157,0.9914448613738104,0.9431964659565866,-0.33223549871590435,2.8999999999999986,0.9815497328095519,1.6000000000000014,3.9214285714285744,3.2354462203686776,0,1.0,0.0,0.0,True,22.93947144075021,24.993810806197736,23.95756721496582,22.33957862854004,22.94031524658203,23.33957862854004,23.63520622253418,23.95756721496582,24.296031951904297,24.63509178161621,25.072681427001953,25.857837677001953,24.03451919555664,22.584228515625,23.104646682739258,23.461650848388672,23.738426208496094,24.03451919555664,24.33751678466797,24.643888473510742,25.047964096069336,25.685611724853516,development
2025-04-21 20:00:00+00:00,42410099999,2025-04-21 06:00:00+00:00,14,25.0,29.0,24.0,22.4,0.5833333333333334,0.3826834323650898,0.9238795325112867,0.9431964659565866,-0.33223549871590435,2.8999999999999986,0.9030693493523329,1.6000000000000014,3.9214285714285744,3.2354462203686776,0,1.0,0.0,0.0,True,22.93947144075021,24.939947421859877,23.653581619262695,22.100400924682617,22.69926643371582,23.093597412109375,23.372220993041992,23.653581619262695,23.957679748535156,24.266332626342773,24.637346267700195,25.427444458007812,23.714120864868164,22.320295333862305,22.850614547729492,23.199953079223633,23.458782196044922,23.714120864868164,23.9794979095459,24.253297805786133,24.58720588684082,25.223548889160156,development
2025-04-21 21:00:00+00:00,42410099999,2025-04-21 06:00:00+00:00,15,25.0,29.0,24.0,22.3,0.625,0.6087614290087207,0.7933533402912352,0.9431964659565866,-0.33223549871590435,2.8999999999999986,0.8308639108945508,1.6999999999999993,4.021428571428572,3.2354462203686776,0,1.0,0.0,0.0,True,22.839471440750213,24.790498781874017,23.568466186523438,21.97390365600586,22.595975875854492,23.014726638793945,23.30107307434082,23.568466186523438,23.856203079223633,24.1365966796875,24.52024269104004,25.302709579467773,23.546283721923828,22.137531280517578,22.677595138549805,23.04449462890625,23.30413246154785,23.546283721923828,23.79486083984375,24.03421401977539,24.36725616455078,24.99677085876465,development
2025-04-21 22:00:00+00:00,42410099999,2025-04-21 06:00:00+00:00,16,25.0,29.0,24.0,22.3,0.6666666666666666,0.7933533402912352,0.6087614290087207,0.9431964659565866,-0.33223549871590435,2.8999999999999986,0.7644317005356073,1.6999999999999993,4.021428571428572,3.2354462203686776,0,1.0,0.0,0.0,True,22.839471440750213,24.7053494679742,23.414194107055664,21.88115882873535,22.509872436523438,22.917451858520508,23.192800521850586,23.414194107055664,23.66663360595703,23.92755126953125,24.313650131225586,25.08173179626465,23.424896240234375,22.039003372192383,22.58860969543457,22.95800018310547,23.222328186035156,23.424896240234375,23.65281105041504,23.87589454650879,24.212018966674805,24.837982177734375,development
2025-04-21 23:00:00+00:00,42410099999,2025-04-21 06:00:00+00:00,17,25.0,29.0,24.0,22.3,0.7083333333333334,0.9238795325112867,0.38268343236508984,0.9431964659565866,-0.33223549871590435,2.8999999999999986,0.7033111164433808,1.6999999999999993,4.021428571428572,3.2354462203686776,0,1.0,0.0,0.0,True,22.839471440750213,24.610435762306313,23.333295822143555,21.79205322265625,22.44718360900879,22.848974227905273,23.116159439086914,23.333295822143555,23.565710067749023,23.86223030090332,24.268400192260742,25.040735244750977,23.386629104614258,21.98382568359375,22.55724334716797,22.922752380371094,23.184776306152344,23.386629104614258,23.59585189819336,23.847721099853516,24.211116790771484,24.860530853271484,development
2025-04-22 00:00:00+00:00,42410099999,2025-04-21 06:00:00+00:00,18,25.0,29.0,24.0,22.5,0.75,0.9914448613738104,0.1305261922200517,0.9431964659565866,-0.33223549871590435,2.8999999999999986,0.6470774644304461,1.5,3.821428571428573,3.2354462203686776,0,1.0,0.0,0.0,True,23.039471440750212,24.66756286395618,23.466676712036133,21.9553165435791,22.61469078063965,23.014453887939453,23.261226654052734,23.466676712036133,23.696090698242188,24.00327491760254,24.463321685791016,25.230525970458984,23.579626083374023,22.207279205322266,22.78194808959961,23.144546508789062,23.390949249267578,23.579626083374023,23.77483367919922,24.028911590576172,24.436582565307617,25.086565017700195,development
2025-04-22 01:00:00+00:00,42410099999,2025-04-21 06:00:00+00:00,19,25.0,29.0,25.0,23.1,0.7916666666666666,0.9914448613738104,-0.1305261922200516,0.9431964659565866,-0.33223549871590435,2.8999999999999986,0.5953400069817366,1.8999999999999986,3.2214285714285715,3.2354462203686776,0,1.0,0.0,0.0,True,23.639471440750214,25.250932898503518,24.206680297851562,22.537002563476562,23.267921447753906,23.689979553222656,23.95485496520996,24.206680297851562,24.494890213012695,24.875925064086914,25.392011642456055,26.23492431640625,24.17787742614746,22.622482299804688,23.26282501220703,23.653522491455078,23.934097290039062,24.17787742614746,24.439085006713867,24.775129318237305,25.261032104492188,26.013648986816406,development
2025-04-22 02:00:00+00:00,42410099999,2025-04-21 06:00:00+00:00,20,26.0,29.0,25.0,23.6,0.8333333333333334,0.9238795325112868,-0.3826834323650895,0.9431964659565866,-0.33223549871590435,2.8999999999999986,0.547739248228929,1.3999999999999986,2.7214285714285715,3.2354462203686776,0,1.0,0.0,0.0,True,24.139471440750214,25.550489628248304,25.094924926757812,23.11846351623535,23.9462947845459,24.430177688598633,24.77345085144043,25.094924926757812,25.450878143310547,25.907102584838867,26.468507766723633,27.34617805480957,24.900066375732422,23.045446395874023,23.776905059814453,24.229639053344727,24.587553024291992,24.900066375732422,25.22597312927246,25.63873863220215,26.170753479003906,26.979307174682617,development
2025-04-22 03:00:00+00:00,42410099999,2025-04-21 06:00:00+00:00,21,27.0,29.0,26.0,24.5,0.875,0.7933533402912352,-0.6087614290087207,0.9431964659565866,-0.33223549871590435,2.8999999999999986,0.5039444360062907,1.5,1.821428571428573,3.2354462203686776,0,1.0,0.0,0.0,True,25.039471440750212,26.387173411296725,26.14826202392578,23.958925247192383,24.849079132080078,25.391386032104492,25.777042388916016,26.14826202392578,26.549327850341797,27.03791046142578,27.603729248046875,28.5086612701416,25.697357177734375,23.6840877532959,24.457143783569336,24.950927734375,25.347532272338867,25.697357177734375,26.066484451293945,26.510250091552734,27.05240821838379,27.901208877563477,development
2025-04-22 04:00:00+00:00,42410099999,2025-04-21 06:00:00+00:00,22,27.0,29.0,28.0,24.9,0.9166666666666666,0.6087614290087209,-0.793353340291235,0.9431964659565866,-0.33223549871590435,2.8999999999999986,0.4636512636311121,3.1000000000000014,1.4214285714285744,3.2354462203686776,0,1.0,0.0,0.0,True,25.43947144075021,27.060378168566523,27.380889892578125,24.65393829345703,25.704797744750977,26.379425048828125,26.899595260620117,27.380889892578125,27.894804000854492,28.4644775390625,29.10719871520996,30.0877628326416,26.80795669555664,24.123611450195312,25.094079971313477,25.749496459960938,26.31243133544922,26.80795669555664,27.322885513305664,27.8923282623291,28.55854606628418,29.534181594848633,development
2025-04-22 05:00:00+00:00,42410099999,2025-04-21 06:00:00+00:00,23,,29.0,28.0,25.7,0.9583333333333334,0.3826834323650899,-0.9238795325112867,0.9431964659565866,-0.33223549871590435,2.8999999999999986,0.4265797554396325,2.3000000000000007,0.6214285714285737,3.2354462203686776,0,1.0,0.0,0.0,False,26.23947144075021,27.64300060819086,28.478731155395508,25.365619659423828,26.537181854248047,27.2993106842041,27.91036033630371,28.478731155395508,29.055498123168945,29.67045021057129,30.348445892333984,31.372947692871094,27.834453582763672,24.76696014404297,25.85716438293457,26.594263076782227,27.248842239379883,27.834453582763672,28.408889770507812,29.030641555786133,29.744840621948242,30.760982513427734,development
2025-04-22 06:00:00+00:00,42410099999,2025-04-21 06:00:00+00:00,24,,29.0,29.0,26.9,1.0,0.130526192220052,-0.9914448613738104,0.9431964659565866,-0.33223549871590435,2.8999999999999986,0.39247232138617666,2.1000000000000014,-0.5785714285714256,3.2354462203686776,0,1.0,0.0,0.0,False,27.43947144075021,28.773171647105467,29.599273681640625,26.10308837890625,27.404064178466797,28.236873626708984,28.942296981811523,29.599273681640625,30.240312576293945,30.910263061523438,31.6127872467041,32.71343231201172,29.020076751708984,25.490638732910156,26.722515106201172,27.548837661743164,28.328033447265625,29.020076751708984,29.692462921142578,30.387170791625977,31.14711570739746,32.26011657714844,development
2025-04-22 07:00:00+00:00,42410099999,2025-04-21 06:00:00+00:00,25,,29.0,32.0,27.4,1.0416666666666667,-0.13052619222005177,-0.9914448613738104,0.9431964659565866,-0.33223549871590435,2.8999999999999986,0.3610919671879564,4.600000000000001,-1.0785714285714256,3.2354462203686776,0,1.0,0.0,0.0,False,27.93947144075021,29.801803943116774,30.4121150970459,27.201417922973633,28.41859245300293,29.190105438232422,29.833372116088867,30.4121150970459,30.935258865356445,31.496177673339844,32.07992935180664,33.07291793823242,29.879810333251953,26.475601196289062,27.673770904541016,28.478515625,29.223617553710938,29.879810333251953,30.476551055908203,31.090911865234375,31.746448516845703,32.77545166015625,development
2025-04-22 08:00:00+00:00,42410099999,2025-04-21 06:00:00+00:00,26,,29.0,33.0,27.2,1.0833333333333333,-0.38268343236508967,-0.9238795325112868,0.9431964659565866,-0.33223549871590435,2.8999999999999986,0.33222064757879427,5.800000000000001,-0.8785714285714263,3.2354462203686776,0,1.0,0.0,0.0,False,27.73947144075021,29.88046437914728,30.74027442932129,27.214214324951172,28.550413131713867,29.395584106445312,30.119108200073242,30.74027442932129,31.292177200317383,31.873943328857422,32.506202697753906,33.594459533691406,30.218875885009766,26.45768928527832,27.796878814697266,28.687837600708008,29.51651954650879,30.218875885009766,30.847244262695312,31.474515914916992,32.16084289550781,33.26475524902344,development
2025-04-22 09:00:00+00:00,42410099999,2025-04-21 06:00:00+00:00,27,27.0,29.0,32.0,26.0,1.125,-0.6087614290087207,-0.7933533402912352,0.9431964659565866,-0.33223549871590435,2.8999999999999986,0.3056577512294064,6.0,0.32142857142857295,3.2354462203686776,0,1.0,0.0,0.0,True,26.539471440750212,28.77199087495152,30.62202262878418,27.092391967773438,28.436769485473633,29.314340591430664,30.032577514648438,30.62202262878418,31.14132308959961,31.701763153076172,32.3209228515625,33.4039306640625,30.13481903076172,26.364299774169922,27.712194442749023,28.635080337524414,29.45927619934082,30.13481903076172,30.734180450439453,31.33517074584961,31.987863540649414,33.038658142089844,development
2025-04-22 10:00:00+00:00,42410099999,2025-04-21 06:00:00+00:00,28,27.0,29.0,32.0,26.7,1.1666666666666667,-0.7933533402912349,-0.6087614290087209,0.9431964659565866,-0.33223549871590435,2.8999999999999986,0.2812187068067745,5.300000000000001,-0.37857142857142634,3.2354462203686776,0,1.0,0.0,0.0,True,27.23947144075021,29.381060462237855,30.12449073791504,26.342737197875977,27.765583038330078,28.72246551513672,29.49561309814453,30.12449073791504,30.701814651489258,31.323909759521484,32.067176818847656,33.293052673339844,29.639617919921875,25.698463439941406,27.10276985168457,28.09278106689453,28.950319290161133,29.639617919921875,30.26372718811035,30.89196014404297,31.619007110595703,32.730987548828125,development
2025-04-22 11:00:00+00:00,42410099999,2025-04-21 06:00:00+00:00,29,28.0,29.0,32.0,26.2,1.2083333333333333,-0.9238795325112868,-0.3826834323650895,0.9431964659565866,-0.33223549871590435,2.8999999999999986,0.2587337004868542,5.800000000000001,0.12142857142857366,3.2354462203686776,0,1.0,0.0,0.0,True,26.73947144075021,29.062246387938202,29.254592895507812,25.40523910522461,26.84420394897461,27.8066349029541,28.592485427856445,29.254592895507812,29.882783889770508,30.5743408203125,31.418245315551758,32.779136657714844,28.801694869995117,24.87885093688965,26.280487060546875,27.258119583129883,28.103219985961914,28.801694869995117,29.452951431274414,30.11850357055664,30.898386001586914,32.08070373535156,development
2025-04-22 12:00:00+00:00,42410099999,2025-04-21 06:00:00+00:00,30,27.0,29.0,25.0,25.6,1.25,-0.9914448613738104,-0.13052619222005163,0.9431964659565866,-0.33223549871590435,2.8999999999999986,0.2380464960093064,-0.6000000000000014,0.7214285714285715,3.2354462203686776,0,1.0,0.0,0.0,True,26.139471440750214,27.188498913102013,27.9848575592041,24.74968147277832,25.98546028137207,26.80470848083496,27.445087432861328,27.9848575592041,28.522323608398438,29.137216567993164,29.903881072998047,31.190319061279297,27.479646682739258,24.23569107055664,25.415529251098633,26.240345001220703,26.91710662841797,27.479646682739258,28.028736114501953,28.611778259277344,29.308929443359375,30.377092361450195,development
2025-04-22 13:00:00+00:00,42410099999,2025-04-21 06:00:00+00:00,31,26.0,29.0,25.0,24.6,1.2916666666666667,-0.9914448613738105,0.13052619222005127,0.9431964659565866,-0.33223549871590435,2.8999999999999986,0.21901334907544381,0.3999999999999986,1.7214285714285715,3.2354462203686776,0,1.0,0.0,0.0,True,25.139471440750214,26.486288195551126,26.41084098815918,23.59698486328125,24.703840255737305,25.41327476501465,25.956501007080078,26.41084098815918,26.885908126831055,27.477285385131836,28.220138549804688,29.505599975585938,26.129074096679688,23.41632080078125,24.424072265625,25.111061096191406,25.666593551635742,26.129074096679688,26.60230255126953,27.136859893798828,27.79283905029297,28.801219940185547,development
2025-04-22 14:00:00+00:00,42410099999,2025-04-21 06:00:00+00:00,32,26.0,29.0,24.0,24.6,1.3333333333333333,-0.923879532511287,0.38268343236508917,0.9431964659565866,-0.33223549871590435,2.8999999999999986,0.20150200854612438,-0.6000000000000014,1.7214285714285715,3.2354462203686776,0,1.0,0.0,0.0,True,25.139471440750214,26.351199780313074,25.38641929626465,22.783588409423828,23.810569763183594,24.45934295654297,24.956403732299805,25.38641929626465,25.84348487854004,26.399734497070312,27.134197235107422,28.404766082763672,25.26514434814453,22.836135864257812,23.743370056152344,24.348960876464844,24.83846664428711,25.26514434814453,25.707143783569336,26.20216178894043,26.83603286743164,27.799301147460938,development
2025-04-22 15:00:00+00:00,42410099999,2025-04-21 06:00:00+00:00,33,26.0,29.0,26.0,23.8,1.375,-0.7933533402912357,0.6087614290087199,0.9431964659565866,-0.33223549871590435,2.8999999999999986,0.18539079749945186,2.1999999999999993,2.5214285714285722,3.2354462203686776,0,1.0,0.0,0.0,True,24.339471440750213,26.215220860245623,24.896657943725586,22.554973602294922,23.46890640258789,24.04560661315918,24.502302169799805,24.896657943725586,25.319168090820312,25.847332000732422,26.560590744018555,27.769577026367188,24.820186614990234,22.68030548095703,23.471324920654297,23.99879264831543,24.439006805419922,24.820186614990234,25.2197208404541,25.688905715942383,26.29431915283203,27.185325622558594,development
2025-04-22 16:00:00+00:00,42410099999,2025-04-21 06:00:00+00:00,34,26.0,29.0,26.0,23.4,1.4166666666666667,-0.6087614290087209,0.7933533402912349,0.9431964659565866,-0.33223549871590435,2.8999999999999986,0.17056776776304658,2.6000000000000014,2.9214285714285744,3.2354462203686776,0,1.0,0.0,0.0,True,23.93947144075021,25.954130806298366,24.765628814697266,22.53097152709961,23.39043617248535,23.938215255737305,24.38179588317871,24.765628814697266,25.19677734375,25.700132369995117,26.392057418823242,27.566577911376953,24.682964324951172,22.701318740844727,23.429826736450195,23.911109924316406,24.326494216918945,24.682964324951172,25.07923126220703,25.514524459838867,26.093578338623047,26.935880661010742,development
2025-04-22 17:00:00+00:00,42410099999,2025-04-21 06:00:00+00:00,35,26.0,29.0,26.0,23.2,1.4583333333333333,-0.38268343236508956,0.9238795325112868,0.9431964659565866,-0.33223549871590435,2.8999999999999986,0.15692992204618259,2.8000000000000007,3.1214285714285737,3.2354462203686776,0,1.0,0.0,0.0,True,23.73947144075021,25.83142390241708,24.36907386779785,22.296215057373047,23.051897048950195,23.568988800048828,23.97357940673828,24.36907386779785,24.769498825073242,25.26580810546875,25.8952693939209,27.02292823791504,24.371387481689453,22.570819854736328,23.195388793945312,23.649145126342773,24.016189575195312,24.371387481689453,24.730667114257812,25.156417846679688,25.67873764038086,26.484668731689453,development
2025-04-22 18:00:00+00:00,42410099999,2025-04-21 06:00:00+00:00,36,25.0,29.0,24.0,23.0,1.5,-0.13052619222005168,0.9914448613738104,0.9431964659565866,-0.33223549871590435,2.8999999999999986,0.14438249826680538,1.0,3.321428571428573,3.2354462203686776,0,1.0,0.0,0.0,True,23.539471440750212,25.264083819777753,24.049224853515625,22.136289596557617,22.843957901000977,23.29535675048828,23.68195343017578,24.049224853515625,24.432817459106445,24.880666732788086,25.438600540161133,26.499439239501953,24.072540283203125,22.351791381835938,22.965065002441406,23.374347686767578,23.732086181640625,24.072540283203125,24.420841217041016,24.815778732299805,25.294445037841797,26.050085067749023,development
2025-04-22 19:00:00+00:00,42410099999,2025-04-21 06:00:00+00:00,37,25.0,29.0,24.0,23.1,1.5416666666666667,0.13052619222005157,0.9914448613738104,0.9373419384643772,-0.3484108069446808,2.8999999999999986,0.1328383111006022,0.8999999999999986,3.2214285714285715,3.2354462203686776,0,1.0,0.0,0.0,True,23.639471440750214,25.37658335340746,23.773740768432617,21.903825759887695,22.584850311279297,23.0064754486084,23.409912109375,23.773740768432617,24.143232345581055,24.57239532470703,25.08855628967285,26.10405731201172,23.81787109375,22.17902183532715,22.75784683227539,23.134098052978516,23.495710372924805,23.81787109375,24.144948959350586,24.517440795898438,24.93610191345215,25.634748458862305,development
2025-04-22 20:00:00+00:00,42410099999,2025-04-21 06:00:00+00:00,38,25.0,29.0,24.0,23.0,1.5833333333333333,0.3826834323650898,0.9238795325112867,0.9373419384643772,-0.3484108069446808,2.8999999999999986,0.12221714617690152,1.0,3.321428571428573,3.2354462203686776,0,1.0,0.0,0.0,True,23.539471440750212,25.26861084452338,23.571046829223633,21.75252342224121,22.446426391601562,22.866071701049805,23.23265838623047,23.571046829223633,23.910200119018555,24.30413818359375,24.775930404663086,25.766517639160156,23.600753784179688,22.038000106811523,22.621126174926758,22.993194580078125,23.309560775756836,23.600753784179688,23.893692016601562,24.225006103515625,24.587757110595703,25.263669967651367,development
2025-04-22 21:00:00+00:00,42410099999,2025-04-21 06:00:00+00:00,39,25.0,29.0,24.0,23.2,1.625,0.6087614290087207,0.7933533402912352,0.9373419384643772,-0.3484108069446808,2.8999999999999986,0.11244520271199376,0.8000000000000007,3.1214285714285737,3.2354462203686776,0,1.0,0.0,0.0,True,23.73947144075021,25.376529229961683,23.435876846313477,21.639787673950195,22.33159065246582,22.76319694519043,23.129039764404297,23.435876846313477,23.73151969909668,24.0728759765625,24.55638313293457,25.570003509521484,23.524154663085938,21.934091567993164,22.538238525390625,22.92641258239746,23.24997901916504,23.524154663085938,23.796770095825195,24.08385467529297,24.461530685424805,25.161897659301758,development
2025-04-22 22:00:00+00:00,42410099999,2025-04-21 06:00:00+00:00,40,25.0,29.0,24.0,23.6,1.6666666666666667,0.7933533402912352,0.6087614290087207,0.9373419384643772,-0.3484108069446808,2.8999999999999986,0.1034545807070319,0.3999999999999986,2.7214285714285715,3.2354462203686776,0,1.0,0.0,0.0,True,24.139471440750214,25.62531710729999,23.32155418395996,21.503496170043945,22.23533058166504,22.692197799682617,23.0382080078125,23.32155418395996,23.584638595581055,23.928956985473633,24.430973052978516,25.46523094177246,23.43082618713379,21.826082229614258,22.463674545288086,22.86560821533203,23.172115325927734,23.43082618713379,23.68617057800293,23.988828659057617,24.38345718383789,25.11076545715332,development
2025-04-22 23:00:00+00:00,42410099999,2025-04-21 06:00:00+00:00,41,25.0,29.0,24.0,23.3,1.7083333333333333,0.9238795325112867,0.38268343236508984,0.9373419384643772,-0.3484108069446808,2.8999999999999986,0.09518280914732326,0.6999999999999993,3.0214285714285722,3.2354462203686776,0,1.0,0.0,0.0,True,23.839471440750213,25.31422408709825,23.25677490234375,21.530731201171875,22.30739974975586,22.734724044799805,23.05147933959961,23.25677490234375,23.48847770690918,23.83454704284668,24.37200355529785,25.43669319152832,23.407329559326172,21.71014404296875,22.443368911743164,22.8557071685791,23.16336441040039,23.407329559326172,23.690696716308594,24.03616714477539,24.499361038208008,25.293386459350586,development
2025-04-23 00:00:00+00:00,42410099999,2025-04-21 06:00:00+00:00,42,25.0,29.0,24.0,23.7,1.75,0.9914448613738104,0.1305261922200517,0.9373419384643772,-0.3484108069446808,2.8999999999999986,0.0875724119247236,0.3000000000000007,2.6214285714285737,3.2354462203686776,0,1.0,0.0,0.0,True,24.23947144075021,25.545430474735408,23.493167877197266,21.620832443237305,22.453845977783203,22.9113712310791,23.249000549316406,23.493167877197266,23.791698455810547,24.216930389404297,24.850011825561523,26.019372940063477,23.596210479736328,21.930217742919922,22.6591739654541,23.056968688964844,23.343589782714844,23.596210479736328,23.921188354492188,24.307861328125,24.822195053100586,25.66828155517578,development
2025-04-23 01:00:00+00:00,42410099999,2025-04-21 06:00:00+00:00,43,24.0,29.0,25.0,24.4,1.7916666666666667,0.9914448613738104,-0.1305261922200516,0.9373419384643772,-0.3484108069446808,2.8999999999999986,0.08057050846696029,0.6000000000000014,1.9214285714285744,3.2354462203686776,0,1.0,0.0,0.0,True,24.93947144075021,26.22313715041885,24.1596622467041,22.187707901000977,23.012277603149414,23.539342880249023,23.871070861816406,24.1596622467041,24.502592086791992,24.975465774536133,25.674388885498047,26.900848388671875,24.119455337524414,22.28899383544922,23.036474227905273,23.503894805908203,23.804216384887695,24.119455337524414,24.518234252929688,24.98023223876953,25.580554962158203,26.506454467773438,development
2025-04-23 02:00:00+00:00,42410099999,2025-04-21 06:00:00+00:00,44,26.0,29.0,25.0,25.4,1.8333333333333333,0.9238795325112868,-0.3826834323650895,0.9373419384643772,-0.3484108069446808,2.8999999999999986,0.07412844629887143,-0.3999999999999986,0.9214285714285744,3.2354462203686776,0,1.0,0.0,0.0,True,25.93947144075021,26.929167228518285,25.0560245513916,22.91645622253418,23.776391983032227,24.335996627807617,24.715892791748047,25.0560245513916,25.48857879638672,26.02117156982422,26.798213958740234,28.088300704956055,24.82452392578125,22.859020233154297,23.629003524780273,24.11690330505371,24.453393936157227,24.82452392578125,25.324264526367188,25.860315322875977,26.54996109008789,27.559494018554688,development
2025-04-23 03:00:00+00:00,42410099999,2025-04-21 06:00:00+00:00,45,,29.0,26.0,26.1,1.875,0.7933533402912352,-0.6087614290087207,0.9373419384643772,-0.3484108069446808,2.8999999999999986,0.06820146298242638,-0.10000000000000142,0.22142857142857153,3.2354462203686776,0,1.0,0.0,0.0,False,26.639471440750214,27.622672995916133,26.27490997314453,23.481752395629883,24.56768226623535,25.2713565826416,25.791643142700195,26.27490997314453,26.86180877685547,27.530315399169922,28.417600631713867,29.852264404296875,25.711509704589844,23.212825775146484,24.160194396972656,24.756107330322266,25.21051597595215,25.711509704589844,26.345855712890625,27.01458740234375,27.816417694091797,28.974952697753906,development
2025-04-23 04:00:00+00:00,42410099999,2025-04-21 06:00:00+00:00,46,26.0,29.0,28.0,25.4,1.9166666666666667,0.6087614290087209,-0.793353340291235,0.9373419384643772,-0.3484108069446808,2.8999999999999986,0.06274837508652993,2.6000000000000014,0.9214285714285744,3.2354462203686776,0,1.0,0.0,0.0,True,25.93947144075021,27.446435063445723,27.638660430908203,24.271621704101562,25.472820281982422,26.29270362854004,26.97566032409668,27.638660430908203,28.34270668029785,29.130298614501953,30.093942642211914,31.60152816772461,26.715946197509766,23.67496681213379,24.723630905151367,25.4390869140625,26.042057037353516,26.715946197509766,27.475135803222656,28.28435707092285,29.1728458404541,30.43555450439453,development
2025-04-23 05:00:00+00:00,42410099999,2025-04-21 06:00:00+00:00,47,29.0,29.0,28.0,26.9,1.9583333333333333,0.3826834323650899,-0.9238795325112867,0.9373419384643772,-0.3484108069446808,2.8999999999999986,0.05773129202542766,1.1000000000000014,-0.5785714285714256,3.2354462203686776,0,1.0,0.0,0.0,True,27.43947144075021,28.588985423070163,28.600425720214844,24.890594482421875,26.183671951293945,27.081989288330078,27.85107421875,28.600425720214844,29.400371551513672,30.241853713989258,31.20044708251953,32.70079803466797,27.59134292602539,24.211837768554688,25.35902976989746,26.144004821777344,26.834354400634766,27.59134292602539,28.44704818725586,29.312517166137695,30.223281860351562,31.52175521850586,development
2025-04-23 06:00:00+00:00,42410099999,2025-04-21 06:00:00+00:00,48,30.0,29.0,29.0,29.1,2.0,0.130526192220052,-0.9914448613738104,0.9373419384643772,-0.3484108069446808,2.8999999999999986,0.053115352777329095,-0.10000000000000142,-2.7785714285714285,3.2354462203686776,0,1.0,0.0,0.0,True,29.639471440750214,30.51322968299736,29.564516067504883,25.413745880126953,26.792024612426758,27.773679733276367,28.682167053222656,29.564516067504883,30.439971923828125,31.32564353942871,32.29267120361328,33.79462432861328,28.914785385131836,25.014873504638672,26.271833419799805,27.165157318115234,28.01429557800293,28.914785385131836,29.857282638549805,30.780311584472656,31.724933624267578,33.06393814086914,development
2025-04-21 07:00:00+00:00,43128599999,2025-04-21 06:00:00+00:00,1,35.0,35.0,36.0,34.8,0.041666666666666664,-0.13052619222005177,-0.9914448613738104,0.9487718864399473,-0.31596187665790293,0.7999999999999972,0.736035531703456,1.2000000000000028,-6.198809523809523,3.8314796982372927,0,0.0,1.0,0.0,True,34.9192125984252,36.10220032659865,35.59882354736328,34.557525634765625,34.989418029785156,35.24853515625,35.42289733886719,35.59882354736328,35.776336669921875,35.93406677246094,36.1175537109375,36.41913604736328,35.807701110839844,34.68515396118164,35.14673614501953,35.42287063598633,35.615299224853516,35.807701110839844,36.00001525878906,36.17266082763672,36.38066101074219,36.686397552490234,development
2025-04-21 08:00:00+00:00,43128599999,2025-04-21 06:00:00+00:00,2,36.0,35.0,37.0,34.9,0.08333333333333333,-0.38268343236508967,-0.9238795325112868,0.9487718864399473,-0.31596187665790293,0.7999999999999972,0.677185379912489,2.1000000000000014,-6.298809523809524,3.8314796982372927,0,0.0,1.0,0.0,True,35.0192125984252,36.40521099392354,35.8046875,34.39493942260742,34.95915222167969,35.297637939453125,35.57171630859375,35.8046875,36.03437423706055,36.281429290771484,36.57942199707031,37.011817932128906,36.067962646484375,34.5155143737793,35.131591796875,35.49934768676758,35.807437896728516,36.067962646484375,36.31779861450195,36.5881233215332,36.90623474121094,37.364891052246094,development
2025-04-21 09:00:00+00:00,43128599999,2025-04-21 06:00:00+00:00,3,36.0,35.0,36.0,35.0,0.125,-0.6087614290087207,-0.7933533402912352,0.9487718864399473,-0.31596187665790293,0.7999999999999972,0.6230406264571217,1.0,-6.3988095238095255,3.8314796982372927,0,0.0,1.0,0.0,True,35.1192125984252,36.30548069474194,35.2120246887207,33.434120178222656,34.125892639160156,34.570674896240234,34.907997131347656,35.2120246887207,35.52412414550781,35.84346389770508,36.20222091674805,36.77373123168945,35.62269592285156,33.688270568847656,34.44562530517578,34.92556381225586,35.29358673095703,35.62269592285156,35.95362854003906,36.29645538330078,36.679420471191406,37.271148681640625,development
2025-04-21 10:00:00+00:00,43128599999,2025-04-21 06:00:00+00:00,4,31.0,35.0,30.0,34.6,0.16666666666666666,-0.7933533402912349,-0.6087614290087209,0.9487718864399473,-0.31596187665790293,0.7999999999999972,0.5732250484590293,-4.600000000000001,-5.998809523809527,3.8314796982372927,0,0.0,1.0,0.0,True,34.7192125984252,34.77190682265901,33.467018127441406,31.384342193603516,32.18614196777344,32.67782974243164,33.10796356201172,33.467018127441406,33.820030212402344,34.23179626464844,34.6943473815918,35.42771911621094,34.309085845947266,32.0889892578125,32.95134353637695,33.47246551513672,33.92100143432617,34.309085845947266,34.68357849121094,35.10701370239258,35.59080505371094,36.32605743408203,development
2025-04-21 11:00:00+00:00,43128599999,2025-04-21 06:00:00+00:00,5,,35.0,30.0,34.6,0.20833333333333334,-0.9238795325112868,-0.3826834323650895,0.9487718864399473,-0.31596187665790293,0.7999999999999972,0.5273925041603531,-4.600000000000001,-5.998809523809527,3.8314796982372927,0,0.0,1.0,0.0,False,34.7192125984252,34.836519506158574,31.94102668762207,29.703351974487305,30.559701919555664,31.094196319580078,31.533119201660156,31.94102668762207,32.33652877807617,32.796852111816406,33.371315002441406,34.21805953979492,32.96375274658203,30.56984519958496,31.49970817565918,32.07013702392578,32.538814544677734,32.96375274658203,33.378509521484375,33.85599136352539,34.43452072143555,35.26655578613281,development
2025-04-21 12:00:00+00:00,43128599999,2025-04-21 06:00:00+00:00,6,30.0,35.0,28.0,33.5,0.25,-0.9914448613738104,-0.13052619222005163,0.9487718864399473,-0.31596187665790293,0.7999999999999972,0.485224527770105,-5.5,-4.8988095238095255,3.8314796982372927,0,0.0,1.0,0.0,True,33.6192125984252,33.62306811862383,30.541671752929688,28.204914093017578,29.073514938354492,29.626245498657227,30.10120964050293,30.541671752929688,30.986324310302734,31.465782165527344,32.1257209777832,33.04521179199219,31.330089569091797,28.816482543945312,29.76715087890625,30.374923706054688,30.875041961669922,31.330089569091797,31.788440704345703,32.284278869628906,32.93946075439453,33.84054946899414,development
2025-04-21 13:00:00+00:00,43128599999,2025-04-21 06:00:00+00:00,7,30.0,35.0,29.0,30.9,0.2916666666666667,-0.9914448613738105,0.13052619222005127,0.9487718864399473,-0.31596187665790293,0.7999999999999972,0.4464281166160361,-1.8999999999999986,-2.298809523809524,3.8314796982372927,0,0.0,1.0,0.0,True,31.019212598425195,31.872085692076052,28.949724197387695,26.505218505859375,27.417573928833008,27.990421295166016,28.46858787536621,28.949724197387695,29.438772201538086,29.97136878967285,30.640897750854492,31.635807037353516,29.65895652770996,26.873424530029297,27.89507293701172,28.537466049194336,29.099918365478516,29.65895652770996,30.221086502075195,30.81538963317871,31.503704071044922,32.49781799316406,development
2025-04-21 14:00:00+00:00,43128599999,2025-04-21 06:00:00+00:00,8,29.0,35.0,28.0,29.8,0.3333333333333333,-0.923879532511287,0.38268343236508917,0.9487718864399473,-0.31596187665790293,0.7999999999999972,0.41073369522607217,-1.8000000000000007,-1.1988095238095262,3.8314796982372927,0,0.0,1.0,0.0,True,29.919212598425197,30.86861063245819,27.77364730834961,25.36872673034668,26.278650283813477,26.842927932739258,27.314205169677734,27.77364730834961,28.234783172607422,28.747150421142578,29.413381576538086,30.418004989624023,28.374176025390625,25.719514846801758,26.725255966186523,27.356586456298828,27.88292121887207,28.374176025390625,28.867393493652344,29.4033260345459,30.076026916503906,31.0482120513916,development
2025-04-21 15:00:00+00:00,43128599999,2025-04-21 06:00:00+00:00,9,29.0,35.0,27.0,28.6,0.375,-0.7933533402912357,0.6087614290087199,0.9487718864399473,-0.31596187665790293,0.7999999999999972,0.3778932421928104,-1.6000000000000014,0.0011904761904730776,3.8314796982372927,0,0.0,1.0,0.0,True,28.719212598425198,29.777396723891,27.11542510986328,24.779277801513672,25.639812469482422,26.208833694458008,26.665658950805664,27.11542510986328,27.56760597229004,28.069726943969727,28.720767974853516,29.732017517089844,27.64842414855957,25.003238677978516,25.979429244995117,26.63625144958496,27.156200408935547,27.64842414855957,28.13608169555664,28.6668701171875,29.333789825439453,30.319520950317383,development
2025-04-21 16:00:00+00:00,43128599999,2025-04-21 06:00:00+00:00,10,28.0,35.0,27.0,29.0,0.4166666666666667,-0.6087614290087209,0.7933533402912349,0.9487718864399473,-0.31596187665790293,0.7999999999999972,0.34767856680566134,-2.0,-0.3988095238095255,3.8314796982372927,0,0.0,1.0,0.0,True,29.119212598425197,30.137636861600274,27.00599479675293,24.727502822875977,25.554100036621094,26.110191345214844,26.574663162231445,27.00599479675293,27.441558837890625,27.93245506286621,28.569059371948242,29.56046485900879,27.460737228393555,24.87854766845703,25.81441879272461,26.455989837646484,26.98175811767578,27.460737228393555,27.946794509887695,28.472246170043945,29.135478973388672,30.1105899810791,development
2025-04-21 17:00:00+00:00,43128599999,2025-04-21 06:00:00+00:00,11,27.0,35.0,26.0,28.9,0.4583333333333333,-0.38268343236508956,0.9238795325112868,0.9487718864399473,-0.31596187665790293,0.7999999999999972,0.3198797234758768,-2.8999999999999986,-0.2988095238095241,3.8314796982372927,0,0.0,1.0,0.0,True,29.019212598425195,29.876276425341118,26.677154541015625,24.43378257751465,25.261991500854492,25.79592514038086,26.229150772094727,26.677154541015625,27.109962463378906,27.56658172607422,28.18360710144043,29.134746551513672,27.273080825805664,24.699703216552734,25.64283561706543,26.271976470947266,26.77640151977539,27.273080825805664,27.754762649536133,28.26877212524414,28.91774559020996,29.85236930847168,development
2025-04-21 18:00:00+00:00,43128599999,2025-04-21 06:00:00+00:00,12,27.0,35.0,26.0,28.3,0.5,-0.13052619222005168,0.9914448613738104,0.9487718864399473,-0.31596187665790293,0.7999999999999972,0.2943035529371528,-2.3000000000000007,0.3011904761904738,3.8314796982372927,0,0.0,1.0,0.0,True,28.419212598425197,29.4147624226432,26.520366668701172,24.371299743652344,25.159421920776367,25.678884506225586,26.089527130126953,26.520366668701172,26.951181411743164,27.419998168945312,28.009668350219727,28.92501449584961,26.9437198638916,24.431102752685547,25.35251235961914,25.96713638305664,26.46051597595215,26.9437198638916,27.426807403564453,27.945886611938477,28.57386589050293,29.483911514282227,development
2025-04-21 19:00:00+00:00,43128599999,2025-04-21 06:00:00+00:00,13,27.0,35.0,26.0,27.9,0.5416666666666666,0.13052619222005157,0.9914448613738104,0.9431964659565866,-0.33223549871590435,0.7999999999999972,0.2707723400853928,-1.8999999999999986,0.7011904761904759,3.8314796982372927,0,0.0,1.0,0.0,True,28.019212598425195,29.130903420680365,26.275779724121094,24.119983673095703,24.912485122680664,25.443992614746094,25.852577209472656,26.275779724121094,26.68927764892578,27.122812271118164,27.688047409057617,28.578006744384766,26.69919776916504,24.209278106689453,25.127891540527344,25.735748291015625,26.220304489135742,26.69919776916504,27.16051483154297,27.650705337524414,28.25082778930664,29.14691162109375,development
2025-04-21 20:00:00+00:00,43128599999,2025-04-21 06:00:00+00:00,14,27.0,35.0,27.0,27.1,0.5833333333333334,0.3826834323650898,0.9238795325112867,0.9431964659565866,-0.33223549871590435,0.7999999999999972,0.24912257913167726,-0.10000000000000142,1.501190476190473,3.8314796982372927,0,0.0,1.0,0.0,True,27.219212598425198,28.682462829188655,25.929821014404297,23.76519775390625,24.556396484375,25.119064331054688,25.51815414428711,25.929821014404297,26.349355697631836,26.810256958007812,27.33224105834961,28.265796661376953,26.36100959777832,23.900415420532227,24.811641693115234,25.430744171142578,25.897045135498047,26.36100959777832,26.8232421875,27.327634811401367,27.886072158813477,28.819629669189453,development
2025-04-21 21:00:00+00:00,43128599999,2025-04-21 06:00:00+00:00,15,27.0,35.0,26.0,26.4,0.625,0.6087614290087207,0.7933533402912352,0.9431964659565866,-0.33223549871590435,0.7999999999999972,0.22920383748815126,-0.3999999999999986,2.201190476190476,3.8314796982372927,0,0.0,1.0,0.0,True,26.519212598425195,27.86962527338579,25.60479164123535,23.356382369995117,24.208553314208984,24.77098274230957,25.198448181152344,25.60479164123535,26.026742935180664,26.4422607421875,26.980037689208984,27.87602424621582,26.01775550842285,23.542572021484375,24.474323272705078,25.088809967041016,25.5722599029541,26.01775550842285,26.470083236694336,26.939119338989258,27.499752044677734,28.396154403686523,development
2025-04-21 22:00:00+00:00,43128599999,2025-04-21 06:00:00+00:00,16,26.0,35.0,25.0,26.1,0.6666666666666666,0.7933533402912352,0.6087614290087207,0.9431964659565866,-0.33223549871590435,0.7999999999999972,0.21087771049258067,-1.1000000000000014,2.501190476190473,3.8314796982372927,0,0.0,1.0,0.0,True,26.219212598425198,27.35465438379283,25.127418518066406,22.83304214477539,23.690763473510742,24.277549743652344,24.7194881439209,25.127418518066406,25.55678939819336,25.97815704345703,26.524826049804688,27.434906005859375,25.691884994506836,23.23685646057129,24.15575408935547,24.77204132080078,25.258554458618164,25.691884994506836,26.1350154876709,26.592174530029297,27.15972328186035,28.05776596069336,development
2025-04-21 23:00:00+00:00,43128599999,2025-04-21 06:00:00+00:00,17,25.0,35.0,24.0,26.5,0.7083333333333334,0.9238795325112867,0.38268343236508984,0.9431964659565866,-0.33223549871590435,0.7999999999999972,0.19401685970851826,-2.5,2.1011904761904745,3.8314796982372927,0,0.0,1.0,0.0,True,26.619212598425197,27.377020503074128,24.70785140991211,22.30038070678711,23.19607925415039,23.807207107543945,24.27127456665039,24.70785140991211,25.144044876098633,25.617233276367188,26.181562423706055,27.122108459472656,25.407682418823242,22.9917049407959,23.8978271484375,24.500886917114258,24.9753475189209,25.407682418823242,25.833078384399414,26.31308364868164,26.871723175048828,27.771465301513672,development
2025-04-22 00:00:00+00:00,43128599999,2025-04-21 06:00:00+00:00,18,25.0,35.0,24.0,26.1,0.75,0.9914448613738104,0.1305261922200517,0.9431964659565866,-0.33223549871590435,0.7999999999999972,0.17850412811874322,-2.1000000000000014,2.501190476190473,3.8314796982372927,0,0.0,1.0,0.0,True,26.219212598425198,26.978574296987542,24.121320724487305,21.81414794921875,22.654747009277344,23.25674819946289,23.695293426513672,24.121320724487305,24.550689697265625,25.019634246826172,25.60246467590332,26.51378631591797,24.993778228759766,22.611238479614258,23.494457244873047,24.10283088684082,24.563718795776367,24.993778228759766,25.410179138183594,25.886741638183594,26.461565017700195,27.355215072631836,development
2025-04-22 01:00:00+00:00,43128599999,2025-04-21 06:00:00+00:00,19,25.0,35.0,25.0,26.4,0.7916666666666666,0.9914448613738104,-0.1305261922200516,0.9431964659565866,-0.33223549871590435,0.7999999999999972,0.16423172606392683,-1.3999999999999986,2.201190476190476,3.8314796982372927,0,0.0,1.0,0.0,True,26.519212598425195,27.340268755215206,24.547115325927734,22.257028579711914,23.106348037719727,23.680728912353516,24.131105422973633,24.547115325927734,24.973623275756836,25.464845657348633,26.046939849853516,26.94603729248047,25.225799560546875,22.878070831298828,23.75333023071289,24.33942413330078,24.802001953125,25.225799560546875,25.64995765686035,26.141454696655273,26.71678352355957,27.604991912841797,development
2025-04-22 02:00:00+00:00,43128599999,2025-04-21 06:00:00+00:00,20,28.0,35.0,26.0,27.7,0.8333333333333334,0.9238795325112868,-0.3826834323650895,0.9431964659565866,-0.33223549871590435,0.7999999999999972,0.15110048227004894,-1.6999999999999993,0.9011904761904752,3.8314796982372927,0,0.0,1.0,0.0,True,27.819212598425196,28.49091771322001,25.830829620361328,23.42803192138672,24.282297134399414,24.881797790527344,25.355676651000977,25.830829620361328,26.304636001586914,26.822832107543945,27.4239501953125,28.31084632873535,26.421524047851562,23.964534759521484,24.858978271484375,25.464609146118164,25.949464797973633,26.421524047851562,26.880064010620117,27.388370513916016,27.979801177978516,28.8468017578125,development
2025-04-22 03:00:00+00:00,43128599999,2025-04-21 06:00:00+00:00,21,31.0,35.0,29.0,29.4,0.875,0.7933533402912352,-0.6087614290087207,0.9431964659565866,-0.33223549871590435,0.7999999999999972,0.13901915476035562,-0.3999999999999986,-0.7988095238095241,3.8314796982372927,0,0.0,1.0,0.0,True,29.519212598425195,30.389656851816675,28.026601791381836,25.903287887573242,26.65774154663086,27.20167350769043,27.614486694335938,28.026601791381836,28.42463493347168,28.885562896728516,29.387773513793945,30.167142868041992,28.431110382080078,26.114952087402344,26.95957374572754,27.539081573486328,27.99469757080078,28.431110382080078,28.844724655151367,29.32802391052246,29.85100555419922,30.66371726989746,development
2025-04-22 04:00:00+00:00,43128599999,2025-04-21 06:00:00+00:00,22,33.0,35.0,30.0,31.3,0.9166666666666666,0.6087614290087209,-0.793353340291235,0.9431964659565866,-0.33223549871590435,0.7999999999999972,0.12790379686375467,-1.3000000000000007,-2.698809523809526,3.8314796982372927,0,0.0,1.0,0.0,True,31.419212598425197,32.036643260880005,30.244733810424805,28.247669219970703,28.974361419677734,29.46950340270996,29.87152862548828,30.244733810424805,30.634092330932617,31.044673919677734,31.506834030151367,32.210662841796875,30.59634780883789,28.31083106994629,29.146930694580078,29.719396591186523,30.1787109375,30.59634780883789,31.01834487915039,31.475013732910156,31.979507446289062,32.74211502075195,development
2025-04-22 05:00:00+00:00,43128599999,2025-04-21 06:00:00+00:00,23,34.0,35.0,33.0,33.1,0.9583333333333334,0.3826834323650899,-0.9238795325112867,0.9431964659565866,-0.33223549871590435,0.7999999999999972,0.11767717391438103,-0.10000000000000142,-4.498809523809527,3.8314796982372927,0,0.0,1.0,0.0,True,33.2192125984252,34.048236729014036,32.506675720214844,30.489931106567383,31.221546173095703,31.721174240112305,32.12316131591797,32.506675720214844,32.88998031616211,33.292747497558594,33.74085998535156,34.41962432861328,32.797996520996094,30.362957000732422,31.253536224365234,31.857837677001953,32.339847564697266,32.797996520996094,33.23920440673828,33.71571350097656,34.23197937011719,35.00389862060547,development
2025-04-22 06:00:00+00:00,43128599999,2025-04-21 06:00:00+00:00,24,35.0,35.0,35.0,34.5,1.0,0.130526192220052,-0.9914448613738104,0.9431964659565866,-0.33223549871590435,0.7999999999999972,0.10826822658928978,0.5,-5.8988095238095255,3.8314796982372927,0,0.0,1.0,0.0,True,34.6192125984252,35.55588707918275,33.88812255859375,32.134273529052734,32.79412078857422,33.21192169189453,33.56580352783203,33.88812255859375,34.213714599609375,34.565773010253906,34.9343147277832,35.572357177734375,34.183692932128906,31.875829696655273,32.7547607421875,33.3092041015625,33.766571044921875,34.183692932128906,34.59795379638672,35.04652404785156,35.51651382446289,36.265769958496094,development
2025-04-22 07:00:00+00:00,43128599999,2025-04-21 06:00:00+00:00,25,37.0,35.0,36.0,35.3,1.0416666666666667,-0.13052619222005177,-0.9914448613738104,0.9431964659565866,-0.33223549871590435,0.7999999999999972,0.09961157715529802,0.7000000000000028,-6.698809523809523,3.8314796982372927,0,0.0,1.0,0.0,True,35.4192125984252,36.40380342127292,34.87689971923828,33.13504409790039,33.78593444824219,34.21749496459961,34.55143737792969,34.87689971923828,35.16208267211914,35.49391174316406,35.855384826660156,36.48015594482422,34.998329162597656,32.60563659667969,33.5025520324707,34.09518814086914,34.5657958984375,34.998329162597656,35.39904022216797,35.846534729003906,36.328975677490234,37.09874725341797,development
2025-04-22 08:00:00+00:00,43128599999,2025-04-21 06:00:00+00:00,26,36.0,35.0,37.0,35.7,1.0833333333333333,-0.38268343236508967,-0.9238795325112868,0.9431964659565866,-0.33223549871590435,0.7999999999999972,0.09164707519414986,1.2999999999999972,-7.098809523809528,3.8314796982372927,0,0.0,1.0,0.0,True,35.8192125984252,36.960055335156234,35.12701416015625,33.3592643737793,34.01215362548828,34.438289642333984,34.80605697631836,35.12701416015625,35.430049896240234,35.772037506103516,36.151512145996094,36.806663513183594,35.36640167236328,32.776588439941406,33.75199508666992,34.381004333496094,34.90791320800781,35.36640167236328,35.79322052001953,36.27048873901367,36.80674743652344,37.6400260925293,development
2025-04-22 09:00:00+00:00,43128599999,2025-04-21 06:00:00+00:00,27,37.0,35.0,36.0,35.5,1.125,-0.6087614290087207,-0.7933533402912352,0.9431964659565866,-0.33223549871590435,0.7999999999999972,0.08431937964949117,0.5,-6.8988095238095255,3.8314796982372927,0,0.0,1.0,0.0,True,35.6192125984252,36.64199071456369,34.77762985229492,32.915771484375,33.59461975097656,34.05373764038086,34.44236373901367,34.77762985229492,35.08483123779297,35.45347213745117,35.85887908935547,36.5811767578125,35.155452728271484,32.47257995605469,33.483890533447266,34.15800476074219,34.69208526611328,35.155452728271484,35.57646942138672,36.06725311279297,36.61134338378906,37.49558639526367,development
2025-04-22 10:00:00+00:00,43128599999,2025-04-21 06:00:00+00:00,28,38.0,35.0,30.0,35.7,1.1666666666666667,-0.7933533402912349,-0.6087614290087209,0.9431964659565866,-0.33223549871590435,0.7999999999999972,0.07757757429152377,-5.700000000000003,-7.098809523809528,3.8314796982372927,0,0.0,1.0,0.0,True,35.8192125984252,35.59392806234023,33.61566925048828,31.616485595703125,32.328495025634766,32.82155227661133,33.241886138916016,33.61566925048828,33.97715377807617,34.369483947753906,34.840206146240234,35.64232635498047,34.22696304321289,31.365562438964844,32.433528900146484,33.157508850097656,33.73365020751953,34.22696304321289,34.69926071166992,35.21489715576172,35.828250885009766,36.792720794677734,development
2025-04-22 11:00:00+00:00,43128599999,2025-04-21 06:00:00+00:00,29,37.0,35.0,30.0,35.6,1.2083333333333333,-0.9238795325112868,-0.3826834323650895,0.9431964659565866,-0.33223549871590435,0.7999999999999972,0.07137481392740784,-5.600000000000001,-6.998809523809527,3.8314796982372927,0,0.0,1.0,0.0,True,35.7192125984252,35.59434589508096,32.33073043823242,30.07097053527832,30.869028091430664,31.410633087158203,31.885753631591797,32.33073043823242,32.765541076660156,33.22333526611328,33.7987174987793,34.788787841796875,33.30443572998047,30.153528213500977,31.310937881469727,32.10361862182617,32.73958969116211,33.30443572998047,33.845359802246094,34.429527282714844,35.13514709472656,36.26349639892578,development
2025-04-22 12:00:00+00:00,43128599999,2025-04-21 06:00:00+00:00,30,36.0,35.0,28.0,34.3,1.25,-0.9914448613738104,-0.13052619222005163,0.9431964659565866,-0.33223549871590435,0.7999999999999972,0.06566799889911881,-6.299999999999997,-5.698809523809523,3.8314796982372927,0,0.0,1.0,0.0,True,34.4192125984252,34.23721392200982,31.089021682739258,28.84544563293457,29.6324520111084,30.177265167236328,30.64895248413086,31.089021682739258,31.513059616088867,31.993818283081055,32.59774398803711,33.66122817993164,31.8110294342041,28.589147567749023,29.761165618896484,30.564109802246094,31.227128982543945,31.8110294342041,32.375003814697266,33.002254486083984,33.749759674072266,34.95289611816406,development
2025-04-22 13:00:00+00:00,43128599999,2025-04-21 06:00:00+00:00,31,35.0,35.0,29.0,31.7,1.2916666666666667,-0.9914448613738105,0.13052619222005127,0.9431964659565866,-0.33223549871590435,0.7999999999999972,0.060417475607018795,-2.6999999999999993,-3.098809523809525,3.8314796982372927,0,0.0,1.0,0.0,True,31.819212598425196,32.498216667866,29.51935386657715,27.154644012451172,28.025623321533203,28.592281341552734,29.069190979003906,29.51935386657715,29.96688461303711,30.48589515686035,31.14441680908203,32.31622314453125,29.893632888793945,26.492584228515625,27.74665069580078,28.580915451049805,29.276201248168945,29.893632888793945,30.489988327026367,31.16193389892578,31.964845657348633,33.28181457519531,development
2025-04-22 14:00:00+00:00,43128599999,2025-04-21 06:00:00+00:00,32,32.0,35.0,28.0,29.9,1.3333333333333333,-0.923879532511287,0.38268343236508917,0.9431964659565866,-0.33223549871590435,0.7999999999999972,0.055586760978241036,-1.8999999999999986,-1.298809523809524,3.8314796982372927,0,0.0,1.0,0.0,True,30.019212598425195,30.95729288632912,28.426380157470703,26.053258895874023,26.91550064086914,27.4727725982666,27.962099075317383,28.426380157470703,28.877315521240234,29.387046813964844,30.072038650512695,31.316518783569336,28.59493637084961,25.332496643066406,26.5289363861084,27.310991287231445,27.984222412109375,28.59493637084961,29.17457389831543,29.809301376342773,30.600921630859375,31.932872772216797,development
2025-04-22 15:00:00+00:00,43128599999,2025-04-21 06:00:00+00:00,33,31.0,35.0,27.0,29.0,1.375,-0.7933533402912357,0.6087614290087199,0.9431964659565866,-0.33223549871590435,0.7999999999999972,0.05114228896536587,-2.0,-0.3988095238095255,3.8314796982372927,0,0.0,1.0,0.0,True,29.119212598425197,30.111285184106247,27.66114044189453,25.323257446289062,26.177940368652344,26.727622985839844,27.2121524810791,27.66114044189453,28.10853385925293,28.606868743896484,29.291202545166016,30.55126953125,27.696243286132812,24.665699005126953,25.79621696472168,26.523828506469727,27.141324996948242,27.696243286132812,28.236106872558594,28.819190979003906,29.574695587158203,30.866308212280273,development
2025-04-22 16:00:00+00:00,43128599999,2025-04-21 06:00:00+00:00,34,29.0,35.0,27.0,28.0,1.4166666666666667,-0.6087614290087209,0.7933533402912349,0.9431964659565866,-0.33223549871590435,0.7999999999999972,0.04705317731394374,-1.0,0.6011904761904745,3.8314796982372927,0,0.0,1.0,0.0,True,28.119212598425197,29.38390815777369,27.19452667236328,24.917089462280273,25.758005142211914,26.306442260742188,26.76935386657715,27.19452667236328,27.632858276367188,28.11975860595703,28.783828735351562,30.033889770507812,27.337017059326172,24.459293365478516,25.546585083007812,26.241411209106445,26.82954216003418,27.337017059326172,27.85068130493164,28.402751922607422,29.119335174560547,30.367586135864258,development
2025-04-22 17:00:00+00:00,43128599999,2025-04-21 06:00:00+00:00,35,30.0,35.0,26.0,27.4,1.4583333333333333,-0.38268343236508956,0.9238795325112868,0.9431964659565866,-0.33223549871590435,0.7999999999999972,0.04329101297825713,-1.3999999999999986,1.201190476190476,3.8314796982372927,0,0.0,1.0,0.0,True,27.519212598425195,28.73936717791342,26.733152389526367,24.478864669799805,25.293020248413086,25.852855682373047,26.28806495666504,26.733152389526367,27.173316955566406,27.668703079223633,28.32145118713379,29.566083908081055,26.88734245300293,24.03920555114746,25.093795776367188,25.796829223632812,26.354351043701172,26.88734245300293,27.403188705444336,27.973119735717773,28.679141998291016,29.913429260253906,development
2025-04-22 18:00:00+00:00,43128599999,2025-04-21 06:00:00+00:00,36,29.0,35.0,26.0,27.6,1.5,-0.13052619222005168,0.9914448613738104,0.9431964659565866,-0.33223549871590435,0.7999999999999972,0.03982965469429101,-1.6000000000000014,1.001190476190473,3.8314796982372927,0,0.0,1.0,0.0,True,27.719212598425198,28.912583559650024,26.371212005615234,24.11110496520996,24.951265335083008,25.490520477294922,25.935779571533203,26.371212005615234,26.835067749023438,27.32522201538086,27.979711532592773,29.214139938354492,26.636444091796875,23.821666717529297,24.887325286865234,25.55516815185547,26.113754272460938,26.636444091796875,27.163902282714844,27.72442626953125,28.42786979675293,29.662586212158203,development
2025-04-22 19:00:00+00:00,43128599999,2025-04-21 06:00:00+00:00,37,29.0,35.0,26.0,27.5,1.5416666666666667,0.13052619222005157,0.9914448613738104,0.9373419384643772,-0.3484108069446808,0.7999999999999972,0.03664505133809705,-1.5,1.1011904761904745,3.8314796982372927,0,0.0,1.0,0.0,True,27.619212598425197,28.87136246190614,26.228675842285156,23.97679328918457,24.84063148498535,25.350507736206055,25.789514541625977,26.228675842285156,26.652860641479492,27.149906158447266,27.78046989440918,28.984481811523438,26.549528121948242,23.753437042236328,24.828571319580078,25.470447540283203,26.028583526611328,26.549528121948242,27.051219940185547,27.616138458251953,28.299053192138672,29.49526023864746,development
2025-04-22 20:00:00+00:00,43128599999,2025-04-21 06:00:00+00:00,38,28.0,35.0,27.0,26.7,1.5833333333333333,0.3826834323650898,0.9238795325112867,0.9373419384643772,-0.3484108069446808,0.7999999999999972,0.033715074807421,0.3000000000000007,1.9011904761904752,3.8314796982372927,0,0.0,1.0,0.0,True,26.819212598425196,28.429610017843952,25.935148239135742,23.675817489624023,24.53807830810547,25.085004806518555,25.52080535888672,25.935148239135742,26.381959915161133,26.86631202697754,27.473556518554688,28.630428314208984,26.2562313079834,23.503467559814453,24.557157516479492,25.223464965820312,25.76198387145996,26.2562313079834,26.76155662536621,27.31214714050293,27.973970413208008,29.14910316467285,development
2025-04-22 21:00:00+00:00,43128599999,2025-04-21 06:00:00+00:00,39,28.0,35.0,26.0,26.6,1.625,0.6087614290087207,0.7933533402912352,0.9373419384643772,-0.3484108069446808,0.7999999999999972,0.031019366265377497,-0.6000000000000014,2.001190476190473,3.8314796982372927,0,0.0,1.0,0.0,True,26.719212598425198,28.09304780859724,25.509296417236328,23.160261154174805,24.064260482788086,24.62491226196289,25.088855743408203,25.509296417236328,25.91623306274414,26.37963104248047,26.99095916748047,28.119068145751953,25.887802124023438,23.131114959716797,24.201168060302734,24.859106063842773,25.408132553100586,25.887802124023438,26.361722946166992,26.885540008544922,27.552635192871094,28.685218811035156,development
2025-04-22 22:00:00+00:00,43128599999,2025-04-21 06:00:00+00:00,40,27.0,35.0,25.0,25.9,1.6666666666666667,0.7933533402912352,0.6087614290087207,0.9373419384643772,-0.3484108069446808,0.7999999999999972,0.028539194677801815,-0.8999999999999986,2.701190476190476,3.8314796982372927,0,0.0,1.0,0.0,True,26.019212598425195,27.270323677663804,25.119794845581055,22.661378860473633,23.605337142944336,24.212825775146484,24.679290771484375,25.119794845581055,25.528013229370117,25.977628707885742,26.594575881958008,27.692689895629883,25.55985450744629,22.79530143737793,23.868436813354492,24.5458984375,25.081430435180664,25.55985450744629,26.019271850585938,26.523202896118164,27.18764877319336,28.3117733001709,development
2025-04-22 23:00:00+00:00,43128599999,2025-04-21 06:00:00+00:00,41,25.0,35.0,24.0,25.3,1.7083333333333333,0.9238795325112867,0.38268343236508984,0.9373419384643772,-0.3484108069446808,0.7999999999999972,0.026257326661330474,-1.3000000000000007,3.301190476190474,3.8314796982372927,0,0.0,1.0,0.0,True,25.419212598425197,26.51436194161817,24.589048385620117,22.217315673828125,23.172977447509766,23.75992202758789,24.206186294555664,24.589048385620117,24.969118118286133,25.402259826660156,25.99195671081543,27.03693962097168,24.99481201171875,22.273876190185547,23.367494583129883,24.031627655029297,24.554439544677734,24.99481201171875,25.436847686767578,25.934846878051758,26.582029342651367,27.665929794311523,development
2025-04-23 00:00:00+00:00,43128599999,2025-04-21 06:00:00+00:00,42,25.0,35.0,24.0,24.8,1.75,0.9914448613738104,0.1305261922200517,0.9373419384643772,-0.3484108069446808,0.7999999999999972,0.024157906737854715,-0.8000000000000007,3.801190476190474,3.8314796982372927,0,0.0,1.0,0.0,True,24.919212598425197,26.042354343596333,24.314123153686523,21.82781410217285,22.79941177368164,23.406776428222656,23.89493751525879,24.314123153686523,24.741615295410156,25.21971893310547,25.821340560913086,26.89763069152832,24.681047439575195,21.970050811767578,23.038846969604492,23.69820785522461,24.223617553710938,24.681047439575195,25.140338897705078,25.658145904541016,26.295528411865234,27.401744842529297,development
2025-04-23 01:00:00+00:00,43128599999,2025-04-21 06:00:00+00:00,43,25.0,35.0,25.0,25.4,1.7916666666666667,0.9914448613738104,-0.1305261922200516,0.9373419384643772,-0.3484108069446808,0.7999999999999972,0.022226347163299322,-0.3999999999999986,3.201190476190476,3.8314796982372927,0,0.0,1.0,0.0,True,25.519212598425195,26.64351887728501,24.54085922241211,22.020877838134766,22.984149932861328,23.605426788330078,24.08315086364746,24.54085922241211,25.013389587402344,25.532072067260742,26.132232666015625,27.265140533447266,24.915559768676758,22.288009643554688,23.311742782592773,23.961021423339844,24.450029373168945,24.915559768676758,25.387256622314453,25.90559196472168,26.523056030273438,27.63648796081543,development
2025-04-23 02:00:00+00:00,43128599999,2025-04-21 06:00:00+00:00,44,28.0,35.0,26.0,27.0,1.8333333333333333,0.9238795325112868,-0.3826834323650895,0.9373419384643772,-0.3484108069446808,0.7999999999999972,0.02044922656520585,-1.0,1.6011904761904745,3.8314796982372927,0,0.0,1.0,0.0,True,27.119212598425197,28.033285378697204,25.45084571838379,22.958145141601562,23.897851943969727,24.51017189025879,24.984262466430664,25.45084571838379,25.942678451538086,26.466442108154297,27.083335876464844,28.151155471801758,26.045793533325195,23.414329528808594,24.440940856933594,25.06890296936035,25.56722640991211,26.045793533325195,26.54237937927246,27.070064544677734,27.70795440673828,28.776412963867188,development
2025-04-23 03:00:00+00:00,43128599999,2025-04-21 06:00:00+00:00,45,31.0,35.0,29.0,29.1,1.875,0.7933533402912352,-0.6087614290087207,0.9373419384643772,-0.3484108069446808,0.7999999999999972,0.01881419668480722,-0.10000000000000142,-0.4988095238095269,3.8314796982372927,0,0.0,1.0,0.0,True,29.219212598425198,30.24917137453257,27.186342239379883,24.971651077270508,25.814830780029297,26.35808753967285,26.77179718017578,27.186342239379883,27.629653930664062,28.107606887817383,28.662906646728516,29.60784912109375,27.91440773010254,25.394149780273438,26.36888313293457,26.975324630737305,27.458152770996094,27.91440773010254,28.39124298095703,28.910614013671875,29.518102645874023,30.53460121154785,development
2025-04-23 04:00:00+00:00,43128599999,2025-04-21 06:00:00+00:00,46,33.0,35.0,30.0,31.6,1.9166666666666667,0.6087614290087209,-0.793353340291235,0.9373419384643772,-0.3484108069446808,0.7999999999999972,0.01730989657559441,-1.6000000000000014,-2.998809523809527,3.8314796982372927,0,0.0,1.0,0.0,True,31.719212598425198,32.369713546850235,29.30514144897461,27.32395362854004,28.095722198486328,28.570051193237305,28.918684005737305,29.30514144897461,29.688274383544922,30.103919982910156,30.58953857421875,31.389244079589844,30.057809829711914,27.53040885925293,28.51114845275879,29.110055923461914,29.582202911376953,30.057809829711914,30.51837921142578,31.02113151550293,31.622156143188477,32.5783576965332,development
2025-04-23 05:00:00+00:00,43128599999,2025-04-21 06:00:00+00:00,47,,35.0,33.0,33.7,1.9583333333333333,0.3826834323650899,-0.9238795325112867,0.9373419384643772,-0.3484108069446808,0.7999999999999972,0.015925873662186892,-0.7000000000000028,-5.098809523809528,3.8314796982372927,0,0.0,1.0,0.0,False,33.8192125984252,34.619527249064475,31.286096572875977,29.395261764526367,30.131406784057617,30.58181381225586,30.93269920349121,31.286096572875977,31.66498565673828,32.04337692260742,32.47529602050781,33.2350959777832,31.949722290039062,29.3665828704834,30.360334396362305,30.98021697998047,31.480712890625,31.949722290039062,32.43898010253906,32.946189880371094,33.53896713256836,34.503509521484375,development
2025-04-23 06:00:00+00:00,43128599999,2025-04-21 06:00:00+00:00,48,36.0,35.0,35.0,35.0,2.0,0.130526192220052,-0.9914448613738104,0.9373419384643772,-0.3484108069446808,0.7999999999999972,0.01465251111098729,0.0,-6.3988095238095255,3.8314796982372927,0,0.0,1.0,0.0,True,35.1192125984252,36.05173059714606,32.81343460083008,30.969919204711914,31.713661193847656,32.1282844543457,32.48137664794922,32.81343460083008,33.1592903137207,33.510066986083984,33.908050537109375,34.60727310180664,33.189029693603516,30.660001754760742,31.65645408630371,32.244667053222656,32.739288330078125,33.189029693603516,33.641357421875,34.116920471191406,34.680599212646484,35.598602294921875,development
2025-04-21 07:00:00+00:00,43279099999,2025-04-21 06:00:00+00:00,1,35.0,35.0,37.0,36.1,0.041666666666666664,-0.13052619222005177,-0.9914448613738104,0.9487718864399473,-0.31596187665790293,-0.8999999999999986,-0.8280399731663897,0.8999999999999986,-4.861904761904764,2.1855534747357948,0,0.0,0.0,1.0,True,37.13820870994248,37.55773640884696,35.77648162841797,35.1564826965332,35.413604736328125,35.56575393676758,35.67369079589844,35.77648162841797,35.87818908691406,35.964515686035156,36.071285247802734,36.262088775634766,35.78816604614258,35.172935485839844,35.397422790527344,35.555362701416016,35.67701721191406,35.78816604614258,35.897743225097656,36.00156021118164,36.125308990478516,36.32377243041992,development
2025-04-21 08:00:00+00:00,43279099999,2025-04-21 06:00:00+00:00,2,36.0,35.0,36.0,35.7,0.08333333333333333,-0.38268343236508967,-0.9238795325112868,0.9487718864399473,-0.31596187665790293,-0.8999999999999986,-0.7618335524015515,0.29999999999999716,-4.461904761904766,2.1855534747357948,0,0.0,0.0,1.0,True,36.738208709942484,37.089763025020055,35.66219711303711,34.74825668334961,35.11845397949219,35.34757614135742,35.52234649658203,35.66219711303711,35.800819396972656,35.95014190673828,36.13912582397461,36.41850662231445,35.86956024169922,35.1306266784668,35.39929962158203,35.58729934692383,35.7408447265625,35.86956024169922,35.996395111083984,36.13850784301758,36.3071174621582,36.54936218261719,development
2025-04-21 09:00:00+00:00,43279099999,2025-04-21 06:00:00+00:00,3,35.0,35.0,36.0,35.3,0.125,-0.6087614290087207,-0.7933533402912352,0.9487718864399473,-0.31596187665790293,-0.8999999999999986,-0.7009207047642633,0.7000000000000028,-4.06190476190476,2.1855534747357948,0,0.0,0.0,1.0,True,36.33820870994248,36.85131965277,35.29440689086914,34.1706657409668,34.614803314208984,34.897308349609375,35.108497619628906,35.29440689086914,35.48080062866211,35.669410705566406,35.90582275390625,36.27572250366211,35.46925735473633,34.67155838012695,34.968597412109375,35.169437408447266,35.324310302734375,35.46925735473633,35.619380950927734,35.77622985839844,35.96063232421875,36.24018096923828,development
2025-04-21 10:00:00+00:00,43279099999,2025-04-21 06:00:00+00:00,4,35.0,35.0,35.0,34.3,0.16666666666666666,-0.7933533402912349,-0.6087614290087209,0.9487718864399473,-0.31596187665790293,-0.8999999999999986,-0.6448781795164094,0.7000000000000028,-3.06190476190476,2.1855534747357948,0,0.0,0.0,1.0,True,35.33820870994248,35.945183453577435,34.87582778930664,33.63454818725586,34.13058090209961,34.420658111572266,34.667755126953125,34.87582778930664,35.07246780395508,35.31406784057617,35.58848190307617,36.02708053588867,34.96742630004883,34.17028045654297,34.47568130493164,34.65579605102539,34.82014465332031,34.96742630004883,35.117244720458984,35.292259216308594,35.4957160949707,35.8111457824707,development
2025-04-21 11:00:00+00:00,43279099999,2025-04-21 06:00:00+00:00,5,34.0,35.0,35.0,33.0,0.20833333333333334,-0.9238795325112868,-0.3826834323650895,0.9487718864399473,-0.31596187665790293,-0.8999999999999986,-0.5933165671803985,2.0,-1.7619047619047628,2.1855534747357948,0,0.0,0.0,1.0,True,34.03820870994248,35.025995257310306,33.82925796508789,32.56005859375,33.06916809082031,33.372535705566406,33.613216400146484,33.82925796508789,34.04307174682617,34.30710220336914,34.62841033935547,35.11723709106445,33.74698257446289,32.95956039428711,33.2626838684082,33.44444274902344,33.60038757324219,33.74698257446289,33.892906188964844,34.07542419433594,34.28793716430664,34.60658264160156,development
2025-04-21 12:00:00+00:00,43279099999,2025-04-21 06:00:00+00:00,6,33.0,35.0,34.0,31.5,0.25,-0.9914448613738104,-0.13052619222005163,0.9487718864399473,-0.31596187665790293,-0.8999999999999986,-0.5458775937413692,2.5,-0.26190476190476275,2.1855534747357948,0,0.0,0.0,1.0,True,32.53820870994248,33.7430915246996,32.69451904296875,31.42711067199707,31.93877410888672,32.23116683959961,32.48284912109375,32.69451904296875,32.926231384277344,33.18130874633789,33.532108306884766,34.04560470581055,32.637691497802734,31.86879539489746,32.167083740234375,32.34735870361328,32.50177001953125,32.637691497802734,32.786415100097656,32.95425796508789,33.17573165893555,33.49912643432617,development
2025-04-21 13:00:00+00:00,43279099999,2025-04-21 06:00:00+00:00,7,32.0,35.0,33.0,30.3,0.2916666666666667,-0.9914448613738105,0.13052619222005127,0.9487718864399473,-0.31596187665790293,-0.8999999999999986,-0.5022316311930416,2.6999999999999993,0.9380952380952365,2.1855534747357948,0,0.0,0.0,1.0,True,31.33820870994248,32.69461949671592,32.07904815673828,30.86170768737793,31.371763229370117,31.662324905395508,31.86956787109375,32.07904815673828,32.3173942565918,32.58408737182617,32.90504455566406,33.42251205444336,31.899080276489258,31.14504051208496,31.445541381835938,31.625879287719727,31.765789031982422,31.899080276489258,32.055538177490234,32.22407531738281,32.42038345336914,32.7469482421875,development
2025-04-21 14:00:00+00:00,43279099999,2025-04-21 06:00:00+00:00,8,31.0,35.0,32.0,29.8,0.3333333333333333,-0.923879532511287,0.38268343236508917,0.9487718864399473,-0.31596187665790293,-0.8999999999999986,-0.4620754071293321,2.1999999999999993,1.4380952380952365,2.1855534747357948,0,0.0,0.0,1.0,True,30.83820870994248,32.18836607801269,31.59267807006836,30.42613983154297,30.912948608398438,31.187938690185547,31.391992568969727,31.59267807006836,31.80381965637207,32.054344177246094,32.361568450927734,32.85852813720703,31.50527000427246,30.73072052001953,31.041969299316406,31.22462272644043,31.366649627685547,31.50527000427246,31.647369384765625,31.809101104736328,32.00083923339844,32.31865310668945,development
2025-04-21 15:00:00+00:00,43279099999,2025-04-21 06:00:00+00:00,9,31.0,35.0,31.0,29.6,0.375,-0.7933533402912357,0.6087614290087199,0.9487718864399473,-0.31596187665790293,-0.8999999999999986,-0.42512989746691254,1.3999999999999986,1.6380952380952358,2.1855534747357948,0,0.0,0.0,1.0,True,30.638208709942482,31.905621674932004,31.1978759765625,30.10148811340332,30.539400100708008,30.815078735351562,31.01215171813965,31.1978759765625,31.39631462097168,31.619985580444336,31.912111282348633,32.3968505859375,31.150135040283203,30.383407592773438,30.684173583984375,30.877124786376953,31.015533447265625,31.150135040283203,31.284366607666016,31.43456268310547,31.62977409362793,31.94556999206543,development
2025-04-21 16:00:00+00:00,43279099999,2025-04-21 06:00:00+00:00,10,31.0,35.0,31.0,29.4,0.4166666666666667,-0.6087614290087209,0.7933533402912349,0.9487718864399473,-0.31596187665790293,-0.8999999999999986,-0.39113838765636977,1.6000000000000014,1.8380952380952387,2.1855534747357948,0,0.0,0.0,1.0,True,30.43820870994248,31.818679248605914,30.82600212097168,29.798280715942383,30.20658302307129,30.463598251342773,30.653810501098633,30.82600212097168,31.013301849365234,31.224458694458008,31.490209579467773,31.9488468170166,30.6956729888916,29.92491912841797,30.229328155517578,30.419849395751953,30.568994522094727,30.6956729888916,30.82989501953125,30.97486114501953,31.166683197021484,31.47975730895996,development
2025-04-21 17:00:00+00:00,43279099999,2025-04-21 06:00:00+00:00,11,30.0,35.0,31.0,29.0,0.4583333333333333,-0.38268343236508956,0.9238795325112868,0.9487718864399473,-0.31596187665790293,-0.8999999999999986,-0.35986468891036205,2.0,2.2380952380952372,2.1855534747357948,0,0.0,0.0,1.0,True,30.03820870994248,31.555310886264568,30.52897071838379,29.531734466552734,29.937734603881836,30.187175750732422,30.353605270385742,30.52897071838379,30.709428787231445,30.89004135131836,31.144441604614258,31.567340850830078,30.45790672302246,29.658906936645508,29.982887268066406,30.178268432617188,30.31998062133789,30.45790672302246,30.594762802124023,30.732959747314453,30.925460815429688,31.221351623535156,development
2025-04-21 18:00:00+00:00,43279099999,2025-04-21 06:00:00+00:00,12,30.0,35.0,31.0,28.6,0.5,-0.13052619222005168,0.9914448613738104,0.9487718864399473,-0.31596187665790293,-0.8999999999999986,-0.3310914970542976,2.3999999999999986,2.638095238095236,2.1855534747357948,0,0.0,0.0,1.0,True,29.638208709942482,31.26992197579777,30.439599990844727,29.48042869567871,29.86659812927246,30.106569290161133,30.26541519165039,30.439599990844727,30.6133975982666,30.800691604614258,31.016685485839844,31.410430908203125,30.371929168701172,29.545345306396484,29.88595199584961,30.088817596435547,30.230619430541992,30.371929168701172,30.51201820373535,30.661426544189453,30.83980941772461,31.138307571411133,development
2025-04-21 19:00:00+00:00,43279099999,2025-04-21 06:00:00+00:00,13,30.0,35.0,31.0,28.1,0.5416666666666666,0.13052619222005157,0.9914448613738104,0.9431964659565866,-0.33223549871590435,-0.8999999999999986,-0.3046188825960675,2.8999999999999986,3.138095238095236,2.1855534747357948,0,0.0,0.0,1.0,True,29.138208709942482,30.925574529622637,30.35216522216797,29.36736297607422,29.76112937927246,30.011442184448242,30.181419372558594,30.35216522216797,30.515031814575195,30.68445587158203,30.881528854370117,31.251928329467773,30.29877471923828,29.405750274658203,29.766462326049805,29.98047637939453,30.14470100402832,30.29877471923828,30.44272804260254,30.58599853515625,30.765888214111328,31.062145233154297,development
2025-04-21 20:00:00+00:00,43279099999,2025-04-21 06:00:00+00:00,14,30.0,35.0,30.0,27.6,0.5833333333333334,0.3826834323650898,0.9238795325112867,0.9431964659565866,-0.33223549871590435,-0.8999999999999986,-0.2802629015231375,2.3999999999999986,3.638095238095236,2.1855534747357948,0,0.0,0.0,1.0,True,28.638208709942482,30.304736119405774,30.070606231689453,29.08209800720215,29.482818603515625,29.751657485961914,29.914064407348633,30.070606231689453,30.2283878326416,30.40105628967285,30.57186508178711,30.950613021850586,30.00505828857422,29.097700119018555,29.474897384643555,29.70585060119629,29.862829208374023,30.00505828857422,30.143476486206055,30.29871368408203,30.466690063476562,30.77113914489746,development
2025-04-21 21:00:00+00:00,43279099999,2025-04-21 06:00:00+00:00,15,30.0,35.0,30.0,27.1,0.625,0.6087614290087207,0.7933533402912352,0.9431964659565866,-0.33223549871590435,-0.8999999999999986,-0.2578543171741707,2.8999999999999986,4.138095238095236,2.1855534747357948,0,0.0,0.0,1.0,True,28.138208709942482,29.875676252730685,29.751293182373047,28.726381301879883,29.152496337890625,29.42340660095215,29.599777221679688,29.751293182373047,29.91169548034668,30.064971923828125,30.255218505859375,30.62594985961914,29.551071166992188,28.58095932006836,28.988624572753906,29.231277465820312,29.40324592590332,29.551071166992188,29.6994686126709,29.8435115814209,30.024396896362305,30.337617874145508,development
2025-04-21 22:00:00+00:00,43279099999,2025-04-21 06:00:00+00:00,16,29.0,35.0,30.0,26.5,0.6666666666666666,0.7933533402912352,0.6087614290087207,0.9431964659565866,-0.33223549871590435,-0.8999999999999986,-0.23723742430415373,3.5,4.738095238095237,2.1855534747357948,0,0.0,0.0,1.0,True,27.53820870994248,29.351505622813164,29.583694458007812,28.570032119750977,29.000226974487305,29.267362594604492,29.44070053100586,29.583694458007812,29.74122428894043,29.896522521972656,30.09651756286621,30.47248077392578,29.406766891479492,28.417640686035156,28.835002899169922,29.08687400817871,29.261817932128906,29.406766891479492,29.555192947387695,29.709875106811523,29.90314292907715,30.223966598510742,development
2025-04-21 23:00:00+00:00,43279099999,2025-04-21 06:00:00+00:00,17,29.0,35.0,30.0,26.1,0.7083333333333334,0.9238795325112867,0.38268343236508984,0.9431964659565866,-0.33223549871590435,-0.8999999999999986,-0.21826896717208347,3.8999999999999986,5.138095238095236,2.1855534747357948,0,0.0,0.0,1.0,True,27.138208709942482,28.971791249379205,29.501144409179688,28.426490783691406,28.891220092773438,29.16498565673828,29.346004486083984,29.501144409179688,29.652193069458008,29.842166900634766,30.06060791015625,30.459592819213867,29.270627975463867,28.230432510375977,28.68198585510254,28.932607650756836,29.119239807128906,29.270627975463867,29.417953491210938,29.586994171142578,29.792631149291992,30.132797241210938,development
2025-04-22 00:00:00+00:00,43279099999,2025-04-21 06:00:00+00:00,18,29.0,35.0,30.0,25.8,0.75,0.9914448613738104,0.1305261922200517,0.9431964659565866,-0.33223549871590435,-0.8999999999999986,-0.2008171441335865,4.199999999999999,5.4380952380952365,2.1855534747357948,0,0.0,0.0,1.0,True,26.83820870994248,28.663476177711807,29.42143440246582,28.365222930908203,28.822805404663086,29.10811996459961,29.274555206298828,29.42143440246582,29.579233169555664,29.7718505859375,30.0164852142334,30.39838409423828,29.181154251098633,28.11542510986328,28.57732391357422,28.854084014892578,29.032052993774414,29.181154251098633,29.336490631103516,29.509685516357422,29.73097801208496,30.073760986328125,development
2025-04-22 01:00:00+00:00,43279099999,2025-04-21 06:00:00+00:00,19,29.0,35.0,30.0,26.2,0.7916666666666666,0.9914448613738104,-0.1305261922200516,0.9431964659565866,-0.33223549871590435,-0.8999999999999986,-0.18476069182191807,3.8000000000000007,5.038095238095238,2.1855534747357948,0,0.0,0.0,1.0,True,27.23820870994248,28.902412302054895,29.519447326660156,28.412925720214844,28.89655113220215,29.17404556274414,29.35919761657715,29.519447326660156,29.6879940032959,29.909568786621094,30.16941261291504,30.57699203491211,29.165695190429688,28.039308547973633,28.530235290527344,28.809751510620117,29.005538940429688,29.165695190429688,29.325233459472656,29.522226333618164,29.768529891967773,30.132770538330078,development
2025-04-22 02:00:00+00:00,43279099999,2025-04-21 06:00:00+00:00,20,29.0,35.0,30.0,28.5,0.8333333333333334,0.9238795325112868,-0.3826834323650895,0.9431964659565866,-0.33223549871590435,-0.8999999999999986,-0.16998804255380537,1.5,2.7380952380952372,2.1855534747357948,0,0.0,0.0,1.0,True,29.53820870994248,30.63461947420746,30.099760055541992,28.80433464050293,29.348005294799805,29.66568946838379,29.89870262145996,30.099760055541992,30.30152702331543,30.564411163330078,30.8580265045166,31.284061431884766,29.77493667602539,28.56399154663086,29.084842681884766,29.378376007080078,29.59005355834961,29.77493667602539,29.94906234741211,30.160749435424805,30.412796020507812,30.778621673583984,development
2025-04-22 03:00:00+00:00,43279099999,2025-04-21 06:00:00+00:00,21,31.0,35.0,31.0,30.7,0.875,0.7933533402912352,-0.6087614290087207,0.9431964659565866,-0.33223549871590435,-0.8999999999999986,-0.15639654910540038,0.3000000000000007,0.538095238095238,2.1855534747357948,0,0.0,0.0,1.0,True,31.73820870994248,32.510403628069916,31.156360626220703,29.716384887695312,30.293115615844727,30.652545928955078,30.916994094848633,31.156360626220703,31.392553329467773,31.680068969726562,31.975059509277344,32.42390060424805,30.848636627197266,29.59477424621582,30.129228591918945,30.43592643737793,30.655559539794922,30.848636627197266,31.03118324279785,31.254589080810547,31.496944427490234,31.87582778930664,development
2025-04-22 04:00:00+00:00,43279099999,2025-04-21 06:00:00+00:00,22,32.0,35.0,33.0,32.7,0.9166666666666666,0.6087614290087209,-0.793353340291235,0.9431964659565866,-0.33223549871590435,-0.8999999999999986,-0.1438917714717243,0.29999999999999716,-1.4619047619047656,2.1855534747357948,0,0.0,0.0,1.0,True,33.738208709942484,34.45613041938515,32.775352478027344,31.255685806274414,31.861360549926758,32.23799514770508,32.52631759643555,32.775352478027344,33.02849197387695,33.30267333984375,33.59267044067383,34.02947235107422,32.38624954223633,31.060752868652344,31.616943359375,31.94136619567871,32.18251419067383,32.38624954223633,32.58732986450195,32.80128479003906,33.0510139465332,33.43061065673828,development
2025-04-22 05:00:00+00:00,43279099999,2025-04-21 06:00:00+00:00,23,33.0,35.0,34.0,34.4,0.9583333333333334,0.3826834323650899,-0.9238795325112867,0.9431964659565866,-0.33223549871590435,-0.8999999999999986,-0.1323868206536789,-0.3999999999999986,-3.1619047619047613,2.1855534747357948,0,0.0,0.0,1.0,True,35.43820870994248,35.97323883215141,33.80635452270508,32.22926712036133,32.85213851928711,33.24481201171875,33.53807830810547,33.80635452270508,34.060306549072266,34.32637023925781,34.60731887817383,35.016693115234375,33.53737258911133,32.05325698852539,32.65909194946289,33.01966857910156,33.28767776489258,33.53737258911133,33.76561737060547,33.999393463134766,34.273033142089844,34.67531967163086,development
2025-04-22 06:00:00+00:00,43279099999,2025-04-21 06:00:00+00:00,24,34.0,35.0,35.0,35.5,1.0,0.130526192220052,-0.9914448613738104,0.9431964659565866,-0.33223549871590435,-0.8999999999999986,-0.12180175491295124,-0.5,-4.261904761904763,2.1855534747357948,0,0.0,0.0,1.0,True,36.53820870994248,37.04102381197368,34.71603775024414,33.06926345825195,33.720787048339844,34.11311721801758,34.43482208251953,34.71603775024414,34.98054122924805,35.25203323364258,35.518035888671875,35.944602966308594,34.4412727355957,32.92775344848633,33.556671142578125,33.90974426269531,34.196781158447266,34.4412727355957,34.673980712890625,34.910709381103516,35.174861907958984,35.59263610839844,development
2025-04-22 07:00:00+00:00,43279099999,2025-04-21 06:00:00+00:00,25,35.0,35.0,37.0,35.8,1.0416666666666667,-0.13052619222005177,-0.9914448613738104,0.9431964659565866,-0.33223549871590435,-0.8999999999999986,-0.11206302429971049,1.2000000000000028,-4.56190476190476,2.1855534747357948,0,0.0,0.0,1.0,True,36.83820870994248,37.715691897757864,35.16023635864258,33.62382507324219,34.241539001464844,34.61848831176758,34.90211868286133,35.16023635864258,35.37407684326172,35.61194610595703,35.844818115234375,36.24319076538086,34.871925354003906,33.40279006958008,34.0105094909668,34.36166000366211,34.62660598754883,34.871925354003906,35.07408142089844,35.305503845214844,35.568511962890625,35.98567581176758,development
2025-04-22 08:00:00+00:00,43279099999,2025-04-21 06:00:00+00:00,26,35.0,35.0,36.0,35.6,1.0833333333333333,-0.38268343236508967,-0.9238795325112868,0.9431964659565866,-0.33223549871590435,-0.8999999999999986,-0.1031029595934188,0.3999999999999986,-4.361904761904764,2.1855534747357948,0,0.0,0.0,1.0,True,36.63820870994248,37.38397302856075,35.07681655883789,33.396366119384766,34.057472229003906,34.47133255004883,34.804115295410156,35.07681655883789,35.32273864746094,35.578208923339844,35.839385986328125,36.286651611328125,35.013301849365234,33.45825958251953,34.08049392700195,34.451332092285156,34.75710678100586,35.013301849365234,35.240234375,35.484439849853516,35.76935577392578,36.216156005859375,development
2025-04-22 09:00:00+00:00,43279099999,2025-04-21 06:00:00+00:00,27,36.0,35.0,36.0,35.1,1.125,-0.6087614290087207,-0.7933533402912352,0.9431964659565866,-0.33223549871590435,-0.8999999999999986,-0.09485930210567775,0.8999999999999986,-3.861904761904764,2.1855534747357948,0,0.0,0.0,1.0,True,36.13820870994248,37.04835850986824,34.57676315307617,32.7379150390625,33.44834518432617,33.9107551574707,34.2745246887207,34.57676315307617,34.852237701416016,35.15874481201172,35.467838287353516,35.98527908325195,34.68106460571289,33.22555923461914,33.818050384521484,34.17863845825195,34.448726654052734,34.68106460571289,34.88691329956055,35.12636947631836,35.40388488769531,35.84688186645508,development
2025-04-22 10:00:00+00:00,43279099999,2025-04-21 06:00:00+00:00,28,34.0,35.0,35.0,34.4,1.1666666666666667,-0.7933533402912349,-0.6087614290087209,0.9431964659565866,-0.33223549871590435,-0.8999999999999986,-0.08727477107796441,0.6000000000000014,-3.1619047619047613,2.1855534747357948,0,0.0,0.0,1.0,True,35.43820870994248,36.35997036337155,34.26361846923828,32.39980697631836,33.121986389160156,33.59261703491211,33.96340560913086,34.26361846923828,34.54956817626953,34.849403381347656,35.18935775756836,35.73279571533203,34.287113189697266,32.81597900390625,33.41050720214844,33.76883316040039,34.05086898803711,34.287113189697266,34.513999938964844,34.76108932495117,35.058292388916016,35.52071762084961,development
2025-04-22 11:00:00+00:00,43279099999,2025-04-21 06:00:00+00:00,29,33.0,35.0,35.0,33.1,1.2083333333333333,-0.9238795325112868,-0.3826834323650895,0.9431964659565866,-0.33223549871590435,-0.8999999999999986,-0.08029666566833397,1.8999999999999986,-1.8619047619047642,2.1855534747357948,0,0.0,0.0,1.0,True,34.13820870994248,35.42485350785759,33.395416259765625,31.501239776611328,32.232479095458984,32.705623626708984,33.07341003417969,33.395416259765625,33.70703125,34.04566955566406,34.43486022949219,35.05356216430664,33.428802490234375,32.04018783569336,32.61384201049805,32.94765090942383,33.20107650756836,33.428802490234375,33.65146255493164,33.8948860168457,34.181671142578125,34.644622802734375,development
2025-04-22 12:00:00+00:00,43279099999,2025-04-21 06:00:00+00:00,30,33.0,35.0,34.0,31.5,1.25,-0.9914448613738104,-0.13052619222005163,0.9431964659565866,-0.33223549871590435,-0.8999999999999986,-0.0738764987615088,2.5,-0.26190476190476275,2.1855534747357948,0,0.0,0.0,1.0,True,32.53820870994248,34.04894104229607,32.365638732910156,30.456295013427734,31.182275772094727,31.65951919555664,32.02919387817383,32.365638732910156,32.70231628417969,33.07279968261719,33.49420928955078,34.172027587890625,32.39654541015625,31.059587478637695,31.6052188873291,31.93636703491211,32.1782341003418,32.39654541015625,32.60419845581055,32.8443603515625,33.12676239013672,33.5872917175293,development
2025-04-22 13:00:00+00:00,43279099999,2025-04-21 06:00:00+00:00,31,31.0,35.0,33.0,30.1,1.2916666666666667,-0.9914448613738105,0.13052619222005127,0.9431964659565866,-0.33223549871590435,-0.8999999999999986,-0.06796966005789629,2.8999999999999986,1.1380952380952358,2.1855534747357948,0,0.0,0.0,1.0,True,31.138208709942482,32.83027837740148,31.70977020263672,30.089839935302734,30.745637893676758,31.147539138793945,31.44523811340332,31.70977020263672,31.983736038208008,32.30487823486328,32.68163299560547,33.3192253112793,31.71647071838379,30.40876007080078,30.959999084472656,31.275577545166016,31.510013580322266,31.71647071838379,31.925880432128906,32.16384506225586,32.44878387451172,32.9083251953125,development
2025-04-22 14:00:00+00:00,43279099999,2025-04-21 06:00:00+00:00,32,31.0,35.0,32.0,29.6,1.3333333333333333,-0.923879532511287,0.38268343236508917,0.9431964659565866,-0.33223549871590435,-0.8999999999999986,-0.06253510610052129,2.3999999999999986,1.6380952380952358,2.1855534747357948,0,0.0,0.0,1.0,True,30.638208709942482,32.31161970640353,31.3486328125,29.801828384399414,30.421871185302734,30.79718589782715,31.082595825195312,31.3486328125,31.610118865966797,31.90268325805664,32.27036666870117,32.891658782958984,31.305482864379883,30.00876235961914,30.548011779785156,30.853572845458984,31.09124755859375,31.305482864379883,31.509267807006836,31.73426055908203,32.007164001464844,32.456172943115234,development
2025-04-22 15:00:00+00:00,43279099999,2025-04-21 06:00:00+00:00,33,31.0,35.0,31.0,29.3,1.375,-0.7933533402912357,0.6087614290087199,0.9431964659565866,-0.33223549871590435,-0.8999999999999986,-0.057535075086036724,1.6999999999999993,1.9380952380952365,2.1855534747357948,0,0.0,0.0,1.0,True,30.33820870994248,31.939108261258802,31.046905517578125,29.598337173461914,30.174304962158203,30.52304458618164,30.795677185058594,31.046905517578125,31.293846130371094,31.573169708251953,31.929353713989258,32.526634216308594,30.8414249420166,29.564167022705078,30.10295295715332,30.401491165161133,30.631681442260742,30.8414249420166,31.0407657623291,31.258075714111328,31.526330947875977,31.96871566772461,development
2025-04-22 16:00:00+00:00,43279099999,2025-04-21 06:00:00+00:00,34,31.0,35.0,31.0,29.0,1.4166666666666667,-0.6087614290087209,0.7933533402912349,0.9431964659565866,-0.33223549871590435,-0.8999999999999986,-0.05293482447818681,2.0,2.2380952380952372,2.1855534747357948,0,0.0,0.0,1.0,True,30.03820870994248,31.76331135659435,30.662220001220703,29.29616355895996,29.84469223022461,30.172744750976562,30.428380966186523,30.662220001220703,30.900955200195312,31.161989212036133,31.49905776977539,32.07449722290039,30.454893112182617,29.181344985961914,29.71354103088379,30.019031524658203,30.25508689880371,30.454893112182617,30.6566162109375,30.868995666503906,31.13432502746582,31.57536506652832,development
2025-04-22 17:00:00+00:00,43279099999,2025-04-21 06:00:00+00:00,35,31.0,35.0,31.0,28.8,1.4583333333333333,-0.38268343236508956,0.9238795325112868,0.9431964659565866,-0.33223549871590435,-0.8999999999999986,-0.048702389600539374,2.1999999999999993,2.4380952380952365,2.1855534747357948,0,0.0,0.0,1.0,True,29.83820870994248,31.646989092008155,30.433305740356445,29.115406036376953,29.637733459472656,29.956119537353516,30.19258689880371,30.433305740356445,30.662126541137695,30.929771423339844,31.240047454833984,31.805782318115234,30.26892852783203,29.003740310668945,29.535459518432617,29.84396743774414,30.06174087524414,30.26892852783203,30.466651916503906,30.68913459777832,30.94113540649414,31.36674690246582,development
2025-04-22 18:00:00+00:00,43279099999,2025-04-21 06:00:00+00:00,36,30.0,35.0,31.0,28.5,1.5,-0.13052619222005168,0.9914448613738104,0.9431964659565866,-0.33223549871590435,-0.8999999999999986,-0.04480836153107748,2.5,2.7380952380952372,2.1855534747357948,0,0.0,0.0,1.0,True,29.53820870994248,31.431065088834867,30.412803649902344,29.144210815429688,29.65244483947754,29.950532913208008,30.187149047851562,30.412803649902344,30.64788818359375,30.898983001708984,31.1896915435791,31.73318099975586,30.29758071899414,29.016780853271484,29.555418014526367,29.861743927001953,30.0871524810791,30.29758071899414,30.50190544128418,30.717748641967773,30.97568130493164,31.405221939086914,development
2025-04-22 19:00:00+00:00,43279099999,2025-04-21 06:00:00+00:00,37,30.0,35.0,31.0,28.1,1.5416666666666667,0.13052619222005157,0.9914448613738104,0.9373419384643772,-0.3484108069446808,-0.8999999999999986,-0.04122568275535926,2.8999999999999986,3.138095238095236,2.1855534747357948,0,0.0,0.0,1.0,True,29.138208709942482,31.157200808056718,30.271812438964844,29.007434844970703,29.525564193725586,29.794857025146484,30.042875289916992,30.271812438964844,30.487024307250977,30.73235511779785,31.001239776611328,31.50693130493164,30.10301399230957,28.791170120239258,29.355464935302734,29.65485954284668,29.889822006225586,30.10301399230957,30.30218505859375,30.525211334228516,30.772048950195312,31.1841983795166,development
2025-04-22 20:00:00+00:00,43279099999,2025-04-21 06:00:00+00:00,38,30.0,35.0,30.0,27.7,1.5833333333333333,0.3826834323650898,0.9238795325112867,0.9373419384643772,-0.3484108069446808,-0.8999999999999986,-0.03792945915834871,2.3000000000000007,3.538095238095238,2.1855534747357948,0,0.0,0.0,1.0,True,28.73820870994248,30.60719189095988,30.006017684936523,28.73908805847168,29.26519775390625,29.546913146972656,29.78774070739746,30.006017684936523,30.215059280395508,30.448747634887695,30.692668914794922,31.18593978881836,29.80483055114746,28.47477912902832,29.04270362854004,29.36146354675293,29.59378433227539,29.80483055114746,30.00603485107422,30.219757080078125,30.46003532409668,30.888164520263672,development
2025-04-22 21:00:00+00:00,43279099999,2025-04-21 06:00:00+00:00,39,29.0,35.0,30.0,27.1,1.625,0.6087614290087207,0.7933533402912352,0.9373419384643772,-0.3484108069446808,-0.8999999999999986,-0.03489678704854975,2.8999999999999986,4.138095238095236,2.1855534747357948,0,0.0,0.0,1.0,True,28.138208709942482,30.092855798533964,29.661569595336914,28.39609146118164,28.916629791259766,29.21533966064453,29.459423065185547,29.661569595336914,29.85181999206543,30.066673278808594,30.323684692382812,30.81005096435547,29.503231048583984,28.131370544433594,28.71802520751953,29.049251556396484,29.29852867126465,29.503231048583984,29.697832107543945,29.9172420501709,30.168235778808594,30.59384536743164,development
2025-04-22 22:00:00+00:00,43279099999,2025-04-21 06:00:00+00:00,40,29.0,35.0,30.0,26.9,1.6666666666666667,0.7933533402912352,0.6087614290087207,0.9373419384643772,-0.3484108069446808,-0.8999999999999986,-0.03210659401252711,3.1000000000000014,4.338095238095239,2.1855534747357948,0,0.0,0.0,1.0,True,27.93820870994248,29.875730735635358,29.43790054321289,28.151992797851562,28.695987701416016,29.003400802612305,29.23836326599121,29.43790054321289,29.61448097229004,29.83013916015625,30.10475730895996,30.612335205078125,29.24334716796875,27.8373966217041,28.442007064819336,28.790868759155273,29.037321090698242,29.24334716796875,29.436649322509766,29.66059112548828,29.931285858154297,30.405622482299805,development
2025-04-22 23:00:00+00:00,43279099999,2025-04-21 06:00:00+00:00,41,29.0,35.0,30.0,26.8,1.7083333333333333,0.9238795325112867,0.38268343236508984,0.9373419384643772,-0.3484108069446808,-0.8999999999999986,-0.02953949249399684,3.1999999999999993,4.4380952380952365,2.1855534747357948,0,0.0,0.0,1.0,True,27.83820870994248,29.72521751287377,29.307645797729492,28.0282039642334,28.60988998413086,28.909170150756836,29.13591194152832,29.307645797729492,29.478050231933594,29.710506439208984,30.012800216674805,30.541296005249023,29.197467803955078,27.781038284301758,28.416847229003906,28.7590274810791,29.004776000976562,29.197467803955078,29.39276695251465,29.62273597717285,29.918819427490234,30.403682708740234,development
2025-04-23 00:00:00+00:00,43279099999,2025-04-21 06:00:00+00:00,42,29.0,35.0,30.0,26.5,1.75,0.9914448613738104,0.1305261922200517,0.9373419384643772,-0.3484108069446808,-0.8999999999999986,-0.027177645080086608,3.5,4.738095238095237,2.1855534747357948,0,0.0,0.0,1.0,True,27.53820870994248,29.411511140783013,29.271820068359375,27.921985626220703,28.52696990966797,28.847909927368164,29.083654403686523,29.271820068359375,29.463272094726562,29.726818084716797,30.052255630493164,30.61865234375,29.086849212646484,27.619504928588867,28.27533721923828,28.632699966430664,28.881784439086914,29.086849212646484,29.299150466918945,29.557615280151367,29.872575759887695,30.402902603149414,development
2025-04-23 01:00:00+00:00,43279099999,2025-04-21 06:00:00+00:00,43,29.0,35.0,30.0,26.9,1.7916666666666667,0.9914448613738104,-0.1305261922200516,0.9373419384643772,-0.3484108069446808,-0.8999999999999986,-0.025004640558711787,3.1000000000000014,4.338095238095239,2.1855534747357948,0,0.0,0.0,1.0,True,27.93820870994248,29.645487029284,29.407726287841797,28.018491744995117,28.618444442749023,28.96527099609375,29.205698013305664,29.407726287841797,29.622018814086914,29.9041690826416,30.248462677001953,30.849037170410156,29.181882858276367,27.701385498046875,28.358137130737305,28.723342895507812,28.966678619384766,29.181882858276367,29.40299415588379,29.676292419433594,30.005998611450195,30.57142448425293,development
2025-04-23 02:00:00+00:00,43279099999,2025-04-21 06:00:00+00:00,44,30.0,35.0,30.0,28.4,1.8333333333333333,0.9238795325112868,-0.3826834323650895,0.9373419384643772,-0.3484108069446808,-0.8999999999999986,-0.023005379885856627,1.6000000000000014,2.8380952380952387,2.1855534747357948,0,0.0,0.0,1.0,True,29.43820870994248,30.746301292328926,29.894432067871094,28.316404342651367,28.964025497436523,29.350812911987305,29.64165687561035,29.894432067871094,30.15824317932129,30.473003387451172,30.875776290893555,31.51568031311035,29.58685874938965,27.9427547454834,28.653491973876953,29.047916412353516,29.334224700927734,29.58685874938965,29.857982635498047,30.17035675048828,30.554311752319336,31.171131134033203,development
2025-04-23 03:00:00+00:00,43279099999,2025-04-21 06:00:00+00:00,45,31.0,35.0,31.0,30.7,1.875,0.7933533402912352,-0.6087614290087207,0.9373419384643772,-0.3484108069446808,-0.8999999999999986,-0.021165971270408163,0.3000000000000007,0.538095238095238,2.1855534747357948,0,0.0,0.0,1.0,True,31.73820870994248,32.69624035617813,31.081809997558594,29.382551193237305,30.07123565673828,30.479286193847656,30.80473518371582,31.081809997558594,31.381528854370117,31.719358444213867,32.13330841064453,32.789127349853516,30.67818260192871,28.933210372924805,29.683135986328125,30.098907470703125,30.405010223388672,30.67818260192871,30.968669891357422,31.300640106201172,31.70561408996582,32.39409255981445,development
2025-04-23 04:00:00+00:00,43279099999,2025-04-21 06:00:00+00:00,46,32.0,35.0,33.0,33.0,1.9166666666666667,0.6087614290087209,-0.793353340291235,0.9373419384643772,-0.3484108069446808,-0.8999999999999986,-0.01947363364754375,0.0,-1.7619047619047628,2.1855534747357948,0,0.0,0.0,1.0,True,34.03820870994248,34.87316508887002,32.69829177856445,30.886375427246094,31.60317611694336,32.02134704589844,32.37051010131836,32.69829177856445,33.00545883178711,33.35139846801758,33.75804138183594,34.387001037597656,32.1619987487793,30.109495162963867,30.949560165405273,31.434537887573242,31.811500549316406,32.1619987487793,32.50615692138672,32.89995193481445,33.37751770019531,34.16374206542969,development
2025-04-23 05:00:00+00:00,43279099999,2025-04-21 06:00:00+00:00,47,34.0,35.0,34.0,34.9,1.9583333333333333,0.3826834323650899,-0.9238795325112867,0.9373419384643772,-0.3484108069446808,-0.8999999999999986,-0.01791660786996029,-0.8999999999999986,-3.6619047619047613,2.1855534747357948,0,0.0,0.0,1.0,True,35.93820870994248,36.54342665530405,33.657081604003906,31.798276901245117,32.520660400390625,32.94855499267578,33.31852340698242,33.657081604003906,33.991634368896484,34.343292236328125,34.72795104980469,35.34663772583008,32.84084701538086,30.646440505981445,31.541259765625,32.04920196533203,32.46237564086914,32.84084701538086,33.21839904785156,33.64423370361328,34.17012405395508,35.044151306152344,development
2025-04-23 06:00:00+00:00,43279099999,2025-04-21 06:00:00+00:00,48,35.0,35.0,35.0,36.4,2.0,0.130526192220052,-0.9914448613738104,0.9373419384643772,-0.3484108069446808,-0.8999999999999986,-0.016484074999860734,-1.3999999999999986,-5.161904761904761,2.1855534747357948,0,0.0,0.0,1.0,True,37.43820870994248,37.92135628203677,34.336734771728516,32.5692138671875,33.266544342041016,33.6617317199707,34.014225006103516,34.336734771728516,34.630836486816406,34.9368782043457,35.26832580566406,35.82049560546875,33.00461959838867,30.698787689208984,31.623435974121094,32.16138458251953,32.600730895996094,33.00461959838867,33.395538330078125,33.81748580932617,34.377235412597656,35.29735565185547,development
2025-04-23 07:00:00+00:00,42410099999,2025-04-23 06:00:00+00:00,1,31.0,30.0,27.0,28.5,0.041666666666666664,-0.13052619222005177,-0.9914448613738104,0.9373419384643772,-0.3484108069446808,2.1000000000000014,1.9320932707215803,-1.5,-2.06547619047619,2.856987843017081,0,1.0,0.0,0.0,True,29.039471440750212,29.99916832423429,30.46870231628418,29.20078468322754,29.688289642333984,30.05990219116211,30.294658660888672,30.46870231628418,30.631683349609375,30.822729110717773,31.021739959716797,31.340927124023438,30.528892517089844,29.126256942749023,29.663646697998047,30.061655044555664,30.340721130371094,30.528892517089844,30.695514678955078,30.89124298095703,31.11414337158203,31.496997833251953,development
2025-04-23 08:00:00+00:00,42410099999,2025-04-23 06:00:00+00:00,2,32.0,30.0,27.0,30.1,0.08333333333333333,-0.38268343236508967,-0.9238795325112868,0.9373419384643772,-0.3484108069446808,2.1000000000000014,1.777611622270291,-3.1000000000000014,-3.665476190476191,2.856987843017081,0,1.0,0.0,0.0,True,30.639471440750214,31.231369153696104,30.88360023498535,28.820728302001953,29.533531188964844,30.14860725402832,30.625873565673828,30.88360023498535,31.098140716552734,31.352094650268555,31.641891479492188,32.092376708984375,30.877349853515625,28.628957748413086,29.406356811523438,30.05354118347168,30.5891056060791,30.877349853515625,31.10792350769043,31.373199462890625,31.69245147705078,32.210819244384766,development
2025-04-23 09:00:00+00:00,42410099999,2025-04-23 06:00:00+00:00,3,33.0,30.0,27.0,28.8,0.125,-0.6087614290087207,-0.7933533402912352,0.9373419384643772,-0.3484108069446808,2.1000000000000014,1.6354816444499514,-1.8000000000000007,-2.3654761904761905,2.856987843017081,0,1.0,0.0,0.0,True,29.339471440750213,30.215200329826605,31.06376075744629,28.476716995239258,29.328048706054688,30.113460540771484,30.720056533813477,31.06376075744629,31.359683990478516,31.647245407104492,31.99070930480957,32.53619384765625,30.955753326416016,28.393051147460938,29.235515594482422,29.980308532714844,30.595123291015625,30.955753326416016,31.264333724975586,31.563690185546875,31.944368362426758,32.5944938659668,development
2025-04-23 10:00:00+00:00,42410099999,2025-04-23 06:00:00+00:00,4,33.0,30.0,27.0,27.7,0.16666666666666666,-0.7933533402912349,-0.6087614290087209,0.9373419384643772,-0.3484108069446808,2.1000000000000014,1.5047157522049586,-0.6999999999999993,-1.265476190476189,2.856987843017081,0,1.0,0.0,0.0,True,28.23947144075021,29.375915923917212,30.83016586303711,27.795795440673828,28.737178802490234,29.622966766357422,30.370769500732422,30.83016586303711,31.233001708984375,31.575132369995117,31.957874298095703,32.60557556152344,30.605205535888672,27.89937973022461,28.786489486694336,29.516605377197266,30.17713165283203,30.605205535888672,30.97233772277832,31.351266860961914,31.81192970275879,32.57270812988281,development
2025-04-23 11:00:00+00:00,42410099999,2025-04-23 06:00:00+00:00,5,32.0,30.0,28.0,28.0,0.20833333333333334,-0.9238795325112868,-0.3826834323650895,0.9373419384643772,-0.3484108069446808,2.1000000000000014,1.3844053234209328,0.0,-1.5654761904761898,2.856987843017081,0,1.0,0.0,0.0,True,28.539471440750212,29.860928146514848,30.366300582885742,26.988008499145508,28.00220489501953,28.931339263916016,29.766817092895508,30.366300582885742,30.926349639892578,31.368213653564453,31.892297744750977,32.69791793823242,30.126558303833008,27.106748580932617,28.048673629760742,28.824426651000977,29.550331115722656,30.126558303833008,30.669260025024414,31.171030044555664,31.773696899414062,32.6855354309082,development
2025-04-23 12:00:00+00:00,42410099999,2025-04-23 06:00:00+00:00,6,34.0,30.0,27.0,26.8,0.25,-0.9914448613738104,-0.13052619222005163,0.9373419384643772,-0.3484108069446808,2.1000000000000014,1.2737143853965311,0.1999999999999993,-0.3654761904761905,2.856987843017081,0,1.0,0.0,0.0,True,27.339471440750213,28.756589218821887,29.466398239135742,25.933486938476562,26.955724716186523,27.835721969604492,28.737468719482422,29.466398239135742,30.177310943603516,30.734241485595703,31.395444869995117,32.339054107666016,29.25279998779297,26.46499252319336,27.342899322509766,28.050813674926758,28.733489990234375,29.25279998779297,29.770282745361328,30.27585792541504,30.93110466003418,31.89314079284668,development
2025-04-23 13:00:00+00:00,42410099999,2025-04-23 06:00:00+00:00,7,33.0,30.0,26.0,25.8,0.2916666666666667,-0.9914448613738105,0.13052619222005127,0.9373419384643772,-0.3484108069446808,2.1000000000000014,1.1718738061170997,0.1999999999999993,0.6345238095238095,2.856987843017081,0,1.0,0.0,0.0,True,26.339471440750213,27.81284552128253,28.413496017456055,25.249095916748047,26.20856475830078,26.969987869262695,27.69462013244629,28.413496017456055,29.127532958984375,29.71220588684082,30.388614654541016,31.378929138183594,28.00200653076172,25.422348022460938,26.275447845458984,26.911884307861328,27.476547241210938,28.00200653076172,28.531627655029297,29.066524505615234,29.72848892211914,30.715167999267578,development
2025-04-23 14:00:00+00:00,42410099999,2025-04-23 06:00:00+00:00,8,29.0,30.0,26.0,25.0,0.3333333333333333,-0.923879532511287,0.38268343236508917,0.9373419384643772,-0.3484108069446808,2.1000000000000014,1.078175949968444,1.0,1.4345238095238102,2.856987843017081,0,1.0,0.0,0.0,True,25.539471440750212,27.23565594186666,27.11330223083496,24.484092712402344,25.263473510742188,25.883142471313477,26.51120376586914,27.11330223083496,27.740013122558594,28.308977127075195,28.99275016784668,29.98621940612793,26.766929626464844,24.47124671936035,25.23244285583496,25.800588607788086,26.31085777282715,26.766929626464844,27.249876022338867,27.769250869750977,28.435577392578125,29.403356552124023,development
2025-04-23 15:00:00+00:00,42410099999,2025-04-23 06:00:00+00:00,9,27.0,30.0,26.0,24.7,0.375,-0.7933533402912357,0.6087614290087199,0.9373419384643772,-0.3484108069446808,2.1000000000000014,0.9919697607561315,1.3000000000000007,1.734523809523811,2.856987843017081,0,1.0,0.0,0.0,True,25.23947144075021,27.042506410161092,26.337215423583984,24.147939682006836,24.79064178466797,25.304685592651367,25.858572006225586,26.337215423583984,26.855180740356445,27.367504119873047,28.020797729492188,29.00174331665039,26.25121307373047,24.167713165283203,24.85486602783203,25.36676597595215,25.847187042236328,26.25121307373047,26.66851234436035,27.161666870117188,27.808128356933594,28.757143020629883,development
2025-04-23 16:00:00+00:00,42410099999,2025-04-23 06:00:00+00:00,10,26.0,30.0,26.0,24.6,0.4166666666666667,-0.6087614290087209,0.7933533402912349,0.9373419384643772,-0.3484108069446808,2.1000000000000014,0.9126562378648648,1.3999999999999986,1.8345238095238088,2.856987843017081,0,1.0,0.0,0.0,True,25.139471440750214,26.993436366635525,26.028135299682617,23.983592987060547,24.629087448120117,25.090917587280273,25.593664169311523,26.028135299682617,26.501054763793945,27.0032958984375,27.635581970214844,28.606075286865234,25.98029136657715,24.028810501098633,24.703805923461914,25.169803619384766,25.605077743530273,25.98029136657715,26.38159942626953,26.852285385131836,27.457368850708008,28.371416091918945,development
2025-04-23 17:00:00+00:00,42410099999,2025-04-23 06:00:00+00:00,11,25.0,30.0,26.0,24.3,0.4583333333333333,-0.38268343236508956,0.9238795325112868,0.9373419384643772,-0.3484108069446808,2.1000000000000014,0.83968427412418,1.6999999999999993,2.1345238095238095,2.856987843017081,0,1.0,0.0,0.0,True,24.839471440750213,26.771177091228033,25.695035934448242,23.753244400024414,24.416730880737305,24.853899002075195,25.281044006347656,25.695035934448242,26.14126968383789,26.590036392211914,27.212263107299805,28.145606994628906,25.661237716674805,23.807262420654297,24.46577262878418,24.9132022857666,25.297832489013672,25.661237716674805,26.042598724365234,26.454870223999023,27.036096572875977,27.899930953979492,development
2025-04-23 18:00:00+00:00,42410099999,2025-04-23 06:00:00+00:00,12,24.0,30.0,25.0,23.6,0.5,-0.13052619222005168,0.9914448613738104,0.9373419384643772,-0.3484108069446808,2.1000000000000014,0.7725468264600295,1.3999999999999986,2.834523809523809,2.856987843017081,0,1.0,0.0,0.0,True,24.139471440750214,26.004512749981153,25.33831787109375,23.479862213134766,24.13767433166504,24.550540924072266,24.951080322265625,25.33831787109375,25.746841430664062,26.19410514831543,26.774616241455078,27.67340660095215,25.355796813964844,23.61374282836914,24.23802947998047,24.64780044555664,25.005443572998047,25.355796813964844,25.717548370361328,26.122480392456055,26.659299850463867,27.488056182861328,development
2025-04-23 19:00:00+00:00,42410099999,2025-04-23 06:00:00+00:00,13,24.0,30.0,25.0,23.3,0.5416666666666666,0.13052619222005157,0.9914448613738104,0.9312100364121947,-0.3644830148102912,2.1000000000000014,0.7107773927241591,1.6999999999999993,3.1345238095238095,2.856987843017081,0,1.0,0.0,0.0,True,23.839471440750213,25.785948274160482,25.08011817932129,23.25817108154297,23.91619110107422,24.324317932128906,24.714616775512695,25.08011817932129,25.467309951782227,25.878536224365234,26.41680145263672,27.27457618713379,25.187885284423828,23.453044891357422,24.072982788085938,24.479469299316406,24.84329605102539,25.187885284423828,25.537281036376953,25.92104721069336,26.428436279296875,27.219913482666016,development
2025-04-23 20:00:00+00:00,42410099999,2025-04-23 06:00:00+00:00,14,24.0,30.0,25.0,22.9,0.5833333333333334,0.3826834323650898,0.9238795325112867,0.9312100364121947,-0.3644830148102912,2.1000000000000014,0.6539467702206556,2.1000000000000014,3.5345238095238116,2.856987843017081,0,1.0,0.0,0.0,True,23.43947144075021,25.426405214409236,24.744766235351562,23.008197784423828,23.655956268310547,24.06165885925293,24.419361114501953,24.744766235351562,25.09721565246582,25.4853572845459,25.97719383239746,26.84526824951172,24.89801788330078,23.243066787719727,23.85276985168457,24.263296127319336,24.58942413330078,24.89801788330078,25.217010498046875,25.57869529724121,26.030881881713867,26.81863784790039,development
2025-04-23 21:00:00+00:00,42410099999,2025-04-23 06:00:00+00:00,15,24.0,30.0,25.0,23.1,0.625,0.6087614290087207,0.7933533402912352,0.9312100364121947,-0.3644830148102912,2.1000000000000014,0.6016600734063996,1.8999999999999986,3.334523809523809,2.856987843017081,0,1.0,0.0,0.0,True,23.639471440750214,25.519134058563072,24.59711265563965,22.772438049316406,23.482528686523438,23.912878036499023,24.279218673706055,24.59711265563965,24.956636428833008,25.325153350830078,25.83618927001953,26.700239181518555,24.71493148803711,23.033859252929688,23.670272827148438,24.08262062072754,24.418079376220703,24.71493148803711,25.043298721313477,25.38259506225586,25.85315704345703,26.647859573364258,development
2025-04-23 22:00:00+00:00,42410099999,2025-04-23 06:00:00+00:00,16,23.0,30.0,25.0,22.8,0.6666666666666666,0.7933533402912352,0.6087614290087207,0.9312100364121947,-0.3644830148102912,2.1000000000000014,0.5535539900430266,2.1999999999999993,3.6345238095238095,2.856987843017081,0,1.0,0.0,0.0,True,23.339471440750213,25.205471270434174,24.533750534057617,22.758209228515625,23.471403121948242,23.891889572143555,24.251243591308594,24.533750534057617,24.87155532836914,25.22576332092285,25.72978401184082,26.590408325195312,24.720958709716797,23.028770446777344,23.686983108520508,24.10395622253418,24.437660217285156,24.720958709716797,25.043228149414062,25.373605728149414,25.857942581176758,26.664833068847656,development
2025-04-23 23:00:00+00:00,42410099999,2025-04-23 06:00:00+00:00,17,23.0,30.0,25.0,22.3,0.7083333333333334,0.9238795325112867,0.38268343236508984,0.9312100364121947,-0.3644830148102912,2.1000000000000014,0.5092942567348626,2.6999999999999993,4.1345238095238095,2.856987843017081,0,1.0,0.0,0.0,True,22.839471440750213,24.724813263169192,24.419782638549805,22.607881546020508,23.332992553710938,23.75463104248047,24.121065139770508,24.419782638549805,24.75273323059082,25.147947311401367,25.66005516052246,26.548526763916016,24.759218215942383,23.034297943115234,23.715145111083984,24.125431060791016,24.458572387695312,24.759218215942383,25.086706161499023,25.460525512695312,25.957639694213867,26.808094024658203,development
2025-04-24 00:00:00+00:00,42410099999,2025-04-23 06:00:00+00:00,18,23.0,30.0,25.0,22.8,0.75,0.9914448613738104,0.1305261922200517,0.9312100364121947,-0.3644830148102912,2.1000000000000014,0.46857333631170295,2.1999999999999993,3.6345238095238095,2.856987843017081,0,1.0,0.0,0.0,True,23.339471440750213,25.022543683137744,24.583599090576172,22.69416046142578,23.426254272460938,23.87815284729004,24.267330169677734,24.583599090576172,24.938051223754883,25.348894119262695,25.912437438964844,26.79256820678711,24.956314086914062,23.123031616210938,23.840482711791992,24.277387619018555,24.62459945678711,24.956314086914062,25.30194664001465,25.699058532714844,26.253690719604492,27.12328338623047,development
2025-04-24 01:00:00+00:00,42410099999,2025-04-23 06:00:00+00:00,19,25.0,30.0,24.0,24.5,0.7916666666666666,0.9914448613738104,-0.1305261922200516,0.9312100364121947,-0.3644830148102912,2.1000000000000014,0.4311082809178098,-0.5,1.9345238095238102,2.856987843017081,0,1.0,0.0,0.0,True,25.039471440750212,26.049007579958555,25.32852554321289,23.288532257080078,24.070898056030273,24.534870147705078,24.974342346191406,25.32852554321289,25.717905044555664,26.1774845123291,26.76620101928711,27.706493377685547,25.86102294921875,23.861955642700195,24.653959274291992,25.109970092773438,25.496583938598633,25.86102294921875,26.244281768798828,26.69281005859375,27.28440284729004,28.2226619720459,development
2025-04-24 02:00:00+00:00,42410099999,2025-04-23 06:00:00+00:00,20,29.0,30.0,26.0,26.4,0.8333333333333334,0.9238795325112868,-0.3826834323650895,0.9312100364121947,-0.3644830148102912,2.1000000000000014,0.3966387659588801,-0.3999999999999986,0.03452380952381162,2.856987843017081,0,1.0,0.0,0.0,True,26.93947144075021,27.874102612814667,26.112409591674805,23.6547908782959,24.539073944091797,25.113183975219727,25.666719436645508,26.112409591674805,26.578022003173828,27.122283935546875,27.76030731201172,28.730472564697266,27.087512969970703,24.61000633239746,25.553342819213867,26.129562377929688,26.629465103149414,27.087512969970703,27.56393814086914,28.10630989074707,28.768329620361328,29.781423568725586,development
2025-04-24 03:00:00+00:00,42410099999,2025-04-23 06:00:00+00:00,21,30.0,30.0,26.0,27.9,0.875,0.7933533402912352,-0.6087614290087207,0.9312100364121947,-0.3644830148102912,2.1000000000000014,0.36492528124593504,-1.8999999999999986,-1.4654761904761884,2.856987843017081,0,1.0,0.0,0.0,True,28.43947144075021,28.973276936181687,26.958974838256836,24.055957794189453,25.04308319091797,25.73213005065918,26.410863876342773,26.958974838256836,27.502145767211914,28.087242126464844,28.761043548583984,29.762460708618164,28.034618377685547,25.143016815185547,26.19590950012207,26.90091896057129,27.4978084564209,28.034618377685547,28.5703067779541,29.149242401123047,29.863876342773438,30.91069793701172,development
2025-04-24 04:00:00+00:00,42410099999,2025-04-23 06:00:00+00:00,22,,30.0,26.0,29.2,0.9166666666666666,0.6087614290087209,-0.793353340291235,0.9312100364121947,-0.3644830148102912,2.1000000000000014,0.33574746676735745,-3.1999999999999993,-2.765476190476189,2.856987843017081,0,1.0,0.0,0.0,False,29.73947144075021,29.931740298669705,27.909448623657227,24.602678298950195,25.733308792114258,26.5136661529541,27.294673919677734,27.909448623657227,28.51149559020996,29.130586624145508,29.822349548339844,30.849224090576172,29.25490951538086,25.96397590637207,27.18446159362793,27.98921775817871,28.67646026611328,29.25490951538086,29.837533950805664,30.439064025878906,31.175756454467773,32.26811981201172,development
2025-04-24 05:00:00+00:00,42410099999,2025-04-23 06:00:00+00:00,23,32.0,30.0,29.0,30.5,0.9583333333333334,0.3826834323650899,-0.9238795325112867,0.9312100364121947,-0.3644830148102912,2.1000000000000014,0.30890258152525146,-1.5,-4.06547619047619,2.856987843017081,0,1.0,0.0,0.0,True,31.039471440750212,31.54562814989408,28.642505645751953,25.21306037902832,26.36271858215332,27.190221786499023,28.012592315673828,28.642505645751953,29.225444793701172,29.81682586669922,30.46021270751953,31.423927307128906,29.950809478759766,26.55048179626465,27.81728172302246,28.66483497619629,29.375511169433594,29.950809478759766,30.49933433532715,31.07269859313965,31.765073776245117,32.79106903076172,development
2025-04-24 06:00:00+00:00,42410099999,2025-04-23 06:00:00+00:00,24,33.0,30.0,30.0,31.6,1.0,0.130526192220052,-0.9914448613738104,0.9312100364121947,-0.3644830148102912,2.1000000000000014,0.28420409479688685,-1.6000000000000014,-5.165476190476191,2.856987843017081,0,1.0,0.0,0.0,True,32.139471440750214,32.60080712980643,29.251556396484375,25.685115814208984,26.875015258789062,27.737367630004883,28.593870162963867,29.251556396484375,29.848495483398438,30.439565658569336,31.054792404174805,31.981998443603516,30.6874942779541,27.124162673950195,28.4598388671875,29.346982955932617,30.103717803955078,30.6874942779541,31.233963012695312,31.79724884033203,32.453125,33.449554443359375,development
2025-04-24 07:00:00+00:00,42410099999,2025-04-23 06:00:00+00:00,25,34.0,30.0,27.0,32.5,1.0416666666666667,-0.13052619222005177,-0.9914448613738104,0.9312100364121947,-0.3644830148102912,2.1000000000000014,0.2614803900326584,-5.5,-6.06547619047619,2.856987843017081,0,1.0,0.0,0.0,True,33.03947144075021,32.67426012284859,30.035503387451172,26.50743865966797,27.686315536499023,28.54462432861328,29.395109176635742,30.035503387451172,30.571306228637695,31.10868263244629,31.654211044311523,32.526912689208984,31.418733596801758,27.821426391601562,29.217679977416992,30.11416244506836,30.85260009765625,31.418733596801758,31.89553451538086,32.403297424316406,32.98031234741211,33.905609130859375,development
2025-04-24 08:00:00+00:00,42410099999,2025-04-23 06:00:00+00:00,26,35.0,30.0,27.0,32.8,1.0833333333333333,-0.38268343236508967,-0.9238795325112868,0.9312100364121947,-0.3644830148102912,2.1000000000000014,0.24057357238464439,-5.799999999999997,-6.365476190476187,2.856987843017081,0,1.0,0.0,0.0,True,33.33947144075021,32.93558659335562,30.48921775817871,26.64760971069336,27.9139461517334,28.850147247314453,29.78848648071289,30.48921775817871,31.0815372467041,31.64204216003418,32.223533630371094,33.16624069213867,31.85228729248047,27.793201446533203,29.391809463500977,30.395225524902344,31.240520477294922,31.85228729248047,32.37065887451172,32.878013610839844,33.46296691894531,34.415653228759766,development
2025-04-24 09:00:00+00:00,42410099999,2025-04-23 06:00:00+00:00,27,,30.0,27.0,33.8,1.125,-0.6087614290087207,-0.7933533402912352,0.9312100364121947,-0.3644830148102912,2.1000000000000014,0.22133837157991526,-6.799999999999997,-7.365476190476187,2.856987843017081,0,1.0,0.0,0.0,False,34.33947144075021,33.76545939673538,30.46087074279785,26.766401290893555,27.987407684326172,28.889331817626953,29.799800872802734,30.46087074279785,31.009544372558594,31.518539428710938,32.05040740966797,32.928653717041016,32.154457092285156,27.999652862548828,29.626529693603516,30.70386505126953,31.552780151367188,32.154457092285156,32.62968826293945,33.10021209716797,33.6295166015625,34.5263671875,development
2025-04-24 10:00:00+00:00,42410099999,2025-04-23 06:00:00+00:00,28,,30.0,27.0,33.6,1.1666666666666667,-0.7933533402912349,-0.6087614290087209,0.9312100364121947,-0.3644830148102912,2.1000000000000014,0.20364113251525076,-6.600000000000001,-7.165476190476191,2.856987843017081,0,1.0,0.0,0.0,False,34.139471440750214,33.67175474485403,30.156293869018555,26.19694709777832,27.49873924255371,28.46343231201172,29.41287612915039,30.156293869018555,30.802186965942383,31.38543701171875,32.01968002319336,33.02516555786133,31.72823715209961,27.063478469848633,28.82427978515625,30.043790817260742,31.027645111083984,31.72823715209961,32.30508804321289,32.84697723388672,33.48538589477539,34.491153717041016,development
2025-04-24 11:00:00+00:00,42410099999,2025-04-23 06:00:00+00:00,29,33.0,30.0,28.0,30.8,1.2083333333333333,-0.9238795325112868,-0.3826834323650895,0.9312100364121947,-0.3644830148102912,2.1000000000000014,0.18735888655944635,-2.8000000000000007,-4.3654761904761905,2.856987843017081,0,1.0,0.0,0.0,True,31.339471440750213,31.76497041070233,29.64798355102539,25.80727767944336,27.073774337768555,27.994714736938477,28.903459548950195,29.64798355102539,30.320045471191406,30.930988311767578,31.59693717956543,32.66028594970703,31.340877532958984,26.774595260620117,28.508174896240234,29.68364143371582,30.643836975097656,31.340877532958984,31.936450958251953,32.48590850830078,33.13087463378906,34.15971755981445,development
2025-04-24 12:00:00+00:00,42410099999,2025-04-23 06:00:00+00:00,30,32.0,30.0,27.0,29.2,1.25,-0.9914448613738104,-0.13052619222005163,0.9312100364121947,-0.3644830148102912,2.1000000000000014,0.1723784971101876,-2.1999999999999993,-2.765476190476189,2.856987843017081,0,1.0,0.0,0.0,True,29.73947144075021,30.38141201969911,28.550111770629883,24.87858772277832,26.10836410522461,26.966081619262695,27.812931060791016,28.550111770629883,29.253158569335938,29.915517807006836,30.63488006591797,31.77538299560547,30.382808685302734,25.96698760986328,27.64478302001953,28.77107048034668,29.670726776123047,30.382808685302734,31.04878807067871,31.707881927490234,32.45857620239258,33.594276428222656,development
2025-04-24 13:00:00+00:00,42410099999,2025-04-23 06:00:00+00:00,31,31.0,30.0,26.0,28.0,1.2916666666666667,-0.9914448613738105,0.13052619222005127,0.9312100364121947,-0.3644830148102912,2.1000000000000014,0.15859587346842502,-2.0,-1.5654761904761898,2.856987843017081,0,1.0,0.0,0.0,True,28.539471440750212,29.31242208176367,27.51886558532715,24.30699348449707,25.427541732788086,26.17578887939453,26.894704818725586,27.51886558532715,28.139984130859375,28.753232955932617,29.439512252807617,30.566604614257812,29.310869216918945,25.420881271362305,26.919862747192383,27.902935028076172,28.68335723876953,29.310869216918945,29.920557022094727,30.565248489379883,31.312955856323242,32.45417404174805,development
2025-04-24 14:00:00+00:00,42410099999,2025-04-23 06:00:00+00:00,32,30.0,30.0,26.0,27.9,1.3333333333333333,-0.923879532511287,0.38268343236508917,0.9312100364121947,-0.3644830148102912,2.1000000000000014,0.14591524756788335,-1.8999999999999986,-1.4654761904761884,2.856987843017081,0,1.0,0.0,0.0,True,28.43947144075021,29.31265370388309,26.60258674621582,23.68498420715332,24.731624603271484,25.39833641052246,26.03036880493164,26.60258674621582,27.171966552734375,27.74155044555664,28.41769027709961,29.545806884765625,28.293502807617188,24.662506103515625,26.039382934570312,26.94506072998047,27.675891876220703,28.293502807617188,28.909584045410156,29.563249588012695,30.346195220947266,31.519207000732422,development
2025-04-24 15:00:00+00:00,42410099999,2025-04-23 06:00:00+00:00,33,28.0,30.0,26.0,27.6,1.375,-0.7933533402912357,0.6087614290087199,0.9312100364121947,-0.3644830148102912,2.1000000000000014,0.134248508534086,-1.6000000000000014,-1.1654761904761912,2.856987843017081,0,1.0,0.0,0.0,True,28.139471440750214,29.14613539937776,25.85894012451172,23.2226505279541,24.196392059326172,24.800006866455078,25.36443519592285,25.85894012451172,26.358386993408203,26.88019561767578,27.540725708007812,28.626874923706055,27.376169204711914,24.34695053100586,25.494102478027344,26.24165916442871,26.858919143676758,27.376169204711914,27.89194679260254,28.4588565826416,29.184104919433594,30.257047653198242,development
2025-04-24 16:00:00+00:00,42410099999,2025-04-23 06:00:00+00:00,34,28.0,30.0,26.0,27.2,1.4166666666666667,-0.6087614290087209,0.7933533402912349,0.9312100364121947,-0.3644830148102912,2.1000000000000014,0.12351459044910283,-1.1999999999999993,-0.7654761904761891,2.856987843017081,0,1.0,0.0,0.0,True,27.73947144075021,28.88650629075778,25.64082145690918,23.125892639160156,24.09457015991211,24.666173934936523,25.17829132080078,25.64082145690918,26.106061935424805,26.596975326538086,27.24472999572754,28.30722427368164,26.783979415893555,24.05622673034668,25.09247589111328,25.752405166625977,26.309314727783203,26.783979415893555,27.26233673095703,27.79180908203125,28.474239349365234,29.501277923583984,development
2025-04-24 17:00:00+00:00,42410099999,2025-04-23 06:00:00+00:00,35,28.0,30.0,26.0,26.4,1.4583333333333333,-0.38268343236508956,0.9238795325112868,0.9312100364121947,-0.3644830148102912,2.1000000000000014,0.11363890906792545,-0.3999999999999986,0.03452380952381162,2.856987843017081,0,1.0,0.0,0.0,True,26.93947144075021,28.295021567595526,25.35919761657715,22.956518173217773,23.89116859436035,24.441566467285156,24.918991088867188,25.35919761657715,25.78240966796875,26.253110885620117,26.86469841003418,27.911773681640625,26.3044490814209,23.801170349121094,24.727907180786133,25.328615188598633,25.84004783630371,26.3044490814209,26.751399993896484,27.254608154296875,27.904003143310547,28.91781997680664,development
2025-04-24 18:00:00+00:00,42410099999,2025-04-23 06:00:00+00:00,36,27.0,30.0,25.0,25.8,1.5,-0.13052619222005168,0.9914448613738104,0.9312100364121947,-0.3644830148102912,2.1000000000000014,0.10455284357251435,-0.8000000000000007,0.6345238095238095,2.856987843017081,0,1.0,0.0,0.0,True,26.339471440750213,27.62745130592457,24.896745681762695,22.576229095458984,23.508960723876953,24.02835464477539,24.492591857910156,24.896745681762695,25.304859161376953,25.73943328857422,26.309955596923828,27.308656692504883,25.704469680786133,23.378576278686523,24.24411392211914,24.782609939575195,25.27493667602539,25.704469680786133,26.12627601623535,26.587608337402344,27.189754486083984,28.145933151245117,development
2025-04-24 19:00:00+00:00,42410099999,2025-04-23 06:00:00+00:00,37,24.0,30.0,25.0,25.6,1.5416666666666667,0.13052619222005157,0.9914448613738104,0.9248025743285089,-0.38044736628785164,2.1000000000000014,0.09619325976250516,-0.6000000000000014,0.8345238095238088,2.856987843017081,0,1.0,0.0,0.0,True,26.139471440750214,27.50660485562183,24.77288246154785,22.44915199279785,23.380695343017578,23.890958786010742,24.363956451416016,24.77288246154785,25.167526245117188,25.59210777282715,26.123132705688477,27.092416763305664,25.450515747070312,23.161338806152344,23.99988555908203,24.522010803222656,25.020675659179688,25.450515747070312,25.855554580688477,26.308177947998047,26.872068405151367,27.8082275390625,development
2025-04-24 20:00:00+00:00,42410099999,2025-04-23 06:00:00+00:00,38,24.0,30.0,25.0,25.9,1.5833333333333333,0.3826834323650898,0.9238795325112867,0.9248025743285089,-0.38044736628785164,2.1000000000000014,0.08850207136948052,-0.8999999999999986,0.5345238095238116,2.856987843017081,0,1.0,0.0,0.0,True,26.43947144075021,27.713093795720717,24.426925659179688,22.1962947845459,23.129411697387695,23.626869201660156,24.058176040649414,24.426925659179688,24.787113189697266,25.175016403198242,25.671846389770508,26.594268798828125,25.038246154785156,22.855131149291992,23.67430305480957,24.173065185546875,24.641399383544922,25.038246154785156,25.41449546813965,25.84008026123047,26.376197814941406,27.279603958129883,development
2025-04-24 21:00:00+00:00,42410099999,2025-04-23 06:00:00+00:00,39,24.0,30.0,25.0,25.3,1.625,0.6087614290087207,0.7933533402912352,0.9248025743285089,-0.38044736628785164,2.1000000000000014,0.08142583644661627,-0.3000000000000007,1.1345238095238095,2.856987843017081,0,1.0,0.0,0.0,True,25.839471440750213,27.195146023851393,24.243417739868164,21.95313262939453,22.91039276123047,23.446651458740234,23.87782859802246,24.243417739868164,24.580738067626953,24.952789306640625,25.464982986450195,26.411088943481445,24.826778411865234,22.653778076171875,23.45443344116211,23.9797420501709,24.443159103393555,24.826778411865234,25.184581756591797,25.581636428833008,26.114627838134766,27.02422332763672,development
2025-04-24 22:00:00+00:00,42410099999,2025-04-23 06:00:00+00:00,40,24.0,30.0,25.0,24.4,1.6666666666666667,0.7933533402912352,0.6087614290087207,0.9248025743285089,-0.38044736628785164,2.1000000000000014,0.07491538602923008,0.6000000000000014,2.0345238095238116,2.856987843017081,0,1.0,0.0,0.0,True,24.93947144075021,26.426222442605805,24.205236434936523,21.841976165771484,22.861427307128906,23.41680908203125,23.849456787109375,24.205236434936523,24.52256965637207,24.908191680908203,25.434022903442383,26.40028190612793,24.71139907836914,22.4903621673584,23.341880798339844,23.873748779296875,24.340669631958008,24.71139907836914,25.04770851135254,25.449190139770508,26.000770568847656,26.945161819458008,development
2025-04-24 23:00:00+00:00,42410099999,2025-04-23 06:00:00+00:00,41,23.0,30.0,25.0,23.1,1.7083333333333333,0.9238795325112867,0.38268343236508984,0.9248025743285089,-0.38044736628785164,2.1000000000000014,0.06892548248599278,1.8999999999999986,3.334523809523809,2.856987843017081,0,1.0,0.0,0.0,True,23.639471440750214,25.332408091460394,24.258304595947266,21.731054306030273,22.84821319580078,23.441741943359375,23.898557662963867,24.258304595947266,24.606760025024414,25.0402774810791,25.630233764648438,26.665714263916016,24.70448875427246,22.407756805419922,23.3300724029541,23.87720489501953,24.344390869140625,24.70448875427246,25.057815551757812,25.479198455810547,26.06340217590332,27.04545783996582,development
2025-04-25 00:00:00+00:00,42410099999,2025-04-23 06:00:00+00:00,42,23.0,30.0,25.0,23.1,1.75,0.9914448613738104,0.1305261922200517,0.9248025743285089,-0.38044736628785164,2.1000000000000014,0.06341450518686889,1.8999999999999986,3.334523809523809,2.856987843017081,0,1.0,0.0,0.0,True,23.639471440750214,25.25094991752561,24.49570655822754,21.97792625427246,23.096363067626953,23.681751251220703,24.128110885620117,24.49570655822754,24.866310119628906,25.32585334777832,25.938220977783203,26.993947982788086,24.84267807006836,22.459047317504883,23.398681640625,23.979244232177734,24.455718994140625,24.84267807006836,25.225234985351562,25.690603256225586,26.314537048339844,27.346086502075195,development
2025-04-25 01:00:00+00:00,42410099999,2025-04-23 06:00:00+00:00,43,24.0,30.0,24.0,23.8,1.7916666666666667,0.9914448613738104,-0.1305261922200516,0.9248025743285089,-0.38044736628785164,2.1000000000000014,0.05834416130366097,0.1999999999999993,2.6345238095238095,2.856987843017081,0,1.0,0.0,0.0,True,24.339471440750213,25.505451108195643,25.2811222076416,22.67696189880371,23.78368377685547,24.421829223632812,24.88040542602539,25.2811222076416,25.694135665893555,26.175935745239258,26.817615509033203,27.872203826904297,25.57758140563965,23.02954864501953,24.010761260986328,24.64459800720215,25.143869400024414,25.57758140563965,26.010469436645508,26.505617141723633,27.17155647277832,28.22907829284668,development
2025-04-25 02:00:00+00:00,42410099999,2025-04-23 06:00:00+00:00,44,25.0,30.0,26.0,24.8,1.8333333333333333,0.9238795325112868,-0.3826834323650895,0.9248025743285089,-0.38044736628785164,2.1000000000000014,0.05367921973366558,1.1999999999999993,1.6345238095238095,2.856987843017081,0,1.0,0.0,0.0,True,25.339471440750213,26.636011697238438,26.069433212280273,23.358671188354492,24.471593856811523,25.136587142944336,25.63300132751465,26.069433212280273,26.527618408203125,27.03205108642578,27.70499610900879,28.768531799316406,26.43411636352539,23.793317794799805,24.787181854248047,25.44695281982422,25.976505279541016,26.43411636352539,26.895679473876953,27.41071319580078,28.105934143066406,29.154638290405273,development
2025-04-25 03:00:00+00:00,42410099999,2025-04-23 06:00:00+00:00,45,27.0,30.0,26.0,26.0,1.875,0.7933533402912352,-0.6087614290087207,0.9248025743285089,-0.38044736628785164,2.1000000000000014,0.04938726629761916,0.0,0.4345238095238102,2.856987843017081,0,1.0,0.0,0.0,True,26.539471440750212,27.509922124650885,27.032316207885742,24.013324737548828,25.224510192871094,25.964616775512695,26.538347244262695,27.032316207885742,27.54483985900879,28.08849334716797,28.788982391357422,29.850400924682617,27.419584274291992,24.499753952026367,25.581947326660156,26.30228042602539,26.907493591308594,27.419584274291992,27.921846389770508,28.46209144592285,29.184513092041016,30.237106323242188,development
2025-04-25 04:00:00+00:00,42410099999,2025-04-23 06:00:00+00:00,46,27.0,30.0,26.0,25.8,1.9166666666666667,0.6087614290087209,-0.793353340291235,0.9248025743285089,-0.38044736628785164,2.1000000000000014,0.04543847851093552,0.1999999999999993,0.6345238095238095,2.856987843017081,0,1.0,0.0,0.0,True,26.339471440750213,27.30209435210083,28.235036849975586,24.792051315307617,26.118759155273438,26.94511604309082,27.628620147705078,28.235036849975586,28.803089141845703,29.420791625976562,30.14818572998047,31.24554443359375,28.412696838378906,25.15243911743164,26.342355728149414,27.1317081451416,27.823034286499023,28.412696838378906,28.961009979248047,29.559404373168945,30.28496742248535,31.353620529174805,development
2025-04-25 05:00:00+00:00,42410099999,2025-04-23 06:00:00+00:00,47,29.0,30.0,29.0,26.3,1.9583333333333333,0.3826834323650899,-0.9238795325112867,0.9248025743285089,-0.38044736628785164,2.1000000000000014,0.04180541836324077,2.6999999999999993,0.1345238095238095,2.856987843017081,0,1.0,0.0,0.0,True,26.839471440750213,28.297445981506282,28.953018188476562,25.4237003326416,26.77466583251953,27.643705368041992,28.35093879699707,28.953018188476562,29.54914093017578,30.150829315185547,30.84137725830078,31.887100219726562,29.021806716918945,25.766441345214844,26.950733184814453,27.754362106323242,28.447986602783203,29.021806716918945,29.580764770507812,30.14463996887207,30.81538200378418,31.813098907470703,development
2025-04-25 06:00:00+00:00,42410099999,2025-04-23 06:00:00+00:00,48,30.0,30.0,30.0,27.2,2.0,0.130526192220052,-0.9914448613738104,0.9248025743285089,-0.38044736628785164,2.1000000000000014,0.0384628416663418,2.8000000000000007,-0.7654761904761891,2.856987843017081,0,1.0,0.0,0.0,True,27.73947144075021,29.203547617801302,29.586380004882812,25.87225341796875,27.2736759185791,28.169958114624023,28.940759658813477,29.586380004882812,30.173404693603516,30.767520904541016,31.430675506591797,32.42985153198242,29.728872299194336,26.423789978027344,27.63349723815918,28.428020477294922,29.13300323486328,29.728872299194336,30.27466583251953,30.813499450683594,31.439117431640625,32.36042022705078,development
2025-04-23 07:00:00+00:00,43128599999,2025-04-23 06:00:00+00:00,1,37.0,36.0,37.0,35.4,0.041666666666666664,-0.13052619222005177,-0.9914448613738104,0.9373419384643772,-0.3484108069446808,1.3999999999999986,1.2880621804810513,1.6000000000000014,-5.965476190476188,3.8785734382759562,0,0.0,1.0,0.0,True,35.5192125984252,37.05980478482782,36.665863037109375,35.46060562133789,35.954627990722656,36.25992965698242,36.46513366699219,36.665863037109375,36.87007141113281,37.05561447143555,37.24346160888672,37.56862258911133,36.763519287109375,35.489559173583984,35.990318298339844,36.30904769897461,36.541725158691406,36.763519287109375,36.98779296875,37.18855667114258,37.40334701538086,37.73887634277344,development
2025-04-23 08:00:00+00:00,43128599999,2025-04-23 06:00:00+00:00,2,37.0,36.0,36.0,35.8,0.08333333333333333,-0.38268343236508967,-0.9238795325112868,0.9373419384643772,-0.3484108069446808,1.3999999999999986,1.1850744148468586,0.20000000000000284,-6.365476190476187,3.8785734382759562,0,0.0,1.0,0.0,True,35.9192125984252,37.158211490438674,37.0554313659668,35.49018478393555,36.13225173950195,36.52618408203125,36.81409454345703,37.0554313659668,37.295509338378906,37.55492401123047,37.861026763916016,38.29819107055664,37.15062713623047,35.46904754638672,36.135009765625,36.55506134033203,36.87966537475586,37.15062713623047,37.417686462402344,37.696746826171875,38.0179443359375,38.475135803222656,development
2025-04-23 09:00:00+00:00,43128599999,2025-04-23 06:00:00+00:00,3,37.0,36.0,37.0,35.5,0.125,-0.6087614290087207,-0.7933533402912352,0.9373419384643772,-0.3484108069446808,1.3999999999999986,1.0903210962999657,1.5,-6.06547619047619,3.8785734382759562,0,0.0,1.0,0.0,True,35.6192125984252,37.15445363790247,37.21456527709961,35.342830657958984,36.09553527832031,36.57781219482422,36.92145919799805,37.21456527709961,37.527793884277344,37.8427734375,38.19270324707031,38.7156982421875,37.187522888183594,35.16557693481445,35.96586227416992,36.47821807861328,36.855690002441406,37.187522888183594,37.5284423828125,37.86854934692383,38.24382400512695,38.81282424926758,development
2025-04-23 10:00:00+00:00,43128599999,2025-04-23 06:00:00+00:00,4,38.0,36.0,38.0,35.3,0.16666666666666666,-0.7933533402912349,-0.6087614290087209,0.9373419384643772,-0.3484108069446808,1.3999999999999986,1.003143834803304,2.700000000000003,-5.865476190476187,3.8785734382759562,0,0.0,1.0,0.0,True,35.4192125984252,37.24787316908105,36.83843231201172,34.660888671875,35.53889083862305,36.04986572265625,36.489261627197266,36.83843231201172,37.18915557861328,37.582603454589844,37.998252868652344,38.63045120239258,36.668636322021484,34.36244583129883,35.26844787597656,35.81916046142578,36.28369140625,36.668636322021484,37.05317687988281,37.47294235229492,37.92735290527344,38.6104621887207,development
2025-04-23 11:00:00+00:00,43128599999,2025-04-23 06:00:00+00:00,5,37.0,36.0,37.0,34.7,0.20833333333333334,-0.9238795325112868,-0.3826834323650895,0.9373419384643772,-0.3484108069446808,1.3999999999999986,0.9229368822806203,2.299999999999997,-5.265476190476193,3.8785734382759562,0,0.0,1.0,0.0,True,34.8192125984252,36.61813492172097,35.82122039794922,33.447139739990234,34.39218521118164,34.96135711669922,35.420005798339844,35.82122039794922,36.21929931640625,36.66718673706055,37.19837188720703,37.96630859375,35.5067253112793,32.840675354003906,33.847782135009766,34.47379684448242,35.00273895263672,35.5067253112793,36.01695251464844,36.55051040649414,37.131282806396484,37.95209503173828,development
2025-04-23 12:00:00+00:00,43128599999,2025-04-23 06:00:00+00:00,6,36.0,36.0,36.0,33.3,0.25,-0.9914448613738104,-0.13052619222005163,0.9373419384643772,-0.3484108069446808,1.3999999999999986,0.849142923597686,2.700000000000003,-3.865476190476187,3.8785734382759562,0,0.0,1.0,0.0,True,33.4192125984252,35.37027111620883,34.12287139892578,31.167499542236328,32.264556884765625,32.934181213378906,33.53099822998047,34.12287139892578,34.74713134765625,35.35487747192383,36.07750701904297,37.04759216308594,33.72102355957031,31.043519973754883,32.0645637512207,32.70559310913086,33.237937927246094,33.72102355957031,34.23805236816406,34.78472900390625,35.44538497924805,36.345027923583984,development
2025-04-23 13:00:00+00:00,43128599999,2025-04-23 06:00:00+00:00,7,35.0,36.0,35.0,31.2,0.2916666666666667,-0.9914448613738105,0.13052619222005127,0.9373419384643772,-0.3484108069446808,1.3999999999999986,0.7812492040780651,3.8000000000000007,-1.765476190476189,3.8785734382759562,0,0.0,1.0,0.0,True,31.319212598425196,33.5767656003284,32.65999984741211,29.632728576660156,30.752349853515625,31.462547302246094,32.03370666503906,32.65999984741211,33.32403564453125,33.9884033203125,34.72331619262695,35.76689529418945,32.270713806152344,29.484481811523438,30.53266143798828,31.19312286376953,31.732187271118164,32.270713806152344,32.84909439086914,33.458438873291016,34.120662689208984,35.0810432434082,development
2025-04-23 14:00:00+00:00,43128599999,2025-04-23 06:00:00+00:00,8,32.0,36.0,32.0,30.3,0.3333333333333333,-0.923879532511287,0.38268343236508917,0.9373419384643772,-0.3484108069446808,1.3999999999999986,0.718783966645628,1.6999999999999993,-0.8654761904761905,3.8785734382759562,0,0.0,1.0,0.0,True,30.419212598425197,32.29653767651788,31.043071746826172,28.164003372192383,29.254413604736328,29.93384552001953,30.47999382019043,31.043071746826172,31.62013816833496,32.236637115478516,32.977779388427734,34.02509307861328,30.85074234008789,28.206130981445312,29.220474243164062,29.857160568237305,30.359411239624023,30.85074234008789,31.35907554626465,31.91787338256836,32.571598052978516,33.52006912231445,development
2025-04-23 15:00:00+00:00,43128599999,2025-04-23 06:00:00+00:00,9,32.0,36.0,31.0,28.8,0.375,-0.7933533402912357,0.6087614290087199,0.9373419384643772,-0.3484108069446808,1.3999999999999986,0.6613131738374199,2.1999999999999993,0.6345238095238095,3.8785734382759562,0,0.0,1.0,0.0,True,28.919212598425197,30.961462938414513,29.63056182861328,26.961374282836914,27.946638107299805,28.609418869018555,29.14549446105957,29.63056182861328,30.150001525878906,30.732908248901367,31.451797485351562,32.49736022949219,29.64828109741211,27.030235290527344,27.99365234375,28.646591186523438,29.160587310791016,29.64828109741211,30.15850257873535,30.72085189819336,31.384323120117188,32.35441207885742,development
2025-04-23 16:00:00+00:00,43128599999,2025-04-23 06:00:00+00:00,10,31.0,36.0,29.0,28.6,0.4166666666666667,-0.6087614290087209,0.7933533402912349,0.9373419384643772,-0.3484108069446808,1.3999999999999986,0.6084374919099088,0.3999999999999986,0.8345238095238088,3.8785734382759562,0,0.0,1.0,0.0,True,28.719212598425198,30.41958928029744,29.139984130859375,26.549867630004883,27.481334686279297,28.123065948486328,28.646167755126953,29.139984130859375,29.65438461303711,30.224742889404297,30.915267944335938,31.941570281982422,29.119461059570312,26.590635299682617,27.506742477416992,28.131107330322266,28.63445472717285,29.119461059570312,29.62986183166504,30.172149658203125,30.824695587158203,31.785375595092773,development
2025-04-23 17:00:00+00:00,43128599999,2025-04-23 06:00:00+00:00,11,30.0,36.0,30.0,27.7,0.4583333333333333,-0.38268343236508956,0.9238795325112868,0.9373419384643772,-0.3484108069446808,1.3999999999999986,0.5597895160827857,2.3000000000000007,1.734523809523811,3.8785734382759562,0,0.0,1.0,0.0,True,27.819212598425196,29.947846244524932,28.44477081298828,25.94148063659668,26.82939910888672,27.44936180114746,27.948047637939453,28.44477081298828,28.96092414855957,29.486669540405273,30.160079956054688,31.16509437561035,28.580463409423828,26.09308433532715,26.990625381469727,27.609750747680664,28.093942642211914,28.580463409423828,29.080644607543945,29.5944881439209,30.22601318359375,31.151784896850586,development
2025-04-23 18:00:00+00:00,43128599999,2025-04-23 06:00:00+00:00,12,30.0,36.0,29.0,27.7,0.5,-0.13052619222005168,0.9914448613738104,0.9373419384643772,-0.3484108069446808,1.3999999999999986,0.5150312176400187,1.3000000000000007,1.734523809523811,3.8785734382759562,0,0.0,1.0,0.0,True,27.819212598425196,29.737653070238782,28.045133590698242,25.674949645996094,26.50455665588379,27.07398796081543,27.556407928466797,28.045133590698242,28.533761978149414,29.071746826171875,29.705188751220703,30.687911987304688,28.229188919067383,25.816551208496094,26.6895751953125,27.272897720336914,27.756074905395508,28.229188919067383,28.714813232421875,29.231399536132812,29.824466705322266,30.73160743713379,development
2025-04-23 19:00:00+00:00,43128599999,2025-04-23 06:00:00+00:00,13,30.0,36.0,29.0,28.0,0.5416666666666666,0.13052619222005157,0.9914448613738104,0.9312100364121947,-0.3644830148102912,1.3999999999999986,0.47385159514943864,1.0,1.4345238095238102,3.8785734382759562,0,0.0,1.0,0.0,True,28.119212598425197,29.996566813191137,27.95946502685547,25.688724517822266,26.48076629638672,27.026182174682617,27.487842559814453,27.95946502685547,28.415285110473633,28.89344596862793,29.509714126586914,30.453975677490234,28.15212059020996,25.797502517700195,26.64581871032715,27.209327697753906,27.682056427001953,28.15212059020996,28.608646392822266,29.070568084716797,29.64337158203125,30.51612663269043,development
2025-04-23 20:00:00+00:00,43128599999,2025-04-23 06:00:00+00:00,14,29.0,36.0,28.0,27.4,0.5833333333333334,0.3826834323650898,0.9238795325112867,0.9312100364121947,-0.3644830148102912,1.3999999999999986,0.4359645134804363,0.6000000000000014,2.0345238095238116,3.8785734382759562,0,0.0,1.0,0.0,True,27.519212598425195,29.275136732559833,27.426651000976562,25.27074432373047,26.004562377929688,26.540374755859375,26.981597900390625,27.426651000976562,27.866241455078125,28.363506317138672,28.927309036254883,29.910795211791992,27.755220413208008,25.474271774291992,26.29745101928711,26.86106300354004,27.31301498413086,27.755220413208008,28.192707061767578,28.66973876953125,29.19101905822754,30.098358154296875,development
2025-04-23 21:00:00+00:00,43128599999,2025-04-23 06:00:00+00:00,15,28.0,36.0,28.0,26.7,0.625,0.6087614290087207,0.7933533402912352,0.9312100364121947,-0.3644830148102912,1.3999999999999986,0.4011067156042657,1.3000000000000007,2.734523809523811,3.8785734382759562,0,0.0,1.0,0.0,True,26.819212598425196,28.668909589713927,26.954015731811523,24.790857315063477,25.5606689453125,26.090688705444336,26.5282039642334,26.954015731811523,27.39008331298828,27.83307456970215,28.43733024597168,29.432390213012695,27.27667999267578,24.987337112426758,25.842599868774414,26.402191162109375,26.852556228637695,27.27667999267578,27.70600700378418,28.14002799987793,28.68723487854004,29.602596282958984,development
2025-04-23 22:00:00+00:00,43128599999,2025-04-23 06:00:00+00:00,16,27.0,36.0,27.0,26.4,0.6666666666666666,0.7933533402912352,0.6087614290087207,0.9312100364121947,-0.3644830148102912,1.3999999999999986,0.3690359933620171,0.6000000000000014,3.0345238095238116,3.8785734382759562,0,0.0,1.0,0.0,True,26.519212598425195,28.149028073091745,26.27492332458496,24.19001579284668,24.942007064819336,25.45413589477539,25.885421752929688,26.27492332458496,26.69940185546875,27.133085250854492,27.72964859008789,28.719758987426758,26.673452377319336,24.45760726928711,25.301130294799805,25.847183227539062,26.285869598388672,26.673452377319336,27.084169387817383,27.49626922607422,28.045392990112305,28.95296287536621,development
2025-04-23 23:00:00+00:00,43128599999,2025-04-23 06:00:00+00:00,17,,36.0,25.0,26.1,0.7083333333333334,0.9238795325112867,0.38268343236508984,0.9312100364121947,-0.3644830148102912,1.3999999999999986,0.3395295044899078,-1.1000000000000014,3.334523809523809,3.8785734382759562,0,0.0,1.0,0.0,False,26.219212598425198,27.406452791194152,25.50775718688965,23.401123046875,24.17266845703125,24.678709030151367,25.10535430908203,25.50775718688965,25.919294357299805,26.38970375061035,26.994291305541992,28.005237579345703,25.799823760986328,23.559053421020508,24.437719345092773,24.975507736206055,25.40909194946289,25.799823760986328,26.188339233398438,26.632648468017578,27.197284698486328,28.140602111816406,development
2025-04-24 00:00:00+00:00,43128599999,2025-04-23 06:00:00+00:00,18,27.0,36.0,25.0,25.7,0.75,0.9914448613738104,0.1305261922200517,0.9312100364121947,-0.3644830148102912,1.3999999999999986,0.31238222420780143,-0.6999999999999993,3.734523809523811,3.8785734382759562,0,0.0,1.0,0.0,True,25.819212598425196,27.003849829069576,25.12013816833496,23.08312225341797,23.809995651245117,24.342918395996094,24.739280700683594,25.12013816833496,25.52808952331543,25.98617172241211,26.615386962890625,27.608154296875,25.45102310180664,23.310298919677734,24.147254943847656,24.69347381591797,25.087539672851562,25.45102310180664,25.813655853271484,26.23261070251465,26.807283401489258,27.71346664428711,development
2025-04-24 01:00:00+00:00,43128599999,2025-04-23 06:00:00+00:00,19,27.0,36.0,25.0,25.9,0.7916666666666666,0.9914448613738104,-0.1305261922200516,0.9312100364121947,-0.3644830148102912,1.3999999999999986,0.2874055206118727,-0.8999999999999986,3.5345238095238116,3.8785734382759562,0,0.0,1.0,0.0,True,26.019212598425195,27.071418434782583,25.57931137084961,23.390499114990234,24.193632125854492,24.729463577270508,25.16256332397461,25.57931137084961,26.019710540771484,26.534725189208984,27.18332290649414,28.244667053222656,25.686847686767578,23.431446075439453,24.334558486938477,24.884111404418945,25.304841995239258,25.686847686767578,26.080060958862305,26.544620513916016,27.138084411621094,28.08993911743164,development
2025-04-24 02:00:00+00:00,43128599999,2025-04-23 06:00:00+00:00,20,29.0,36.0,28.0,27.6,0.8333333333333334,0.9238795325112868,-0.3826834323650895,0.9312100364121947,-0.3644830148102912,1.3999999999999986,0.2644258439725863,0.3999999999999986,1.8345238095238088,3.8785734382759562,0,0.0,1.0,0.0,True,27.719212598425198,28.955858997400743,27.192138671875,24.75284194946289,25.615148544311523,26.2076416015625,26.716312408447266,27.192138671875,27.692121505737305,28.264528274536133,28.950855255126953,29.992324829101562,27.369192123413086,24.859586715698242,25.835325241088867,26.43658447265625,26.91789436340332,27.369192123413086,27.820693969726562,28.327383041381836,28.947649002075195,29.893299102783203,development
2025-04-24 03:00:00+00:00,43128599999,2025-04-23 06:00:00+00:00,21,31.0,36.0,31.0,29.9,0.875,0.7933533402912352,-0.6087614290087207,0.9312100364121947,-0.3644830148102912,1.3999999999999986,0.24328352083062296,1.1000000000000014,-0.4654761904761884,3.8785734382759562,0,0.0,1.0,0.0,True,30.019212598425195,31.321482805009392,29.441259384155273,27.03713035583496,27.893829345703125,28.494705200195312,28.970928192138672,29.441259384155273,29.924226760864258,30.43686294555664,31.04386329650879,32.022735595703125,29.61119842529297,27.086156845092773,28.067182540893555,28.685108184814453,29.155988693237305,29.61119842529297,30.053319931030273,30.53470802307129,31.095840454101562,31.994768142700195,development
2025-04-24 04:00:00+00:00,43128599999,2025-04-23 06:00:00+00:00,22,33.0,36.0,33.0,32.5,0.9166666666666666,0.6087614290087209,-0.793353340291235,0.9312100364121947,-0.3644830148102912,1.3999999999999986,0.22383164451157125,0.5,-3.06547619047619,3.8785734382759562,0,0.0,1.0,0.0,True,32.6192125984252,33.72591417442943,31.52593421936035,28.920923233032227,29.874685287475586,30.516555786132812,31.03896713256836,31.52593421936035,32.03022384643555,32.54349136352539,33.13774871826172,34.09309387207031,31.86530303955078,29.0474910736084,30.13558006286621,30.82070541381836,31.369518280029297,31.86530303955078,32.36372375488281,32.86595916748047,33.45581817626953,34.36945343017578,development
2025-04-24 05:00:00+00:00,43128599999,2025-04-23 06:00:00+00:00,23,34.0,36.0,33.0,34.4,0.9583333333333334,0.3826834323650899,-0.9238795325112867,0.9312100364121947,-0.3644830148102912,1.3999999999999986,0.20593505435016732,-1.3999999999999986,-4.965476190476188,3.8785734382759562,0,0.0,1.0,0.0,True,34.5192125984252,35.17727761898952,33.35384750366211,30.65553855895996,31.641023635864258,32.3245964050293,32.85615158081055,33.35384750366211,33.8532829284668,34.34465026855469,34.90673828125,35.79774475097656,33.697593688964844,30.68340492248535,31.83292579650879,32.579368591308594,33.161563873291016,33.697593688964844,34.21599197387695,34.72920227050781,35.315895080566406,36.21364212036133,development
2025-04-24 06:00:00+00:00,43128599999,2025-04-23 06:00:00+00:00,24,34.0,36.0,36.0,35.5,1.0,0.130526192220052,-0.9914448613738104,0.9312100364121947,-0.3644830148102912,1.3999999999999986,0.18946939653125758,0.5,-6.06547619047619,3.8785734382759562,0,0.0,1.0,0.0,True,35.6192125984252,36.659293585602256,34.77925491333008,32.21484375,33.17974090576172,33.83469009399414,34.329681396484375,34.77925491333008,35.225738525390625,35.677738189697266,36.16501998901367,37.00821304321289,35.1686897277832,32.14878463745117,33.32823944091797,34.06428527832031,34.64882278442383,35.1686897277832,35.667144775390625,36.16799545288086,36.70405960083008,37.59137725830078,development
2025-04-24 07:00:00+00:00,43128599999,2025-04-23 06:00:00+00:00,25,,36.0,37.0,36.1,1.0416666666666667,-0.13052619222005177,-0.9914448613738104,0.9312100364121947,-0.3644830148102912,1.3999999999999986,0.17432026002177198,0.8999999999999986,-6.665476190476191,3.8785734382759562,0,0.0,1.0,0.0,False,36.2192125984252,37.348182993774365,35.92448806762695,33.31857681274414,34.32844543457031,34.9989013671875,35.47551727294922,35.92448806762695,36.34911346435547,36.79450988769531,37.263160705566406,38.084381103515625,36.2037353515625,33.1429557800293,34.34975814819336,35.110652923583984,35.68629837036133,36.2037353515625,36.67216491699219,37.15312576293945,37.66579818725586,38.536720275878906,development
2025-04-24 08:00:00+00:00,43128599999,2025-04-23 06:00:00+00:00,26,37.0,36.0,36.0,36.3,1.0833333333333333,-0.38268343236508967,-0.9238795325112868,0.9312100364121947,-0.3644830148102912,1.3999999999999986,0.16038238158976267,-0.29999999999999716,-6.865476190476187,3.8785734382759562,0,0.0,1.0,0.0,True,36.4192125984252,37.321697853270265,36.34125518798828,33.75156021118164,34.75905990600586,35.42388916015625,35.91264343261719,36.34125518798828,36.76609802246094,37.189857482910156,37.65138244628906,38.48554992675781,36.62115478515625,33.40261459350586,34.66556167602539,35.465877532958984,36.08893966674805,36.62115478515625,37.112125396728516,37.59696578979492,38.14130783081055,39.05662155151367,development
2025-04-24 09:00:00+00:00,43128599999,2025-04-23 06:00:00+00:00,27,37.0,36.0,37.0,36.5,1.125,-0.6087614290087207,-0.7933533402912352,0.9312100364121947,-0.3644830148102912,1.3999999999999986,0.14755891438660992,0.5,-7.06547619047619,3.8785734382759562,0,0.0,1.0,0.0,True,36.6192125984252,37.73897994279181,36.44697570800781,33.757625579833984,34.813114166259766,35.509124755859375,36.00872039794922,36.44697570800781,36.874813079833984,37.34383773803711,37.832618713378906,38.71562957763672,36.785400390625,33.50857162475586,34.80297088623047,35.633392333984375,36.25543212890625,36.785400390625,37.264984130859375,37.781654357910156,38.330108642578125,39.26377487182617,development
2025-04-24 10:00:00+00:00,43128599999,2025-04-23 06:00:00+00:00,28,37.0,36.0,38.0,36.4,1.1666666666666667,-0.7933533402912349,-0.6087614290087209,0.9312100364121947,-0.3644830148102912,1.3999999999999986,0.13576075501016693,1.6000000000000014,-6.965476190476188,3.8785734382759562,0,0.0,1.0,0.0,True,36.5192125984252,37.93768434843124,36.058204650878906,33.10647201538086,34.24140548706055,35.00785827636719,35.56235885620117,36.058204650878906,36.569149017333984,37.09565734863281,37.68231201171875,38.71471405029297,36.383792877197266,32.81550216674805,34.20119857788086,35.121185302734375,35.80862045288086,36.383792877197266,36.941715240478516,37.52159118652344,38.18653106689453,39.246368408203125,development
2025-04-24 11:00:00+00:00,43128599999,2025-04-23 06:00:00+00:00,29,37.0,36.0,37.0,36.0,1.2083333333333333,-0.9238795325112868,-0.3826834323650895,0.9312100364121947,-0.3644830148102912,1.3999999999999986,0.12490592437296402,1.0,-6.56547619047619,3.8785734382759562,0,0.0,1.0,0.0,True,36.1192125984252,37.48943133341159,34.64055252075195,31.62273597717285,32.76995849609375,33.543304443359375,34.11140060424805,34.64055252075195,35.174442291259766,35.739341735839844,36.39594650268555,37.554161071777344,35.17513656616211,31.615325927734375,32.99837112426758,33.90940475463867,34.58934783935547,35.17513656616211,35.74961471557617,36.35225296020508,37.049442291259766,38.19110107421875,development
2025-04-24 12:00:00+00:00,43128599999,2025-04-23 06:00:00+00:00,30,36.0,36.0,36.0,34.3,1.25,-0.9914448613738104,-0.13052619222005163,0.9312100364121947,-0.3644830148102912,1.3999999999999986,0.1149189980734582,1.7000000000000028,-4.865476190476187,3.8785734382759562,0,0.0,1.0,0.0,True,34.4192125984252,36.02930333269986,32.71539306640625,29.186195373535156,30.477420806884766,31.34381675720215,32.040428161621094,32.71539306640625,33.38381576538086,34.11705780029297,34.93227005004883,36.32513427734375,33.45747756958008,29.770679473876953,31.18142318725586,32.10721969604492,32.82285690307617,33.45747756958008,34.07619857788086,34.75571823120117,35.52170181274414,36.7665901184082,development
2025-04-24 13:00:00+00:00,43128599999,2025-04-23 06:00:00+00:00,31,34.0,36.0,35.0,32.0,1.2916666666666667,-0.9914448613738105,0.13052619222005127,0.9312100364121947,-0.3644830148102912,1.3999999999999986,0.10573058231228316,3.0,-2.56547619047619,3.8785734382759562,0,0.0,1.0,0.0,True,32.1192125984252,34.10006455056988,31.13992691040039,28.07395362854004,29.246801376342773,29.995159149169922,30.588638305664062,31.13992691040039,31.688867568969727,32.31681442260742,33.06549835205078,34.429893493652344,31.95294761657715,28.66272735595703,29.959453582763672,30.78279685974121,31.404449462890625,31.95294761657715,32.48618698120117,33.09931564331055,33.81300735473633,35.02252960205078,development
2025-04-24 14:00:00+00:00,43128599999,2025-04-23 06:00:00+00:00,32,32.0,36.0,32.0,31.1,1.3333333333333333,-0.923879532511287,0.38268343236508917,0.9312100364121947,-0.3644830148102912,1.3999999999999986,0.09727683171192206,0.8999999999999986,-1.6654761904761912,3.8785734382759562,0,0.0,1.0,0.0,True,31.219212598425198,32.83913368588446,29.569917678833008,26.308334350585938,27.506296157836914,28.303743362426758,28.952367782592773,29.569917678833008,30.19544792175293,30.870323181152344,31.711116790771484,33.217037200927734,30.466537475585938,27.171289443969727,28.43892478942871,29.25023651123047,29.88739585876465,30.466537475585938,31.033273696899414,31.649675369262695,32.39665222167969,33.656307220458984,development
2025-04-24 15:00:00+00:00,43128599999,2025-04-23 06:00:00+00:00,33,32.0,36.0,31.0,29.4,1.375,-0.7933533402912357,0.6087614290087199,0.9312100364121947,-0.3644830148102912,1.3999999999999986,0.08949900568939051,1.6000000000000014,0.03452380952381162,3.8785734382759562,0,0.0,1.0,0.0,True,29.519212598425195,31.36510578129145,28.49911880493164,25.646257400512695,26.692733764648438,27.3912353515625,27.98116683959961,28.49911880493164,29.037328720092773,29.633975982666016,30.409879684448242,31.869550704956055,29.301382064819336,26.20171356201172,27.382139205932617,28.143264770507812,28.76201820373535,29.301382064819336,29.839122772216797,30.42955207824707,31.160888671875,32.404380798339844,development
2025-04-24 16:00:00+00:00,43128599999,2025-04-23 06:00:00+00:00,34,30.0,36.0,29.0,27.6,1.4166666666666667,-0.6087614290087209,0.7933533402912349,0.9312100364121947,-0.3644830148102912,1.3999999999999986,0.08234306029940175,1.3999999999999986,1.8345238095238088,3.8785734382759562,0,0.0,1.0,0.0,True,27.719212598425198,29.585908187416162,28.204771041870117,25.48390769958496,26.500680923461914,27.16710662841797,27.702587127685547,28.204771041870117,28.72749137878418,29.304088592529297,30.072195053100586,31.50619888305664,28.65275764465332,25.6976375579834,26.83362579345703,27.554426193237305,28.140424728393555,28.65275764465332,29.18396759033203,29.747085571289062,30.464576721191406,31.682924270629883,development
2025-04-24 17:00:00+00:00,43128599999,2025-04-23 06:00:00+00:00,35,29.0,36.0,30.0,27.3,1.4583333333333333,-0.38268343236508956,0.9238795325112868,0.9312100364121947,-0.3644830148102912,1.3999999999999986,0.07575927271195018,2.6999999999999993,2.1345238095238095,3.8785734382759562,0,0.0,1.0,0.0,True,27.419212598425197,29.599315670270666,27.90960693359375,25.245811462402344,26.224319458007812,26.878005981445312,27.399452209472656,27.90960693359375,28.399803161621094,28.982080459594727,29.717588424682617,31.137914657592773,28.26812171936035,25.365280151367188,26.468549728393555,27.18451499938965,27.737823486328125,28.26812171936035,28.777498245239258,29.35039710998535,30.044849395751953,31.23861312866211,development
2025-04-24 18:00:00+00:00,43128599999,2025-04-23 06:00:00+00:00,36,28.0,36.0,29.0,27.7,1.5,-0.13052619222005168,0.9914448613738104,0.9312100364121947,-0.3644830148102912,1.3999999999999986,0.06970189571500945,1.3000000000000007,1.734523809523811,3.8785734382759562,0,0.0,1.0,0.0,True,27.819212598425196,29.71636407896258,27.725255966186523,25.148569107055664,26.085105895996094,26.699726104736328,27.23002815246582,27.725255966186523,28.233463287353516,28.793359756469727,29.512901306152344,30.948022842407227,28.006196975708008,25.18454360961914,26.256099700927734,26.928319931030273,27.488828659057617,28.006196975708008,28.517786026000977,29.07341194152832,29.750324249267578,30.954866409301758,development
2025-04-24 19:00:00+00:00,43128599999,2025-04-23 06:00:00+00:00,37,29.0,36.0,29.0,27.9,1.5416666666666667,0.13052619222005157,0.9914448613738104,0.9248025743285089,-0.38044736628785164,1.3999999999999986,0.06412883984167,1.1000000000000014,1.5345238095238116,3.8785734382759562,0,0.0,1.0,0.0,True,28.019212598425195,29.90992782676707,27.687604904174805,25.21379280090332,26.12142562866211,26.67485237121582,27.20956039428711,27.687604904174805,28.138484954833984,28.67285919189453,29.34792137145996,30.7069091796875,27.87141227722168,25.11429214477539,26.163707733154297,26.80028533935547,27.363162994384766,27.87141227722168,28.353302001953125,28.8901424407959,29.535890579223633,30.687110900878906,development
2025-04-24 20:00:00+00:00,43128599999,2025-04-23 06:00:00+00:00,38,29.0,36.0,28.0,27.0,1.5833333333333333,0.3826834323650898,0.9238795325112867,0.9248025743285089,-0.38044736628785164,1.3999999999999986,0.05900138091298691,1.0,2.43452380952381,3.8785734382759562,0,0.0,1.0,0.0,True,27.119212598425197,28.965141027202726,27.402809143066406,24.937686920166016,25.862314224243164,26.42104721069336,26.9360408782959,27.402809143066406,27.869579315185547,28.3940372467041,29.040664672851562,30.397113800048828,27.612241744995117,24.917049407958984,25.953227996826172,26.587419509887695,27.127405166625977,27.612241744995117,28.091323852539062,28.60967254638672,29.223770141601562,30.367084503173828,development
2025-04-24 21:00:00+00:00,43128599999,2025-04-23 06:00:00+00:00,39,28.0,36.0,28.0,26.9,1.625,0.6087614290087207,0.7933533402912352,0.9248025743285089,-0.38044736628785164,1.3999999999999986,0.054283890964410754,1.1000000000000014,2.5345238095238116,3.8785734382759562,0,0.0,1.0,0.0,True,27.019212598425195,28.839804275428033,26.651988983154297,24.267879486083984,25.14466094970703,25.711862564086914,26.21311378479004,26.651988983154297,27.06308364868164,27.541709899902344,28.2000675201416,29.534778594970703,27.029325485229492,24.35991859436035,25.384307861328125,26.027254104614258,26.562976837158203,27.029325485229492,27.476274490356445,27.960275650024414,28.589550018310547,29.73041534423828,development
2025-04-24 22:00:00+00:00,43128599999,2025-04-23 06:00:00+00:00,40,28.0,36.0,27.0,26.9,1.6666666666666667,0.7933533402912352,0.6087614290087207,0.9248025743285089,-0.38044736628785164,1.3999999999999986,0.049943590686153304,0.10000000000000142,2.5345238095238116,3.8785734382759562,0,0.0,1.0,0.0,True,27.019212598425195,28.56489117624237,26.046476364135742,23.692657470703125,24.590002059936523,25.156612396240234,25.619943618774414,26.046476364135742,26.435848236083984,26.91232681274414,27.573490142822266,28.90988540649414,26.43661880493164,23.818431854248047,24.84503173828125,25.485193252563477,25.989667892456055,26.43661880493164,26.86150360107422,27.34634017944336,27.987506866455078,29.15871810913086,development
2025-04-24 23:00:00+00:00,43128599999,2025-04-23 06:00:00+00:00,41,,36.0,25.0,27.2,1.7083333333333333,0.9238795325112867,0.38268343236508984,0.9248025743285089,-0.38044736628785164,1.3999999999999986,0.045950321657328444,-2.1999999999999993,2.234523809523811,3.8785734382759562,0,0.0,1.0,0.0,False,27.319212598425196,28.301553133511142,25.254541397094727,23.14859962463379,24.022510528564453,24.52309799194336,24.922136306762695,25.254541397094727,25.57430076599121,26.010589599609375,26.651906967163086,27.9163818359375,25.674964904785156,23.1674861907959,24.21192169189453,24.820627212524414,25.287450790405273,25.674964904785156,26.06267547607422,26.53692054748535,27.182954788208008,28.335359573364258,development
2025-04-25 00:00:00+00:00,43128599999,2025-04-23 06:00:00+00:00,42,26.0,36.0,25.0,26.9,1.75,0.9914448613738104,0.1305261922200517,0.9248025743285089,-0.38044736628785164,1.3999999999999986,0.04227633679124586,-1.8999999999999986,2.5345238095238116,3.8785734382759562,0,0.0,1.0,0.0,True,27.019212598425195,27.985690297690024,25.10839080810547,22.707321166992188,23.66332244873047,24.226848602294922,24.693201065063477,25.10839080810547,25.52863311767578,26.062894821166992,26.80287742614746,28.194313049316406,25.40022087097168,22.817689895629883,23.881526947021484,24.5030517578125,24.981966018676758,25.40022087097168,25.83307647705078,26.35050392150879,27.03302764892578,28.25214385986328,development
2025-04-25 01:00:00+00:00,43128599999,2025-04-23 06:00:00+00:00,43,27.0,36.0,25.0,26.7,1.7916666666666667,0.9914448613738104,-0.1305261922200516,0.9248025743285089,-0.38044736628785164,1.3999999999999986,0.03889610753577391,-1.6999999999999993,2.734523809523811,3.8785734382759562,0,0.0,1.0,0.0,True,26.819212598425196,27.74756018991114,25.554786682128906,23.012798309326172,23.969881057739258,24.60291862487793,25.084674835205078,25.554786682128906,26.040489196777344,26.627124786376953,27.389129638671875,28.822471618652344,25.73227310180664,23.1612606048584,24.201629638671875,24.841209411621094,25.297433853149414,25.73227310180664,26.181583404541016,26.69875144958496,27.369834899902344,28.5877742767334,development
2025-04-25 02:00:00+00:00,43128599999,2025-04-23 06:00:00+00:00,44,28.0,36.0,28.0,27.6,1.8333333333333333,0.9238795325112868,-0.3826834323650895,0.9248025743285089,-0.38044736628785164,1.3999999999999986,0.035786146489110326,0.3999999999999986,1.8345238095238088,3.8785734382759562,0,0.0,1.0,0.0,True,27.719212598425198,29.012270472030618,27.048904418945312,24.55979347229004,25.4626407623291,26.08606719970703,26.57940673828125,27.048904418945312,27.55794906616211,28.12808609008789,28.902755737304688,30.236291885375977,27.286588668823242,24.678510665893555,25.71077537536621,26.352310180664062,26.83456039428711,27.286588668823242,27.771055221557617,28.29075813293457,28.98036003112793,30.137449264526367,development
2025-04-25 03:00:00+00:00,43128599999,2025-04-23 06:00:00+00:00,45,31.0,36.0,31.0,30.2,1.875,0.7933533402912352,-0.6087614290087207,0.9248025743285089,-0.38044736628785164,1.3999999999999986,0.03292484419841272,0.8000000000000007,-0.7654761904761891,3.8785734382759562,0,0.0,1.0,0.0,True,30.319212598425196,31.619486643894056,29.211872100830078,26.663379669189453,27.58089828491211,28.213403701782227,28.723127365112305,29.211872100830078,29.755510330200195,30.31563949584961,31.07550811767578,32.38349151611328,29.340656280517578,26.55633544921875,27.637027740478516,28.316225051879883,28.84494972229004,29.340656280517578,29.867074966430664,30.407005310058594,31.102035522460938,32.267333984375,development
2025-04-25 04:00:00+00:00,43128599999,2025-04-23 06:00:00+00:00,46,32.0,36.0,33.0,32.6,1.9166666666666667,0.6087614290087209,-0.793353340291235,0.9248025743285089,-0.38044736628785164,1.3999999999999986,0.030292319007290295,0.3999999999999986,-3.165476190476191,3.8785734382759562,0,0.0,1.0,0.0,True,32.7192125984252,33.87321986178126,31.138885498046875,28.62903594970703,29.55199432373047,30.150829315185547,30.63437271118164,31.138885498046875,31.638423919677734,32.193904876708984,32.88911819458008,34.102725982666016,31.42197608947754,28.43366050720215,29.58477210998535,30.29888153076172,30.860441207885742,31.42197608947754,31.965688705444336,32.53181457519531,33.22746658325195,34.37645721435547,development
2025-04-25 05:00:00+00:00,43128599999,2025-04-23 06:00:00+00:00,47,35.0,36.0,33.0,34.2,1.9583333333333333,0.3826834323650899,-0.9238795325112867,0.9248025743285089,-0.38044736628785164,1.3999999999999986,0.02787027890882713,-1.2000000000000028,-4.765476190476193,3.8785734382759562,0,0.0,1.0,0.0,True,34.3192125984252,35.09505102941129,32.9521598815918,30.336620330810547,31.296541213989258,31.932897567749023,32.4427375793457,32.9521598815918,33.48741912841797,34.03765869140625,34.706321716308594,35.93072509765625,33.11119842529297,29.916439056396484,31.144039154052734,31.908798217773438,32.525047302246094,33.11119842529297,33.70954132080078,34.2924690246582,34.981842041015625,36.15144348144531,development
2025-04-25 06:00:00+00:00,43128599999,2025-04-23 06:00:00+00:00,48,36.0,36.0,36.0,35.2,2.0,0.130526192220052,-0.9914448613738104,0.9248025743285089,-0.38044736628785164,1.3999999999999986,0.025641894444227823,0.7999999999999972,-5.765476190476193,3.8785734382759562,0,0.0,1.0,0.0,True,35.3192125984252,36.50379998660521,34.47740936279297,31.71978759765625,32.74323272705078,33.40038299560547,33.96323776245117,34.47740936279297,34.99623107910156,35.534873962402344,36.19849395751953,37.36627197265625,34.5701904296875,31.121145248413086,32.420616149902344,33.24467468261719,33.935646057128906,34.5701904296875,35.191497802734375,35.787696838378906,36.48893356323242,37.64517593383789,development
2025-04-23 07:00:00+00:00,43279099999,2025-04-23 06:00:00+00:00,1,36.0,35.0,35.0,36.5,0.041666666666666664,-0.13052619222005177,-0.9914448613738104,0.9373419384643772,-0.3484108069446808,-1.5,-1.380066621943985,-1.5,-5.053571428571427,2.264526988797704,0,0.0,0.0,1.0,True,37.53820870994248,37.27198443598296,35.27836608886719,34.43431091308594,34.75005340576172,34.9654541015625,35.12859344482422,35.27836608886719,35.42890930175781,35.57977294921875,35.74967575073242,36.011383056640625,35.44118118286133,34.72199249267578,34.981075286865234,35.16756057739258,35.311588287353516,35.44118118286133,35.571632385253906,35.703914642333984,35.85662841796875,36.086456298828125,development
2025-04-23 08:00:00+00:00,43279099999,2025-04-23 06:00:00+00:00,2,36.0,35.0,35.0,35.8,0.08333333333333333,-0.38268343236508967,-0.9238795325112868,0.9373419384643772,-0.3484108069446808,-1.5,-1.2697225873359212,-0.7999999999999972,-4.353571428571424,2.264526988797704,0,0.0,0.0,1.0,True,36.83820870994248,36.79666722050939,35.277462005615234,34.270084381103516,34.647705078125,34.89979553222656,35.09708023071289,35.277462005615234,35.451534271240234,35.64379119873047,35.87108612060547,36.18680191040039,35.35059356689453,34.53642272949219,34.83267593383789,35.040103912353516,35.20558547973633,35.35059356689453,35.49607849121094,35.65294647216797,35.83943176269531,36.11408233642578,development
2025-04-23 09:00:00+00:00,43279099999,2025-04-23 06:00:00+00:00,3,36.0,35.0,36.0,35.3,0.125,-0.6087614290087207,-0.7933533402912352,0.9373419384643772,-0.3484108069446808,-1.5,-1.1682011746071073,0.7000000000000028,-3.853571428571424,2.264526988797704,0,0.0,0.0,1.0,True,36.33820870994248,36.706326486804876,35.151123046875,34.04793930053711,34.45594024658203,34.743934631347656,34.960235595703125,35.151123046875,35.35029602050781,35.55863571166992,35.795372009277344,36.1499137878418,35.146854400634766,34.288326263427734,34.606075286865234,34.82598114013672,34.99359130859375,35.146854400634766,35.310081481933594,35.476707458496094,35.67042541503906,35.96745300292969,development
2025-04-23 10:00:00+00:00,43279099999,2025-04-23 06:00:00+00:00,4,35.0,35.0,34.0,35.0,0.16666666666666666,-0.7933533402912349,-0.6087614290087209,0.9373419384643772,-0.3484108069446808,-1.5,-1.074796965860684,-1.0,-3.553571428571427,2.264526988797704,0,0.0,0.0,1.0,True,36.03820870994248,36.15006657531911,34.68748474121094,33.56975173950195,33.9837646484375,34.25898361206055,34.49399948120117,34.68748474121094,34.887596130371094,35.113494873046875,35.371681213378906,35.74616241455078,34.841312408447266,33.980438232421875,34.30104446411133,34.51216125488281,34.68617248535156,34.841312408447266,34.99888229370117,35.1778450012207,35.38595962524414,35.7012939453125,development
2025-04-23 11:00:00+00:00,43279099999,2025-04-23 06:00:00+00:00,5,35.0,35.0,33.0,33.8,0.20833333333333334,-0.9238795325112868,-0.3826834323650895,0.9373419384643772,-0.3484108069446808,-1.5,-0.9888609453006656,-0.7999999999999972,-2.353571428571424,2.264526988797704,0,0.0,0.0,1.0,True,34.83820870994248,35.10956542829905,33.98419952392578,32.89703369140625,33.29640197753906,33.5642204284668,33.78778076171875,33.98419952392578,34.180389404296875,34.4100341796875,34.67854690551758,35.05750274658203,34.051246643066406,33.222225189208984,33.53569793701172,33.73536682128906,33.90232467651367,34.051246643066406,34.20449447631836,34.389041900634766,34.60096740722656,34.914306640625,development
2025-04-23 12:00:00+00:00,43279099999,2025-04-23 06:00:00+00:00,6,33.0,35.0,33.0,32.2,0.25,-0.9914448613738104,-0.13052619222005163,0.9373419384643772,-0.3484108069446808,-1.5,-0.9097959895689501,0.7999999999999972,-0.7535714285714299,2.264526988797704,0,0.0,0.0,1.0,True,33.238208709942484,33.9715550644742,33.051544189453125,31.9887752532959,32.37517547607422,32.638309478759766,32.85865020751953,33.051544189453125,33.2534065246582,33.47163772583008,33.75095748901367,34.129642486572266,33.08528518676758,32.28297424316406,32.579345703125,32.782894134521484,32.94161605834961,33.08528518676758,33.24278259277344,33.411705017089844,33.625831604003906,33.934913635253906,development
2025-04-23 13:00:00+00:00,43279099999,2025-04-23 06:00:00+00:00,7,32.0,35.0,31.0,30.5,0.2916666666666667,-0.9914448613738105,0.13052619222005127,0.9373419384643772,-0.3484108069446808,-1.5,-0.8370527186550707,0.5,0.946428571428573,2.264526988797704,0,0.0,0.0,1.0,True,31.53820870994248,32.32976274574108,32.099952697753906,31.05467414855957,31.444673538208008,31.701284408569336,31.901151657104492,32.099952697753906,32.30896759033203,32.524742126464844,32.78241729736328,33.15867614746094,31.959657669067383,31.173818588256836,31.47256088256836,31.66695213317871,31.816444396972656,31.959657669067383,32.11658477783203,32.2841911315918,32.47880172729492,32.78794479370117,development
2025-04-23 14:00:00+00:00,43279099999,2025-04-23 06:00:00+00:00,8,31.0,35.0,31.0,30.0,0.3333333333333333,-0.923879532511287,0.38268343236508917,0.9373419384643772,-0.3484108069446808,-1.5,-0.770125678548888,1.0,1.446428571428573,2.264526988797704,0,0.0,0.0,1.0,True,31.03820870994248,32.04502171582627,31.516483306884766,30.48630142211914,30.87196922302246,31.1201171875,31.32324981689453,31.516483306884766,31.707956314086914,31.91356086730957,32.16981887817383,32.543182373046875,31.3970947265625,30.608963012695312,30.910905838012695,31.104520797729492,31.25405502319336,31.3970947265625,31.54161262512207,31.697500228881836,31.890512466430664,32.18806457519531,development
2025-04-23 15:00:00+00:00,43279099999,2025-04-23 06:00:00+00:00,9,31.0,35.0,31.0,29.7,0.375,-0.7933533402912357,0.6087614290087199,0.9373419384643772,-0.3484108069446808,-1.5,-0.708549829111522,1.3000000000000007,1.7464285714285737,2.264526988797704,0,0.0,0.0,1.0,True,30.73820870994248,31.90467129972952,31.221115112304688,30.23411750793457,30.593338012695312,30.842273712158203,31.040067672729492,31.221115112304688,31.410612106323242,31.602954864501953,31.850759506225586,32.21621322631836,31.114931106567383,30.353652954101562,30.63404083251953,30.831972122192383,30.978635787963867,31.114931106567383,31.256521224975586,31.40660285949707,31.590089797973633,31.87105369567871,development
2025-04-23 16:00:00+00:00,43279099999,2025-04-23 06:00:00+00:00,10,31.0,35.0,31.0,29.5,0.4166666666666667,-0.6087614290087209,0.7933533402912349,0.9373419384643772,-0.3484108069446808,-1.5,-0.6518973127606174,1.5,1.946428571428573,2.264526988797704,0,0.0,0.0,1.0,True,30.53820870994248,31.825825128638975,31.0553035736084,30.081005096435547,30.431089401245117,30.680282592773438,30.880294799804688,31.0553035736084,31.234619140625,31.424375534057617,31.656587600708008,32.011634826660156,30.926864624023438,30.17647933959961,30.456296920776367,30.648082733154297,30.795150756835938,30.926864624023438,31.067914962768555,31.21149253845215,31.391475677490234,31.669328689575195,development
2025-04-23 17:00:00+00:00,43279099999,2025-04-23 06:00:00+00:00,11,30.0,35.0,31.0,29.2,0.4583333333333333,-0.38268343236508956,0.9238795325112868,0.9373419384643772,-0.3484108069446808,-1.5,-0.5997744815172711,1.8000000000000007,2.2464285714285737,2.264526988797704,0,0.0,0.0,1.0,True,30.23820870994248,31.64825933968474,30.8687686920166,29.899587631225586,30.25128936767578,30.49386215209961,30.68221664428711,30.8687686920166,31.05189323425293,31.22735595703125,31.458703994750977,31.801132202148438,30.671524047851562,29.910301208496094,30.198862075805664,30.390851974487305,30.533103942871094,30.671524047851562,30.806251525878906,30.946557998657227,31.13107681274414,31.39495086669922,development
2025-04-23 18:00:00+00:00,43279099999,2025-04-23 06:00:00+00:00,12,30.0,35.0,30.0,28.8,0.5,-0.13052619222005168,0.9914448613738104,0.9373419384643772,-0.3484108069446808,-1.5,-0.5518191617571635,1.1999999999999993,2.6464285714285722,2.264526988797704,0,0.0,0.0,1.0,True,29.83820870994248,31.15777596795418,30.7236385345459,29.756404876708984,30.109039306640625,30.346635818481445,30.53663444519043,30.7236385345459,30.900981903076172,31.08110237121582,31.309284210205078,31.64775276184082,30.431833267211914,29.652475357055664,29.95110321044922,30.14313507080078,30.29216194152832,30.431833267211914,30.567806243896484,30.717082977294922,30.896595001220703,31.166362762451172,development
2025-04-23 19:00:00+00:00,43279099999,2025-04-23 06:00:00+00:00,13,30.0,35.0,30.0,28.4,0.5416666666666666,0.13052619222005157,0.9914448613738104,0.9312100364121947,-0.3644830148102912,-1.5,-0.5076981376601133,1.6000000000000014,3.0464285714285744,2.264526988797704,0,0.0,0.0,1.0,True,29.43820870994248,30.8986900526596,30.531814575195312,29.545093536376953,29.90833854675293,30.152206420898438,30.34734344482422,30.531814575195312,30.704063415527344,30.88323211669922,31.10215187072754,31.438867568969727,30.239864349365234,29.44938087463379,29.75072479248047,29.945934295654297,30.09807777404785,30.239864349365234,30.366878509521484,30.508769989013672,30.68365478515625,30.93844985961914,development
2025-04-23 20:00:00+00:00,43279099999,2025-04-23 06:00:00+00:00,14,30.0,35.0,30.0,28.1,0.5833333333333334,0.3826834323650898,0.9238795325112867,0.9312100364121947,-0.3644830148102912,-1.5,-0.46710483587189655,1.8999999999999986,3.3464285714285715,2.264526988797704,0,0.0,0.0,1.0,True,29.138208709942482,30.652307974134573,30.320871353149414,29.32966423034668,29.688819885253906,29.951488494873047,30.138025283813477,30.320871353149414,30.498884201049805,30.688077926635742,30.904176712036133,31.26604652404785,30.05329704284668,29.23989486694336,29.55328369140625,29.76263427734375,29.916580200195312,30.05329704284668,30.190475463867188,30.350236892700195,30.522214889526367,30.804424285888672,development
2025-04-23 21:00:00+00:00,43279099999,2025-04-23 06:00:00+00:00,15,29.0,35.0,29.0,28.0,0.625,0.6087614290087207,0.7933533402912352,0.9312100364121947,-0.3644830148102912,-1.5,-0.4297571952902851,1.0,3.446428571428573,2.264526988797704,0,0.0,0.0,1.0,True,29.03820870994248,30.330052330415462,30.013996124267578,29.00914764404297,29.39354133605957,29.64722442626953,29.845314025878906,30.013996124267578,30.19651985168457,30.37329864501953,30.602190017700195,30.960206985473633,29.869590759277344,29.03928565979004,29.35833168029785,29.56766128540039,29.730409622192383,29.869590759277344,30.008920669555664,30.1605224609375,30.339357376098633,30.621658325195312,development
2025-04-23 22:00:00+00:00,43279099999,2025-04-23 06:00:00+00:00,16,30.0,35.0,29.0,28.0,0.6666666666666666,0.7933533402912352,0.6087614290087207,0.9312100364121947,-0.3644830148102912,-1.5,-0.3953957071735902,1.0,3.446428571428573,2.264526988797704,0,0.0,0.0,1.0,True,29.03820870994248,30.280914281396566,29.691762924194336,28.65778923034668,29.05438804626465,29.31300926208496,29.520423889160156,29.691762924194336,29.872394561767578,30.062021255493164,30.298410415649414,30.677534103393555,29.65079689025879,28.81713104248047,29.13409996032715,29.347278594970703,29.514877319335938,29.65079689025879,29.791622161865234,29.943153381347656,30.13068962097168,30.4244384765625,development
2025-04-23 23:00:00+00:00,43279099999,2025-04-23 06:00:00+00:00,17,29.0,35.0,29.0,27.8,0.7083333333333334,0.9238795325112867,0.38268343236508984,0.9312100364121947,-0.3644830148102912,-1.5,-0.363781611953473,1.1999999999999993,3.6464285714285722,2.264526988797704,0,0.0,0.0,1.0,True,28.83820870994248,30.062425220889633,29.444456100463867,28.39067268371582,28.806400299072266,29.062774658203125,29.271459579467773,29.444456100463867,29.623125076293945,29.827009201049805,30.069114685058594,30.45298194885254,29.463781356811523,28.609121322631836,28.94270133972168,29.149677276611328,29.322633743286133,29.463781356811523,29.600433349609375,29.770936965942383,29.961257934570312,30.272396087646484,development
2025-04-24 00:00:00+00:00,43279099999,2025-04-23 06:00:00+00:00,18,29.0,35.0,29.0,27.5,0.75,0.9914448613738104,0.1305261922200517,0.9312100364121947,-0.3644830148102912,-1.5,-0.33469524022264474,1.5,3.946428571428573,2.264526988797704,0,0.0,0.0,1.0,True,28.53820870994248,29.758266905260218,29.36435890197754,28.290857315063477,28.709218978881836,28.97978401184082,29.187389373779297,29.36435890197754,29.542766571044922,29.74384307861328,30.007078170776367,30.392824172973633,29.36281394958496,28.50179100036621,28.833574295043945,29.05545997619629,29.22052001953125,29.36281394958496,29.499345779418945,29.6627140045166,29.867828369140625,30.188079833984375,development
2025-04-24 01:00:00+00:00,43279099999,2025-04-23 06:00:00+00:00,19,29.0,35.0,29.0,27.6,0.7916666666666666,0.9914448613738104,-0.1305261922200516,0.9312100364121947,-0.3644830148102912,-1.5,-0.3079344863698639,1.3999999999999986,3.8464285714285715,2.264526988797704,0,0.0,0.0,1.0,True,28.638208709942482,29.76596645284433,29.536306381225586,28.395231246948242,28.84821128845215,29.124277114868164,29.347320556640625,29.536306381225586,29.723926544189453,29.94158363342285,30.21919059753418,30.618337631225586,29.394548416137695,28.51636505126953,28.8626766204834,29.080245971679688,29.252761840820312,29.394548416137695,29.536802291870117,29.71139907836914,29.928909301757812,30.261695861816406,development
2025-04-24 02:00:00+00:00,43279099999,2025-04-23 06:00:00+00:00,20,30.0,35.0,30.0,29.2,0.8333333333333334,0.9238795325112868,-0.3826834323650895,0.9312100364121947,-0.3644830148102912,-1.5,-0.28331340425634277,0.8000000000000007,2.2464285714285737,2.264526988797704,0,0.0,0.0,1.0,True,30.23820870994248,31.16516442353094,30.301034927368164,29.092853546142578,29.560338973999023,29.8453369140625,30.081703186035156,30.301034927368164,30.496522903442383,30.72098731994629,30.99847984313965,31.374773025512695,30.034543991088867,29.106853485107422,29.46646499633789,29.69038200378418,29.869613647460938,30.034543991088867,30.187286376953125,30.365442276000977,30.588119506835938,30.910358428955078,development
2025-04-24 03:00:00+00:00,43279099999,2025-04-23 06:00:00+00:00,21,32.0,35.0,31.0,31.5,0.875,0.7933533402912352,-0.6087614290087207,0.9312100364121947,-0.3644830148102912,-1.5,-0.2606609151756677,-0.5,-0.05357142857142705,2.264526988797704,0,0.0,0.0,1.0,True,32.53820870994248,33.12253952122905,31.518369674682617,30.259254455566406,30.742198944091797,31.049959182739258,31.3002872467041,31.518369674682617,31.725637435913086,31.965259552001953,32.23147964477539,32.61696243286133,31.153553009033203,30.20985221862793,30.577943801879883,30.813779830932617,30.9918212890625,31.153553009033203,31.30652618408203,31.493938446044922,31.701261520385742,32.02806091308594,development
2025-04-24 04:00:00+00:00,43279099999,2025-04-23 06:00:00+00:00,22,33.0,35.0,32.0,34.1,0.9166666666666666,0.6087614290087209,-0.793353340291235,0.9312100364121947,-0.3644830148102912,-1.5,-0.23981961911954086,-2.1000000000000014,-2.6535714285714285,2.264526988797704,0,0.0,0.0,1.0,True,35.13820870994248,35.329418918904615,32.958919525146484,31.65104866027832,32.14837646484375,32.47539138793945,32.73264694213867,32.958919525146484,33.17787170410156,33.41258239746094,33.67808151245117,34.05514144897461,32.72321701049805,31.750011444091797,32.127620697021484,32.37508773803711,32.55864334106445,32.72321701049805,32.8854866027832,33.064361572265625,33.27622604370117,33.601356506347656,development
2025-04-24 05:00:00+00:00,43279099999,2025-04-23 06:00:00+00:00,23,35.0,35.0,34.0,36.1,0.9583333333333334,0.3826834323650899,-0.9238795325112867,0.9312100364121947,-0.3644830148102912,-1.5,-0.2206447010894652,-2.1000000000000014,-4.6535714285714285,2.264526988797704,0,0.0,0.0,1.0,True,37.13820870994248,37.296276404436355,34.3463249206543,32.903656005859375,33.44401168823242,33.808990478515625,34.09059143066406,34.3463249206543,34.58763885498047,34.84183883666992,35.12551498413086,35.52327346801758,34.21858215332031,33.14303207397461,33.55547332763672,33.83135986328125,34.02882385253906,34.21858215332031,34.39954376220703,34.59367752075195,34.82245635986328,35.16274642944336,development
2025-04-24 06:00:00+00:00,43279099999,2025-04-23 06:00:00+00:00,24,35.0,35.0,35.0,37.0,1.0,0.130526192220052,-0.9914448613738104,0.9312100364121947,-0.3644830148102912,-1.5,-0.20300292485491905,-2.0,-5.553571428571427,2.264526988797704,0,0.0,0.0,1.0,True,38.03820870994248,38.209875266284136,35.27897262573242,33.91489028930664,34.44865036010742,34.786312103271484,35.04981994628906,35.27897262573242,35.496437072753906,35.733699798583984,35.98125076293945,36.35090637207031,35.20552062988281,34.1602783203125,34.579898834228516,34.838104248046875,35.03272247314453,35.20552062988281,35.38134765625,35.57028579711914,35.77790069580078,36.103302001953125,development
2025-04-24 07:00:00+00:00,43279099999,2025-04-23 06:00:00+00:00,25,36.0,35.0,35.0,36.5,1.0416666666666667,-0.13052619222005177,-0.9914448613738104,0.9312100364121947,-0.3644830148102912,-1.5,-0.18677170716618444,-1.5,-5.053571428571427,2.264526988797704,0,0.0,0.0,1.0,True,37.53820870994248,37.83613810948264,35.764808654785156,34.394554138183594,34.93581771850586,35.28125,35.537845611572266,35.764808654785156,35.97685241699219,36.21757125854492,36.465476989746094,36.847618103027344,35.6943244934082,34.624393463134766,35.050498962402344,35.32039260864258,35.51008224487305,35.6943244934082,35.8648681640625,36.05951690673828,36.27298355102539,36.613792419433594,development
2025-04-24 08:00:00+00:00,43279099999,2025-04-23 06:00:00+00:00,26,36.0,35.0,35.0,35.6,1.0833333333333333,-0.38268343236508967,-0.9238795325112868,0.9312100364121947,-0.3644830148102912,-1.5,-0.1718382659890316,-0.6000000000000014,-4.1535714285714285,2.264526988797704,0,0.0,0.0,1.0,True,36.63820870994248,37.17002557050813,35.82938766479492,34.427757263183594,34.967559814453125,35.31403350830078,35.59471893310547,35.82938766479492,36.05900573730469,36.30952453613281,36.57786178588867,36.98099136352539,35.59844207763672,34.51467514038086,34.94700622558594,35.20903015136719,35.414154052734375,35.59844207763672,35.772987365722656,35.9643440246582,36.185794830322266,36.523719787597656,development
2025-04-24 09:00:00+00:00,43279099999,2025-04-23 06:00:00+00:00,27,37.0,35.0,36.0,35.7,1.125,-0.6087614290087207,-0.7933533402912352,0.9312100364121947,-0.3644830148102912,-1.5,-0.1580988368427965,0.29999999999999716,-4.25357142857143,2.264526988797704,0,0.0,0.0,1.0,True,36.738208709942484,37.51844431156597,35.577964782714844,34.18772506713867,34.7215461730957,35.0778923034668,35.346107482910156,35.577964782714844,35.801570892333984,36.070674896240234,36.352394104003906,36.7668342590332,35.43372344970703,34.31414794921875,34.76248550415039,35.04448699951172,35.24319076538086,35.43372344970703,35.611663818359375,35.82071304321289,36.05380630493164,36.414432525634766,development
2025-04-24 10:00:00+00:00,43279099999,2025-04-23 06:00:00+00:00,28,36.0,35.0,34.0,35.3,1.1666666666666667,-0.7933533402912349,-0.6087614290087209,0.9312100364121947,-0.3644830148102912,-1.5,-0.1454579517966076,-1.2999999999999972,-3.853571428571424,2.264526988797704,0,0.0,0.0,1.0,True,36.33820870994248,36.85497586737059,35.0146484375,33.65729904174805,34.184974670410156,34.52561950683594,34.788169860839844,35.0146484375,35.255584716796875,35.52810287475586,35.82978057861328,36.25257873535156,34.98226547241211,33.88555145263672,34.33262634277344,34.60890197753906,34.80576705932617,34.98226547241211,35.17168045043945,35.382164001464844,35.62763977050781,35.992950439453125,development
2025-04-24 11:00:00+00:00,43279099999,2025-04-23 06:00:00+00:00,29,34.0,35.0,33.0,33.7,1.2083333333333333,-0.9238795325112868,-0.3826834323650895,0.9312100364121947,-0.3644830148102912,-1.5,-0.13382777611389016,-0.7000000000000028,-2.25357142857143,2.264526988797704,0,0.0,0.0,1.0,True,34.738208709942484,35.47451231902622,34.110721588134766,32.82820129394531,33.32646179199219,33.64907455444336,33.893760681152344,34.110721588134766,34.33824157714844,34.603546142578125,34.90751647949219,35.325130462646484,34.0896110534668,33.034912109375,33.470558166503906,33.73947525024414,33.91639709472656,34.0896110534668,34.27346420288086,34.47665786743164,34.71489715576172,35.085601806640625,development
2025-04-24 12:00:00+00:00,43279099999,2025-04-23 06:00:00+00:00,30,33.0,35.0,33.0,31.9,1.25,-0.9914448613738104,-0.13052619222005163,0.9312100364121947,-0.3644830148102912,-1.5,-0.1231274979358482,1.1000000000000014,-0.4535714285714256,2.264526988797704,0,0.0,0.0,1.0,True,32.93820870994248,34.15536951395727,33.07010269165039,31.83333396911621,32.3139533996582,32.62173080444336,32.85954284667969,33.07010269165039,33.28724670410156,33.54555130004883,33.84394454956055,34.2578125,32.92500305175781,31.913990020751953,32.33230209350586,32.58891677856445,32.763832092285156,32.92500305175781,33.08840560913086,33.28527069091797,33.51838302612305,33.87030029296875,development
2025-04-24 13:00:00+00:00,43279099999,2025-04-23 06:00:00+00:00,31,32.0,35.0,31.0,30.6,1.2916666666666667,-0.9914448613738105,0.13052619222005127,0.9312100364121947,-0.3644830148102912,-1.5,-0.11328276676316065,0.3999999999999986,0.8464285714285715,2.264526988797704,0,0.0,0.0,1.0,True,31.638208709942482,32.80451963287967,32.10463333129883,30.871322631835938,31.368404388427734,31.6696834564209,31.898277282714844,32.10463333129883,32.32042694091797,32.57415008544922,32.873756408691406,33.29302978515625,31.843772888183594,30.842790603637695,31.272104263305664,31.524738311767578,31.69172477722168,31.843772888183594,32.00772476196289,32.19675064086914,32.42568588256836,32.77937698364258,development
2025-04-24 14:00:00+00:00,43279099999,2025-04-23 06:00:00+00:00,32,31.0,35.0,31.0,30.0,1.3333333333333333,-0.923879532511287,0.38268343236508917,0.9312100364121947,-0.3644830148102912,-1.5,-0.10422517683420232,1.0,1.446428571428573,2.264526988797704,0,0.0,0.0,1.0,True,31.03820870994248,32.420749523495445,31.57280158996582,30.38361167907715,30.854219436645508,31.141597747802734,31.363174438476562,31.57280158996582,31.78217124938965,32.01706314086914,32.30364990234375,32.724178314208984,31.329038619995117,30.341114044189453,30.764142990112305,31.001426696777344,31.17064666748047,31.329038619995117,31.486679077148438,31.665699005126953,31.878353118896484,32.21656799316406,development
2025-04-24 15:00:00+00:00,43279099999,2025-04-23 06:00:00+00:00,33,31.0,35.0,31.0,29.7,1.375,-0.7933533402912357,0.6087614290087199,0.9312100364121947,-0.3644830148102912,-1.5,-0.09589179181006136,1.3000000000000007,1.7464285714285737,2.264526988797704,0,0.0,0.0,1.0,True,30.73820870994248,32.261376802255675,31.30889320373535,30.171337127685547,30.62717628479004,30.90169906616211,31.116729736328125,31.30889320373535,31.513038635253906,31.736570358276367,32.022071838378906,32.43778991699219,31.064327239990234,30.086063385009766,30.51033592224121,30.744779586791992,30.90715980529785,31.064327239990234,31.21929359436035,31.386995315551758,31.595293045043945,31.92648696899414,development
2025-04-24 16:00:00+00:00,43279099999,2025-04-23 06:00:00+00:00,34,31.0,35.0,31.0,29.4,1.4166666666666667,-0.6087614290087209,0.7933533402912349,0.9312100364121947,-0.3644830148102912,-1.5,-0.08822470746364483,1.6000000000000014,2.0464285714285744,2.264526988797704,0,0.0,0.0,1.0,True,30.43820870994248,32.08667560658668,31.16971778869629,30.04279899597168,30.501293182373047,30.77164649963379,30.980077743530273,31.16971778869629,31.363988876342773,31.583507537841797,31.86083984375,32.27159881591797,30.92685317993164,29.959247589111328,30.382719039916992,30.6144962310791,30.78167724609375,30.92685317993164,31.08057403564453,31.23954200744629,31.435813903808594,31.754793167114258,development
2025-04-24 17:00:00+00:00,43279099999,2025-04-23 06:00:00+00:00,35,31.0,35.0,31.0,29.2,1.4583333333333333,-0.38268343236508956,0.9238795325112868,0.9312100364121947,-0.3644830148102912,-1.5,-0.08117064933423242,1.8000000000000007,2.2464285714285737,2.264526988797704,0,0.0,0.0,1.0,True,30.23820870994248,31.971361442941813,30.88671875,29.773618698120117,30.21728515625,30.488727569580078,30.68718147277832,30.88671875,31.080669403076172,31.307104110717773,31.57758903503418,31.980287551879883,30.597026824951172,29.631317138671875,30.049043655395508,30.285266876220703,30.44035530090332,30.597026824951172,30.74554443359375,30.915071487426758,31.10578155517578,31.4100284576416,development
2025-04-24 18:00:00+00:00,43279099999,2025-04-23 06:00:00+00:00,36,30.0,35.0,30.0,28.8,1.5,-0.13052619222005168,0.9914448613738104,0.9312100364121947,-0.3644830148102912,-1.5,-0.07468060255179591,1.1999999999999993,2.6464285714285722,2.264526988797704,0,0.0,0.0,1.0,True,29.83820870994248,31.46606348507005,30.69705581665039,29.589574813842773,30.03784942626953,30.302204132080078,30.506484985351562,30.69705581665039,30.89850616455078,31.10862159729004,31.379545211791992,31.784198760986328,30.40122413635254,29.414695739746094,29.845842361450195,30.07872200012207,30.242202758789062,30.40122413635254,30.554567337036133,30.71306610107422,30.909360885620117,31.222375869750977,development
2025-04-24 19:00:00+00:00,43279099999,2025-04-23 06:00:00+00:00,37,30.0,35.0,30.0,28.5,1.5416666666666667,0.13052619222005157,0.9914448613738104,0.9248025743285089,-0.38044736628785164,-1.5,-0.0687094712589322,1.5,2.946428571428573,2.264526988797704,0,0.0,0.0,1.0,True,29.53820870994248,31.27198340993116,30.56270980834961,29.46487045288086,29.911258697509766,30.160499572753906,30.36708641052246,30.56270980834961,30.74947166442871,30.96245765686035,31.211353302001953,31.595218658447266,30.227680206298828,29.217262268066406,29.669130325317383,29.89865493774414,30.070537567138672,30.227680206298828,30.376888275146484,30.544784545898438,30.73720359802246,31.041240692138672,development
2025-04-24 20:00:00+00:00,43279099999,2025-04-23 06:00:00+00:00,38,30.0,35.0,30.0,28.4,1.5833333333333333,0.3826834323650898,0.9238795325112867,0.9248025743285089,-0.38044736628785164,-1.5,-0.0632157652639146,1.6000000000000014,3.0464285714285744,2.264526988797704,0,0.0,0.0,1.0,True,29.43820870994248,31.169768372932246,30.378204345703125,29.25312042236328,29.711097717285156,29.97402572631836,30.17754554748535,30.378204345703125,30.573122024536133,30.78866958618164,31.039207458496094,31.43331527709961,30.05730438232422,29.021442413330078,29.476049423217773,29.723461151123047,29.89781951904297,30.05730438232422,30.206640243530273,30.374488830566406,30.56584358215332,30.885828018188477,development
2025-04-24 21:00:00+00:00,43279099999,2025-04-23 06:00:00+00:00,39,30.0,35.0,29.0,28.3,1.625,0.6087614290087207,0.7933533402912352,0.9248025743285089,-0.38044736628785164,-1.5,-0.05816131174758302,0.6999999999999993,3.1464285714285722,2.264526988797704,0,0.0,0.0,1.0,True,29.33820870994248,30.835975117925486,30.064762115478516,28.922134399414062,29.3887939453125,29.653148651123047,29.876008987426758,30.064762115478516,30.253887176513672,30.468141555786133,30.73312759399414,31.12693977355957,29.8349609375,28.752132415771484,29.232282638549805,29.482189178466797,29.67717742919922,29.8349609375,29.988325119018555,30.159584045410156,30.366199493408203,30.68941879272461,development
2025-04-24 22:00:00+00:00,43279099999,2025-04-23 06:00:00+00:00,40,30.0,35.0,29.0,28.1,1.6666666666666667,0.7933533402912352,0.6087614290087207,0.9248025743285089,-0.38044736628785164,-1.5,-0.05351099002087859,0.8999999999999986,3.3464285714285715,2.264526988797704,0,0.0,0.0,1.0,True,29.138208709942482,30.619514636126752,29.841190338134766,28.665035247802734,29.139366149902344,29.421226501464844,29.639080047607422,29.841190338134766,30.034143447875977,30.25044059753418,30.522886276245117,30.94481658935547,29.65050506591797,28.542558670043945,29.03350830078125,29.294544219970703,29.487302780151367,29.65050506591797,29.805736541748047,29.9744815826416,30.184484481811523,30.532976150512695,development
2025-04-24 23:00:00+00:00,43279099999,2025-04-23 06:00:00+00:00,41,30.0,35.0,29.0,27.9,1.7083333333333333,0.9238795325112867,0.38268343236508984,0.9248025743285089,-0.38044736628785164,-1.5,-0.049232487489994814,1.1000000000000014,3.5464285714285744,2.264526988797704,0,0.0,0.0,1.0,True,28.93820870994248,30.391259198515925,29.594881057739258,28.383983612060547,28.89764976501465,29.17935562133789,29.399625778198242,29.594881057739258,29.78864288330078,30.019615173339844,30.311185836791992,30.748027801513672,29.399736404418945,28.246685028076172,28.77713394165039,29.043655395507812,29.240259170532227,29.399736404418945,29.560436248779297,29.738338470458984,29.963590621948242,30.322772979736328,development
2025-04-25 00:00:00+00:00,43279099999,2025-04-23 06:00:00+00:00,42,30.0,35.0,29.0,27.7,1.75,0.9914448613738104,0.1305261922200517,0.9248025743285089,-0.38044736628785164,-1.5,-0.04529607513347775,1.3000000000000007,3.7464285714285737,2.264526988797704,0,0.0,0.0,1.0,True,28.73820870994248,30.156469041159152,29.476287841796875,28.25733184814453,28.760852813720703,29.04588508605957,29.279277801513672,29.476287841796875,29.680410385131836,29.924179077148438,30.21359634399414,30.66080093383789,29.27838897705078,28.119747161865234,28.65437889099121,28.919221878051758,29.120113372802734,29.27838897705078,29.438209533691406,29.627111434936523,29.84760856628418,30.21410369873047,development
2025-04-25 01:00:00+00:00,43279099999,2025-04-23 06:00:00+00:00,43,30.0,35.0,29.0,27.7,1.7916666666666667,0.9914448613738104,-0.1305261922200516,0.9248025743285089,-0.38044736628785164,-1.5,-0.04167440093118638,1.3000000000000007,3.7464285714285737,2.264526988797704,0,0.0,0.0,1.0,True,28.73820870994248,30.077547870028198,29.630126953125,28.364765167236328,28.870752334594727,29.176025390625,29.412097930908203,29.630126953125,29.84576988220215,30.090023040771484,30.387331008911133,30.847524642944336,29.335416793823242,28.081520080566406,28.639875411987305,28.940507888793945,29.15106773376465,29.335416793823242,29.516191482543945,29.720298767089844,29.966360092163086,30.3712158203125,development
2025-04-25 02:00:00+00:00,43279099999,2025-04-23 06:00:00+00:00,44,31.0,35.0,30.0,29.4,1.8333333333333333,0.9238795325112868,-0.3826834323650895,0.9248025743285089,-0.38044736628785164,-1.5,-0.0383422998097611,0.6000000000000014,2.0464285714285744,2.264526988797704,0,0.0,0.0,1.0,True,30.43820870994248,31.54749343755676,30.2885799407959,28.993793487548828,29.505556106567383,29.812597274780273,30.060115814208984,30.2885799407959,30.518436431884766,30.759151458740234,31.06102180480957,31.513561248779297,29.917692184448242,28.66171646118164,29.235383987426758,29.527454376220703,29.735015869140625,29.917692184448242,30.100698471069336,30.300426483154297,30.54778289794922,30.942838668823242,development
2025-04-25 03:00:00+00:00,43279099999,2025-04-23 06:00:00+00:00,45,31.0,35.0,31.0,31.6,1.875,0.7933533402912352,-0.6087614290087207,0.9248025743285089,-0.38044736628785164,-1.5,-0.03527661878401366,-0.6000000000000014,-0.15357142857142847,2.264526988797704,0,0.0,0.0,1.0,True,32.63820870994248,33.41951696129083,31.50782012939453,30.178674697875977,30.68846893310547,31.013193130493164,31.270206451416016,31.50782012939453,31.748319625854492,32.00041198730469,32.30044937133789,32.739131927490234,31.211355209350586,29.952852249145508,30.527442932128906,30.82123374938965,31.032787322998047,31.211355209350586,31.389850616455078,31.588598251342773,31.8294734954834,32.20885467529297,development
2025-04-25 04:00:00+00:00,43279099999,2025-04-23 06:00:00+00:00,46,33.0,35.0,32.0,33.6,1.9166666666666667,0.6087614290087209,-0.793353340291235,0.9248025743285089,-0.38044736628785164,-1.5,-0.03245605607923963,-1.6000000000000014,-2.1535714285714285,2.264526988797704,0,0.0,0.0,1.0,True,34.63820870994248,35.149836012500245,32.94198989868164,31.641010284423828,32.14809799194336,32.455204010009766,32.70164108276367,32.94198989868164,33.16971206665039,33.411922454833984,33.69711685180664,34.10967254638672,32.75688934326172,31.443096160888672,32.034969329833984,32.341976165771484,32.558536529541016,32.75688934326172,32.935760498046875,33.1399040222168,33.38991928100586,33.77418518066406,development
2025-04-25 05:00:00+00:00,43279099999,2025-04-23 06:00:00+00:00,47,35.0,35.0,34.0,35.0,1.9583333333333333,0.3826834323650899,-0.9238795325112867,0.9248025743285089,-0.38044736628785164,-1.5,-0.029861013116600527,-1.0,-3.553571428571427,2.264526988797704,0,0.0,0.0,1.0,True,36.03820870994248,36.640647937014755,34.12272644042969,32.744598388671875,33.26725769042969,33.59919738769531,33.87376022338867,34.12272644042969,34.378265380859375,34.640995025634766,34.934242248535156,35.372039794921875,33.904300689697266,32.42275619506836,33.06991958618164,33.41150665283203,33.67362976074219,33.904300689697266,34.13127136230469,34.372623443603516,34.65144729614258,35.08384323120117,development
2025-04-25 06:00:00+00:00,43279099999,2025-04-23 06:00:00+00:00,48,35.0,35.0,35.0,35.8,2.0,0.130526192220052,-0.9914448613738104,0.9248025743285089,-0.38044736628785164,-1.5,-0.027473458333101268,-0.7999999999999972,-4.353571428571424,2.264526988797704,0,0.0,0.0,1.0,True,36.83820870994248,37.470443158213484,34.9504280090332,33.59479522705078,34.133949279785156,34.45630645751953,34.72407913208008,34.9504280090332,35.18891906738281,35.423648834228516,35.69573974609375,36.11005783081055,34.72761154174805,33.281776428222656,33.94044494628906,34.269107818603516,34.51630783081055,34.72761154174805,34.93873977661133,35.15122985839844,35.41333770751953,35.82411193847656,development
2025-04-25 07:00:00+00:00,42410099999,2025-04-25 06:00:00+00:00,1,31.0,30.0,34.0,29.1,0.041666666666666664,-0.13052619222005177,-0.9914448613738104,0.9248025743285089,-0.38044736628785164,1.3000000000000007,1.1960577390181208,4.899999999999999,-1.7964285714285744,3.1730992221280108,0,1.0,0.0,0.0,True,29.639471440750214,31.664931787106045,30.86429214477539,29.473276138305664,30.023019790649414,30.344043731689453,30.606040954589844,30.86429214477539,31.127920150756836,31.380517959594727,31.6717529296875,32.20172119140625,31.346839904785156,30.10951805114746,30.602527618408203,30.88806915283203,31.108976364135742,31.346839904785156,31.58677864074707,31.818307876586914,32.0853385925293,32.53816223144531,development
2025-04-25 08:00:00+00:00,42410099999,2025-04-25 06:00:00+00:00,2,31.0,30.0,35.0,29.9,0.08333333333333333,-0.38268343236508967,-0.9238795325112868,0.9248025743285089,-0.38044736628785164,1.3000000000000007,1.100426242357799,5.100000000000001,-2.5964285714285715,3.1730992221280108,0,1.0,0.0,0.0,True,30.43947144075021,32.503276940672464,31.43218421936035,29.449867248535156,30.236888885498047,30.717565536499023,31.10536003112793,31.43218421936035,31.763568878173828,32.1359748840332,32.60618591308594,33.34903335571289,32.14388656616211,30.502025604248047,31.160747528076172,31.561790466308594,31.870067596435547,32.14388656616211,32.41535186767578,32.715904235839844,33.08294677734375,33.651275634765625,development
2025-04-25 09:00:00+00:00,42410099999,2025-04-25 06:00:00+00:00,3,32.0,30.0,35.0,30.0,0.125,-0.6087614290087207,-0.7933533402912352,0.9248025743285089,-0.38044736628785164,1.3000000000000007,1.012441017992827,5.0,-2.696428571428573,3.1730992221280108,0,1.0,0.0,0.0,True,30.539471440750212,32.60340401471567,31.642671585083008,29.057472229003906,30.048561096191406,30.69479751586914,31.214031219482422,31.642671585083008,32.07206344604492,32.51814651489258,33.087127685546875,34.03055953979492,32.41904067993164,30.409770965576172,31.209190368652344,31.718935012817383,32.09893798828125,32.41904067993164,32.74281692504883,33.06683349609375,33.46460723876953,34.09920883178711,development
2025-04-25 10:00:00+00:00,42410099999,2025-04-25 06:00:00+00:00,4,32.0,30.0,35.0,29.3,0.16666666666666666,-0.7933533402912349,-0.6087614290087209,0.9248025743285089,-0.38044736628785164,1.3000000000000007,0.9314907037459266,5.699999999999999,-1.9964285714285737,3.1730992221280108,0,1.0,0.0,0.0,True,29.839471440750213,32.095332202345695,31.306381225585938,28.262413024902344,29.397863388061523,30.13735008239746,30.775846481323242,31.306381225585938,31.845298767089844,32.39540481567383,33.043128967285156,34.10537338256836,32.051795959472656,29.740991592407227,30.638395309448242,31.231307983398438,31.701274871826172,32.051795959472656,32.386348724365234,32.76854705810547,33.198055267333984,33.88017272949219,development
2025-04-25 11:00:00+00:00,42410099999,2025-04-25 06:00:00+00:00,5,,30.0,33.0,29.2,0.20833333333333334,-0.9238795325112868,-0.3826834323650895,0.9248025743285089,-0.38044736628785164,1.3000000000000007,0.8570128192605774,3.8000000000000007,-1.8964285714285722,3.1730992221280108,0,1.0,0.0,0.0,False,29.73947144075021,31.64746132045434,30.740970611572266,27.53702735900879,28.716175079345703,29.503219604492188,30.162033081054688,30.740970611572266,31.318470001220703,31.925006866455078,32.668365478515625,33.83464431762695,31.45281219482422,28.881845474243164,29.84552001953125,30.491609573364258,31.015913009643555,31.45281219482422,31.881187438964844,32.318397521972656,32.819026947021484,33.578857421875,development
2025-04-25 12:00:00+00:00,42410099999,2025-04-25 06:00:00+00:00,6,,30.0,32.0,28.1,0.25,-0.9914448613738104,-0.13052619222005163,0.9248025743285089,-0.38044736628785164,1.3000000000000007,0.7884898576264239,3.8999999999999986,-0.7964285714285744,3.1730992221280108,0,1.0,0.0,0.0,False,28.639471440750214,30.636541697610802,29.656597137451172,26.621309280395508,27.75773048400879,28.491710662841797,29.134233474731445,29.656597137451172,30.20098876953125,30.78990364074707,31.565818786621094,32.73638153076172,30.34332847595215,27.763303756713867,28.710948944091797,29.3447208404541,29.89354705810547,30.34332847595215,30.78936004638672,31.254772186279297,31.821022033691406,32.61789321899414,development
2025-04-25 13:00:00+00:00,42410099999,2025-04-25 06:00:00+00:00,7,,30.0,31.0,26.6,0.2916666666666667,-0.9914448613738105,0.13052619222005127,0.9248025743285089,-0.38044736628785164,1.3000000000000007,0.7254456895010616,4.399999999999999,0.7035714285714256,3.1730992221280108,0,1.0,0.0,0.0,False,27.139471440750214,29.314890768516847,28.571983337402344,25.84402847290039,26.91608428955078,27.586992263793945,28.10135841369629,28.571983337402344,29.064910888671875,29.614084243774414,30.343666076660156,31.483951568603516,29.108182907104492,26.784931182861328,27.680896759033203,28.251937866210938,28.711029052734375,29.108182907104492,29.510452270507812,29.94632339477539,30.464384078979492,31.252178192138672,development
2025-04-25 14:00:00+00:00,42410099999,2025-04-25 06:00:00+00:00,8,,30.0,30.0,26.0,0.3333333333333333,-0.923879532511287,0.38268343236508917,0.9248025743285089,-0.38044736628785164,1.3000000000000007,0.66744225474237,4.0,1.303571428571427,3.1730992221280108,0,1.0,0.0,0.0,False,26.539471440750212,28.69521350760038,27.51614761352539,25.059959411621094,26.0229549407959,26.627079010009766,27.090641021728516,27.51614761352539,27.983186721801758,28.529434204101562,29.260683059692383,30.366355895996094,27.942035675048828,25.74337387084961,26.566286087036133,27.098894119262695,27.54409408569336,27.942035675048828,28.341732025146484,28.7783260345459,29.310293197631836,30.088726043701172,development
2025-04-25 15:00:00+00:00,42410099999,2025-04-25 06:00:00+00:00,9,,30.0,28.0,26.3,0.375,-0.7933533402912357,0.6087614290087199,0.9248025743285089,-0.38044736628785164,1.3000000000000007,0.6140765185633195,1.6999999999999993,1.0035714285714263,3.1730992221280108,0,1.0,0.0,0.0,False,26.839471440750213,28.56002347984478,26.964609146118164,24.783077239990234,25.622793197631836,26.169281005859375,26.58562660217285,26.964609146118164,27.393779754638672,27.905696868896484,28.594249725341797,29.67977523803711,27.477846145629883,25.459278106689453,26.18622589111328,26.690448760986328,27.109399795532227,27.477846145629883,27.845643997192383,28.266061782836914,28.77505111694336,29.542776107788086,development
2025-04-25 16:00:00+00:00,42410099999,2025-04-25 06:00:00+00:00,10,,30.0,28.0,26.1,0.4166666666666667,-0.6087614290087209,0.7933533402912349,0.9248025743285089,-0.38044736628785164,1.3000000000000007,0.5649776710592019,1.8999999999999986,1.2035714285714256,3.1730992221280108,0,1.0,0.0,0.0,False,26.639471440750214,28.443394784321697,26.67308807373047,24.695133209228516,25.427993774414062,25.925748825073242,26.305694580078125,26.67308807373047,27.09322738647461,27.570512771606445,28.212329864501953,29.219886779785156,27.139602661132812,25.283992767333984,25.93586540222168,26.39978790283203,26.78557777404785,27.139602661132812,27.502197265625,27.90085220336914,28.390636444091797,29.14520263671875,development
2025-04-25 17:00:00+00:00,42410099999,2025-04-25 06:00:00+00:00,11,,30.0,28.0,25.7,0.4583333333333333,-0.38268343236508956,0.9238795325112868,0.9248025743285089,-0.38044736628785164,1.3000000000000007,0.5198045506483019,2.3000000000000007,1.6035714285714278,3.1730992221280108,0,1.0,0.0,0.0,False,26.23947144075021,28.152713735814476,26.135147094726562,24.30219078063965,24.987873077392578,25.444889068603516,25.771635055541992,26.135147094726562,26.53458595275879,26.963115692138672,27.56256103515625,28.505558013916016,26.686864852905273,24.963890075683594,25.577899932861328,26.00277328491211,26.33633041381836,26.686864852905273,27.019947052001953,27.38654136657715,27.84772300720215,28.544391632080078,development
2025-04-25 18:00:00+00:00,42410099999,2025-04-25 06:00:00+00:00,12,,30.0,27.0,25.6,0.5,-0.13052619222005168,0.9914448613738104,0.9248025743285089,-0.38044736628785164,1.3000000000000007,0.4782432735228753,1.3999999999999986,1.7035714285714256,3.1730992221280108,0,1.0,0.0,0.0,False,26.139471440750214,27.86530912456625,25.335744857788086,23.687637329101562,24.28575325012207,24.69110870361328,24.995407104492188,25.335744857788086,25.695236206054688,26.117366790771484,26.633365631103516,27.494121551513672,25.91623306274414,24.367725372314453,24.91421890258789,25.285520553588867,25.59166717529297,25.91623306274414,26.23805809020996,26.589313507080078,27.000621795654297,27.643112182617188,development
2025-04-25 19:00:00+00:00,42410099999,2025-04-25 06:00:00+00:00,13,,30.0,24.0,25.1,0.5416666666666666,0.13052619222005157,0.9914448613738104,0.9181214482844365,-0.39629913726891813,1.3000000000000007,0.4400050526387651,-1.1000000000000014,2.2035714285714256,3.1730992221280108,0,1.0,0.0,0.0,False,25.639471440750214,26.863152853081598,24.7772274017334,23.24321746826172,23.808834075927734,24.173065185546875,24.458749771118164,24.7772274017334,25.10334587097168,25.46167755126953,25.931137084960938,26.72313690185547,25.20309829711914,23.802833557128906,24.303394317626953,24.625572204589844,24.903186798095703,25.20309829711914,25.48920249938965,25.786518096923828,26.155515670776367,26.749948501586914,development
2025-04-25 20:00:00+00:00,42410099999,2025-04-25 06:00:00+00:00,14,,30.0,24.0,24.6,0.5833333333333334,0.3826834323650898,0.9238795325112867,0.9181214482844365,-0.39629913726891813,1.3000000000000007,0.4048241910889772,-0.6000000000000014,2.7035714285714256,3.1730992221280108,0,1.0,0.0,0.0,False,25.139471440750214,26.432991094851673,24.26797103881836,22.84345817565918,23.37186050415039,23.733070373535156,23.985586166381836,24.26797103881836,24.558305740356445,24.905805587768555,25.31831932067871,26.10344886779785,24.47149658203125,23.221168518066406,23.681793212890625,23.978591918945312,24.214229583740234,24.47149658203125,24.722681045532227,25.008440017700195,25.317949295043945,25.910354614257812,development
2025-04-25 21:00:00+00:00,42410099999,2025-04-25 06:00:00+00:00,15,,30.0,24.0,24.1,0.625,0.6087614290087207,0.7933533402912352,0.9181214482844365,-0.39629913726891813,1.3000000000000007,0.37245623591824734,-0.10000000000000142,3.2035714285714256,3.1730992221280108,0,1.0,0.0,0.0,False,24.639471440750214,25.984360833362857,24.041751861572266,22.576589584350586,23.12403678894043,23.503154754638672,23.769929885864258,24.041751861572266,24.336570739746094,24.664981842041016,25.11874771118164,25.923063278198242,24.13941764831543,22.948177337646484,23.409549713134766,23.699073791503906,23.920509338378906,24.13941764831543,24.37611198425293,24.613664627075195,24.924781799316406,25.500843048095703,development
2025-04-25 22:00:00+00:00,42410099999,2025-04-25 06:00:00+00:00,16,,30.0,24.0,23.2,0.6666666666666666,0.7933533402912352,0.6087614290087207,0.9181214482844365,-0.39629913726891813,1.3000000000000007,0.342676279550445,0.8000000000000007,4.103571428571428,3.1730992221280108,0,1.0,0.0,0.0,False,23.73947144075021,25.207123594070172,23.80249786376953,22.474483489990234,23.00011444091797,23.338111877441406,23.585651397705078,23.80249786376953,24.076400756835938,24.37002182006836,24.810094833374023,25.619647979736328,23.905305862426758,22.760021209716797,23.220226287841797,23.50244140625,23.716440200805664,23.905305862426758,24.12196159362793,24.33647918701172,24.650859832763672,25.229957580566406,development
2025-04-25 23:00:00+00:00,42410099999,2025-04-25 06:00:00+00:00,17,,30.0,23.0,22.8,0.7083333333333334,0.9238795325112867,0.38268343236508984,0.9181214482844365,-0.39629913726891813,1.3000000000000007,0.31527739702634344,0.1999999999999993,4.503571428571426,3.1730992221280108,0,1.0,0.0,0.0,False,23.339471440750213,24.598895445716803,23.623043060302734,22.312591552734375,22.851457595825195,23.16442108154297,23.40150260925293,23.623043060302734,23.871278762817383,24.214580535888672,24.6834716796875,25.516530990600586,23.603609085083008,22.441272735595703,22.919309616088867,23.205129623413086,23.4119815826416,23.603609085083008,23.7911376953125,24.02181053161621,24.353580474853516,24.952350616455078,development
2025-04-26 00:00:00+00:00,42410099999,2025-04-25 06:00:00+00:00,18,24.0,30.0,23.0,22.4,0.75,0.9914448613738104,0.1305261922200517,0.9181214482844365,-0.39629913726891813,1.3000000000000007,0.29006920819295895,0.6000000000000014,4.9035714285714285,3.1730992221280108,0,1.0,0.0,0.0,True,22.93947144075021,24.196985276265224,23.73650360107422,22.481853485107422,23.00550079345703,23.309471130371094,23.527587890625,23.73650360107422,23.985584259033203,24.32448387145996,24.84921646118164,25.680978775024414,23.673477172851562,22.54581069946289,23.016843795776367,23.3029727935791,23.501514434814453,23.673477172851562,23.84514617919922,24.055269241333008,24.412006378173828,24.970481872558594,development
2025-04-26 01:00:00+00:00,42410099999,2025-04-25 06:00:00+00:00,19,25.0,30.0,24.0,23.3,0.7916666666666666,0.9914448613738104,-0.1305261922200516,0.9181214482844365,-0.39629913726891813,1.3000000000000007,0.2668765548538822,0.6999999999999993,4.003571428571426,3.1730992221280108,0,1.0,0.0,0.0,True,23.839471440750213,25.02561468821586,24.53782844543457,23.02812385559082,23.655555725097656,24.010944366455078,24.261455535888672,24.53782844543457,24.856369018554688,25.290016174316406,25.878877639770508,26.822708129882812,24.349246978759766,22.994243621826172,23.54738426208496,23.883892059326172,24.119247436523438,24.349246978759766,24.57284927368164,24.85243797302246,25.24354362487793,25.876628875732422,development
2025-04-26 02:00:00+00:00,42410099999,2025-04-25 06:00:00+00:00,20,27.0,30.0,25.0,24.0,0.8333333333333334,0.9238795325112868,-0.3826834323650895,0.9181214482844365,-0.39629913726891813,1.3000000000000007,0.24553828368883052,1.0,3.303571428571427,3.1730992221280108,0,1.0,0.0,0.0,True,24.539471440750212,25.703209510667104,25.9083194732666,23.823747634887695,24.62855339050293,25.103357315063477,25.496471405029297,25.9083194732666,26.364398956298828,26.930618286132812,27.636831283569336,28.714685440063477,25.40892219543457,23.81993865966797,24.453540802001953,24.83387565612793,25.121658325195312,25.40892219543457,25.690088272094727,26.0076961517334,26.42150115966797,27.055383682250977,development
2025-04-26 03:00:00+00:00,42410099999,2025-04-25 06:00:00+00:00,21,29.0,30.0,27.0,25.1,0.875,0.7933533402912352,-0.6087614290087207,0.9181214482844365,-0.39629913726891813,1.3000000000000007,0.2259061264855788,1.8999999999999986,2.2035714285714256,3.1730992221280108,0,1.0,0.0,0.0,True,25.639471440750214,26.91718116465248,27.094497680664062,24.702537536621094,25.599502563476562,26.167449951171875,26.620601654052734,27.094497680664062,27.617156982421875,28.223623275756836,28.933576583862305,30.0389404296875,26.483877182006836,24.69488525390625,25.386531829833984,25.830902099609375,26.158706665039062,26.483877182006836,26.809316635131836,27.16232681274414,27.57437515258789,28.229267120361328,development
2025-04-26 04:00:00+00:00,42410099999,2025-04-25 06:00:00+00:00,22,30.0,30.0,27.0,26.9,0.9166666666666666,0.6087614290087209,-0.793353340291235,0.9181214482844365,-0.39629913726891813,1.3000000000000007,0.2078436699036022,0.10000000000000142,0.40357142857142847,3.1730992221280108,0,1.0,0.0,0.0,True,27.43947144075021,28.27138408316718,28.298660278320312,25.45395278930664,26.48920440673828,27.180421829223633,27.737518310546875,28.298660278320312,28.904861450195312,29.571727752685547,30.330997467041016,31.472492218017578,28.131298065185547,25.937070846557617,26.7711181640625,27.322738647460938,27.731334686279297,28.131298065185547,28.53959846496582,28.952022552490234,29.42135238647461,30.122512817382812,development
2025-04-26 05:00:00+00:00,42410099999,2025-04-25 06:00:00+00:00,23,31.0,30.0,29.0,27.3,0.9583333333333334,0.3826834323650899,-0.9238795325112867,0.9181214482844365,-0.39629913726891813,1.3000000000000007,0.19122540761086995,1.6999999999999993,0.0035714285714263383,3.1730992221280108,0,1.0,0.0,0.0,True,27.839471440750213,28.971794946853507,29.24863624572754,26.1492862701416,27.259504318237305,28.02084732055664,28.63221549987793,29.24863624572754,29.881486892700195,30.55306053161621,31.29401397705078,32.42514419555664,29.075786590576172,26.722789764404297,27.61848258972168,28.215394973754883,28.65216827392578,29.075786590576172,29.495141983032227,29.92244529724121,30.383127212524414,31.07829475402832,development
2025-04-26 06:00:00+00:00,42410099999,2025-04-25 06:00:00+00:00,24,32.0,30.0,30.0,28.4,1.0,0.130526192220052,-0.9914448613738104,0.9181214482844365,-0.39629913726891813,1.3000000000000007,0.1759358682075966,1.6000000000000014,-1.0964285714285715,3.1730992221280108,0,1.0,0.0,0.0,True,28.93947144075021,30.030335526741833,30.283000946044922,26.80914306640625,28.06037139892578,28.887123107910156,29.59049415588379,30.283000946044922,30.984167098999023,31.698436737060547,32.4552001953125,33.65208053588867,30.36621856689453,27.751747131347656,28.75419807434082,29.391841888427734,29.893285751342773,30.36621856689453,30.84465217590332,31.321828842163086,31.818361282348633,32.571998596191406,development
2025-04-26 07:00:00+00:00,42410099999,2025-04-25 06:00:00+00:00,25,32.0,30.0,34.0,28.7,1.0416666666666667,-0.13052619222005177,-0.9914448613738104,0.9181214482844365,-0.39629913726891813,1.3000000000000007,0.16186881287735994,5.300000000000001,-1.3964285714285722,3.1730992221280108,0,1.0,0.0,0.0,True,29.23947144075021,31.120393940721605,31.053834915161133,27.472488403320312,28.782413482666016,29.6383113861084,30.355247497558594,31.053834915161133,31.735740661621094,32.42939376831055,33.14411163330078,34.324554443359375,31.169618606567383,28.674959182739258,29.655811309814453,30.276874542236328,30.733917236328125,31.169618606567383,31.574317932128906,31.989490509033203,32.419979095458984,33.11225128173828,development
2025-04-26 08:00:00+00:00,42410099999,2025-04-25 06:00:00+00:00,26,34.0,30.0,35.0,29.7,1.0833333333333333,-0.38268343236508967,-0.9238795325112868,0.9181214482844365,-0.39629913726891813,1.3000000000000007,0.14892649719049414,5.300000000000001,-2.3964285714285722,3.1730992221280108,0,1.0,0.0,0.0,True,30.23947144075021,32.14498935038304,31.52396583557129,27.597084045410156,29.037139892578125,29.97991943359375,30.779434204101562,31.52396583557129,32.2365837097168,32.939666748046875,33.67192840576172,34.9224739074707,31.781539916992188,28.985698699951172,30.08711051940918,30.773040771484375,31.303056716918945,31.781539916992188,32.22136688232422,32.66458511352539,33.146018981933594,33.912696838378906,development
2025-04-26 09:00:00+00:00,42410099999,2025-04-25 06:00:00+00:00,27,34.0,30.0,35.0,30.1,1.125,-0.6087614290087207,-0.7933533402912352,0.9181214482844365,-0.39629913726891813,1.3000000000000007,0.13701899193042372,4.899999999999999,-2.7964285714285744,3.1730992221280108,0,1.0,0.0,0.0,True,30.639471440750214,32.50735821658706,31.81927490234375,27.513097763061523,29.067951202392578,30.12814712524414,31.0140380859375,31.81927490234375,32.58006286621094,33.345218658447266,34.12428283691406,35.40492248535156,32.193946838378906,29.425674438476562,30.52838897705078,31.237760543823242,31.75262451171875,32.193946838378906,32.58243179321289,33.00611114501953,33.455562591552734,34.17774200439453,development
2025-04-26 10:00:00+00:00,42410099999,2025-04-25 06:00:00+00:00,28,34.0,30.0,35.0,29.7,1.1666666666666667,-0.7933533402912349,-0.6087614290087209,0.9181214482844365,-0.39629913726891813,1.3000000000000007,0.12606355822372664,5.300000000000001,-2.3964285714285722,3.1730992221280108,0,1.0,0.0,0.0,True,30.23947144075021,32.25935493838564,31.770858764648438,27.2030029296875,28.8529109954834,30.0150203704834,30.947101593017578,31.770858764648438,32.56965255737305,33.36231231689453,34.22652053833008,35.607200622558594,32.013519287109375,28.849536895751953,30.072303771972656,30.893798828125,31.50929069519043,32.013519287109375,32.49239730834961,32.99930953979492,33.57143783569336,34.434478759765625,development
2025-04-26 11:00:00+00:00,42410099999,2025-04-25 06:00:00+00:00,29,33.0,30.0,33.0,28.9,1.2083333333333333,-0.9238795325112868,-0.3826834323650895,0.9181214482844365,-0.39629913726891813,1.3000000000000007,0.11598407263203821,4.100000000000001,-1.5964285714285715,3.1730992221280108,0,1.0,0.0,0.0,True,29.43947144075021,31.286016507003175,31.103492736816406,26.54767417907715,28.18094825744629,29.327241897583008,30.263015747070312,31.103492736816406,31.910064697265625,32.73323059082031,33.64774703979492,35.10710144042969,31.366500854492188,28.28066062927246,29.461997985839844,30.264156341552734,30.869998931884766,31.366500854492188,31.828588485717773,32.32769775390625,32.91120147705078,33.787845611572266,development
2025-04-26 12:00:00+00:00,42410099999,2025-04-25 06:00:00+00:00,30,32.0,30.0,32.0,27.5,1.25,-0.9914448613738104,-0.13052619222005163,0.9181214482844365,-0.39629913726891813,1.3000000000000007,0.1067104982110685,4.5,-0.19642857142857295,3.1730992221280108,0,1.0,0.0,0.0,True,28.039471440750212,30.06120434740755,30.029014587402344,25.77759552001953,27.306434631347656,28.37022590637207,29.23025894165039,30.029014587402344,30.823043823242188,31.647632598876953,32.55982208251953,33.99795913696289,30.09497833251953,26.884977340698242,28.07631492614746,28.89560317993164,29.540973663330078,30.09497833251953,30.62624740600586,31.221162796020508,31.89187240600586,32.860740661621094,development
2025-04-26 13:00:00+00:00,42410099999,2025-04-25 06:00:00+00:00,31,31.0,30.0,31.0,26.7,1.2916666666666667,-0.9914448613738105,0.13052619222005127,0.9181214482844365,-0.39629913726891813,1.3000000000000007,0.09817839786140595,4.300000000000001,0.6035714285714278,3.1730992221280108,0,1.0,0.0,0.0,True,27.23947144075021,29.30750493631766,28.72120475769043,25.19800567626953,26.501445770263672,27.38615608215332,28.08273696899414,28.72120475769043,29.379873275756836,30.087203979492188,30.88982582092285,32.206298828125,28.589448928833008,25.8720760345459,26.897350311279297,27.590900421142578,28.137950897216797,28.589448928833008,29.03351402282715,29.551189422607422,30.15797996520996,31.06325912475586,development
2025-04-26 14:00:00+00:00,42410099999,2025-04-25 06:00:00+00:00,32,30.0,30.0,30.0,24.8,1.3333333333333333,-0.923879532511287,0.38268343236508917,0.9181214482844365,-0.39629913726891813,1.3000000000000007,0.09032848658964206,5.199999999999999,2.5035714285714263,3.1730992221280108,0,1.0,0.0,0.0,True,25.339471440750213,27.687148806443172,27.7706241607666,24.80962562561035,25.915172576904297,26.65157699584961,27.2263126373291,27.7706241607666,28.332490921020508,28.930757522583008,29.66014862060547,30.878076553344727,27.437162399291992,25.095565795898438,25.972736358642578,26.565170288085938,27.038192749023438,27.437162399291992,27.825284957885742,28.282011032104492,28.84421730041504,29.69237518310547,development
2025-04-26 15:00:00+00:00,42410099999,2025-04-25 06:00:00+00:00,33,29.0,30.0,28.0,24.0,1.375,-0.7933533402912357,0.6087614290087199,0.9181214482844365,-0.39629913726891813,1.3000000000000007,0.08310621956871989,4.0,3.303571428571427,3.1730992221280108,0,1.0,0.0,0.0,True,24.539471440750212,26.706554527717614,27.25423812866211,24.575700759887695,25.561071395874023,26.215641021728516,26.74805450439453,27.25423812866211,27.778297424316406,28.349803924560547,29.062137603759766,30.24713706970215,26.692161560058594,24.624771118164062,25.379098892211914,25.897390365600586,26.325124740600586,26.692161560058594,27.04780387878418,27.470041275024414,28.007966995239258,28.808568954467773,development
2025-04-26 16:00:00+00:00,42410099999,2025-04-25 06:00:00+00:00,34,29.0,30.0,28.0,23.5,1.4166666666666667,-0.6087614290087209,0.7933533402912349,0.9181214482844365,-0.39629913726891813,1.3000000000000007,0.07646141313515889,4.5,3.803571428571427,3.1730992221280108,0,1.0,0.0,0.0,True,24.039471440750212,26.37003270544668,26.72267723083496,24.367839813232422,25.24118423461914,25.810060501098633,26.285884857177734,26.72267723083496,27.20499038696289,27.72568702697754,28.384742736816406,29.472333908081055,26.09740447998047,24.23444366455078,24.914812088012695,25.37409210205078,25.76837158203125,26.09740447998047,26.44405174255371,26.84375,27.35065460205078,28.107837677001953,development
2025-04-26 17:00:00+00:00,42410099999,2025-04-25 06:00:00+00:00,35,28.0,30.0,28.0,23.1,1.4583333333333333,-0.38268343236508956,0.9238795325112868,0.9181214482844365,-0.39629913726891813,1.3000000000000007,0.07034789608966813,4.899999999999999,4.203571428571426,3.1730992221280108,0,1.0,0.0,0.0,True,23.639471440750214,26.093306752785804,26.289941787719727,24.163724899291992,24.929609298706055,25.443761825561523,25.861534118652344,26.289941787719727,26.720457077026367,27.20964813232422,27.80025863647461,28.83110237121582,25.62629508972168,23.92643165588379,24.524009704589844,24.93802261352539,25.29732894897461,25.62629508972168,25.949121475219727,26.340011596679688,26.798059463500977,27.524900436401367,development
2025-04-26 18:00:00+00:00,42410099999,2025-04-25 06:00:00+00:00,36,28.0,30.0,27.0,22.7,1.5,-0.13052619222005168,0.9914448613738104,0.9181214482844365,-0.39629913726891813,1.3000000000000007,0.06472318887822316,4.300000000000001,4.603571428571428,3.1730992221280108,0,1.0,0.0,0.0,True,23.23947144075021,25.58368047259192,25.59503936767578,23.674640655517578,24.36781883239746,24.809946060180664,25.210636138916016,25.59503936767578,25.99457359313965,26.437538146972656,26.973770141601562,27.96247100830078,24.98955535888672,23.542461395263672,24.055721282958984,24.389280319213867,24.702068328857422,24.98955535888672,25.276992797851562,25.61539077758789,26.022369384765625,26.693092346191406,development
2025-04-26 19:00:00+00:00,42410099999,2025-04-25 06:00:00+00:00,37,27.0,30.0,24.0,22.2,1.5416666666666667,0.13052619222005157,0.9914448613738104,0.9111686353326631,-0.41203363695942635,1.3000000000000007,0.059548208424407945,1.8000000000000007,5.103571428571428,3.1730992221280108,0,1.0,0.0,0.0,True,22.73947144075021,24.59359356469993,24.87576675415039,23.166702270507812,23.75681495666504,24.151599884033203,24.533361434936523,24.87576675415039,25.227964401245117,25.62293243408203,26.096961975097656,27.026596069335938,24.506139755249023,23.106670379638672,23.586997985839844,23.897958755493164,24.219783782958984,24.506139755249023,24.797157287597656,25.13311767578125,25.51212501525879,26.18254280090332,development
2025-04-26 20:00:00+00:00,42410099999,2025-04-25 06:00:00+00:00,38,22.0,30.0,24.0,22.1,1.5833333333333333,0.3826834323650898,0.9238795325112867,0.9111686353326631,-0.41203363695942635,1.3000000000000007,0.054786996562059355,1.8999999999999986,5.203571428571426,3.1730992221280108,0,1.0,0.0,0.0,True,22.639471440750214,24.487714681955914,24.427776336669922,22.780839920043945,23.370420455932617,23.760465621948242,24.10530662536621,24.427776336669922,24.743520736694336,25.11526107788086,25.558835983276367,26.466344833374023,24.160808563232422,22.915149688720703,23.360580444335938,23.642349243164062,23.90968894958496,24.160808563232422,24.408315658569336,24.703554153442383,25.041824340820312,25.684772491455078,development
2025-04-26 21:00:00+00:00,42410099999,2025-04-25 06:00:00+00:00,39,23.0,30.0,24.0,21.8,1.625,0.6087614290087207,0.7933533402912352,0.9111686353326631,-0.41203363695942635,1.3000000000000007,0.05040647018123864,2.1999999999999993,5.503571428571426,3.1730992221280108,0,1.0,0.0,0.0,True,22.339471440750213,24.20579100153953,24.058177947998047,22.444408416748047,23.033447265625,23.424537658691406,23.768301010131836,24.058177947998047,24.34480857849121,24.677898406982422,25.136310577392578,26.040597915649414,23.92176628112793,22.654582977294922,23.124462127685547,23.415008544921875,23.684831619262695,23.92176628112793,24.162275314331055,24.434663772583008,24.791223526000977,25.431047439575195,development
2025-04-26 22:00:00+00:00,42410099999,2025-04-25 06:00:00+00:00,40,23.0,30.0,24.0,21.8,1.6666666666666667,0.7933533402912352,0.6087614290087207,0.9111686353326631,-0.41203363695942635,1.3000000000000007,0.04637619135142814,2.1999999999999993,5.503571428571426,3.1730992221280108,0,1.0,0.0,0.0,True,22.339471440750213,24.142936459231212,23.830575942993164,22.245773315429688,22.83540916442871,23.242679595947266,23.5631160736084,23.830575942993164,24.086917877197266,24.420673370361328,24.90439796447754,25.871456146240234,23.798616409301758,22.560989379882812,23.040008544921875,23.337554931640625,23.589712142944336,23.798616409301758,24.00238037109375,24.268918991088867,24.62413215637207,25.310354232788086,development
2025-04-26 23:00:00+00:00,42410099999,2025-04-25 06:00:00+00:00,41,22.0,30.0,23.0,21.6,1.7083333333333333,0.9238795325112867,0.38268343236508984,0.9111686353326631,-0.41203363695942635,1.3000000000000007,0.04266815582466219,1.3999999999999986,5.703571428571426,3.1730992221280108,0,1.0,0.0,0.0,True,22.139471440750214,23.69987982232435,23.699106216430664,22.08999252319336,22.741321563720703,23.140560150146484,23.45895004272461,23.699106216430664,23.951204299926758,24.30964469909668,24.853382110595703,25.88021469116211,23.715091705322266,22.40938377380371,22.95604705810547,23.259912490844727,23.520294189453125,23.715091705322266,23.91069793701172,24.183977127075195,24.579055786132812,25.305419921875,development
2025-04-27 00:00:00+00:00,42410099999,2025-04-25 06:00:00+00:00,42,22.0,30.0,23.0,21.9,1.75,0.9914448613738104,0.1305261922200517,0.9111686353326631,-0.41203363695942635,1.3000000000000007,0.03925659844901407,1.1000000000000014,5.4035714285714285,3.1730992221280108,0,1.0,0.0,0.0,True,22.43947144075021,23.85423269966526,23.87545394897461,22.16632080078125,22.86117172241211,23.284732818603516,23.620542526245117,23.87545394897461,24.181718826293945,24.607961654663086,25.245216369628906,26.33917808532715,23.924118041992188,22.497690200805664,23.095600128173828,23.436725616455078,23.7065486907959,23.924118041992188,24.158878326416016,24.471803665161133,24.922285079956055,25.70645523071289,development
2025-04-27 01:00:00+00:00,42410099999,2025-04-25 06:00:00+00:00,43,23.0,30.0,24.0,22.7,1.7916666666666667,0.9914448613738104,-0.1305261922200516,0.9111686353326631,-0.41203363695942635,1.3000000000000007,0.03611781414036155,1.3000000000000007,4.603571428571428,3.1730992221280108,0,1.0,0.0,0.0,True,23.23947144075021,24.611673237742917,24.70555877685547,22.722610473632812,23.480640411376953,23.995595932006836,24.3624210357666,24.70555877685547,25.08526039123535,25.577423095703125,26.329912185668945,27.515504837036133,24.47735023498535,22.875324249267578,23.509361267089844,23.91765785217285,24.203176498413086,24.47735023498535,24.753442764282227,25.097244262695312,25.611736297607422,26.44437599182129,development
2025-04-27 02:00:00+00:00,42410099999,2025-04-25 06:00:00+00:00,44,25.0,30.0,25.0,23.6,1.8333333333333333,0.9238795325112868,-0.3826834323650895,0.9111686353326631,-0.41203363695942635,1.3000000000000007,0.03322999316845964,1.3999999999999986,3.7035714285714256,3.1730992221280108,0,1.0,0.0,0.0,True,24.139471440750214,25.45256729866874,25.813753128051758,23.556053161621094,24.380573272705078,24.958148956298828,25.404483795166016,25.813753128051758,26.298765182495117,26.870561599731445,27.7095947265625,28.976612091064453,25.275846481323242,23.540372848510742,24.200668334960938,24.644229888916016,24.967134475708008,25.275846481323242,25.61683464050293,25.99441909790039,26.544921875,27.414094924926758,development
2025-04-27 03:00:00+00:00,42410099999,2025-04-25 06:00:00+00:00,45,26.0,30.0,27.0,24.8,1.875,0.7933533402912352,-0.6087614290087207,0.9111686353326631,-0.41203363695942635,1.3000000000000007,0.030573069612811855,2.1999999999999993,2.5035714285714263,3.1730992221280108,0,1.0,0.0,0.0,True,25.339471440750213,26.750957471286714,26.947141647338867,24.30742645263672,25.255023956298828,25.91580581665039,26.442522048950195,26.947141647338867,27.519630432128906,28.16565704345703,29.037025451660156,30.36282730102539,26.157001495361328,24.202566146850586,24.949268341064453,25.430744171142578,25.800920486450195,26.157001495361328,26.544509887695312,26.959993362426758,27.535125732421875,28.427261352539062,development
2025-04-27 04:00:00+00:00,42410099999,2025-04-25 06:00:00+00:00,46,27.0,30.0,27.0,26.0,1.9166666666666667,0.6087614290087209,-0.793353340291235,0.9111686353326631,-0.41203363695942635,1.3000000000000007,0.028128581935341034,1.0,1.303571428571427,3.1730992221280108,0,1.0,0.0,0.0,True,26.539471440750212,27.640618376182523,28.0006160736084,25.09623146057129,26.10012435913086,26.802167892456055,27.406055450439453,28.0006160736084,28.629045486450195,29.32741928100586,30.210769653320312,31.551692962646484,27.385292053222656,25.129398345947266,25.957199096679688,26.500715255737305,26.94046401977539,27.385292053222656,27.839160919189453,28.321823120117188,28.92537498474121,29.868858337402344,development
2025-04-27 05:00:00+00:00,42410099999,2025-04-25 06:00:00+00:00,47,29.0,30.0,29.0,26.6,1.9583333333333333,0.3826834323650899,-0.9238795325112867,0.9111686353326631,-0.41203363695942635,1.3000000000000007,0.025879544701053806,2.3999999999999986,0.7035714285714256,3.1730992221280108,0,1.0,0.0,0.0,True,27.139471440750214,28.502870350686763,29.036407470703125,25.66358757019043,26.80638313293457,27.61593246459961,28.33837890625,29.036407470703125,29.77850341796875,30.56650161743164,31.51543617248535,32.94691467285156,28.135351181030273,25.72808837890625,26.613452911376953,27.187135696411133,27.66809844970703,28.135351181030273,28.62737464904785,29.14232635498047,29.761816024780273,30.73599624633789,development
2025-04-27 06:00:00+00:00,42410099999,2025-04-25 06:00:00+00:00,48,,30.0,30.0,28.3,2.0,0.130526192220052,-0.9914448613738104,0.9111686353326631,-0.41203363695942635,1.3000000000000007,0.023810330555354444,1.6999999999999993,-0.9964285714285737,3.1730992221280108,0,1.0,0.0,0.0,False,28.839471440750213,30.036256201892538,29.944303512573242,26.284273147583008,27.49776840209961,28.373865127563477,29.173892974853516,29.944303512573242,30.70823860168457,31.509765625,32.4500732421875,33.869483947753906,29.08292007446289,26.357736587524414,27.33262825012207,27.985061645507812,28.539905548095703,29.08292007446289,29.62723159790039,30.178403854370117,30.840749740600586,31.8549747467041,development
2025-04-25 07:00:00+00:00,43128599999,2025-04-25 06:00:00+00:00,1,37.0,36.0,34.0,35.6,0.041666666666666664,-0.13052619222005177,-0.9914448613738104,0.9248025743285089,-0.38044736628785164,1.0,0.9200444146293233,-1.6000000000000014,-5.296428571428574,3.9892100431924464,0,0.0,1.0,0.0,True,35.7192125984252,36.44191171530113,36.64134216308594,35.6373405456543,36.0494384765625,36.300384521484375,36.47367858886719,36.64134216308594,36.813724517822266,36.971839904785156,37.128387451171875,37.34841537475586,36.75709533691406,35.72688293457031,36.15101623535156,36.39479064941406,36.576271057128906,36.75709533691406,36.92904281616211,37.08531188964844,37.2557373046875,37.51354217529297,development
2025-04-25 08:00:00+00:00,43128599999,2025-04-25 06:00:00+00:00,2,38.0,36.0,37.0,35.9,0.08333333333333333,-0.38268343236508967,-0.9238795325112868,0.9248025743285089,-0.38044736628785164,1.0,0.8464817248906141,1.1000000000000014,-5.5964285714285715,3.9892100431924464,0,0.0,1.0,0.0,True,36.0192125984252,37.32026883666145,37.10037612915039,35.83799743652344,36.37110900878906,36.68782424926758,36.91184997558594,37.10037612915039,37.28357696533203,37.49578857421875,37.71670913696289,37.9962043762207,37.31821060180664,35.99223327636719,36.548805236816406,36.865665435791016,37.11667251586914,37.31821060180664,37.50986099243164,37.72064208984375,37.94993209838867,38.28766632080078,development
2025-04-25 09:00:00+00:00,43128599999,2025-04-25 06:00:00+00:00,3,38.0,36.0,37.0,36.0,0.125,-0.6087614290087207,-0.7933533402912352,0.9248025743285089,-0.38044736628785164,1.0,0.7788007830714049,1.0,-5.696428571428573,3.9892100431924464,0,0.0,1.0,0.0,True,36.1192125984252,37.427650162786186,37.29432678222656,35.81037521362305,36.42161560058594,36.79267120361328,37.058109283447266,37.29432678222656,37.53815460205078,37.76286315917969,37.992271423339844,38.26771926879883,37.44100570678711,35.846534729003906,36.502906799316406,36.89484786987305,37.189693450927734,37.44100570678711,37.690223693847656,37.92859649658203,38.17760467529297,38.54243850708008,development
2025-04-25 10:00:00+00:00,43128599999,2025-04-25 06:00:00+00:00,4,,36.0,37.0,36.0,0.16666666666666666,-0.7933533402912349,-0.6087614290087209,0.9248025743285089,-0.38044736628785164,1.0,0.7165313105737893,1.0,-5.696428571428573,3.9892100431924464,0,0.0,1.0,0.0,False,36.1192125984252,37.47472819737378,37.22511291503906,35.477569580078125,36.19159698486328,36.59287643432617,36.945884704589844,37.22511291503906,37.487762451171875,37.785762786865234,38.066993713378906,38.434993743896484,37.257286071777344,35.41456985473633,36.16442108154297,36.586631774902344,36.96299362182617,37.257286071777344,37.53023910522461,37.84853744506836,38.156978607177734,38.62025451660156,development
2025-04-25 11:00:00+00:00,43128599999,2025-04-25 06:00:00+00:00,5,37.0,36.0,37.0,35.2,0.20833333333333334,-0.9238795325112868,-0.3826834323650895,0.9248025743285089,-0.38044736628785164,1.0,0.6592406302004438,1.7999999999999972,-4.896428571428576,3.9892100431924464,0,0.0,1.0,0.0,True,35.3192125984252,36.908417881170955,36.768070220947266,34.813079833984375,35.5956916809082,36.06895446777344,36.447757720947266,36.768070220947266,37.0677490234375,37.40253448486328,37.765628814697266,38.214073181152344,36.6631965637207,34.59210205078125,35.437496185302734,35.93962860107422,36.33476257324219,36.6631965637207,36.97557830810547,37.330726623535156,37.70941162109375,38.2450065612793,development
2025-04-25 12:00:00+00:00,43128599999,2025-04-25 06:00:00+00:00,6,37.0,36.0,36.0,33.9,0.25,-0.9914448613738104,-0.13052619222005163,0.9248025743285089,-0.38044736628785164,1.0,0.6065306597126334,2.1000000000000014,-3.5964285714285715,3.9892100431924464,0,0.0,1.0,0.0,True,34.0192125984252,35.74644055757264,35.46458053588867,33.13456726074219,34.01411056518555,34.56605911254883,35.029598236083984,35.46458053588867,35.8975830078125,36.315155029296875,36.82878494262695,37.43824768066406,35.156192779541016,32.522132873535156,33.48837661743164,34.110252380371094,34.626861572265625,35.156192779541016,35.68841552734375,36.18707275390625,36.74272537231445,37.47040557861328,development
2025-04-25 13:00:00+00:00,43128599999,2025-04-25 06:00:00+00:00,7,34.0,36.0,34.0,31.7,0.2916666666666667,-0.9914448613738105,0.13052619222005127,0.9248025743285089,-0.38044736628785164,1.0,0.5580351457700471,2.3000000000000007,-1.3964285714285722,3.9892100431924464,0,0.0,1.0,0.0,True,31.819212598425196,33.66956412102156,34.08667755126953,31.724470138549805,32.62167739868164,33.19819259643555,33.64894104003906,34.08667755126953,34.53112030029297,35.002315521240234,35.515968322753906,36.19719314575195,33.28104782104492,30.606407165527344,31.611148834228516,32.23324966430664,32.74161911010742,33.28104782104492,33.830265045166016,34.36410140991211,34.91523361206055,35.696807861328125,development
2025-04-25 14:00:00+00:00,43128599999,2025-04-25 06:00:00+00:00,8,31.0,36.0,32.0,30.8,0.3333333333333333,-0.923879532511287,0.38268343236508917,0.9248025743285089,-0.38044736628785164,1.0,0.513417119032592,1.1999999999999993,-0.49642857142857366,3.9892100431924464,0,0.0,1.0,0.0,True,30.919212598425197,32.60766038752356,32.30784225463867,29.570632934570312,30.56590461730957,31.221229553222656,31.75345230102539,32.30784225463867,32.840919494628906,33.383731842041016,34.000186920166016,34.80772018432617,31.57417869567871,28.903635025024414,29.915620803833008,30.554969787597656,31.0517635345459,31.57417869567871,32.09604263305664,32.621891021728516,33.19963455200195,33.99664306640625,development
2025-04-25 15:00:00+00:00,43128599999,2025-04-25 06:00:00+00:00,9,30.0,36.0,32.0,29.0,0.375,-0.7933533402912357,0.6087614290087199,0.9248025743285089,-0.38044736628785164,1.0,0.4723665527410147,3.0,1.303571428571427,3.9892100431924464,0,0.0,1.0,0.0,True,29.119212598425197,31.255339034247168,30.884864807128906,28.30230712890625,29.243022918701172,29.875394821166992,30.398435592651367,30.884864807128906,31.376562118530273,31.88665008544922,32.4974365234375,33.30657196044922,30.312789916992188,27.86114501953125,28.788658142089844,29.39728355407715,29.861425399780273,30.312789916992188,30.75505256652832,31.23162269592285,31.783565521240234,32.55049514770508,development
2025-04-25 16:00:00+00:00,43128599999,2025-04-25 06:00:00+00:00,10,29.0,36.0,30.0,28.1,0.4166666666666667,-0.6087614290087209,0.7933533402912349,0.9248025743285089,-0.38044736628785164,1.0,0.4345982085070782,1.8999999999999986,2.2035714285714256,3.9892100431924464,0,0.0,1.0,0.0,True,28.219212598425198,30.17038726677282,29.979576110839844,27.583595275878906,28.445119857788086,29.056385040283203,29.533817291259766,29.979576110839844,30.404611587524414,30.88690757751465,31.458297729492188,32.25761413574219,29.316137313842773,26.994279861450195,27.85886573791504,28.448015213012695,28.898576736450195,29.316137313842773,29.74032974243164,30.20214080810547,30.723587036132812,31.488815307617188,development
2025-04-25 17:00:00+00:00,43128599999,2025-04-25 06:00:00+00:00,11,27.0,36.0,29.0,27.7,0.4583333333333333,-0.38268343236508956,0.9238795325112868,0.9248025743285089,-0.38044736628785164,1.0,0.39984965434484737,1.3000000000000007,2.6035714285714278,3.9892100431924464,0,0.0,1.0,0.0,True,27.819212598425196,29.67148288210933,29.585023880004883,27.257482528686523,28.07895851135254,28.671358108520508,29.13591194152832,29.585023880004883,30.020084381103516,30.478090286254883,31.034103393554688,31.818017959594727,28.843175888061523,26.565336227416992,27.403789520263672,27.989511489868164,28.422618865966797,28.843175888061523,29.254432678222656,29.683162689208984,30.1890811920166,30.911258697509766,development
2025-04-25 18:00:00+00:00,43128599999,2025-04-25 06:00:00+00:00,12,27.0,36.0,28.0,27.2,0.5,-0.13052619222005168,0.9914448613738104,0.9248025743285089,-0.38044736628785164,1.0,0.36787944117144233,0.8000000000000007,3.1035714285714278,3.9892100431924464,0,0.0,1.0,0.0,True,27.319212598425196,29.074090300996634,29.13901138305664,26.927209854125977,27.70928955078125,28.24630355834961,28.69398307800293,29.13901138305664,29.567062377929688,30.026153564453125,30.573883056640625,31.31688117980957,28.40923309326172,26.22146987915039,27.031667709350586,27.567543029785156,27.996244430541992,28.40923309326172,28.817100524902344,29.240236282348633,29.718114852905273,30.406970977783203,development
2025-04-25 19:00:00+00:00,43128599999,2025-04-25 06:00:00+00:00,13,27.0,36.0,29.0,27.0,0.5416666666666666,0.13052619222005157,0.9914448613738104,0.9181214482844365,-0.39629913726891813,1.0,0.3384654251067422,2.0,3.303571428571427,3.9892100431924464,0,0.0,1.0,0.0,True,27.119212598425197,29.157938864848184,29.181137084960938,27.071687698364258,27.807165145874023,28.327625274658203,28.752172470092773,29.181137084960938,29.587827682495117,30.013492584228516,30.515352249145508,31.234516143798828,28.39850425720215,26.265663146972656,27.056594848632812,27.57246971130371,27.993921279907227,28.39850425720215,28.777170181274414,29.16320037841797,29.60375213623047,30.261028289794922,development
2025-04-25 20:00:00+00:00,43128599999,2025-04-25 06:00:00+00:00,14,26.0,36.0,29.0,27.2,0.5833333333333334,0.3826834323650898,0.9238795325112867,0.9181214482844365,-0.39629913726891813,1.0,0.3114032239145977,1.8000000000000007,3.1035714285714278,3.9892100431924464,0,0.0,1.0,0.0,True,27.319212598425196,29.279153329653226,28.743803024291992,26.704233169555664,27.418123245239258,27.927146911621094,28.337167739868164,28.743803024291992,29.136533737182617,29.562875747680664,30.022994995117188,30.786441802978516,28.137805938720703,26.059329986572266,26.834476470947266,27.348981857299805,27.755386352539062,28.137805938720703,28.512598037719727,28.9040584564209,29.30712127685547,30.0045223236084,development
2025-04-25 21:00:00+00:00,43128599999,2025-04-25 06:00:00+00:00,15,26.0,36.0,28.0,26.3,0.625,0.6087614290087207,0.7933533402912352,0.9181214482844365,-0.39629913726891813,1.0,0.2865047968601901,1.6999999999999993,4.003571428571426,3.9892100431924464,0,0.0,1.0,0.0,True,26.419212598425197,28.307829329092648,28.31134605407715,26.2544002532959,27.007434844970703,27.518587112426758,27.923433303833008,28.31134605407715,28.67485809326172,29.05341339111328,29.523000717163086,30.284772872924805,27.542566299438477,25.45379066467285,26.246755599975586,26.76761245727539,27.17915153503418,27.542566299438477,27.900123596191406,28.25249481201172,28.67314338684082,29.381589889526367,development
2025-04-25 22:00:00+00:00,43128599999,2025-04-25 06:00:00+00:00,16,25.0,36.0,28.0,25.7,0.6666666666666666,0.7933533402912352,0.6087614290087207,0.9181214482844365,-0.39629913726891813,1.0,0.26359713811572677,2.3000000000000007,4.603571428571428,3.9892100431924464,0,0.0,1.0,0.0,True,25.819212598425196,27.768108380249274,27.805456161499023,25.702625274658203,26.498104095458984,27.02263641357422,27.451900482177734,27.805456161499023,28.180688858032227,28.541332244873047,29.01678466796875,29.770526885986328,27.180171966552734,25.095746994018555,25.91323471069336,26.432327270507812,26.84308433532715,27.180171966552734,27.52571678161621,27.871234893798828,28.293594360351562,28.99422264099121,development
2025-04-25 23:00:00+00:00,43128599999,2025-04-25 06:00:00+00:00,17,25.0,36.0,28.0,25.0,0.7083333333333334,0.9238795325112867,0.38268343236508984,0.9181214482844365,-0.39629913726891813,1.0,0.24252107463564868,3.0,5.303571428571427,3.9892100431924464,0,0.0,1.0,0.0,True,25.119212598425197,27.139026045807178,27.29404067993164,25.10074234008789,25.94510269165039,26.487627029418945,26.915496826171875,27.29404067993164,27.639158248901367,28.027923583984375,28.493179321289062,29.287776947021484,26.59359359741211,24.48872947692871,25.332983016967773,25.852256774902344,26.250995635986328,26.59359359741211,26.915956497192383,27.27558135986328,27.711145401000977,28.44534683227539,development
2025-04-26 00:00:00+00:00,43128599999,2025-04-25 06:00:00+00:00,18,26.0,36.0,26.0,24.7,0.75,0.9914448613738104,0.1305261922200517,0.9181214482844365,-0.39629913726891813,1.0,0.22313016014842982,1.3000000000000007,5.603571428571428,3.9892100431924464,0,0.0,1.0,0.0,True,24.819212598425196,26.39365232663143,27.1062068939209,24.80086326599121,25.671268463134766,26.273218154907227,26.71968650817871,27.1062068939209,27.47728729248047,27.867815017700195,28.39510154724121,29.178442001342773,26.260704040527344,24.142248153686523,24.997623443603516,25.541271209716797,25.930084228515625,26.260704040527344,26.584697723388672,26.939373016357422,27.40675926208496,28.121105194091797,development
2025-04-26 01:00:00+00:00,43128599999,2025-04-25 06:00:00+00:00,19,25.0,36.0,27.0,25.3,0.7916666666666666,0.9914448613738104,-0.1305261922200516,0.9181214482844365,-0.39629913726891813,1.0,0.20528965757990927,1.6999999999999993,5.003571428571426,3.9892100431924464,0,0.0,1.0,0.0,True,25.419212598425197,26.989132961735223,27.422700881958008,25.10871696472168,26.006683349609375,26.579423904418945,27.02913475036621,27.422700881958008,27.782798767089844,28.179386138916016,28.691564559936523,29.474014282226562,26.4447021484375,24.27751922607422,25.162384033203125,25.70233917236328,26.099824905395508,26.4447021484375,26.778156280517578,27.16444969177246,27.651851654052734,28.388309478759766,development
2025-04-26 02:00:00+00:00,43128599999,2025-04-25 06:00:00+00:00,20,27.0,36.0,28.0,27.0,0.8333333333333334,0.9238795325112868,-0.3826834323650895,0.9181214482844365,-0.39629913726891813,1.0,0.18887560283756183,1.0,3.303571428571427,3.9892100431924464,0,0.0,1.0,0.0,True,27.119212598425197,28.452023682979306,28.97756576538086,26.505502700805664,27.45160675048828,28.06325340270996,28.55265998840332,28.97756576538086,29.372543334960938,29.814056396484375,30.346261978149414,31.11420440673828,27.751792907714844,25.393850326538086,26.334474563598633,26.918615341186523,27.361495971679688,27.751792907714844,28.119985580444336,28.55755043029785,29.061426162719727,29.797470092773438,development
2025-04-26 03:00:00+00:00,43128599999,2025-04-25 06:00:00+00:00,21,30.0,36.0,31.0,29.3,0.875,0.7933533402912352,-0.6087614290087207,0.9181214482844365,-0.39629913726891813,1.0,0.17377394345044514,1.6999999999999993,1.0035714285714263,3.9892100431924464,0,0.0,1.0,0.0,True,29.419212598425197,30.8198056804929,31.07820701599121,28.556194305419922,29.506729125976562,30.136030197143555,30.629467010498047,31.07820701599121,31.496294021606445,31.930927276611328,32.43113708496094,33.16670608520508,29.866703033447266,27.516117095947266,28.453725814819336,29.046566009521484,29.48192596435547,29.866703033447266,30.22819709777832,30.64388084411621,31.108469009399414,31.795745849609375,development
2025-04-26 04:00:00+00:00,43128599999,2025-04-25 06:00:00+00:00,22,32.0,36.0,32.0,31.4,0.9166666666666666,0.6087614290087209,-0.793353340291235,0.9181214482844365,-0.39629913726891813,1.0,0.1598797460796939,0.6000000000000014,-1.0964285714285715,3.9892100431924464,0,0.0,1.0,0.0,True,31.519212598425195,32.622506592228824,32.65639877319336,30.322168350219727,31.250463485717773,31.83077621459961,32.26818084716797,32.65639877319336,33.0277099609375,33.39878845214844,33.80744171142578,34.43898391723633,31.580867767333984,29.113536834716797,30.12091636657715,30.743061065673828,31.195148468017578,31.580867767333984,31.964279174804688,32.37211990356445,32.80955505371094,33.486846923828125,development
2025-04-26 05:00:00+00:00,43128599999,2025-04-25 06:00:00+00:00,23,34.0,36.0,35.0,33.3,0.9583333333333334,0.3826834323650899,-0.9238795325112867,0.9181214482844365,-0.39629913726891813,1.0,0.1470964673929768,1.7000000000000028,-2.99642857142857,3.9892100431924464,0,0.0,1.0,0.0,True,33.4192125984252,34.7115402851844,34.169559478759766,31.823354721069336,32.75811767578125,33.352760314941406,33.781307220458984,34.169559478759766,34.5352897644043,34.89961242675781,35.286712646484375,35.835262298583984,33.3421745300293,30.641162872314453,31.728437423706055,32.414398193359375,32.90861892700195,33.3421745300293,33.751834869384766,34.168338775634766,34.61663055419922,35.270103454589844,development
2025-04-26 06:00:00+00:00,43128599999,2025-04-25 06:00:00+00:00,24,35.0,36.0,36.0,34.4,1.0,0.130526192220052,-0.9914448613738104,0.9181214482844365,-0.39629913726891813,1.0,0.1353352832366127,1.6000000000000014,-4.0964285714285715,3.9892100431924464,0,0.0,1.0,0.0,True,34.5192125984252,35.77134146506372,35.420143127441406,33.13282775878906,34.09102249145508,34.65753936767578,35.06418991088867,35.420143127441406,35.765655517578125,36.111549377441406,36.45530319213867,36.963741302490234,34.86077880859375,32.02570343017578,33.1911735534668,33.89879608154297,34.41843032836914,34.86077880859375,35.27056884765625,35.690826416015625,36.11195373535156,36.75959777832031,development
2025-04-26 07:00:00+00:00,43128599999,2025-04-25 06:00:00+00:00,25,36.0,36.0,34.0,35.0,1.0416666666666667,-0.13052619222005177,-0.9914448613738104,0.9181214482844365,-0.39629913726891813,1.0,0.12451447144412296,-1.0,-4.696428571428573,3.9892100431924464,0,0.0,1.0,0.0,True,35.1192125984252,35.825933903794784,36.29082489013672,33.82728958129883,34.927703857421875,35.5323486328125,35.938926696777344,36.29082489013672,36.61417007446289,36.96884536743164,37.298484802246094,37.77606201171875,35.67020034790039,32.636817932128906,33.93529510498047,34.68473434448242,35.22115707397461,35.67020034790039,36.05089569091797,36.45530319213867,36.86201858520508,37.482139587402344,development
2025-04-26 08:00:00+00:00,43128599999,2025-04-25 06:00:00+00:00,26,36.0,36.0,37.0,35.3,1.0833333333333333,-0.38268343236508967,-0.9238795325112868,0.9181214482844365,-0.39629913726891813,1.0,0.11455884399268773,1.7000000000000028,-4.99642857142857,3.9892100431924464,0,0.0,1.0,0.0,True,35.4192125984252,36.72701636218475,36.77011489868164,33.9404296875,35.25741195678711,35.93311309814453,36.398555755615234,36.77011489868164,37.11154556274414,37.44696807861328,37.769493103027344,38.2468147277832,36.211822509765625,32.66923522949219,34.245323181152344,35.10187530517578,35.725738525390625,36.211822509765625,36.6278190612793,37.04661178588867,37.46763610839844,38.116722106933594,development
2025-04-26 09:00:00+00:00,43128599999,2025-04-25 06:00:00+00:00,27,37.0,36.0,37.0,35.7,1.125,-0.6087614290087207,-0.7933533402912352,0.9181214482844365,-0.39629913726891813,1.0,0.10539922456186433,1.2999999999999972,-5.396428571428576,3.9892100431924464,0,0.0,1.0,0.0,True,35.8192125984252,37.090366984648895,36.86686325073242,33.63454818725586,35.09482955932617,35.943607330322266,36.45909118652344,36.86686325073242,37.20328140258789,37.568519592285156,37.8914794921875,38.42577362060547,36.412391662597656,32.517616271972656,34.20470428466797,35.24567413330078,35.91672897338867,36.412391662597656,36.82179641723633,37.25590896606445,37.66794967651367,38.373252868652344,development
2025-04-26 10:00:00+00:00,43128599999,2025-04-25 06:00:00+00:00,28,36.0,36.0,37.0,32.3,1.1666666666666667,-0.7933533402912349,-0.6087614290087209,0.9181214482844365,-0.39629913726891813,1.0,0.09697196786440505,4.700000000000003,-1.99642857142857,3.9892100431924464,0,0.0,1.0,0.0,True,32.4192125984252,34.492657196464094,36.76273727416992,32.97941207885742,34.61564254760742,35.631011962890625,36.2991828918457,36.76273727416992,37.17070388793945,37.54441833496094,37.94776916503906,38.555641174316406,35.627811431884766,31.231185913085938,33.07406234741211,34.27643966674805,35.08375549316406,35.627811431884766,36.097999572753906,36.54499053955078,37.02674865722656,37.807762145996094,development
2025-04-26 11:00:00+00:00,43128599999,2025-04-25 06:00:00+00:00,29,36.0,36.0,37.0,33.2,1.2083333333333333,-0.9238795325112868,-0.3826834323650895,0.9181214482844365,-0.39629913726891813,1.0,0.08921851740926011,3.799999999999997,-2.896428571428576,3.9892100431924464,0,0.0,1.0,0.0,True,33.3192125984252,35.27605759316552,36.54995346069336,32.524864196777344,34.24079513549805,35.294490814208984,36.01973342895508,36.54995346069336,36.99394989013672,37.42233657836914,37.887386322021484,38.607276916503906,35.31687927246094,30.637306213378906,32.577606201171875,33.83629608154297,34.704505920410156,35.31687927246094,35.84263229370117,36.35520935058594,36.91268539428711,37.811912536621094,development
2025-04-26 12:00:00+00:00,43128599999,2025-04-25 06:00:00+00:00,30,35.0,36.0,36.0,33.2,1.25,-0.9914448613738104,-0.13052619222005163,0.9181214482844365,-0.39629913726891813,1.0,0.0820849986238988,2.799999999999997,-2.896428571428576,3.9892100431924464,0,0.0,1.0,0.0,True,33.3192125984252,35.14896125180934,35.37516784667969,30.935115814208984,32.75563430786133,33.89167022705078,34.71211242675781,35.37516784667969,35.9620246887207,36.586219787597656,37.248714447021484,38.21601104736328,33.95477294921875,29.094947814941406,31.062456130981445,32.34463882446289,33.258365631103516,33.95477294921875,34.588287353515625,35.26011657714844,35.97897720336914,37.078468322753906,development
2025-04-26 13:00:00+00:00,43128599999,2025-04-25 06:00:00+00:00,31,34.0,36.0,34.0,31.2,1.2916666666666667,-0.9914448613738105,0.13052619222005127,0.9181214482844365,-0.39629913726891813,1.0,0.07552184450877376,2.8000000000000007,-0.8964285714285722,3.9892100431924464,0,0.0,1.0,0.0,True,31.319212598425196,33.24377359871967,33.82402038574219,29.715063095092773,31.44426918029785,32.49421691894531,33.23687744140625,33.82402038574219,34.358821868896484,34.95098876953125,35.62312698364258,36.60816192626953,32.51483154296875,28.161041259765625,29.963186264038086,31.10552978515625,31.903650283813477,32.51483154296875,33.08125305175781,33.707828521728516,34.40553665161133,35.49204635620117,development
2025-04-26 14:00:00+00:00,43128599999,2025-04-25 06:00:00+00:00,32,32.0,36.0,32.0,29.4,1.3333333333333333,-0.923879532511287,0.38268343236508917,0.9181214482844365,-0.39629913726891813,1.0,0.06948345122280154,2.6000000000000014,0.9035714285714285,3.9892100431924464,0,0.0,1.0,0.0,True,29.519212598425195,31.49047054807834,32.31975173950195,28.33690643310547,29.9713077545166,30.96833610534668,31.70598030090332,32.31975173950195,32.88026809692383,33.483245849609375,34.19840621948242,35.28895568847656,30.77366065979004,26.694124221801758,28.347972869873047,29.392690658569336,30.152713775634766,30.77366065979004,31.342174530029297,31.958683013916016,32.67097854614258,33.808902740478516,development
2025-04-26 15:00:00+00:00,43128599999,2025-04-25 06:00:00+00:00,33,31.0,36.0,32.0,28.8,1.375,-0.7933533402912357,0.6087614290087199,0.9181214482844365,-0.39629913726891813,1.0,0.06392786120670757,3.1999999999999993,1.5035714285714263,3.9892100431924464,0,0.0,1.0,0.0,True,28.919212598425197,31.091074639302782,30.970611572265625,27.479198455810547,28.911396026611328,29.785879135131836,30.44858741760254,30.970611572265625,31.47197151184082,32.00912094116211,32.697818756103516,33.73914337158203,29.396432876586914,25.708585739135742,27.185855865478516,28.124971389770508,28.828128814697266,29.396432876586914,29.934581756591797,30.513845443725586,31.22415542602539,32.342647552490234,development
2025-04-26 16:00:00+00:00,43128599999,2025-04-25 06:00:00+00:00,34,30.0,36.0,30.0,25.7,1.4166666666666667,-0.6087614290087209,0.7933533402912349,0.9181214482844365,-0.39629913726891813,1.0,0.05881647164242988,4.300000000000001,4.603571428571428,3.9892100431924464,0,0.0,1.0,0.0,True,25.819212598425196,28.29400995137408,29.84884262084961,26.41866111755371,27.806549072265625,28.63700294494629,29.295438766479492,29.84884262084961,30.383792877197266,30.94607162475586,31.652420043945312,32.726627349853516,27.992538452148438,24.462692260742188,25.872467041015625,26.747173309326172,27.433536529541016,27.992538452148438,28.543413162231445,29.131237030029297,29.842742919921875,30.981494903564453,development
2025-04-26 17:00:00+00:00,43128599999,2025-04-25 06:00:00+00:00,35,30.0,36.0,29.0,25.6,1.4583333333333333,-0.38268343236508956,0.9238795325112868,0.9181214482844365,-0.39629913726891813,1.0,0.05411376622282161,3.3999999999999986,4.703571428571426,3.9892100431924464,0,0.0,1.0,0.0,True,25.719212598425198,28.040901232757875,29.197338104248047,25.96076202392578,27.249834060668945,28.030790328979492,28.643131256103516,29.197338104248047,29.69178009033203,30.2608699798584,30.93096351623535,31.973756790161133,27.3524227142334,23.995014190673828,25.30477523803711,26.14786148071289,26.78732681274414,27.3524227142334,27.86258316040039,28.4450626373291,29.124818801879883,30.229053497314453,development
2025-04-26 18:00:00+00:00,43128599999,2025-04-25 06:00:00+00:00,36,28.0,36.0,28.0,24.2,1.5,-0.13052619222005168,0.9914448613738104,0.9181214482844365,-0.39629913726891813,1.0,0.049787068367863944,3.8000000000000007,6.103571428571428,3.9892100431924464,0,0.0,1.0,0.0,True,24.319212598425196,26.748202111601874,28.937393188476562,25.772979736328125,27.034196853637695,27.761882781982422,28.384748458862305,28.937393188476562,29.463348388671875,30.022403717041016,30.67803192138672,31.723594665527344,27.063488006591797,23.8453369140625,25.105140686035156,25.887042999267578,26.528064727783203,27.063488006591797,27.570114135742188,28.121055603027344,28.768474578857422,29.84200096130371,development
2025-04-26 19:00:00+00:00,43128599999,2025-04-25 06:00:00+00:00,37,29.0,36.0,29.0,24.9,1.5416666666666667,0.13052619222005157,0.9914448613738104,0.9111686353326631,-0.41203363695942635,1.0,0.04580631417262147,4.100000000000001,5.4035714285714285,3.9892100431924464,0,0.0,1.0,0.0,True,25.019212598425195,27.546576954403335,28.968338012695312,25.93083953857422,27.150129318237305,27.826793670654297,28.442724227905273,28.968338012695312,29.462055206298828,30.011343002319336,30.62921142578125,31.61322593688965,27.151090621948242,23.838573455810547,25.13770294189453,25.921560287475586,26.594104766845703,27.151090621948242,27.672460556030273,28.234498977661133,28.872581481933594,29.935453414916992,development
2025-04-26 20:00:00+00:00,43128599999,2025-04-25 06:00:00+00:00,38,27.0,36.0,29.0,25.3,1.5833333333333333,0.3826834323650898,0.9238795325112867,0.9111686353326631,-0.41203363695942635,1.0,0.042143843509276406,3.6999999999999993,5.003571428571426,3.9892100431924464,0,0.0,1.0,0.0,True,25.419212598425197,27.832858921451752,28.804218292236328,25.895429611206055,27.04838752746582,27.721839904785156,28.29978370666504,28.804218292236328,29.279800415039062,29.794189453125,30.34879493713379,31.302730560302734,27.2004337310791,23.930540084838867,25.194931030273438,25.990032196044922,26.645971298217773,27.2004337310791,27.7060604095459,28.247074127197266,28.856107711791992,29.900510787963867,development
2025-04-26 21:00:00+00:00,43128599999,2025-04-25 06:00:00+00:00,39,26.0,36.0,28.0,25.7,1.625,0.6087614290087207,0.7933533402912352,0.9111686353326631,-0.41203363695942635,1.0,0.03877420783172201,2.3000000000000007,4.603571428571428,3.9892100431924464,0,0.0,1.0,0.0,True,25.819212598425196,27.887824228466652,28.426424026489258,25.48849868774414,26.659719467163086,27.364669799804688,27.947933197021484,28.426424026489258,28.857746124267578,29.33110809326172,29.886295318603516,30.828365325927734,27.01808738708496,23.75763702392578,25.01730728149414,25.837635040283203,26.49056053161621,27.01808738708496,27.490142822265625,27.998044967651367,28.597869873046875,29.637086868286133,development
2025-04-26 22:00:00+00:00,43128599999,2025-04-25 06:00:00+00:00,40,26.0,36.0,28.0,25.6,1.6666666666666667,0.7933533402912352,0.6087614290087207,0.9111686353326631,-0.41203363695942635,1.0,0.035673993347252395,2.3999999999999986,4.703571428571426,3.9892100431924464,0,0.0,1.0,0.0,True,25.719212598425198,27.746948317730034,27.90966796875,24.976858139038086,26.14995765686035,26.868244171142578,27.432294845581055,27.90966796875,28.307222366333008,28.766387939453125,29.324419021606445,30.25359344482422,26.796566009521484,23.552743911743164,24.83243751525879,25.65536880493164,26.28641128540039,26.796566009521484,27.24224853515625,27.74102020263672,28.361703872680664,29.428373336791992,development
2025-04-26 23:00:00+00:00,43128599999,2025-04-25 06:00:00+00:00,41,26.0,36.0,28.0,25.7,1.7083333333333333,0.9238795325112867,0.38268343236508984,0.9111686353326631,-0.41203363695942635,1.0,0.03282165832666321,2.3000000000000007,4.603571428571428,3.9892100431924464,0,0.0,1.0,0.0,True,25.819212598425196,27.75120617318307,27.360553741455078,24.390277862548828,25.616466522216797,26.346004486083984,26.91362762451172,27.360553741455078,27.751535415649414,28.213916778564453,28.7735538482666,29.697269439697266,26.38903045654297,23.208614349365234,24.526805877685547,25.327438354492188,25.936412811279297,26.38903045654297,26.80143165588379,27.287321090698242,27.91545867919922,28.965147018432617,development
2025-04-27 00:00:00+00:00,43128599999,2025-04-25 06:00:00+00:00,42,25.0,36.0,26.0,25.6,1.75,0.9914448613738104,0.1305261922200517,0.9111686353326631,-0.41203363695942635,1.0,0.0301973834223185,0.3999999999999986,4.703571428571426,3.9892100431924464,0,0.0,1.0,0.0,True,25.719212598425198,27.168530105767523,26.94869613647461,23.966407775878906,25.186769485473633,25.92510986328125,26.492759704589844,26.94869613647461,27.348295211791992,27.818817138671875,28.3884334564209,29.327674865722656,26.040834426879883,22.810062408447266,24.145051956176758,24.96676254272461,25.56125259399414,26.040834426879883,26.488121032714844,27.007110595703125,27.67229652404785,28.799997329711914,development
2025-04-27 01:00:00+00:00,43128599999,2025-04-25 06:00:00+00:00,43,,36.0,27.0,25.1,1.7916666666666667,0.9914448613738104,-0.1305261922200516,0.9111686353326631,-0.41203363695942635,1.0,0.02778293395412425,1.8999999999999986,5.203571428571426,3.9892100431924464,0,0.0,1.0,0.0,False,25.219212598425198,26.907631865268627,27.485435485839844,24.370101928710938,25.606761932373047,26.385852813720703,26.987071990966797,27.485435485839844,27.962095260620117,28.487695693969727,29.09930992126465,30.09759521484375,26.176197052001953,22.985248565673828,24.312957763671875,25.122478485107422,25.695545196533203,26.176197052001953,26.637405395507812,27.17189598083496,27.85388946533203,28.98960304260254,development
2025-04-27 02:00:00+00:00,43128599999,2025-04-25 06:00:00+00:00,44,26.0,36.0,28.0,25.9,1.8333333333333333,0.9238795325112868,-0.3826834323650895,0.9111686353326631,-0.41203363695942635,1.0,0.025561533206507402,2.1000000000000014,4.4035714285714285,3.9892100431924464,0,0.0,1.0,0.0,True,26.019212598425195,27.67041036379945,28.847553253173828,25.9323673248291,27.089075088500977,27.812061309814453,28.363582611083984,28.847553253173828,29.31717872619629,29.822982788085938,30.416118621826172,31.335006713867188,27.07884979248047,23.78841781616211,25.150863647460938,25.97087860107422,26.56114959716797,27.07884979248047,27.60126304626465,28.175973892211914,28.902963638305664,30.042829513549805,development
2025-04-27 03:00:00+00:00,43128599999,2025-04-25 06:00:00+00:00,45,28.0,36.0,31.0,28.1,1.875,0.7933533402912352,-0.6087614290087207,0.9111686353326631,-0.41203363695942635,1.0,0.023517745856009107,2.8999999999999986,2.2035714285714256,3.9892100431924464,0,0.0,1.0,0.0,True,28.219212598425198,29.96450397899202,30.99201202392578,28.264671325683594,29.36376953125,30.03047752380371,30.535764694213867,30.99201202392578,31.452037811279297,31.923654556274414,32.468448638916016,33.29534912109375,29.177738189697266,25.960813522338867,27.30469512939453,28.092212677001953,28.667236328125,29.177738189697266,29.697494506835938,30.254940032958984,30.941593170166016,32.014495849609375,development
2025-04-27 04:00:00+00:00,43128599999,2025-04-25 06:00:00+00:00,46,27.0,36.0,32.0,30.6,1.9166666666666667,0.6087614290087209,-0.793353340291235,0.9111686353326631,-0.41203363695942635,1.0,0.02163737071949309,1.3999999999999986,-0.2964285714285744,3.9892100431924464,0,0.0,1.0,0.0,True,30.719212598425198,32.08491178837204,32.84553527832031,30.162559509277344,31.27570343017578,31.917619705200195,32.37592315673828,32.84553527832031,33.27009201049805,33.74057388305664,34.2286262512207,34.97557067871094,31.170976638793945,27.865928649902344,29.26860809326172,30.069093704223633,30.630455017089844,31.170976638793945,31.679218292236328,32.243648529052734,32.89178466796875,33.88777542114258,development
2025-04-27 05:00:00+00:00,43128599999,2025-04-25 06:00:00+00:00,47,,36.0,35.0,32.4,1.9583333333333333,0.3826834323650899,-0.9238795325112867,0.9111686353326631,-0.41203363695942635,1.0,0.019907342077733686,2.6000000000000014,-2.0964285714285715,3.9892100431924464,0,0.0,1.0,0.0,False,32.5192125984252,34.09954089378126,34.453887939453125,31.65057945251465,32.84483337402344,33.503822326660156,33.98817825317383,34.453887939453125,34.92384338378906,35.41128158569336,35.9132194519043,36.67150115966797,32.65802764892578,29.021347045898438,30.567874908447266,31.42685890197754,32.065189361572266,32.65802764892578,33.262733459472656,33.870948791503906,34.537689208984375,35.568748474121094,development
2025-04-27 06:00:00+00:00,43128599999,2025-04-25 06:00:00+00:00,48,31.0,36.0,36.0,33.4,2.0,0.130526192220052,-0.9914448613738104,0.9111686353326631,-0.41203363695942635,1.0,0.01831563888873418,2.6000000000000014,-3.0964285714285715,3.9892100431924464,0,0.0,1.0,0.0,True,33.5192125984252,35.084621735796226,35.59879684448242,32.87835693359375,34.098060607910156,34.73563003540039,35.19609069824219,35.59879684448242,36.011512756347656,36.446327209472656,36.90078353881836,37.572147369384766,34.09445571899414,30.346317291259766,31.97148895263672,32.864471435546875,33.50286865234375,34.09445571899414,34.68614196777344,35.253902435302734,35.87716293334961,36.828609466552734,development
2025-04-25 07:00:00+00:00,43279099999,2025-04-25 06:00:00+00:00,1,37.0,35.0,36.0,35.8,0.041666666666666664,-0.13052619222005177,-0.9914448613738104,0.9248025743285089,-0.38044736628785164,-1.0,-0.9200444146293233,0.20000000000000284,-3.8833333333333293,2.255724639842738,0,0.0,0.0,1.0,True,36.83820870994248,37.193510298517175,35.90729904174805,35.183990478515625,35.44605255126953,35.63182830810547,35.77635955810547,35.90729904174805,36.04399108886719,36.17316818237305,36.3271484375,36.539310455322266,35.85518264770508,35.125614166259766,35.3846321105957,35.57041931152344,35.71952438354492,35.85518264770508,35.994998931884766,36.13671875,36.309173583984375,36.56795120239258,development
2025-04-25 08:00:00+00:00,43279099999,2025-04-25 06:00:00+00:00,2,37.0,35.0,36.0,35.2,0.08333333333333333,-0.38268343236508967,-0.9238795325112868,0.9248025743285089,-0.38044736628785164,-1.0,-0.8464817248906141,0.7999999999999972,-3.283333333333335,2.255724639842738,0,0.0,0.0,1.0,True,36.238208709942484,36.78340561541574,36.005489349365234,35.19527816772461,35.49717712402344,35.70103073120117,35.86474609375,36.005489349365234,36.15520477294922,36.308074951171875,36.48774719238281,36.72834777832031,35.848297119140625,35.08299255371094,35.354366302490234,35.547725677490234,35.70777130126953,35.848297119140625,35.995216369628906,36.157955169677734,36.35475158691406,36.6422233581543,development
2025-04-25 09:00:00+00:00,43279099999,2025-04-25 06:00:00+00:00,3,36.0,35.0,37.0,34.7,0.125,-0.6087614290087207,-0.7933533402912352,0.9248025743285089,-0.38044736628785164,-1.0,-0.7788007830714049,2.299999999999997,-2.783333333333335,2.255724639842738,0,0.0,0.0,1.0,True,35.738208709942484,36.68097446157533,35.865291595458984,34.9963493347168,35.32423400878906,35.546424865722656,35.712642669677734,35.865291595458984,36.02638244628906,36.18721008300781,36.36576843261719,36.628971099853516,35.676849365234375,34.90196990966797,35.18385314941406,35.3808708190918,35.534400939941406,35.676849365234375,35.83029556274414,35.98973846435547,36.17729568481445,36.4754638671875,development
2025-04-25 10:00:00+00:00,43279099999,2025-04-25 06:00:00+00:00,4,36.0,35.0,36.0,34.0,0.16666666666666666,-0.7933533402912349,-0.6087614290087209,0.9248025743285089,-0.38044736628785164,-1.0,-0.7165313105737893,2.0,-2.083333333333332,2.255724639842738,0,0.0,0.0,1.0,True,35.03820870994248,36.012123984020775,35.21875,34.34953308105469,34.681541442871094,34.887168884277344,35.06901931762695,35.21875,35.368003845214844,35.54240417480469,35.727909088134766,35.99755859375,35.021400451660156,34.296348571777344,34.557220458984375,34.732818603515625,34.88569259643555,35.021400451660156,35.15687942504883,35.31873321533203,35.511348724365234,35.8069953918457,development
2025-04-25 11:00:00+00:00,43279099999,2025-04-25 06:00:00+00:00,5,35.0,35.0,34.0,32.9,0.20833333333333334,-0.9238795325112868,-0.3826834323650895,0.9248025743285089,-0.38044736628785164,-1.0,-0.6592406302004438,1.1000000000000014,-0.9833333333333307,2.255724639842738,0,0.0,0.0,1.0,True,33.93820870994248,34.82779438292697,34.218746185302734,33.394317626953125,33.70116424560547,33.90333557128906,34.06779861450195,34.218746185302734,34.36039733886719,34.53594970703125,34.731224060058594,35.004608154296875,33.9444465637207,33.27806854248047,33.51615905761719,33.674949645996094,33.813533782958984,33.9444465637207,34.074127197265625,34.230106353759766,34.41045379638672,34.689517974853516,development
2025-04-25 12:00:00+00:00,43279099999,2025-04-25 06:00:00+00:00,6,33.0,35.0,33.0,31.6,0.25,-0.9914448613738104,-0.13052619222005163,0.9248025743285089,-0.38044736628785164,-1.0,-0.6065306597126334,1.3999999999999986,0.31666666666666643,2.255724639842738,0,0.0,0.0,1.0,True,32.63820870994248,33.70348117400663,33.06966781616211,32.292327880859375,32.5775146484375,32.76969528198242,32.93076705932617,33.06966781616211,33.21719741821289,33.37698745727539,33.58144760131836,33.85403060913086,32.846435546875,32.228389739990234,32.44099044799805,32.598594665527344,32.7287712097168,32.846435546875,32.97429275512695,33.10765838623047,33.28310012817383,33.54316329956055,development
2025-04-25 13:00:00+00:00,43279099999,2025-04-25 06:00:00+00:00,7,31.0,35.0,32.0,30.3,0.2916666666666667,-0.9914448613738105,0.13052619222005127,0.9248025743285089,-0.38044736628785164,-1.0,-0.5580351457700471,1.6999999999999993,1.6166666666666671,2.255724639842738,0,0.0,0.0,1.0,True,31.33820870994248,32.57838811996179,32.043548583984375,31.31108856201172,31.59206199645996,31.7728328704834,31.90291976928711,32.043548583984375,32.191436767578125,32.35579299926758,32.543663024902344,32.82877731323242,31.864744186401367,31.290987014770508,31.49452781677246,31.63604164123535,31.74995994567871,31.864744186401367,31.989355087280273,32.12229919433594,32.27617645263672,32.5347785949707,development
2025-04-25 14:00:00+00:00,43279099999,2025-04-25 06:00:00+00:00,8,31.0,35.0,31.0,30.0,0.3333333333333333,-0.923879532511287,0.38268343236508917,0.9248025743285089,-0.38044736628785164,-1.0,-0.513417119032592,1.0,1.9166666666666679,2.255724639842738,0,0.0,0.0,1.0,True,31.03820870994248,32.23043611845298,31.355173110961914,30.642366409301758,30.915224075317383,31.085203170776367,31.21695327758789,31.355173110961914,31.49644660949707,31.653879165649414,31.842126846313477,32.12941360473633,31.273378372192383,30.715482711791992,30.916574478149414,31.04979705810547,31.15865707397461,31.273378372192383,31.389787673950195,31.510034561157227,31.657058715820312,31.900728225708008,development
2025-04-25 15:00:00+00:00,43279099999,2025-04-25 06:00:00+00:00,9,31.0,35.0,31.0,29.8,0.375,-0.7933533402912357,0.6087614290087199,0.9248025743285089,-0.38044736628785164,-1.0,-0.4723665527410147,1.1999999999999993,2.116666666666667,2.255724639842738,0,0.0,0.0,1.0,True,30.83820870994248,32.161106150833234,31.04770851135254,30.36078643798828,30.606346130371094,30.78424835205078,30.919050216674805,31.04770851135254,31.188875198364258,31.337228775024414,31.524911880493164,31.81400489807129,31.04250144958496,30.500699996948242,30.679325103759766,30.82378578186035,30.931602478027344,31.04250144958496,31.14983367919922,31.268587112426758,31.41365623474121,31.650705337524414,development
2025-04-25 16:00:00+00:00,43279099999,2025-04-25 06:00:00+00:00,10,31.0,35.0,31.0,29.6,0.4166666666666667,-0.6087614290087209,0.7933533402912349,0.9248025743285089,-0.38044736628785164,-1.0,-0.4345982085070782,1.3999999999999986,2.3166666666666664,2.255724639842738,0,0.0,0.0,1.0,True,30.638208709942482,32.07551310037974,30.949100494384766,30.270061492919922,30.518075942993164,30.686355590820312,30.822891235351562,30.949100494384766,31.085832595825195,31.22361183166504,31.409160614013672,31.694217681884766,30.93105697631836,30.39174461364746,30.578338623046875,30.718624114990234,30.831018447875977,30.93105697631836,31.03861427307129,31.151697158813477,31.3011531829834,31.54016876220703,development
2025-04-25 17:00:00+00:00,43279099999,2025-04-25 06:00:00+00:00,11,31.0,35.0,31.0,29.4,0.4583333333333333,-0.38268343236508956,0.9238795325112868,0.9248025743285089,-0.38044736628785164,-1.0,-0.39984965434484737,1.6000000000000014,2.5166666666666693,2.255724639842738,0,0.0,0.0,1.0,True,30.43820870994248,31.97009354172967,30.637662887573242,29.963043212890625,30.208227157592773,30.377779006958008,30.498859405517578,30.637662887573242,30.773984909057617,30.901338577270508,31.080032348632812,31.350934982299805,30.702438354492188,30.146657943725586,30.34462547302246,30.48518180847168,30.59042739868164,30.702438354492188,30.80765724182129,30.919710159301758,31.073177337646484,31.29880142211914,development
2025-04-25 18:00:00+00:00,43279099999,2025-04-25 06:00:00+00:00,12,31.0,35.0,30.0,29.2,0.5,-0.13052619222005168,0.9914448613738104,0.9248025743285089,-0.38044736628785164,-1.0,-0.36787944117144233,0.8000000000000007,2.7166666666666686,2.255724639842738,0,0.0,0.0,1.0,True,30.23820870994248,31.630606377874802,30.396747589111328,29.748573303222656,29.98079490661621,30.13688850402832,30.267484664916992,30.396747589111328,30.5241641998291,30.660236358642578,30.8294677734375,31.098247528076172,30.457338333129883,29.90033721923828,30.098102569580078,30.2369441986084,30.347694396972656,30.457338333129883,30.56351089477539,30.679092407226562,30.821807861328125,31.0532283782959,development
2025-04-25 19:00:00+00:00,43279099999,2025-04-25 06:00:00+00:00,13,30.0,35.0,30.0,28.8,0.5416666666666666,0.13052619222005157,0.9914448613738104,0.9181214482844365,-0.39629913726891813,-1.0,-0.3384654251067422,1.1999999999999993,3.116666666666667,2.255724639842738,0,0.0,0.0,1.0,True,29.83820870994248,31.366817730133803,30.31861114501953,29.657909393310547,29.8987979888916,30.062564849853516,30.19223403930664,30.31861114501953,30.439346313476562,30.567426681518555,30.735580444335938,31.005388259887695,30.357513427734375,29.791120529174805,29.99101448059082,30.12943458557129,30.244823455810547,30.357513427734375,30.458675384521484,30.5673828125,30.710342407226562,30.933229446411133,development
2025-04-25 20:00:00+00:00,43279099999,2025-04-25 06:00:00+00:00,14,30.0,35.0,30.0,28.4,0.5833333333333334,0.3826834323650898,0.9238795325112867,0.9181214482844365,-0.39629913726891813,-1.0,-0.3114032239145977,1.6000000000000014,3.5166666666666693,2.255724639842738,0,0.0,0.0,1.0,True,29.43820870994248,31.03724764231832,30.159099578857422,29.50286865234375,29.732860565185547,29.908620834350586,30.032066345214844,30.159099578857422,30.28253173828125,30.425596237182617,30.58548927307129,30.876659393310547,30.108993530273438,29.553913116455078,29.755266189575195,29.89873504638672,30.00467300415039,30.108993530273438,30.211870193481445,30.335832595825195,30.473365783691406,30.715036392211914,development
2025-04-25 21:00:00+00:00,43279099999,2025-04-25 06:00:00+00:00,15,30.0,35.0,30.0,28.2,0.625,0.6087614290087207,0.7933533402912352,0.9181214482844365,-0.39629913726891813,-1.0,-0.2865047968601901,1.8000000000000007,3.7166666666666686,2.255724639842738,0,0.0,0.0,1.0,True,29.23820870994248,30.844138315978558,30.06391143798828,29.37115478515625,29.62222671508789,29.801227569580078,29.940454483032227,30.06391143798828,30.196792602539062,30.324893951416016,30.502197265625,30.790752410888672,29.94979476928711,29.374916076660156,29.57597541809082,29.724891662597656,29.84119415283203,29.94979476928711,30.061542510986328,30.175312042236328,30.3197021484375,30.55215072631836,development
2025-04-25 22:00:00+00:00,43279099999,2025-04-25 06:00:00+00:00,16,30.0,35.0,30.0,27.8,0.6666666666666666,0.7933533402912352,0.6087614290087207,0.9181214482844365,-0.39629913726891813,-1.0,-0.26359713811572677,2.1999999999999993,4.116666666666667,2.255724639842738,0,0.0,0.0,1.0,True,28.83820870994248,30.47749344185571,29.93021011352539,29.24847984313965,29.49308204650879,29.667537689208984,29.81088638305664,29.93021011352539,30.062387466430664,30.194637298583984,30.372230529785156,30.667280197143555,29.871219635009766,29.32671546936035,29.51618003845215,29.656845092773438,29.770416259765625,29.871219635009766,29.979167938232422,30.090797424316406,30.22907257080078,30.460460662841797,development
2025-04-25 23:00:00+00:00,43279099999,2025-04-25 06:00:00+00:00,17,30.0,35.0,30.0,27.6,0.7083333333333334,0.9238795325112867,0.38268343236508984,0.9181214482844365,-0.39629913726891813,-1.0,-0.24252107463564868,2.3999999999999986,4.316666666666666,2.255724639842738,0,0.0,0.0,1.0,True,28.638208709942482,30.25523938553998,29.7873592376709,29.094371795654297,29.35116195678711,29.51811408996582,29.660587310791016,29.7873592376709,29.911901473999023,30.061094284057617,30.241985321044922,30.55234146118164,29.683673858642578,29.154966354370117,29.344385147094727,29.468774795532227,29.58320426940918,29.683673858642578,29.783235549926758,29.899658203125,30.037017822265625,30.27167510986328,development
2025-04-26 00:00:00+00:00,43279099999,2025-04-25 06:00:00+00:00,18,30.0,35.0,30.0,27.6,0.75,0.9914448613738104,0.1305261922200517,0.9181214482844365,-0.39629913726891813,-1.0,-0.22313016014842982,2.3999999999999986,4.316666666666666,2.255724639842738,0,0.0,0.0,1.0,True,28.638208709942482,30.182678083480283,29.670257568359375,29.06612205505371,29.283166885375977,29.441448211669922,29.559940338134766,29.670257568359375,29.781497955322266,29.905467987060547,30.09723663330078,30.37350845336914,29.584510803222656,29.096363067626953,29.27203369140625,29.397075653076172,29.496097564697266,29.584510803222656,29.672935485839844,29.773929595947266,29.911827087402344,30.134355545043945,development
2025-04-26 01:00:00+00:00,43279099999,2025-04-25 06:00:00+00:00,19,30.0,35.0,30.0,27.8,0.7916666666666666,0.9914448613738104,-0.1305261922200516,0.9181214482844365,-0.39629913726891813,-1.0,-0.20528965757990927,2.1999999999999993,4.116666666666667,2.255724639842738,0,0.0,0.0,1.0,True,28.83820870994248,30.265544289896187,29.814794540405273,29.127330780029297,29.378353118896484,29.545747756958008,29.684003829956055,29.814794540405273,29.948070526123047,30.11028480529785,30.314844131469727,30.62128448486328,29.669689178466797,29.124300003051758,29.32110595703125,29.459514617919922,29.569843292236328,29.669689178466797,29.769655227661133,29.893701553344727,30.05058479309082,30.29511260986328,development
2025-04-26 02:00:00+00:00,43279099999,2025-04-25 06:00:00+00:00,20,30.0,35.0,31.0,29.2,0.8333333333333334,0.9238795325112868,-0.3826834323650895,0.9181214482844365,-0.39629913726891813,-1.0,-0.18887560283756183,1.8000000000000007,2.7166666666666686,2.255724639842738,0,0.0,0.0,1.0,True,30.23820870994248,31.505102760942176,30.46434211730957,29.710243225097656,29.976762771606445,30.151538848876953,30.31103515625,30.46434211730957,30.612428665161133,30.789369583129883,31.006820678710938,31.307540893554688,30.174592971801758,29.577356338500977,29.793336868286133,29.93488311767578,30.054792404174805,30.174592971801758,30.283924102783203,30.41714096069336,30.581117630004883,30.826217651367188,development
2025-04-26 03:00:00+00:00,43279099999,2025-04-25 06:00:00+00:00,21,32.0,35.0,31.0,31.1,0.875,0.7933533402912352,-0.6087614290087207,0.9181214482844365,-0.39629913726891813,-1.0,-0.17377394345044514,-0.10000000000000142,0.8166666666666664,2.255724639842738,0,0.0,0.0,1.0,True,32.13820870994248,32.934417691985466,31.66312599182129,30.859891891479492,31.13359260559082,31.336702346801758,31.50202751159668,31.66312599182129,31.818960189819336,32.00985336303711,32.219451904296875,32.52902603149414,31.27118682861328,30.617416381835938,30.847877502441406,31.010820388793945,31.143823623657227,31.27118682861328,31.394075393676758,31.54878044128418,31.71636962890625,31.994287490844727,development
2025-04-26 04:00:00+00:00,43279099999,2025-04-25 06:00:00+00:00,22,33.0,35.0,33.0,32.9,0.9166666666666666,0.6087614290087209,-0.793353340291235,0.9181214482844365,-0.39629913726891813,-1.0,-0.1598797460796939,0.10000000000000142,-0.9833333333333307,2.255724639842738,0,0.0,0.0,1.0,True,33.93820870994248,34.72393357298616,33.13056564331055,32.25727462768555,32.56098556518555,32.779781341552734,32.96287155151367,33.13056564331055,33.301910400390625,33.49262237548828,33.70835876464844,34.012752532958984,32.778709411621094,32.051151275634766,32.3054084777832,32.48660659790039,32.63752746582031,32.778709411621094,32.922367095947266,33.08565902709961,33.270957946777344,33.555816650390625,development
2025-04-26 05:00:00+00:00,43279099999,2025-04-25 06:00:00+00:00,23,34.0,35.0,35.0,34.4,0.9583333333333334,0.3826834323650899,-0.9238795325112867,0.9181214482844365,-0.39629913726891813,-1.0,-0.1470964673929768,0.6000000000000014,-2.4833333333333307,2.255724639842738,0,0.0,0.0,1.0,True,35.43820870994248,36.296739178235,34.49756622314453,33.4635009765625,33.81721496582031,34.082759857177734,34.2963752746582,34.49756622314453,34.694618225097656,34.90488052368164,35.1429443359375,35.472206115722656,34.18053436279297,33.25404739379883,33.569969177246094,33.80160903930664,33.99435043334961,34.18053436279297,34.3620491027832,34.56098937988281,34.79026412963867,35.12648391723633,development
2025-04-26 06:00:00+00:00,43279099999,2025-04-25 06:00:00+00:00,24,35.0,35.0,35.0,35.2,1.0,0.130526192220052,-0.9914448613738104,0.9181214482844365,-0.39629913726891813,-1.0,-0.1353352832366127,-0.20000000000000284,-3.283333333333335,2.255724639842738,0,0.0,0.0,1.0,True,36.238208709942484,36.91793558775887,35.309688568115234,34.353580474853516,34.694480895996094,34.93252944946289,35.13071823120117,35.309688568115234,35.492088317871094,35.68705749511719,35.89877700805664,36.20490264892578,35.05975341796875,34.102909088134766,34.443756103515625,34.672420501708984,34.8736686706543,35.05975341796875,35.250675201416016,35.456661224365234,35.68750762939453,36.029945373535156,development
2025-04-26 07:00:00+00:00,43279099999,2025-04-25 06:00:00+00:00,25,35.0,35.0,36.0,35.3,1.0416666666666667,-0.13052619222005177,-0.9914448613738104,0.9181214482844365,-0.39629913726891813,-1.0,-0.12451447144412296,0.7000000000000028,-3.3833333333333293,2.255724639842738,0,0.0,0.0,1.0,True,36.33820870994248,37.22433516488615,35.85798645019531,34.8482780456543,35.212955474853516,35.47056198120117,35.66676712036133,35.85798645019531,36.039405822753906,36.239768981933594,36.452945709228516,36.7733268737793,35.56114196777344,34.644630432128906,34.96847152709961,35.196712493896484,35.37852096557617,35.56114196777344,35.73204040527344,35.92768478393555,36.1488037109375,36.492652893066406,development
2025-04-26 08:00:00+00:00,43279099999,2025-04-25 06:00:00+00:00,26,35.0,35.0,36.0,35.0,1.0833333333333333,-0.38268343236508967,-0.9238795325112868,0.9181214482844365,-0.39629913726891813,-1.0,-0.11455884399268773,1.0,-3.083333333333332,2.255724639842738,0,0.0,0.0,1.0,True,36.03820870994248,37.02656612168976,35.977210998535156,34.96680450439453,35.33359909057617,35.58149719238281,35.79316711425781,35.977210998535156,36.161128997802734,36.35712432861328,36.56929016113281,36.88427734375,35.508731842041016,34.53758239746094,34.884395599365234,35.11611557006836,35.323219299316406,35.508731842041016,35.68855667114258,35.8903923034668,36.13236999511719,36.49029541015625,development
2025-04-26 09:00:00+00:00,43279099999,2025-04-25 06:00:00+00:00,27,35.0,35.0,37.0,34.1,1.125,-0.6087614290087207,-0.7933533402912352,0.9181214482844365,-0.39629913726891813,-1.0,-0.10539922456186433,2.8999999999999986,-2.1833333333333336,2.255724639842738,0,0.0,0.0,1.0,True,35.13820870994248,36.589812012531716,35.87594985961914,34.813682556152344,35.194114685058594,35.46867752075195,35.68196487426758,35.87594985961914,36.058692932128906,36.277523040771484,36.49995803833008,36.83386993408203,35.318363189697266,34.33265686035156,34.6794319152832,34.93211364746094,35.1298828125,35.318363189697266,35.495845794677734,35.71381378173828,35.95930099487305,36.3316764831543,development
2025-04-26 10:00:00+00:00,43279099999,2025-04-25 06:00:00+00:00,28,34.0,35.0,36.0,33.4,1.1666666666666667,-0.7933533402912349,-0.6087614290087209,0.9181214482844365,-0.39629913726891813,-1.0,-0.09697196786440505,2.6000000000000014,-1.4833333333333307,2.255724639842738,0,0.0,0.0,1.0,True,34.43820870994248,35.90172495248958,35.3210563659668,34.24119567871094,34.63091278076172,34.91132354736328,35.12911605834961,35.3210563659668,35.52684783935547,35.746498107910156,35.99679183959961,36.345069885253906,34.54570770263672,33.63587188720703,33.963104248046875,34.19572830200195,34.382720947265625,34.54570770263672,34.721195220947266,34.92347717285156,35.16242980957031,35.51646041870117,development
2025-04-26 11:00:00+00:00,43279099999,2025-04-25 06:00:00+00:00,29,33.0,35.0,34.0,32.3,1.2083333333333333,-0.9238795325112868,-0.3826834323650895,0.9181214482844365,-0.39629913726891813,-1.0,-0.08921851740926011,1.7000000000000028,-0.3833333333333293,2.255724639842738,0,0.0,0.0,1.0,True,33.33820870994248,34.69969684112152,34.376564025878906,33.3274040222168,33.70613098144531,33.97713851928711,34.182376861572266,34.376564025878906,34.57209014892578,34.794071197509766,35.050018310546875,35.40805435180664,33.54909133911133,32.6796989440918,32.991939544677734,33.21644592285156,33.3878173828125,33.54909133911133,33.720672607421875,33.91377258300781,34.14080047607422,34.49629592895508,development
2025-04-26 12:00:00+00:00,43279099999,2025-04-25 06:00:00+00:00,30,33.0,35.0,33.0,31.0,1.25,-0.9914448613738104,-0.13052619222005163,0.9181214482844365,-0.39629913726891813,-1.0,-0.0820849986238988,2.0,0.9166666666666679,2.255724639842738,0,0.0,0.0,1.0,True,32.03820870994248,33.5591002166761,33.26658630371094,32.26792526245117,32.63754653930664,32.88429260253906,33.08336639404297,33.26658630371094,33.44823455810547,33.66581344604492,33.91895294189453,34.28193664550781,32.5313835144043,31.71013069152832,32.00251007080078,32.212276458740234,32.37860870361328,32.5313835144043,32.68677520751953,32.872562408447266,33.093082427978516,33.429527282714844,development
2025-04-26 13:00:00+00:00,43279099999,2025-04-25 06:00:00+00:00,31,32.0,35.0,32.0,29.9,1.2916666666666667,-0.9914448613738105,0.13052619222005127,0.9181214482844365,-0.39629913726891813,-1.0,-0.07552184450877376,2.1000000000000014,2.0166666666666693,2.255724639842738,0,0.0,0.0,1.0,True,30.93820870994248,32.575733015082776,32.173187255859375,31.196758270263672,31.576913833618164,31.814891815185547,31.998435974121094,32.173187255859375,32.352874755859375,32.57259750366211,32.82554626464844,33.20137023925781,31.584980010986328,30.79320526123047,31.086936950683594,31.28479766845703,31.44052505493164,31.584980010986328,31.741090774536133,31.91756820678711,32.12963104248047,32.46247863769531,development
2025-04-26 14:00:00+00:00,43279099999,2025-04-25 06:00:00+00:00,32,31.0,35.0,31.0,29.5,1.3333333333333333,-0.923879532511287,0.38268343236508917,0.9181214482844365,-0.39629913726891813,-1.0,-0.06948345122280154,1.5,2.416666666666668,2.255724639842738,0,0.0,0.0,1.0,True,30.53820870994248,32.135643740934945,31.48239517211914,30.554519653320312,30.906667709350586,31.13324546813965,31.308815002441406,31.48239517211914,31.663612365722656,31.86257553100586,32.10707473754883,32.48641586303711,30.993776321411133,30.228981018066406,30.509275436401367,30.691198348999023,30.8458251953125,30.993776321411133,31.14383888244629,31.307674407958984,31.507404327392578,31.827266693115234,development
2025-04-26 15:00:00+00:00,43279099999,2025-04-25 06:00:00+00:00,33,31.0,35.0,31.0,29.3,1.375,-0.7933533402912357,0.6087614290087199,0.9181214482844365,-0.39629913726891813,-1.0,-0.06392786120670757,1.6999999999999993,2.616666666666667,2.255724639842738,0,0.0,0.0,1.0,True,30.33820870994248,32.05363223655319,31.244203567504883,30.346786499023438,30.680601119995117,30.897846221923828,31.078731536865234,31.244203567504883,31.42159080505371,31.610883712768555,31.85262680053711,32.21779251098633,30.74150848388672,29.98592758178711,30.268348693847656,30.44988250732422,30.598392486572266,30.74150848388672,30.88883399963379,31.045209884643555,31.245264053344727,31.565935134887695,development
2025-04-26 16:00:00+00:00,43279099999,2025-04-25 06:00:00+00:00,34,31.0,35.0,31.0,29.1,1.4166666666666667,-0.6087614290087209,0.7933533402912349,0.9181214482844365,-0.39629913726891813,-1.0,-0.05881647164242988,1.8999999999999986,2.8166666666666664,2.255724639842738,0,0.0,0.0,1.0,True,30.138208709942482,31.956371609032885,31.133100509643555,30.272472381591797,30.59893035888672,30.80399513244629,30.97663116455078,31.133100509643555,31.301424026489258,31.47757911682129,31.708147048950195,32.05603790283203,30.625171661376953,29.879390716552734,30.161792755126953,30.343534469604492,30.49532127380371,30.625171661376953,30.7648983001709,30.914785385131836,31.10558319091797,31.41727638244629,development
2025-04-26 17:00:00+00:00,43279099999,2025-04-25 06:00:00+00:00,35,31.0,35.0,31.0,28.9,1.4583333333333333,-0.38268343236508956,0.9238795325112868,0.9181214482844365,-0.39629913726891813,-1.0,-0.05411376622282161,2.1000000000000014,3.0166666666666693,2.255724639842738,0,0.0,0.0,1.0,True,29.93820870994248,31.84021736127024,30.885576248168945,30.038206100463867,30.34725570678711,30.556713104248047,30.7138729095459,30.885576248168945,31.048381805419922,31.227937698364258,31.450815200805664,31.789949417114258,30.43513298034668,29.68172836303711,29.961833953857422,30.15138053894043,30.29376220703125,30.43513298034668,30.573963165283203,30.730064392089844,30.916851043701172,31.219253540039062,development
2025-04-26 18:00:00+00:00,43279099999,2025-04-25 06:00:00+00:00,36,30.0,35.0,30.0,28.7,1.5,-0.13052619222005168,0.9914448613738104,0.9181214482844365,-0.39629913726891813,-1.0,-0.049787068367863944,1.3000000000000007,3.2166666666666686,2.255724639842738,0,0.0,0.0,1.0,True,29.73820870994248,31.490853806654567,30.65486717224121,29.8050537109375,30.121736526489258,30.322206497192383,30.49178695678711,30.65486717224121,30.82417106628418,30.99728775024414,31.21535301208496,31.55838966369629,30.26004981994629,29.482738494873047,29.774139404296875,29.964839935302734,30.113792419433594,30.26004981994629,30.399795532226562,30.553110122680664,30.746829986572266,31.0568904876709,development
2025-04-26 19:00:00+00:00,43279099999,2025-04-25 06:00:00+00:00,37,30.0,35.0,30.0,28.3,1.5416666666666667,0.13052619222005157,0.9914448613738104,0.9111686353326631,-0.41203363695942635,-1.0,-0.04580631417262147,1.6999999999999993,3.616666666666667,2.255724639842738,0,0.0,0.0,1.0,True,29.33820870994248,31.218235070747024,30.502975463867188,29.67289161682129,29.9807186126709,30.172698974609375,30.342329025268555,30.502975463867188,30.660701751708984,30.82806396484375,31.040719985961914,31.373809814453125,30.061660766601562,29.295175552368164,29.587675094604492,29.767162322998047,29.92029571533203,30.061660766601562,30.19945526123047,30.351722717285156,30.536190032958984,30.836956024169922,development
2025-04-26 20:00:00+00:00,43279099999,2025-04-25 06:00:00+00:00,38,30.0,35.0,30.0,27.9,1.5833333333333333,0.3826834323650898,0.9238795325112867,0.9111686353326631,-0.41203363695942635,-1.0,-0.042143843509276406,2.1000000000000014,4.016666666666669,2.255724639842738,0,0.0,0.0,1.0,True,28.93820870994248,30.880304798644637,30.339344024658203,29.507780075073242,29.813270568847656,30.015634536743164,30.177562713623047,30.339344024658203,30.494340896606445,30.668787002563477,30.87010955810547,31.203075408935547,29.85066795349121,29.0870304107666,29.369144439697266,29.559846878051758,29.706632614135742,29.85066795349121,29.98947525024414,30.144153594970703,30.32586097717285,30.642688751220703,development
2025-04-26 21:00:00+00:00,43279099999,2025-04-25 06:00:00+00:00,39,30.0,35.0,30.0,27.5,1.625,0.6087614290087207,0.7933533402912352,0.9111686353326631,-0.41203363695942635,-1.0,-0.03877420783172201,2.5,4.416666666666668,2.255724639842738,0,0.0,0.0,1.0,True,28.53820870994248,30.52279641348997,30.165359497070312,29.32708168029785,29.629587173461914,29.83315658569336,30.01165008544922,30.165359497070312,30.31383514404297,30.480884552001953,30.695110321044922,31.02572250366211,29.637216567993164,28.86740493774414,29.159652709960938,29.34287452697754,29.500492095947266,29.637216567993164,29.77414894104004,29.928890228271484,30.116580963134766,30.424407958984375,development
2025-04-26 22:00:00+00:00,43279099999,2025-04-25 06:00:00+00:00,40,29.0,35.0,30.0,27.2,1.6666666666666667,0.7933533402912352,0.6087614290087207,0.9111686353326631,-0.41203363695942635,-1.0,-0.035673993347252395,2.8000000000000007,4.716666666666669,2.255724639842738,0,0.0,0.0,1.0,True,28.23820870994248,30.22742845512978,30.057857513427734,29.21038246154785,29.517011642456055,29.727609634399414,29.895862579345703,30.057857513427734,30.205379486083984,30.367704391479492,30.58600616455078,30.92798614501953,29.5710391998291,28.815135955810547,29.09758758544922,29.28563690185547,29.435270309448242,29.5710391998291,29.706090927124023,29.8563289642334,30.043134689331055,30.366483688354492,development
2025-04-26 23:00:00+00:00,43279099999,2025-04-25 06:00:00+00:00,41,29.0,35.0,30.0,27.0,1.7083333333333333,0.9238795325112867,0.38268343236508984,0.9111686353326631,-0.41203363695942635,-1.0,-0.03282165832666321,3.0,4.916666666666668,2.255724639842738,0,0.0,0.0,1.0,True,28.03820870994248,29.99866348074479,29.91743278503418,29.04792022705078,29.381071090698242,29.58946990966797,29.76540756225586,29.91743278503418,30.07091522216797,30.25165557861328,30.487396240234375,30.857940673828125,29.435453414916992,28.67050552368164,28.9720458984375,29.15212059020996,29.304363250732422,29.435453414916992,29.570938110351562,29.724882125854492,29.92823600769043,30.266151428222656,development
2025-04-27 00:00:00+00:00,43279099999,2025-04-25 06:00:00+00:00,42,29.0,35.0,30.0,26.5,1.75,0.9914448613738104,0.1305261922200517,0.9111686353326631,-0.41203363695942635,-1.0,-0.0301973834223185,3.5,5.416666666666668,2.255724639842738,0,0.0,0.0,1.0,True,27.53820870994248,29.528343549990186,29.82438850402832,28.98605728149414,29.307323455810547,29.502302169799805,29.677873611450195,29.82438850402832,29.986352920532227,30.177745819091797,30.408151626586914,30.77752113342285,29.27499771118164,28.515277862548828,28.812410354614258,28.992740631103516,29.14481544494629,29.27499771118164,29.41417121887207,29.581144332885742,29.779857635498047,30.127559661865234,development
2025-04-27 01:00:00+00:00,43279099999,2025-04-25 06:00:00+00:00,43,29.0,35.0,30.0,27.0,1.7916666666666667,0.9914448613738104,-0.1305261922200516,0.9111686353326631,-0.41203363695942635,-1.0,-0.02778293395412425,3.0,4.916666666666668,2.255724639842738,0,0.0,0.0,1.0,True,28.03820870994248,29.840759360182908,29.943803787231445,29.087726593017578,29.407840728759766,29.619083404541016,29.783857345581055,29.943803787231445,30.109230041503906,30.30345916748047,30.539419174194336,30.933834075927734,29.382665634155273,28.673194885253906,28.952003479003906,29.128143310546875,29.256240844726562,29.382665634155273,29.507495880126953,29.66191864013672,29.858572006225586,30.205690383911133,development
2025-04-27 02:00:00+00:00,43279099999,2025-04-25 06:00:00+00:00,44,31.0,35.0,31.0,28.5,1.8333333333333333,0.9238795325112868,-0.3826834323650895,0.9111686353326631,-0.41203363695942635,-1.0,-0.025561533206507402,2.5,3.416666666666668,2.255724639842738,0,0.0,0.0,1.0,True,29.53820870994248,31.15360078211628,30.519508361816406,29.651226043701172,29.97284698486328,30.179964065551758,30.35094451904297,30.519508361816406,30.697603225708008,30.893980026245117,31.141969680786133,31.525976181030273,29.893688201904297,29.085359573364258,29.400226593017578,29.592973709106445,29.746334075927734,29.893688201904297,30.04779624938965,30.227760314941406,30.451486587524414,30.832273483276367,development
2025-04-27 03:00:00+00:00,43279099999,2025-04-25 06:00:00+00:00,45,32.0,35.0,31.0,30.8,1.875,0.7933533402912352,-0.6087614290087207,0.9111686353326631,-0.41203363695942635,-1.0,-0.023517745856009107,0.1999999999999993,1.1166666666666671,2.255724639842738,0,0.0,0.0,1.0,True,31.83820870994248,32.8916650724153,31.6773738861084,30.72060775756836,31.068832397460938,31.303560256958008,31.497425079345703,31.6773738861084,31.874095916748047,32.093544006347656,32.3514289855957,32.73784255981445,31.108556747436523,30.207931518554688,30.5549259185791,30.769006729125977,30.94693374633789,31.108556747436523,31.27748680114746,31.48052978515625,31.728519439697266,32.13216018676758,development
2025-04-27 04:00:00+00:00,43279099999,2025-04-25 06:00:00+00:00,46,33.0,35.0,33.0,32.9,1.9166666666666667,0.6087614290087209,-0.793353340291235,0.9111686353326631,-0.41203363695942635,-1.0,-0.02163737071949309,0.10000000000000142,-0.9833333333333307,2.255724639842738,0,0.0,0.0,1.0,True,33.93820870994248,34.911949668619535,33.16381072998047,32.18500900268555,32.54594039916992,32.7795524597168,32.97355270385742,33.16381072998047,33.35285949707031,33.566131591796875,33.817806243896484,34.18544387817383,32.62689208984375,31.653757095336914,32.01718521118164,32.252445220947266,32.44382858276367,32.62689208984375,32.80809783935547,33.024940490722656,33.29502487182617,33.719154357910156,development
2025-04-27 05:00:00+00:00,43279099999,2025-04-25 06:00:00+00:00,47,34.0,35.0,35.0,34.3,1.9583333333333333,0.3826834323650899,-0.9238795325112867,0.9111686353326631,-0.41203363695942635,-1.0,-0.019907342077733686,0.7000000000000028,-2.3833333333333293,2.255724639842738,0,0.0,0.0,1.0,True,35.33820870994248,36.40245254345826,34.44914627075195,33.32570266723633,33.7325325012207,34.00173568725586,34.23597717285156,34.44914627075195,34.672142028808594,34.90906524658203,35.17173767089844,35.56110382080078,33.898345947265625,32.62284851074219,33.081382751464844,33.38489532470703,33.65251541137695,33.898345947265625,34.14900588989258,34.43662643432617,34.765647888183594,35.27665328979492,development
2025-04-27 06:00:00+00:00,43279099999,2025-04-25 06:00:00+00:00,48,34.0,35.0,35.0,34.4,2.0,0.130526192220052,-0.9914448613738104,0.9111686353326631,-0.41203363695942635,-1.0,-0.01831563888873418,0.6000000000000014,-2.4833333333333307,2.255724639842738,0,0.0,0.0,1.0,True,35.43820870994248,36.47154001902061,35.341121673583984,34.24717712402344,34.657833099365234,34.92569351196289,35.14655303955078,35.341121673583984,35.54860305786133,35.76203918457031,35.99895477294922,36.36412048339844,34.41128921508789,33.17595291137695,33.624671936035156,33.92524337768555,34.180912017822266,34.41128921508789,34.64476776123047,34.903324127197266,35.21653747558594,35.715972900390625,development
2025-04-27 07:00:00+00:00,43128599999,2025-04-27 06:00:00+00:00,1,32.0,31.0,36.0,31.6,0.041666666666666664,-0.13052619222005177,-0.9914448613738104,0.9111686353326631,-0.41203363695942635,1.1000000000000014,1.012048856092257,4.399999999999999,-0.9452380952380963,4.108626371136268,0,0.0,1.0,0.0,True,31.719212598425198,33.84396640451149,32.139427185058594,30.610687255859375,31.18483543395996,31.509302139282227,31.79108428955078,32.139427185058594,32.498355865478516,32.75433349609375,33.025779724121094,33.52677917480469,32.54931640625,30.898597717285156,31.52281379699707,31.88773536682129,32.20335006713867,32.54931640625,32.8995361328125,33.19985580444336,33.526206970214844,34.0859489440918,development
2025-04-27 08:00:00+00:00,43128599999,2025-04-27 06:00:00+00:00,2,33.0,31.0,36.0,32.3,0.08333333333333333,-0.38268343236508967,-0.9238795325112868,0.9111686353326631,-0.41203363695942635,1.1000000000000014,0.9311298973796768,3.700000000000003,-1.645238095238092,4.108626371136268,0,0.0,1.0,0.0,True,32.4192125984252,34.39726655638142,33.067039489746094,30.871707916259766,31.661161422729492,32.16897201538086,32.6011962890625,33.067039489746094,33.55674362182617,33.95136260986328,34.40202713012695,35.114845275878906,33.407958984375,31.221782684326172,32.03475570678711,32.5521125793457,32.987422943115234,33.407958984375,33.847476959228516,34.248897552490234,34.70980453491211,35.428260803222656,development
2025-04-27 09:00:00+00:00,43128599999,2025-04-27 06:00:00+00:00,3,32.0,31.0,37.0,32.1,0.125,-0.6087614290087207,-0.7933533402912352,0.9111686353326631,-0.41203363695942635,1.1000000000000014,0.8566808613785465,4.899999999999999,-1.4452380952380963,4.108626371136268,0,0.0,1.0,0.0,True,32.2192125984252,34.47911661490498,33.24616622924805,30.605443954467773,31.546051025390625,32.1743049621582,32.69621658325195,33.24616622924805,33.80777359008789,34.29686737060547,34.84999465942383,35.743412017822266,33.51933670043945,30.983938217163086,31.913673400878906,32.54387283325195,33.03837966918945,33.51933670043945,33.995872497558594,34.448753356933594,34.97488021850586,35.833473205566406,development
2025-04-27 10:00:00+00:00,43128599999,2025-04-27 06:00:00+00:00,4,30.0,31.0,36.0,33.0,0.16666666666666666,-0.7933533402912349,-0.6087614290087209,0.9111686353326631,-0.41203363695942635,1.1000000000000014,0.7881844416311692,3.0,-2.345238095238095,4.108626371136268,0,0.0,1.0,0.0,True,33.1192125984252,35.017205042232675,32.28950500488281,29.22310447692871,30.2799072265625,30.976272583007812,31.605865478515625,32.28950500488281,32.97895050048828,33.60888671875,34.279232025146484,35.2839469909668,32.71676254272461,29.9244384765625,30.94353675842285,31.606904983520508,32.174678802490234,32.71676254272461,33.247623443603516,33.79694747924805,34.391212463378906,35.30482864379883,development
2025-04-27 11:00:00+00:00,43128599999,2025-04-27 06:00:00+00:00,5,29.0,31.0,36.0,32.7,0.20833333333333334,-0.9238795325112868,-0.3826834323650895,0.9111686353326631,-0.41203363695942635,1.1000000000000014,0.725164693220489,3.299999999999997,-2.0452380952380977,4.108626371136268,0,0.0,1.0,0.0,True,32.8192125984252,34.84061615698276,31.732656478881836,28.96510124206543,29.974594116210938,30.64453887939453,31.203088760375977,31.732656478881836,32.26406478881836,32.83045196533203,33.529937744140625,34.57163619995117,31.929576873779297,29.287822723388672,30.272930145263672,30.9150447845459,31.453266143798828,31.929576873779297,32.40077590942383,32.92519760131836,33.548274993896484,34.47536849975586,development
2025-04-27 12:00:00+00:00,43128599999,2025-04-27 06:00:00+00:00,6,29.0,31.0,35.0,31.9,0.25,-0.9914448613738104,-0.13052619222005163,0.9111686353326631,-0.41203363695942635,1.1000000000000014,0.6671837256838976,3.1000000000000014,-1.2452380952380935,4.108626371136268,0,0.0,1.0,0.0,True,32.0192125984252,34.06852392254172,30.841028213500977,27.871923446655273,28.932270050048828,29.621166229248047,30.232097625732422,30.841028213500977,31.485614776611328,32.132144927978516,32.94034194946289,34.08903503417969,31.218652725219727,28.65790367126465,29.61695671081543,30.227758407592773,30.760211944580078,31.218652725219727,31.699512481689453,32.241355895996094,32.902896881103516,33.864131927490234,development
2025-04-27 13:00:00+00:00,43128599999,2025-04-27 06:00:00+00:00,7,29.0,31.0,34.0,29.9,0.2916666666666667,-0.9914448613738105,0.13052619222005127,0.9111686353326631,-0.41203363695942635,1.1000000000000014,0.6138386603470526,4.100000000000001,0.7547619047619065,4.108626371136268,0,0.0,1.0,0.0,True,30.019212598425195,32.35856996439074,29.91913604736328,27.292783737182617,28.303956985473633,28.93073081970215,29.410133361816406,29.91913604736328,30.470821380615234,31.07512092590332,31.842275619506836,32.979522705078125,30.277606964111328,27.818601608276367,28.760610580444336,29.34151268005371,29.817821502685547,30.277606964111328,30.759042739868164,31.292112350463867,31.940664291381836,32.88911437988281,development
2025-04-27 14:00:00+00:00,43128599999,2025-04-27 06:00:00+00:00,8,28.0,31.0,32.0,29.1,0.3333333333333333,-0.923879532511287,0.38268343236508917,0.9111686353326631,-0.41203363695942635,1.1000000000000014,0.564758830935852,2.8999999999999986,1.5547619047619037,4.108626371136268,0,0.0,1.0,0.0,True,29.219212598425198,31.373425790633014,28.576173782348633,26.108095169067383,27.04561424255371,27.649112701416016,28.099130630493164,28.576173782348633,29.097366333007812,29.70009994506836,30.461496353149414,31.56975746154785,29.012123107910156,26.692279815673828,27.571083068847656,28.139720916748047,28.57465171813965,29.012123107910156,29.47913360595703,30.006542205810547,30.635608673095703,31.556838989257812,development
2025-04-27 15:00:00+00:00,43128599999,2025-04-27 06:00:00+00:00,9,28.0,31.0,31.0,28.0,0.375,-0.7933533402912357,0.6087614290087199,0.9111686353326631,-0.41203363695942635,1.1000000000000014,0.5196032080151168,3.0,2.654761904761905,4.108626371136268,0,0.0,1.0,0.0,True,28.119212598425197,30.356165614743322,27.933197021484375,25.592103958129883,26.454320907592773,27.03274154663086,27.473613739013672,27.933197021484375,28.428516387939453,29.011749267578125,29.752933502197266,30.872438430786133,28.316497802734375,26.12841033935547,26.932025909423828,27.479812622070312,27.895065307617188,28.316497802734375,28.747982025146484,29.24115753173828,29.848983764648438,30.75342559814453,development
2025-04-27 16:00:00+00:00,43128599999,2025-04-27 06:00:00+00:00,10,28.0,31.0,30.0,27.4,0.4166666666666667,-0.6087614290087209,0.7933533402912349,0.9111686353326631,-0.41203363695942635,1.1000000000000014,0.47805802935778663,2.6000000000000014,3.2547619047619065,4.108626371136268,0,0.0,1.0,0.0,True,27.519212598425195,29.716873241691783,27.360122680664062,25.1612548828125,25.967628479003906,26.503143310546875,26.929340362548828,27.360122680664062,27.848297119140625,28.401241302490234,29.109981536865234,30.171751022338867,27.445343017578125,25.437381744384766,26.17279815673828,26.665071487426758,27.055335998535156,27.445343017578125,27.876060485839844,28.333959579467773,28.928810119628906,29.806201934814453,development
2025-04-27 17:00:00+00:00,43128599999,2025-04-27 06:00:00+00:00,11,27.0,31.0,30.0,27.3,0.4583333333333333,-0.38268343236508956,0.9238795325112868,0.9111686353326631,-0.41203363695942635,1.1000000000000014,0.4398346197793327,2.6999999999999993,3.3547619047619044,4.108626371136268,0,0.0,1.0,0.0,True,27.419212598425197,29.663736141588892,26.709814071655273,24.626611709594727,25.373756408691406,25.894775390625,26.296546936035156,26.709814071655273,27.156288146972656,27.662559509277344,28.33856773376465,29.331308364868164,26.868005752563477,24.95865249633789,25.638870239257812,26.122825622558594,26.483983993530273,26.868005752563477,27.256813049316406,27.68077278137207,28.236921310424805,29.040863037109375,development
2025-04-27 18:00:00+00:00,43128599999,2025-04-27 06:00:00+00:00,12,27.0,31.0,28.0,26.5,0.5,-0.13052619222005168,0.9914448613738104,0.9111686353326631,-0.41203363695942635,1.1000000000000014,0.4046673852885871,1.5,4.154761904761905,4.108626371136268,0,0.0,1.0,0.0,True,26.619212598425197,28.61819256816463,26.560697555541992,24.583831787109375,25.284189224243164,25.769168853759766,26.157419204711914,26.560697555541992,26.964153289794922,27.473665237426758,28.096294403076172,29.02146339416504,26.538379669189453,24.73358154296875,25.360755920410156,25.81768798828125,26.16537094116211,26.538379669189453,26.897144317626953,27.307941436767578,27.814281463623047,28.57318115234375,development
2025-04-27 19:00:00+00:00,43128599999,2025-04-27 06:00:00+00:00,13,26.0,31.0,29.0,26.3,0.5416666666666666,0.13052619222005157,0.9914448613738104,0.9039461929224011,-0.42764620926777464,1.1000000000000014,0.3723119676174169,2.6999999999999993,4.354761904761904,4.108626371136268,0,0.0,1.0,0.0,True,26.419212598425197,28.701490566984887,26.638151168823242,24.650657653808594,25.344078063964844,25.83306884765625,26.232391357421875,26.638151168823242,27.045392990112305,27.51952362060547,28.120040893554688,29.019824981689453,26.497238159179688,24.69879722595215,25.334043502807617,25.774673461914062,26.125917434692383,26.497238159179688,26.848068237304688,27.214824676513672,27.70370864868164,28.426313400268555,development
2025-04-27 20:00:00+00:00,43128599999,2025-04-27 06:00:00+00:00,14,25.0,31.0,27.0,25.7,0.5833333333333334,0.3826834323650898,0.9238795325112867,0.9039461929224011,-0.42764620926777464,1.1000000000000014,0.3425435463060579,1.3000000000000007,4.954761904761906,4.108626371136268,0,0.0,1.0,0.0,True,25.819212598425196,27.77101330318021,26.448822021484375,24.60555648803711,25.26020050048828,25.716812133789062,26.078594207763672,26.448822021484375,26.802820205688477,27.268569946289062,27.796966552734375,28.688602447509766,26.217304229736328,24.530128479003906,25.144792556762695,25.56415367126465,25.888731002807617,26.217304229736328,26.529626846313477,26.888811111450195,27.295555114746094,28.021255493164062,development
2025-04-27 21:00:00+00:00,43128599999,2025-04-27 06:00:00+00:00,15,24.0,31.0,26.0,24.9,0.625,0.6087614290087207,0.7933533402912352,0.9039461929224011,-0.42764620926777464,1.1000000000000014,0.3151552765462095,1.1000000000000014,5.7547619047619065,4.108626371136268,0,0.0,1.0,0.0,True,25.019212598425195,26.87715339819724,26.069324493408203,24.213191986083984,24.87962532043457,25.335182189941406,25.711963653564453,26.069324493408203,26.453210830688477,26.885244369506836,27.41913414001465,28.31932258605957,25.682071685791016,24.017887115478516,24.636899948120117,25.055957794189453,25.372814178466797,25.682071685791016,25.992931365966797,26.304330825805664,26.70819854736328,27.450481414794922,development
2025-04-27 22:00:00+00:00,43128599999,2025-04-27 06:00:00+00:00,16,24.0,31.0,26.0,23.8,0.6666666666666666,0.7933533402912352,0.6087614290087207,0.9039461929224011,-0.42764620926777464,1.1000000000000014,0.2899568519272998,2.1999999999999993,6.854761904761904,4.108626371136268,0,0.0,1.0,0.0,True,23.919212598425197,25.9448457166245,25.526992797851562,23.786983489990234,24.429916381835938,24.839645385742188,25.205352783203125,25.526992797851562,25.897308349609375,26.307039260864258,26.822734832763672,27.706186294555664,25.085790634155273,23.484573364257812,24.11127471923828,24.50598907470703,24.812795639038086,25.085790634155273,25.379013061523438,25.660900115966797,26.064851760864258,26.791183471679688,development
2025-04-27 23:00:00+00:00,43128599999,2025-04-27 06:00:00+00:00,17,24.0,31.0,26.0,23.4,0.7083333333333334,0.9238795325112867,0.38268343236508984,0.9039461929224011,-0.42764620926777464,1.1000000000000014,0.2667731820992139,2.6000000000000014,7.2547619047619065,4.108626371136268,0,0.0,1.0,0.0,True,23.519212598425195,25.550071359955343,25.10036277770996,23.44235610961914,24.05148696899414,24.439468383789062,24.765602111816406,25.10036277770996,25.44224739074707,25.8769474029541,26.406124114990234,27.288108825683594,24.570571899414062,23.107816696166992,23.697925567626953,24.05729866027832,24.317630767822266,24.570571899414062,24.805492401123047,25.105571746826172,25.515745162963867,26.249433517456055,development
2025-04-28 00:00:00+00:00,43128599999,2025-04-27 06:00:00+00:00,18,23.0,31.0,25.0,22.8,0.75,0.9914448613738104,0.1305261922200517,0.9039461929224011,-0.42764620926777464,1.1000000000000014,0.24544317616327313,2.1999999999999993,7.854761904761904,4.108626371136268,0,0.0,1.0,0.0,True,22.919212598425197,24.780891664532593,24.766937255859375,23.235240936279297,23.78032684326172,24.138391494750977,24.452356338500977,24.766937255859375,25.104393005371094,25.510221481323242,26.06220245361328,26.877620697021484,24.173946380615234,22.853614807128906,23.41338539123535,23.733903884887695,23.95400047302246,24.173946380615234,24.38047981262207,24.651865005493164,25.086088180541992,25.758224487304688,development
2025-04-28 01:00:00+00:00,43128599999,2025-04-27 06:00:00+00:00,19,24.0,31.0,25.0,23.4,0.7916666666666666,0.9914448613738104,-0.1305261922200516,0.9039461929224011,-0.42764620926777464,1.1000000000000014,0.22581862333790048,1.6000000000000014,7.2547619047619065,4.108626371136268,0,0.0,1.0,0.0,True,23.519212598425195,25.1637871062464,25.068410873413086,23.346588134765625,23.93280792236328,24.327009201049805,24.702808380126953,25.068410873413086,25.476560592651367,25.96907615661621,26.55447769165039,27.41631507873535,24.482515335083008,22.93048667907715,23.563854217529297,23.941150665283203,24.217771530151367,24.482515335083008,24.764671325683594,25.13965606689453,25.62771224975586,26.395404815673828,development
2025-04-28 02:00:00+00:00,43128599999,2025-04-27 06:00:00+00:00,20,26.0,31.0,26.0,25.4,0.8333333333333334,0.9238795325112868,-0.3826834323650895,0.9039461929224011,-0.42764620926777464,1.1000000000000014,0.2077631631213183,0.6000000000000014,5.2547619047619065,4.108626371136268,0,0.0,1.0,0.0,True,25.519212598425195,26.861152368088355,26.19064712524414,24.22357177734375,24.880647659301758,25.321231842041016,25.750810623168945,26.19064712524414,26.64791488647461,27.187719345092773,27.77292251586914,28.625564575195312,25.734434127807617,23.89982032775879,24.638139724731445,25.066688537597656,25.39665412902832,25.734434127807617,26.069799423217773,26.495868682861328,27.00299072265625,27.779834747314453,development
2025-04-28 03:00:00+00:00,43128599999,2025-04-27 06:00:00+00:00,21,28.0,31.0,28.0,27.8,0.875,0.7933533402912352,-0.6087614290087207,0.9039461929224011,-0.42764620926777464,1.1000000000000014,0.1911513377954899,0.1999999999999993,2.8547619047619044,4.108626371136268,0,0.0,1.0,0.0,True,27.919212598425197,29.09480068374325,28.253406524658203,25.960437774658203,26.68680191040039,27.227279663085938,27.741857528686523,28.253406524658203,28.78144073486328,29.347877502441406,29.95564079284668,30.766754150390625,27.808589935302734,25.64943504333496,26.469722747802734,27.003782272338867,27.405302047729492,27.808589935302734,28.221359252929688,28.69972038269043,29.222063064575195,30.015043258666992,development
2025-04-28 04:00:00+00:00,43128599999,2025-04-27 06:00:00+00:00,22,30.0,31.0,27.0,29.9,0.9166666666666666,0.6087614290087209,-0.793353340291235,0.9039461929224011,-0.42764620926777464,1.1000000000000014,0.17586772068766351,-2.8999999999999986,0.7547619047619065,4.108626371136268,0,0.0,1.0,0.0,True,30.019212598425195,30.47310960111583,29.87346076965332,27.2205810546875,28.082551956176758,28.717496871948242,29.306055068969727,29.87346076965332,30.446176528930664,31.037124633789062,31.65365982055664,32.4632568359375,29.453981399536133,26.898361206054688,27.87640380859375,28.508684158325195,28.988475799560547,29.453981399536133,29.935649871826172,30.458459854125977,31.03228187561035,31.831256866455078,development
2025-04-28 05:00:00+00:00,43128599999,2025-04-27 06:00:00+00:00,23,32.0,31.0,27.0,31.5,0.9583333333333334,0.3826834323650899,-0.9238795325112867,0.9039461929224011,-0.42764620926777464,1.1000000000000014,0.1618061141322747,-4.5,-0.8452380952380949,4.108626371136268,0,0.0,1.0,0.0,True,31.619212598425197,31.69078221997626,31.46194839477539,28.6852970123291,29.575679779052734,30.2663516998291,30.891231536865234,31.46194839477539,32.034637451171875,32.59367752075195,33.167266845703125,33.91204833984375,31.066463470458984,28.231430053710938,29.290130615234375,30.00539207458496,30.55266571044922,31.066463470458984,31.586694717407227,32.1338996887207,32.715782165527344,33.51472091674805,development
2025-04-28 06:00:00+00:00,43128599999,2025-04-27 06:00:00+00:00,24,33.0,31.0,31.0,32.6,1.0,0.130526192220052,-0.9914448613738104,0.9039461929224011,-0.42764620926777464,1.1000000000000014,0.14886881156027418,-1.6000000000000014,-1.9452380952380963,4.108626371136268,0,0.0,1.0,0.0,True,32.7192125984252,33.386006579940684,32.92690658569336,29.970373153686523,30.934776306152344,31.636554718017578,32.30882263183594,32.92690658569336,33.51351547241211,34.068607330322266,34.591007232666016,35.31044006347656,32.96023178100586,29.827468872070312,30.996671676635742,31.75241470336914,32.36878204345703,32.96023178100586,33.53973388671875,34.13480758666992,34.70721435546875,35.53654098510742,development
2025-04-28 07:00:00+00:00,43128599999,2025-04-27 06:00:00+00:00,25,34.0,31.0,36.0,33.4,1.0416666666666667,-0.13052619222005177,-0.9914448613738104,0.9039461929224011,-0.42764620926777464,1.1000000000000014,0.13696591858853543,2.6000000000000014,-2.7452380952380935,4.108626371136268,0,0.0,1.0,0.0,True,33.5192125984252,35.08055428749285,33.95726776123047,30.979890823364258,31.98197364807129,32.71226119995117,33.36445999145508,33.95726776123047,34.493247985839844,34.990089416503906,35.45140838623047,36.100196838378906,33.845733642578125,30.746870040893555,31.917198181152344,32.685123443603516,33.27420425415039,33.845733642578125,34.365379333496094,34.880897521972656,35.37351989746094,36.11604309082031,development
2025-04-28 08:00:00+00:00,43128599999,2025-04-27 06:00:00+00:00,26,34.0,31.0,36.0,34.2,1.0833333333333333,-0.38268343236508967,-0.9238795325112868,0.9039461929224011,-0.42764620926777464,1.1000000000000014,0.12601472839195665,1.7999999999999972,-3.5452380952380977,4.108626371136268,0,0.0,1.0,0.0,True,34.3192125984252,35.737205969073635,34.58034896850586,31.260833740234375,32.408573150634766,33.21030807495117,33.94306182861328,34.58034896850586,35.16471862792969,35.68901062011719,36.164878845214844,36.868648529052734,34.394657135009766,30.957300186157227,32.24616241455078,33.08548355102539,33.76523208618164,34.394657135009766,34.96370315551758,35.515869140625,36.03289031982422,36.84577560424805,development
2025-04-28 09:00:00+00:00,43128599999,2025-04-27 06:00:00+00:00,27,,31.0,37.0,34.3,1.125,-0.6087614290087207,-0.7933533402912352,0.9039461929224011,-0.42764620926777464,1.1000000000000014,0.11593914701805091,2.700000000000003,-3.645238095238092,4.108626371136268,0,0.0,1.0,0.0,False,34.4192125984252,36.077116155877064,34.69399642944336,31.344348907470703,32.52647399902344,33.36917495727539,34.089149475097656,34.69399642944336,35.263736724853516,35.770938873291016,36.22706604003906,36.917457580566406,34.841644287109375,31.406330108642578,32.69522476196289,33.56390380859375,34.240966796875,34.841644287109375,35.400413513183594,35.9371223449707,36.41728973388672,37.17679214477539,development
2025-04-28 10:00:00+00:00,43128599999,2025-04-27 06:00:00+00:00,28,35.0,31.0,36.0,34.7,1.1666666666666667,-0.7933533402912349,-0.6087614290087209,0.9039461929224011,-0.42764620926777464,1.1000000000000014,0.1066691646508457,1.2999999999999972,-4.045238095238098,4.108626371136268,0,0.0,1.0,0.0,True,34.8192125984252,36.24459652904993,33.803985595703125,30.115463256835938,31.403606414794922,32.332115173339844,33.124610900878906,33.803985595703125,34.45264434814453,35.01099395751953,35.56589889526367,36.400115966796875,33.96979522705078,30.332075119018555,31.67270278930664,32.59663772583008,33.327430725097656,33.96979522705078,34.56843566894531,35.12686538696289,35.698699951171875,36.54217529296875,development
2025-04-28 11:00:00+00:00,43128599999,2025-04-27 06:00:00+00:00,29,35.0,31.0,36.0,34.5,1.2083333333333333,-0.9238795325112868,-0.3826834323650895,0.9039461929224011,-0.42764620926777464,1.1000000000000014,0.09814036915018624,1.5,-3.845238095238095,4.108626371136268,0,0.0,1.0,0.0,True,34.6192125984252,36.16582966407993,33.1491584777832,29.350622177124023,30.68573570251465,31.63408088684082,32.42268753051758,33.1491584777832,33.837669372558594,34.43558883666992,35.05274963378906,35.99917984008789,33.462249755859375,29.841400146484375,31.17331314086914,32.09090805053711,32.80827331542969,33.462249755859375,34.07947540283203,34.65333557128906,35.24620056152344,36.13951110839844,development
2025-04-28 12:00:00+00:00,43128599999,2025-04-27 06:00:00+00:00,30,35.0,31.0,35.0,33.1,1.25,-0.9914448613738104,-0.13052619222005163,0.9039461929224011,-0.42764620926777464,1.1000000000000014,0.0902934984862888,1.8999999999999986,-2.4452380952380963,4.108626371136268,0,0.0,1.0,0.0,True,33.2192125984252,34.941527232847086,32.357093811035156,28.820764541625977,30.085906982421875,30.955625534057617,31.671754837036133,32.357093811035156,33.01948165893555,33.630210876464844,34.24845886230469,35.23089599609375,32.661155700683594,29.03113555908203,30.358179092407227,31.27088165283203,31.98063850402832,32.661155700683594,33.30127716064453,33.94322204589844,34.59999084472656,35.56077575683594,development
2025-04-28 13:00:00+00:00,43128599999,2025-04-27 06:00:00+00:00,31,33.0,31.0,34.0,30.0,1.2916666666666667,-0.9914448613738105,0.13052619222005127,0.9039461929224011,-0.42764620926777464,1.1000000000000014,0.08307402895965124,4.0,0.6547619047619051,4.108626371136268,0,0.0,1.0,0.0,True,30.119212598425197,32.38616263799096,31.21148681640625,28.042449951171875,29.190540313720703,29.967729568481445,30.606481552124023,31.21148681640625,31.82548713684082,32.404361724853516,33.009273529052734,34.00048065185547,31.407756805419922,28.2247371673584,29.389549255371094,30.200889587402344,30.82972526550293,31.407756805419922,31.980470657348633,32.552284240722656,33.162864685058594,34.07292938232422,development
2025-04-28 14:00:00+00:00,43128599999,2025-04-27 06:00:00+00:00,32,32.0,31.0,32.0,29.1,1.3333333333333333,-0.923879532511287,0.38268343236508917,0.9039461929224011,-0.42764620926777464,1.1000000000000014,0.07643179634508179,2.8999999999999986,1.5547619047619037,4.108626371136268,0,0.0,1.0,0.0,True,29.219212598425198,31.337826780281866,29.732158660888672,26.737823486328125,27.80613899230957,28.525163650512695,29.137874603271484,29.732158660888672,30.3254451751709,30.875925064086914,31.49464225769043,32.537384033203125,29.876197814941406,26.85805320739746,27.937726974487305,28.694929122924805,29.309429168701172,29.876197814941406,30.427135467529297,30.9658145904541,31.576030731201172,32.48460388183594,development
2025-04-28 15:00:00+00:00,43128599999,2025-04-27 06:00:00+00:00,33,30.0,31.0,31.0,28.4,1.375,-0.7933533402912357,0.6087614290087199,0.9039461929224011,-0.42764620926777464,1.1000000000000014,0.07032064732737842,2.6000000000000014,2.2547619047619065,4.108626371136268,0,0.0,1.0,0.0,True,28.519212598425195,30.647930930743325,28.912351608276367,26.132793426513672,27.129629135131836,27.79290771484375,28.36580467224121,28.912351608276367,29.446348190307617,29.984668731689453,30.613052368164062,31.64824676513672,28.961515426635742,26.148672103881836,27.143142700195312,27.84575080871582,28.42502784729004,28.961515426635742,29.458343505859375,29.983057022094727,30.584402084350586,31.46880531311035,development
2025-04-28 16:00:00+00:00,43128599999,2025-04-27 06:00:00+00:00,34,30.0,31.0,30.0,28.1,1.4166666666666667,-0.6087614290087209,0.7933533402912349,0.9039461929224011,-0.42764620926777464,1.1000000000000014,0.06469811880667295,1.8999999999999986,2.5547619047619037,4.108626371136268,0,0.0,1.0,0.0,True,28.219212598425198,30.25653386939998,27.991121292114258,25.42621612548828,26.361616134643555,26.964815139770508,27.507286071777344,27.991121292114258,28.50107765197754,29.01722526550293,29.621166229248047,30.6550350189209,27.910961151123047,25.323728561401367,26.246742248535156,26.88594627380371,27.443544387817383,27.910961151123047,28.386634826660156,28.870784759521484,29.449541091918945,30.30945587158203,development
2025-04-28 17:00:00+00:00,43128599999,2025-04-27 06:00:00+00:00,35,29.0,31.0,30.0,27.9,1.4583333333333333,-0.38268343236508956,0.9238795325112868,0.9039461929224011,-0.42764620926777464,1.1000000000000014,0.059525142845103844,2.1000000000000014,2.7547619047619065,4.108626371136268,0,0.0,1.0,0.0,True,28.019212598425195,30.13685126834268,27.498069763183594,25.07082748413086,25.952699661254883,26.521507263183594,27.01645278930664,27.498069763183594,27.96303939819336,28.461965560913086,29.0408878326416,30.107675552368164,27.360267639160156,24.912628173828125,25.766759872436523,26.37611961364746,26.88690948486328,27.360267639160156,27.796859741210938,28.26954460144043,28.801776885986328,29.675207138061523,development
2025-04-28 18:00:00+00:00,43128599999,2025-04-27 06:00:00+00:00,36,28.0,31.0,28.0,27.3,1.5,-0.13052619222005168,0.9914448613738104,0.9039461929224011,-0.42764620926777464,1.1000000000000014,0.05476577520465041,0.6999999999999993,3.3547619047619044,4.108626371136268,0,0.0,1.0,0.0,True,27.419212598425197,29.258879042711783,27.058547973632812,24.904970169067383,25.710912704467773,26.207136154174805,26.65433120727539,27.058547973632812,27.47172737121582,27.90505027770996,28.45413589477539,29.422657012939453,26.870197296142578,24.715986251831055,25.47648048400879,26.003808975219727,26.46664047241211,26.870197296142578,27.25170135498047,27.667245864868164,28.163532257080078,28.972850799560547,development
2025-04-28 19:00:00+00:00,43128599999,2025-04-27 06:00:00+00:00,37,27.0,31.0,29.0,26.8,1.5416666666666667,0.13052619222005157,0.9914448613738104,0.8964562582905575,-0.44313223418263453,1.1000000000000014,0.050386945589883686,2.1999999999999993,3.8547619047619044,4.108626371136268,0,0.0,1.0,0.0,True,26.919212598425197,29.117342152395373,27.288658142089844,25.05683135986328,25.880157470703125,26.38695526123047,26.859424591064453,27.288658142089844,27.700258255004883,28.136049270629883,28.694448471069336,29.705080032348633,26.931224822998047,24.73055648803711,25.49298095703125,26.023662567138672,26.507755279541016,26.931224822998047,27.324974060058594,27.739086151123047,28.236392974853516,29.091835021972656,development
2025-04-28 20:00:00+00:00,43128599999,2025-04-27 06:00:00+00:00,38,26.0,31.0,27.0,25.7,1.5833333333333333,0.3826834323650898,0.9238795325112867,0.8964562582905575,-0.44313223418263453,1.1000000000000014,0.046358227860204104,1.3000000000000007,4.954761904761906,4.108626371136268,0,0.0,1.0,0.0,True,25.819212598425196,27.804292796415115,27.055683135986328,24.809200286865234,25.64952850341797,26.172237396240234,26.629093170166016,27.055683135986328,27.43632698059082,27.873220443725586,28.428804397583008,29.421072006225586,26.573087692260742,24.330900192260742,25.151447296142578,25.68572425842285,26.1556453704834,26.573087692260742,26.94318389892578,27.342477798461914,27.836383819580078,28.672948837280273,development
2025-04-28 21:00:00+00:00,43128599999,2025-04-27 06:00:00+00:00,39,,31.0,26.0,25.0,1.625,0.6087614290087207,0.7933533402912352,0.8964562582905575,-0.44313223418263453,1.1000000000000014,0.042651628614894264,1.0,5.654761904761905,4.108626371136268,0,0.0,1.0,0.0,False,25.119212598425197,26.997247465354658,26.556495666503906,24.45171356201172,25.252376556396484,25.758459091186523,26.18772315979004,26.556495666503906,26.911287307739258,27.306827545166016,27.846481323242188,28.810705184936523,26.029373168945312,23.912940979003906,24.698516845703125,25.20179557800293,25.649377822875977,26.029373168945312,26.370445251464844,26.728378295898438,27.212291717529297,28.044780731201172,development
2025-04-28 22:00:00+00:00,43128599999,2025-04-27 06:00:00+00:00,40,,31.0,26.0,24.3,1.6666666666666667,0.7933533402912352,0.6087614290087207,0.8964562582905575,-0.44313223418263453,1.1000000000000014,0.03924139268197768,1.6999999999999993,6.354761904761904,4.108626371136268,0,0.0,1.0,0.0,False,24.419212598425197,26.38613883723199,25.862953186035156,23.834016799926758,24.638277053833008,25.12620735168457,25.50749969482422,25.862953186035156,26.1815128326416,26.55874252319336,27.107378005981445,28.084087371826172,25.34286117553711,23.323135375976562,24.110458374023438,24.59282112121582,24.99367904663086,25.34286117553711,25.64202117919922,25.98819923400879,26.475284576416016,27.343921661376953,development
2025-04-28 23:00:00+00:00,43128599999,2025-04-27 06:00:00+00:00,41,25.0,31.0,26.0,23.7,1.7083333333333333,0.9238795325112867,0.38268343236508984,0.8964562582905575,-0.44313223418263453,1.1000000000000014,0.03610382415932958,2.3000000000000007,6.954761904761906,4.108626371136268,0,0.0,1.0,0.0,True,23.819212598425196,25.841819172482552,25.422210693359375,23.55586051940918,24.350849151611328,24.793867111206055,25.137990951538086,25.422210693359375,25.719919204711914,26.10215187072754,26.648677825927734,27.599681854248047,24.76279640197754,22.924957275390625,23.702665328979492,24.135639190673828,24.492279052734375,24.76279640197754,25.036048889160156,25.36825942993164,25.862018585205078,26.737529754638672,development
2025-04-29 00:00:00+00:00,43128599999,2025-04-27 06:00:00+00:00,42,24.0,31.0,25.0,23.1,1.75,0.9914448613738104,0.1305261922200517,0.8964562582905575,-0.44313223418263453,1.1000000000000014,0.03321712176455039,1.8999999999999986,7.554761904761904,4.108626371136268,0,0.0,1.0,0.0,True,23.219212598425198,25.079228844243907,25.210433959960938,23.111980438232422,24.00189208984375,24.484682083129883,24.863571166992188,25.210433959960938,25.567039489746094,26.042253494262695,26.64427947998047,27.676679611206055,24.524446487426758,22.4926700592041,23.349407196044922,23.80756378173828,24.190887451171875,24.524446487426758,24.857521057128906,25.281631469726562,25.864852905273438,26.847944259643555,development
2025-04-29 01:00:00+00:00,43128599999,2025-04-27 06:00:00+00:00,43,25.0,31.0,25.0,23.9,1.7916666666666667,0.9914448613738104,-0.1305261922200516,0.8964562582905575,-0.44313223418263453,1.1000000000000014,0.030561227349536715,1.1000000000000014,6.7547619047619065,4.108626371136268,0,0.0,1.0,0.0,True,24.019212598425195,25.62489411438786,25.72753143310547,23.66461944580078,24.487316131591797,24.994022369384766,25.359874725341797,25.72753143310547,26.108484268188477,26.57349395751953,27.16441535949707,28.178035736083984,24.772424697875977,22.801937103271484,23.578977584838867,24.08343505859375,24.4399356842041,24.772424697875977,25.10848617553711,25.517314910888672,26.09703254699707,27.05905532836914,development
2025-04-29 02:00:00+00:00,43128599999,2025-04-27 06:00:00+00:00,44,27.0,31.0,26.0,26.0,1.8333333333333333,0.9238795325112868,-0.3826834323650895,0.8964562582905575,-0.44313223418263453,1.1000000000000014,0.028117686527158178,0.0,4.654761904761905,4.108626371136268,0,0.0,1.0,0.0,True,26.119212598425197,27.406190814107987,27.236526489257812,24.818111419677734,25.75909996032715,26.344783782958984,26.782806396484375,27.236526489257812,27.699718475341797,28.22089958190918,28.8588924407959,29.888277053833008,26.095199584960938,23.637222290039062,24.574220657348633,25.196317672729492,25.647247314453125,26.095199584960938,26.56500244140625,27.073558807373047,27.756750106811523,28.81634521484375,development
2025-04-29 03:00:00+00:00,43128599999,2025-04-27 06:00:00+00:00,45,28.0,31.0,28.0,28.8,1.875,0.7933533402912352,-0.6087614290087207,0.8964562582905575,-0.44313223418263453,1.1000000000000014,0.02586952044161005,-0.8000000000000007,1.8547619047619044,4.108626371136268,0,0.0,1.0,0.0,True,28.919212598425197,29.958385569998747,29.865596771240234,27.159027099609375,28.22516632080078,28.86758804321289,29.379486083984375,29.865596771240234,30.378564834594727,30.907865524291992,31.526399612426758,32.49580383300781,28.687667846679688,25.90675163269043,26.96452522277832,27.647249221801758,28.18138885498047,28.687667846679688,29.21385955810547,29.76008415222168,30.444629669189453,31.4750919342041,development
2025-04-29 04:00:00+00:00,43128599999,2025-04-27 06:00:00+00:00,46,31.0,31.0,27.0,31.3,1.9166666666666667,0.6087614290087209,-0.793353340291235,0.8964562582905575,-0.44313223418263453,1.1000000000000014,0.02380110779144243,-4.300000000000001,-0.6452380952380956,4.108626371136268,0,0.0,1.0,0.0,True,31.419212598425197,31.654830611188544,31.660566329956055,28.8244571685791,29.919233322143555,30.586088180541992,31.13106918334961,31.660566329956055,32.15160369873047,32.682491302490234,33.250396728515625,34.14395523071289,30.758079528808594,27.672910690307617,28.80197525024414,29.556304931640625,30.164159774780273,30.758079528808594,31.32486343383789,31.932891845703125,32.62080383300781,33.64604187011719,development
2025-04-29 05:00:00+00:00,43128599999,2025-04-27 06:00:00+00:00,47,32.0,31.0,27.0,33.0,1.9583333333333333,0.3826834323650899,-0.9238795325112867,0.8964562582905575,-0.44313223418263453,1.1000000000000014,0.021898076285507082,-6.0,-2.345238095238095,4.108626371136268,0,0.0,1.0,0.0,True,33.1192125984252,32.95520086760228,33.17524719238281,30.106985092163086,31.277496337890625,32.03397750854492,32.63453674316406,33.17524719238281,33.70586013793945,34.22493362426758,34.77962875366211,35.6301155090332,32.18288040161133,28.711313247680664,29.969356536865234,30.815046310424805,31.530803680419922,32.18288040161133,32.839599609375,33.48398208618164,34.181095123291016,35.19717025756836,development
2025-04-29 06:00:00+00:00,43128599999,2025-04-27 06:00:00+00:00,48,34.0,31.0,31.0,34.3,2.0,0.130526192220052,-0.9914448613738104,0.8964562582905575,-0.44313223418263453,1.1000000000000014,0.020147202777607624,-3.299999999999997,-3.645238095238092,4.108626371136268,0,0.0,1.0,0.0,True,34.4192125984252,34.81112919874843,34.49291229248047,31.629981994628906,32.76213073730469,33.47901916503906,34.02490234375,34.49291229248047,34.92753219604492,35.34629821777344,35.780338287353516,36.445804595947266,33.636268615722656,30.023679733276367,31.333240509033203,32.21800994873047,32.96674346923828,33.636268615722656,34.281227111816406,34.88531494140625,35.52605438232422,36.43366241455078,development
2025-04-27 07:00:00+00:00,43279099999,2025-04-27 06:00:00+00:00,1,34.0,34.0,35.0,33.9,0.041666666666666664,-0.13052619222005177,-0.9914448613738104,0.9111686353326631,-0.41203363695942635,-0.7000000000000028,-0.644031090240529,1.1000000000000014,-1.9535714285714256,2.310068357500819,0,0.0,0.0,1.0,True,34.93820870994248,35.70794708411019,34.96046829223633,34.19881820678711,34.474143981933594,34.66461944580078,34.818634033203125,34.96046829223633,35.102760314941406,35.254417419433594,35.43337631225586,35.706581115722656,34.47902297973633,33.86894226074219,34.079288482666016,34.23353958129883,34.36152267456055,34.47902297973633,34.59714126586914,34.725067138671875,34.880924224853516,35.122745513916016,development
2025-04-27 08:00:00+00:00,43279099999,2025-04-27 06:00:00+00:00,2,35.0,34.0,35.0,33.8,0.08333333333333333,-0.38268343236508967,-0.9238795325112868,0.9111686353326631,-0.41203363695942635,-0.7000000000000028,-0.5925372074234323,1.2000000000000028,-1.8535714285714242,2.310068357500819,0,0.0,0.0,1.0,True,34.83820870994248,35.68172601993624,35.188114166259766,34.29472732543945,34.623748779296875,34.839420318603516,35.02281188964844,35.188114166259766,35.3533935546875,35.54042053222656,35.765419006347656,36.097137451171875,34.552940368652344,33.90414810180664,34.1275520324707,34.28837585449219,34.42848587036133,34.552940368652344,34.68144226074219,34.82844161987305,35.00898361206055,35.283233642578125,development
2025-04-27 09:00:00+00:00,43279099999,2025-04-27 06:00:00+00:00,3,34.0,34.0,35.0,33.9,0.125,-0.6087614290087207,-0.7933533402912352,0.9111686353326631,-0.41203363695942635,-0.7000000000000028,-0.5451605481499856,1.1000000000000014,-1.9535714285714256,2.310068357500819,0,0.0,0.0,1.0,True,34.93820870994248,35.830214774523014,35.066410064697266,34.104408264160156,34.44859313964844,34.69978713989258,34.89189147949219,35.066410064697266,35.24738693237305,35.44026565551758,35.67816162109375,36.03687286376953,34.57411193847656,33.918819427490234,34.15281677246094,34.320701599121094,34.4548454284668,34.57411193847656,34.704612731933594,34.84937286376953,35.028465270996094,35.31519317626953,development
2025-04-27 10:00:00+00:00,43279099999,2025-04-27 06:00:00+00:00,4,33.0,34.0,34.0,32.9,0.16666666666666666,-0.7933533402912349,-0.6087614290087209,0.9111686353326631,-0.41203363695942635,-0.7000000000000028,-0.5015719174016545,1.1000000000000014,-0.9535714285714256,2.310068357500819,0,0.0,0.0,1.0,True,33.93820870994248,34.91962908592382,34.55272674560547,33.59675216674805,33.944664001464844,34.172950744628906,34.37671661376953,34.55272674560547,34.72800064086914,34.9361457824707,35.17704391479492,35.554630279541016,34.00778579711914,33.39690399169922,33.61314010620117,33.76264572143555,33.89360809326172,34.00778579711914,34.126075744628906,34.268531799316406,34.44807815551758,34.729209899902344,development
2025-04-27 11:00:00+00:00,43279099999,2025-04-27 06:00:00+00:00,5,32.0,34.0,33.0,32.4,0.20833333333333334,-0.9238795325112868,-0.3826834323650895,0.9111686353326631,-0.41203363695942635,-0.7000000000000028,-0.4614684411403125,0.6000000000000014,-0.4535714285714256,2.310068357500819,0,0.0,0.0,1.0,True,33.43820870994248,34.411228640245355,33.78926467895508,32.86882781982422,33.19736862182617,33.43525314331055,33.62063980102539,33.78926467895508,33.959903717041016,34.166053771972656,34.416778564453125,34.79548645019531,33.31165313720703,32.750823974609375,32.94590759277344,33.087772369384766,33.20451354980469,33.31165313720703,33.42574691772461,33.56058883666992,33.72467041015625,33.986358642578125,development
2025-04-27 12:00:00+00:00,43279099999,2025-04-27 06:00:00+00:00,6,32.0,34.0,33.0,31.3,0.25,-0.9914448613738104,-0.13052619222005163,0.9111686353326631,-0.41203363695942635,-0.7000000000000028,-0.42457146179884514,1.6999999999999993,0.6464285714285722,2.310068357500819,0,0.0,0.0,1.0,True,32.338208709942485,33.6499209254405,32.722408294677734,31.844146728515625,32.156044006347656,32.37959671020508,32.56373977661133,32.722408294677734,32.897064208984375,33.087032318115234,33.34357452392578,33.71464157104492,32.53570556640625,32.02699279785156,32.197227478027344,32.327049255371094,32.43904113769531,32.53570556640625,32.64380645751953,32.75932693481445,32.91508102416992,33.15181350708008,development
2025-04-27 13:00:00+00:00,43279099999,2025-04-27 06:00:00+00:00,7,31.0,34.0,32.0,30.5,0.2916666666666667,-0.9914448613738105,0.13052619222005127,0.9111686353326631,-0.41203363695942635,-0.7000000000000028,-0.39062460203903454,1.5,1.446428571428573,2.310068357500819,0,0.0,0.0,1.0,True,31.53820870994248,32.91139826753561,31.662715911865234,30.822654724121094,31.136507034301758,31.353466033935547,31.507713317871094,31.662715911865234,31.83411979675293,32.02365493774414,32.26289367675781,32.63508605957031,31.628870010375977,31.163976669311523,31.32600212097168,31.442039489746094,31.533674240112305,31.628870010375977,31.732316970825195,31.838720321655273,31.972129821777344,32.208702087402344,development
2025-04-27 14:00:00+00:00,43279099999,2025-04-27 06:00:00+00:00,8,31.0,34.0,31.0,30.4,0.3333333333333333,-0.923879532511287,0.38268343236508917,0.9111686353326631,-0.41203363695942635,-0.7000000000000028,-0.35939198332281586,0.6000000000000014,1.5464285714285744,2.310068357500819,0,0.0,0.0,1.0,True,31.43820870994248,32.7153712862694,30.979516983032227,30.17306900024414,30.481807708740234,30.684232711791992,30.836706161499023,30.979516983032227,31.136903762817383,31.320688247680664,31.545194625854492,31.916336059570312,31.29912567138672,30.861793518066406,31.018218994140625,31.120975494384766,31.209762573242188,31.29912567138672,31.39160919189453,31.485942840576172,31.604717254638672,31.817174911499023,development
2025-04-27 15:00:00+00:00,43279099999,2025-04-27 06:00:00+00:00,9,31.0,34.0,31.0,30.1,0.375,-0.7933533402912357,0.6087614290087199,0.9111686353326631,-0.41203363695942635,-0.7000000000000028,-0.33065658691871164,0.8999999999999986,1.8464285714285715,2.310068357500819,0,0.0,0.0,1.0,True,31.138208709942482,32.56328773337069,30.702648162841797,29.96472930908203,30.235939025878906,30.426837921142578,30.569286346435547,30.702648162841797,30.857717514038086,31.022930145263672,31.239990234375,31.595470428466797,31.14569091796875,30.742040634155273,30.87232208251953,30.978670120239258,31.05953025817871,31.14569091796875,31.230642318725586,31.318309783935547,31.433917999267578,31.629173278808594,development
2025-04-27 16:00:00+00:00,43279099999,2025-04-27 06:00:00+00:00,10,31.0,34.0,31.0,29.7,0.4166666666666667,-0.6087614290087209,0.7933533402912349,0.9111686353326631,-0.41203363695942635,-0.7000000000000028,-0.30421874595495596,1.3000000000000007,2.2464285714285737,2.310068357500819,0,0.0,0.0,1.0,True,30.73820870994248,32.31693923734296,30.650232315063477,29.952049255371094,30.207237243652344,30.39321517944336,30.523597717285156,30.650232315063477,30.792865753173828,30.95069122314453,31.13817596435547,31.474929809570312,30.987224578857422,30.591533660888672,30.729949951171875,30.832820892333984,30.912569046020508,30.987224578857422,31.06975555419922,31.154008865356445,31.262996673583984,31.45806312561035,development
2025-04-27 17:00:00+00:00,43279099999,2025-04-27 06:00:00+00:00,11,31.0,34.0,31.0,29.4,0.4583333333333333,-0.38268343236508956,0.9238795325112868,0.9111686353326631,-0.41203363695942635,-0.7000000000000028,-0.2798947580413943,1.6000000000000014,2.5464285714285744,2.310068357500819,0,0.0,0.0,1.0,True,30.43820870994248,32.129441562510216,30.49698829650879,29.813644409179688,30.07583999633789,30.248477935791016,30.36104965209961,30.49698829650879,30.640897750854492,30.776521682739258,30.961627960205078,31.262691497802734,30.809139251708984,30.406883239746094,30.55661964416504,30.657791137695312,30.727785110473633,30.809139251708984,30.887676239013672,30.967697143554688,31.081958770751953,31.26371192932129,development
2025-04-27 18:00:00+00:00,43279099999,2025-04-27 06:00:00+00:00,12,30.0,34.0,30.0,29.2,0.5,-0.13052619222005168,0.9914448613738104,0.9111686353326631,-0.41203363695942635,-0.7000000000000028,-0.2575156088200107,0.8000000000000007,2.7464285714285737,2.310068357500819,0,0.0,0.0,1.0,True,30.23820870994248,31.786527732606878,30.281354904174805,29.63057518005371,29.869796752929688,30.032217025756836,30.148889541625977,30.281354904174805,30.415597915649414,30.55901336669922,30.733034133911133,31.019296646118164,30.540552139282227,30.13629150390625,30.2868709564209,30.385608673095703,30.463191986083984,30.540552139282227,30.616531372070312,30.702695846557617,30.814632415771484,30.997638702392578,development
2025-04-27 19:00:00+00:00,43279099999,2025-04-27 06:00:00+00:00,13,30.0,34.0,30.0,28.9,0.5416666666666666,0.13052619222005157,0.9914448613738104,0.9039461929224011,-0.42764620926777464,-0.7000000000000028,-0.23692579757472051,1.1000000000000014,3.0464285714285744,2.310068357500819,0,0.0,0.0,1.0,True,29.93820870994248,31.59844038884036,30.074247360229492,29.40029525756836,29.652660369873047,29.82228660583496,29.943756103515625,30.074247360229492,30.203495025634766,30.337011337280273,30.499095916748047,30.765172958374023,30.317033767700195,29.90329360961914,30.05206298828125,30.15174674987793,30.235809326171875,30.317033767700195,30.39212417602539,30.473737716674805,30.5904483795166,30.76119041442871,development
2025-04-27 20:00:00+00:00,43279099999,2025-04-27 06:00:00+00:00,14,30.0,34.0,30.0,28.2,0.5833333333333334,0.3826834323650898,0.9238795325112867,0.9039461929224011,-0.42764620926777464,-0.7000000000000028,-0.21798225674021926,1.8000000000000007,3.7464285714285737,2.310068357500819,0,0.0,0.0,1.0,True,29.23820870994248,31.030908713902843,29.82352066040039,29.13933563232422,29.393634796142578,29.580928802490234,29.696317672729492,29.82352066040039,29.955331802368164,30.097137451171875,30.251354217529297,30.539247512817383,29.9810791015625,29.56410789489746,29.723155975341797,29.830841064453125,29.90642547607422,29.9810791015625,30.058597564697266,30.156822204589844,30.26993751525879,30.458175659179688,development
2025-04-27 21:00:00+00:00,43279099999,2025-04-27 06:00:00+00:00,15,30.0,34.0,30.0,27.7,0.625,0.6087614290087207,0.7933533402912352,0.9039461929224011,-0.42764620926777464,-0.7000000000000028,-0.20055335780213387,2.3000000000000007,4.246428571428574,2.310068357500819,0,0.0,0.0,1.0,True,28.73820870994248,30.600069720426504,29.59656524658203,28.883455276489258,29.159194946289062,29.349462509155273,29.47707748413086,29.59656524658203,29.731380462646484,29.862306594848633,30.03131103515625,30.305635452270508,29.691728591918945,29.257808685302734,29.41342544555664,29.524747848510742,29.61081314086914,29.691728591918945,29.77875328063965,29.86573028564453,29.981334686279297,30.15894889831543,development
2025-04-27 22:00:00+00:00,43279099999,2025-04-27 06:00:00+00:00,16,29.0,34.0,29.0,27.4,0.6666666666666666,0.7933533402912352,0.6087614290087207,0.9039461929224011,-0.42764620926777464,-0.7000000000000028,-0.1845179966810095,1.6000000000000014,4.546428571428574,2.310068357500819,0,0.0,0.0,1.0,True,28.43820870994248,30.097375398406584,29.379133224487305,28.67104721069336,28.947364807128906,29.13339614868164,29.267105102539062,29.379133224487305,29.510507583618164,29.644933700561523,29.816143035888672,30.10540199279785,29.55772590637207,29.1319580078125,29.277734756469727,29.391521453857422,29.482099533081055,29.55772590637207,29.645238876342773,29.734798431396484,29.848180770874023,30.02745246887207,development
2025-04-27 23:00:00+00:00,43279099999,2025-04-27 06:00:00+00:00,17,29.0,34.0,29.0,27.2,0.7083333333333334,0.9238795325112867,0.38268343236508984,0.9039461929224011,-0.42764620926777464,-0.7000000000000028,-0.16976475224495477,1.8000000000000007,4.746428571428574,2.310068357500819,0,0.0,0.0,1.0,True,28.23820870994248,29.872862344605572,29.178701400756836,28.47478675842285,28.760194778442383,28.930011749267578,29.064340591430664,29.178701400756836,29.300994873046875,29.451263427734375,29.630966186523438,29.92322540283203,29.33184814453125,28.92499351501465,29.07210922241211,29.16468048095703,29.254926681518555,29.33184814453125,29.408788681030273,29.503082275390625,29.61046028137207,29.785459518432617,development
2025-04-28 00:00:00+00:00,43279099999,2025-04-27 06:00:00+00:00,18,29.0,34.0,29.0,26.7,0.75,0.9914448613738104,0.1305261922200517,0.9039461929224011,-0.42764620926777464,-0.7000000000000028,-0.15619111210390152,2.3000000000000007,5.246428571428574,2.310068357500819,0,0.0,0.0,1.0,True,27.73820870994248,29.40645436963571,29.11286163330078,28.438983917236328,28.70192527770996,28.87700843811035,29.000322341918945,29.11286163330078,29.232969284057617,29.376527786254883,29.577674865722656,29.863685607910156,29.20756721496582,28.807662963867188,28.94796371459961,29.051450729370117,29.134471893310547,29.20756721496582,29.281869888305664,29.363513946533203,29.473840713500977,29.65503692626953,development
2025-04-28 01:00:00+00:00,43279099999,2025-04-27 06:00:00+00:00,19,29.0,34.0,29.0,26.9,0.7916666666666666,0.9914448613738104,-0.1305261922200516,0.9039461929224011,-0.42764620926777464,-0.7000000000000028,-0.14370276030593707,2.1000000000000014,5.046428571428574,2.310068357500819,0,0.0,0.0,1.0,True,27.93820870994248,29.487408375963756,29.34638214111328,28.61636734008789,28.90454864501953,29.082366943359375,29.2175235748291,29.34638214111328,29.483020782470703,29.653230667114258,29.87212562561035,30.184667587280273,29.3276424407959,28.87697982788086,29.034481048583984,29.14651107788086,29.243562698364258,29.3276424407959,29.410686492919922,29.510435104370117,29.63982582092285,29.83937644958496,development
2025-04-28 02:00:00+00:00,43279099999,2025-04-27 06:00:00+00:00,20,30.0,34.0,31.0,28.7,0.8333333333333334,0.9238795325112868,-0.3826834323650895,0.9039461929224011,-0.42764620926777464,-0.7000000000000028,-0.1322129219862938,2.3000000000000007,3.2464285714285737,2.310068357500819,0,0.0,0.0,1.0,True,29.73820870994248,31.25056996727289,30.160400390625,29.36839485168457,29.659542083740234,29.849380493164062,30.007732391357422,30.160400390625,30.317798614501953,30.507783889770508,30.735485076904297,31.048276901245117,30.129024505615234,29.63874626159668,29.80674934387207,29.92416763305664,30.030658721923828,30.129024505615234,30.221508026123047,30.326614379882812,30.46489143371582,30.673675537109375,development
2025-04-28 03:00:00+00:00,43279099999,2025-04-27 06:00:00+00:00,21,31.0,34.0,32.0,30.5,0.875,0.7933533402912352,-0.6087614290087207,0.9039461929224011,-0.42764620926777464,-0.7000000000000028,-0.12164176041531209,1.5,1.446428571428573,2.310068357500819,0,0.0,0.0,1.0,True,31.53820870994248,32.81186039026994,31.4368896484375,30.603626251220703,30.900924682617188,31.107704162597656,31.275156021118164,31.4368896484375,31.605579376220703,31.80598258972168,32.02214813232422,32.351043701171875,31.262617111206055,30.741708755493164,30.918115615844727,31.050128936767578,31.161287307739258,31.262617111206055,31.36121368408203,31.482431411743164,31.621477127075195,31.849336624145508,development
2025-04-28 04:00:00+00:00,43279099999,2025-04-27 06:00:00+00:00,22,32.0,34.0,33.0,32.4,0.9166666666666666,0.6087614290087209,-0.793353340291235,0.9039461929224011,-0.42764620926777464,-0.7000000000000028,-0.1119158222557862,0.6000000000000014,-0.4535714285714256,2.310068357500819,0,0.0,0.0,1.0,True,33.43820870994248,34.46629291396235,32.73121643066406,31.835466384887695,32.15194320678711,32.371360778808594,32.55659103393555,32.73121643066406,32.916988372802734,33.12067794799805,33.34344482421875,33.67661666870117,32.556278228759766,31.98996925354004,32.18574523925781,32.32316970825195,32.44473648071289,32.556278228759766,32.66720199584961,32.79604721069336,32.94964599609375,33.1939582824707,development
2025-04-28 05:00:00+00:00,43279099999,2025-04-27 06:00:00+00:00,23,33.0,34.0,34.0,34.1,0.9583333333333334,0.3826834323650899,-0.9238795325112867,0.9039461929224011,-0.42764620926777464,-0.7000000000000028,-0.10296752717508417,-0.10000000000000142,-2.1535714285714285,2.310068357500819,0,0.0,0.0,1.0,True,35.13820870994248,35.982487892571925,33.999271392822266,32.951637268066406,33.30638122558594,33.566795349121094,33.784751892089844,33.999271392822266,34.21076583862305,34.438446044921875,34.6886100769043,35.050086975097656,33.78424072265625,33.079368591308594,33.31614303588867,33.492000579833984,33.64157485961914,33.78424072265625,33.92354202270508,34.08159255981445,34.2774772644043,34.57225799560547,development
2025-04-28 06:00:00+00:00,43279099999,2025-04-27 06:00:00+00:00,24,34.0,34.0,34.0,34.7,1.0,0.130526192220052,-0.9914448613738104,0.9039461929224011,-0.42764620926777464,-0.7000000000000028,-0.09473469826562927,-0.7000000000000028,-2.75357142857143,2.310068357500819,0,0.0,0.0,1.0,True,35.738208709942484,36.44571638414833,34.73067092895508,33.699153900146484,34.061893463134766,34.31648635864258,34.52888870239258,34.73067092895508,34.93571853637695,35.154197692871094,35.39361572265625,35.749366760253906,34.40409851074219,33.63956832885742,33.903892517089844,34.09027862548828,34.25461196899414,34.40409851074219,34.566219329833984,34.743099212646484,34.95514678955078,35.2674446105957,development
2025-04-28 07:00:00+00:00,43279099999,2025-04-27 06:00:00+00:00,25,33.0,34.0,35.0,33.9,1.0416666666666667,-0.13052619222005177,-0.9914448613738104,0.9039461929224011,-0.42764620926777464,-0.7000000000000028,-0.08716013001088643,1.1000000000000014,-1.9535714285714256,2.310068357500819,0,0.0,0.0,1.0,True,34.93820870994248,36.04577322249071,35.184661865234375,34.0816650390625,34.468284606933594,34.744163513183594,34.96479034423828,35.184661865234375,35.3922233581543,35.6230583190918,35.873451232910156,36.264862060546875,34.39431381225586,33.62038803100586,33.88369369506836,34.076576232910156,34.233558654785156,34.39431381225586,34.5548210144043,34.73545837402344,34.95015335083008,35.276885986328125,development
2025-04-28 08:00:00+00:00,43279099999,2025-04-27 06:00:00+00:00,26,32.0,34.0,35.0,33.8,1.0833333333333333,-0.38268343236508967,-0.9238795325112868,0.9039461929224011,-0.42764620926777464,-0.7000000000000028,-0.08019119079488174,1.2000000000000028,-1.8535714285714242,2.310068357500819,0,0.0,0.0,1.0,True,34.83820870994248,36.003644422396015,35.34814453125,34.12392044067383,34.545711517333984,34.84347915649414,35.10845184326172,35.34814453125,35.584686279296875,35.84246826171875,36.12307357788086,36.55142593383789,34.40785598754883,33.62386703491211,33.890621185302734,34.08236312866211,34.25138473510742,34.40785598754883,34.56111526489258,34.73745346069336,34.95143127441406,35.27635955810547,development
2025-04-28 09:00:00+00:00,43279099999,2025-04-27 06:00:00+00:00,27,32.0,34.0,35.0,33.7,1.125,-0.6087614290087207,-0.7933533402912352,0.9039461929224011,-0.42764620926777464,-0.7000000000000028,-0.07377945719330534,1.2999999999999972,-1.75357142857143,2.310068357500819,0,0.0,0.0,1.0,True,34.738208709942484,35.98079003544302,35.1400260925293,33.74330520629883,34.209510803222656,34.56319046020508,34.86774444580078,35.1400260925293,35.40831756591797,35.71507263183594,36.0450325012207,36.52526092529297,34.33663558959961,33.516361236572266,33.79354476928711,34.00017547607422,34.170658111572266,34.33663558959961,34.495086669921875,34.68582534790039,34.90420913696289,35.23780822753906,development
2025-04-28 10:00:00+00:00,43279099999,2025-04-27 06:00:00+00:00,28,33.0,34.0,34.0,32.8,1.1666666666666667,-0.7933533402912349,-0.6087614290087209,0.9039461929224011,-0.42764620926777464,-0.7000000000000028,-0.06788037750508381,1.2000000000000028,-0.8535714285714242,2.310068357500819,0,0.0,0.0,1.0,True,33.83820870994248,35.13509239808076,34.409427642822266,33.20441818237305,33.62466812133789,33.9377326965332,34.18600082397461,34.409427642822266,34.65059280395508,34.90540313720703,35.205833435058594,35.6461181640625,33.66785430908203,32.961002349853516,33.2055778503418,33.39072799682617,33.53510284423828,33.66785430908203,33.81452560424805,33.97351837158203,34.17418670654297,34.4820671081543,development
2025-04-28 11:00:00+00:00,43279099999,2025-04-27 06:00:00+00:00,29,33.0,34.0,33.0,31.8,1.2083333333333333,-0.9238795325112868,-0.3826834323650895,0.9039461929224011,-0.42764620926777464,-0.7000000000000028,-0.06245296218648233,1.1999999999999993,0.14642857142857224,2.310068357500819,0,0.0,0.0,1.0,True,32.838208709942485,34.222534700319144,33.42680358886719,32.31742858886719,32.70711135864258,32.99135208129883,33.21799850463867,33.42680358886719,33.638771057128906,33.882957458496094,34.17538070678711,34.60431671142578,32.88882827758789,32.24324417114258,32.470489501953125,32.63694381713867,32.76234436035156,32.88882827758789,33.01667785644531,33.16114807128906,33.33878707885742,33.635475158691406,development
2025-04-28 12:00:00+00:00,43279099999,2025-04-27 06:00:00+00:00,30,32.0,34.0,33.0,30.8,1.25,-0.9914448613738104,-0.13052619222005163,0.9039461929224011,-0.42764620926777464,-0.7000000000000028,-0.057459499036729395,2.1999999999999993,1.1464285714285722,2.310068357500819,0,0.0,0.0,1.0,True,31.83820870994248,33.528182253624955,32.36439895629883,31.30992889404297,31.68889617919922,31.96186065673828,32.170833587646484,32.36439895629883,32.562339782714844,32.80143737792969,33.090553283691406,33.52337646484375,32.038570404052734,31.448680877685547,31.65390396118164,31.8098087310791,31.926836013793945,32.038570404052734,32.15581130981445,32.29509353637695,32.46480178833008,32.736759185791016,development
2025-04-28 13:00:00+00:00,43279099999,2025-04-27 06:00:00+00:00,31,31.0,34.0,32.0,29.6,1.2916666666666667,-0.9914448613738105,0.13052619222005127,0.9039461929224011,-0.42764620926777464,-0.7000000000000028,-0.05286529115614185,2.3999999999999986,2.3464285714285715,2.310068357500819,0,0.0,0.0,1.0,True,30.638208709942482,32.46575793395367,31.355215072631836,30.32707977294922,30.724761962890625,30.983169555664062,31.17500877380371,31.355215072631836,31.54749298095703,31.784549713134766,32.06863021850586,32.49880599975586,31.18175506591797,30.634225845336914,30.833797454833984,30.976116180419922,31.08258819580078,31.18175506591797,31.291919708251953,31.4200439453125,31.578020095825195,31.835010528564453,development
2025-04-28 14:00:00+00:00,43279099999,2025-04-27 06:00:00+00:00,32,31.0,34.0,31.0,29.3,1.3333333333333333,-0.923879532511287,0.38268343236508917,0.9039461929224011,-0.42764620926777464,-0.7000000000000028,-0.04863841585596128,1.6999999999999993,2.6464285714285722,2.310068357500819,0,0.0,0.0,1.0,True,30.33820870994248,32.103375105168446,30.829946517944336,29.855318069458008,30.235197067260742,30.477397918701172,30.65057945251465,30.829946517944336,31.014286041259766,31.22313117980957,31.49386215209961,31.905872344970703,30.704151153564453,30.19252586364746,30.37702751159668,30.50478744506836,30.605724334716797,30.704151153564453,30.806819915771484,30.920974731445312,31.0634765625,31.300973892211914,development
2025-04-28 15:00:00+00:00,43279099999,2025-04-27 06:00:00+00:00,33,30.0,34.0,31.0,29.2,1.375,-0.7933533402912357,0.6087614290087199,0.9039461929224011,-0.42764620926777464,-0.7000000000000028,-0.044749502844695484,1.8000000000000007,2.7464285714285737,2.310068357500819,0,0.0,0.0,1.0,True,30.23820870994248,32.099121794492795,30.665334701538086,29.750505447387695,30.11111831665039,30.331933975219727,30.504411697387695,30.665334701538086,30.83993148803711,31.03676414489746,31.296859741210938,31.682247161865234,30.645187377929688,30.15691566467285,30.337045669555664,30.45561408996582,30.549606323242188,30.645187377929688,30.739959716796875,30.841598510742188,30.974884033203125,31.202783584594727,development
2025-04-28 16:00:00+00:00,43279099999,2025-04-27 06:00:00+00:00,34,30.0,34.0,31.0,29.1,1.4166666666666667,-0.6087614290087209,0.7933533402912349,0.9039461929224011,-0.42764620926777464,-0.7000000000000028,-0.04117153014970108,1.8999999999999986,2.8464285714285715,2.310068357500819,0,0.0,0.0,1.0,True,30.138208709942482,32.079666971452994,30.675535202026367,29.82000732421875,30.16672134399414,30.37057876586914,30.528392791748047,30.675535202026367,30.84178924560547,31.018875122070312,31.26358413696289,31.61689567565918,30.61359405517578,30.148723602294922,30.32657241821289,30.440284729003906,30.533193588256836,30.61359405517578,30.70210075378418,30.791723251342773,30.9156494140625,31.122922897338867,development
2025-04-28 17:00:00+00:00,43279099999,2025-04-27 06:00:00+00:00,35,31.0,34.0,31.0,28.8,1.4583333333333333,-0.38268343236508956,0.9238795325112868,0.9039461929224011,-0.42764620926777464,-0.7000000000000028,-0.03787963635597528,2.1999999999999993,3.1464285714285722,2.310068357500819,0,0.0,0.0,1.0,True,29.83820870994248,31.884655014241453,30.43292808532715,29.584753036499023,29.92295265197754,30.134807586669922,30.273578643798828,30.43292808532715,30.59052085876465,30.771432876586914,30.993667602539062,31.330476760864258,30.423145294189453,29.940919876098633,30.122371673583984,30.24651527404785,30.33206558227539,30.423145294189453,30.505298614501953,30.603469848632812,30.72161102294922,30.926334381103516,development
2025-04-28 18:00:00+00:00,43279099999,2025-04-27 06:00:00+00:00,36,30.0,34.0,30.0,28.6,1.5,-0.13052619222005168,0.9914448613738104,0.9039461929224011,-0.42764620926777464,-0.7000000000000028,-0.0348509478575049,1.3999999999999986,3.3464285714285715,2.310068357500819,0,0.0,0.0,1.0,True,29.638208709942482,31.53482771080555,30.14687728881836,29.30832862854004,29.647125244140625,29.848087310791016,30.000106811523438,30.14687728881836,30.314985275268555,30.486087799072266,30.699846267700195,31.025550842285156,30.274654388427734,29.779987335205078,29.966163635253906,30.09078598022461,30.184019088745117,30.274654388427734,30.35988998413086,30.453800201416016,30.58397102355957,30.7889461517334,development
2025-04-28 19:00:00+00:00,43279099999,2025-04-27 06:00:00+00:00,37,30.0,34.0,30.0,28.3,1.5416666666666667,0.13052619222005157,0.9914448613738104,0.8964562582905575,-0.44313223418263453,-0.7000000000000028,-0.03206441992083516,1.6999999999999993,3.6464285714285722,2.310068357500819,0,0.0,0.0,1.0,True,29.33820870994248,31.34061036215595,29.92205238342285,29.086753845214844,29.4201717376709,29.612638473510742,29.767803192138672,29.92205238342285,30.068553924560547,30.236713409423828,30.432008743286133,30.735055923461914,30.046499252319336,29.53645896911621,29.730804443359375,29.85453224182129,29.953763961791992,30.046499252319336,30.127521514892578,30.228336334228516,30.3536319732666,30.557554244995117,development
2025-04-28 20:00:00+00:00,43279099999,2025-04-27 06:00:00+00:00,38,30.0,34.0,30.0,28.1,1.5833333333333333,0.3826834323650898,0.9238795325112867,0.8964562582905575,-0.44313223418263453,-0.7000000000000028,-0.029500690456493603,1.8999999999999986,3.8464285714285715,2.310068357500819,0,0.0,0.0,1.0,True,29.138208709942482,31.158994853108776,29.67361831665039,28.799266815185547,29.161550521850586,29.365604400634766,29.520122528076172,29.67361831665039,29.82663345336914,29.987276077270508,30.171894073486328,30.469501495361328,29.841283798217773,29.306884765625,29.511911392211914,29.64429473876953,29.745119094848633,29.841283798217773,29.93015480041504,30.031932830810547,30.158145904541016,30.375995635986328,development
2025-04-28 21:00:00+00:00,43279099999,2025-04-27 06:00:00+00:00,39,29.0,34.0,30.0,27.8,1.625,0.6087614290087207,0.7933533402912352,0.8964562582905575,-0.44313223418263453,-0.7000000000000028,-0.027141945482205516,2.1999999999999993,4.146428571428572,2.310068357500819,0,0.0,0.0,1.0,True,28.83820870994248,30.879478958988003,29.415130615234375,28.501136779785156,28.870758056640625,29.094247817993164,29.26543617248535,29.415130615234375,29.560283660888672,29.71767234802246,29.921279907226562,30.215730667114258,29.55596160888672,28.993389129638672,29.203594207763672,29.34229850769043,29.45885467529297,29.55596160888672,29.65166664123535,29.759960174560547,29.8994083404541,30.117420196533203,development
2025-04-28 22:00:00+00:00,43279099999,2025-04-27 06:00:00+00:00,40,,34.0,29.0,27.6,1.6666666666666667,0.7933533402912352,0.6087614290087207,0.8964562582905575,-0.44313223418263453,-0.7000000000000028,-0.024971795343076777,1.3999999999999986,4.3464285714285715,2.310068357500819,0,0.0,0.0,1.0,False,28.638208709942482,30.45018457569541,29.19078826904297,28.2484073638916,28.633817672729492,28.868993759155273,29.034076690673828,29.19078826904297,29.330747604370117,29.488351821899414,29.699108123779297,30.001684188842773,29.329490661621094,28.740055084228516,28.95967674255371,29.10504722595215,29.220375061035156,29.329490661621094,29.427997589111328,29.5383243560791,29.682706832885742,29.915019989013672,development
2025-04-28 23:00:00+00:00,43279099999,2025-04-27 06:00:00+00:00,41,29.0,34.0,29.0,27.1,1.7083333333333333,0.9238795325112867,0.38268343236508984,0.8964562582905575,-0.44313223418263453,-0.7000000000000028,-0.022975160828664336,1.8999999999999986,4.8464285714285715,2.310068357500819,0,0.0,0.0,1.0,True,28.138208709942482,29.98605290231121,29.026321411132812,28.097244262695312,28.504451751708984,28.732751846313477,28.892648696899414,29.026321411132812,29.15635108947754,29.32221031188965,29.542457580566406,29.870641708374023,29.043596267700195,28.47182846069336,28.702627182006836,28.834619522094727,28.950355529785156,29.043596267700195,29.136354446411133,29.24462127685547,29.386978149414062,29.632219314575195,development
2025-04-29 00:00:00+00:00,43279099999,2025-04-27 06:00:00+00:00,42,28.0,34.0,29.0,26.8,1.75,0.9914448613738104,0.1305261922200517,0.8964562582905575,-0.44313223418263453,-0.7000000000000028,-0.021138168395623037,2.1999999999999993,5.146428571428572,2.310068357500819,0,0.0,0.0,1.0,True,27.83820870994248,29.67215901163521,29.01959991455078,28.061683654785156,28.469518661499023,28.70143699645996,28.87129783630371,29.01959991455078,29.170251846313477,29.35525894165039,29.578824996948242,29.941091537475586,28.96820068359375,28.36119270324707,28.604496002197266,28.741687774658203,28.863040924072266,28.96820068359375,29.070432662963867,29.19529151916504,29.344894409179688,29.608449935913086,development
2025-04-29 01:00:00+00:00,43279099999,2025-04-27 06:00:00+00:00,43,29.0,34.0,29.0,27.0,1.7916666666666667,0.9914448613738104,-0.1305261922200516,0.8964562582905575,-0.44313223418263453,-0.7000000000000028,-0.019448053767887056,2.0,4.946428571428573,2.310068357500819,0,0.0,0.0,1.0,True,28.03820870994248,29.74925505675273,29.261890411376953,28.218547821044922,28.638439178466797,28.89720344543457,29.08245849609375,29.261890411376953,29.438556671142578,29.644641876220703,29.894269943237305,30.28919219970703,29.12939453125,28.497961044311523,28.734975814819336,28.89080810546875,29.013416290283203,29.12939453125,29.237228393554688,29.366012573242188,29.52739715576172,29.815750122070312,development
2025-04-29 02:00:00+00:00,43279099999,2025-04-27 06:00:00+00:00,44,30.0,34.0,31.0,28.7,1.8333333333333333,0.9238795325112868,-0.3826834323650895,0.8964562582905575,-0.44313223418263453,-0.7000000000000028,-0.017893073244555253,2.3000000000000007,3.2464285714285737,2.310068357500819,0,0.0,0.0,1.0,True,29.73820870994248,31.430513493420033,30.00074005126953,28.98666763305664,29.38369369506836,29.635589599609375,29.82666015625,30.00074005126953,30.187829971313477,30.387393951416016,30.63602638244629,31.028837203979492,30.223163604736328,29.60286521911621,29.84521484375,29.995208740234375,30.113426208496094,30.223163604736328,30.33519172668457,30.461456298828125,30.628185272216797,30.917865753173828,development
2025-04-29 03:00:00+00:00,43279099999,2025-04-27 06:00:00+00:00,45,31.0,34.0,32.0,31.0,1.875,0.7933533402912352,-0.6087614290087207,0.8964562582905575,-0.44313223418263453,-0.7000000000000028,-0.016462422099206443,1.0,0.946428571428573,2.310068357500819,0,0.0,0.0,1.0,True,32.03820870994248,33.38030651764821,31.183547973632812,30.101905822753906,30.50461196899414,30.77983283996582,30.9898681640625,31.183547973632812,31.38423728942871,31.606281280517578,31.861129760742188,32.254119873046875,31.605941772460938,30.943119049072266,31.19182014465332,31.35545539855957,31.48736000061035,31.605941772460938,31.72745132446289,31.872255325317383,32.058685302734375,32.36410903930664,development
2025-04-29 04:00:00+00:00,43279099999,2025-04-27 06:00:00+00:00,46,33.0,34.0,33.0,33.3,1.9166666666666667,0.6087614290087209,-0.793353340291235,0.8964562582905575,-0.44313223418263453,-0.7000000000000028,-0.015146159503645224,-0.29999999999999716,-1.3535714285714242,2.310068357500819,0,0.0,0.0,1.0,True,34.33820870994248,35.345149094041744,32.54180145263672,31.455320358276367,31.86390495300293,32.12635040283203,32.3354377746582,32.54180145263672,32.73667907714844,32.945579528808594,33.198486328125,33.591190338134766,33.00562286376953,32.2940788269043,32.55510330200195,32.73191452026367,32.868953704833984,33.00562286376953,33.129180908203125,33.28907012939453,33.49521255493164,33.82352066040039,development
2025-04-29 05:00:00+00:00,43279099999,2025-04-27 06:00:00+00:00,47,34.0,34.0,34.0,34.9,1.9583333333333333,0.3826834323650899,-0.9238795325112867,0.8964562582905575,-0.44313223418263453,-0.7000000000000028,-0.013935139454413636,-0.8999999999999986,-2.9535714285714256,2.310068357500819,0,0.0,0.0,1.0,True,35.93820870994248,36.78022606367077,33.72805404663086,32.59021759033203,33.01178741455078,33.28627014160156,33.51108169555664,33.72805404663086,33.94579315185547,34.16543960571289,34.42805099487305,34.83475112915039,33.94435119628906,33.07447814941406,33.38981628417969,33.59686279296875,33.77925109863281,33.94435119628906,34.11589813232422,34.31781768798828,34.559471130371094,34.94269561767578,development
2025-04-29 06:00:00+00:00,43279099999,2025-04-27 06:00:00+00:00,48,34.0,34.0,34.0,35.9,2.0,0.130526192220052,-0.9914448613738104,0.8964562582905575,-0.44313223418263453,-0.7000000000000028,-0.012820947222113977,-1.8999999999999986,-3.9535714285714256,2.310068357500819,0,0.0,0.0,1.0,True,36.93820870994248,37.554325866380395,34.611080169677734,33.41759490966797,33.852298736572266,34.14167785644531,34.38971710205078,34.611080169677734,34.82694625854492,35.05464172363281,35.32804870605469,35.75113296508789,34.48079299926758,33.64505386352539,33.94855880737305,34.15352249145508,34.326942443847656,34.48079299926758,34.63954544067383,34.82792663574219,35.06513214111328,35.44216537475586,development
